Unity Editor version:    6000.0.65f1 (a18e2220bd50)
Branch:                  6000.0/staging
Build type:              Release
Batch mode:              YES
System name:             Linux
Distro version:          #124~22.04.1-Ubuntu SMP PREEMPT_DYNAMIC Tue May 26 21:05:19 UTC 
Kernel version:          6.8.0-124-generic
Architecture:            x86_64
Available memory:        15414 MB
[Licensing::Module] Trying to connect to existing licensing client channel...
Initialize udev device monitor.
[Licensing::IpcConnector] Channel LicenseClient-wdy doesn't exist
[Licensing::Module] Successfully launched the LicensingClient (PId: 860603)

COMMAND LINE ARGUMENTS:
/home/wdy/Unity/Hub/Editor/6000.0.65f1/Editor/Unity
-batchmode
-nographics
-quit
-projectPath
/home/wdy/wang_dy/hand-tracking-streamer-main/hand_tracking_streamer
-executeMethod
CodexAndroidBuild.BuildApk
-apkPath
/home/wdy/wang_dy/hand-tracking-streamer-main/hand_tracking_streamer.apk
-logFile
/home/wdy/wang_dy/hand-tracking-streamer-main/unity-build-orbbec-video-fix.log
Successfully changed project path to: /home/wdy/wang_dy/hand-tracking-streamer-main/hand_tracking_streamer

(process:860580): Gtk-CRITICAL **: 09:14:51.717: gtk_label_set_text: assertion 'GTK_IS_LABEL (label)' failed

(process:860580): Gtk-CRITICAL **: 09:14:51.717: gtk_label_set_text: assertion 'GTK_IS_LABEL (label)' failed
/home/wdy/wang_dy/hand-tracking-streamer-main/hand_tracking_streamer
[UnityMemory] Configuration Parameters - Can be set up in boot.config
    "memorysetup-bucket-allocator-granularity=16"
    "memorysetup-bucket-allocator-bucket-count=8"
    "memorysetup-bucket-allocator-block-size=33554432"
    "memorysetup-bucket-allocator-block-count=8"
    "memorysetup-main-allocator-block-size=16777216"
    "memorysetup-thread-allocator-block-size=16777216"
    "memorysetup-gfx-main-allocator-block-size=16777216"
    "memorysetup-gfx-thread-allocator-block-size=16777216"
    "memorysetup-cache-allocator-block-size=4194304"
    "memorysetup-typetree-allocator-block-size=2097152"
    "memorysetup-profiler-bucket-allocator-granularity=16"
    "memorysetup-profiler-bucket-allocator-bucket-count=8"
    "memorysetup-profiler-bucket-allocator-block-size=33554432"
    "memorysetup-profiler-bucket-allocator-block-count=8"
    "memorysetup-profiler-allocator-block-size=16777216"
    "memorysetup-profiler-editor-allocator-block-size=1048576"
    "memorysetup-temp-allocator-size-main=16777216"
    "memorysetup-job-temp-allocator-block-size=2097152"
    "memorysetup-job-temp-allocator-block-size-background=1048576"
    "memorysetup-job-temp-allocator-reduction-small-platforms=262144"
    "memorysetup-allocator-temp-initial-block-size-main=262144"
    "memorysetup-allocator-temp-initial-block-size-worker=262144"
    "memorysetup-temp-allocator-size-background-worker=32768"
    "memorysetup-temp-allocator-size-job-worker=262144"
    "memorysetup-temp-allocator-size-preload-manager=33554432"
    "memorysetup-temp-allocator-size-nav-mesh-worker=65536"
    "memorysetup-temp-allocator-size-audio-worker=65536"
    "memorysetup-temp-allocator-size-cloud-worker=32768"
    "memorysetup-temp-allocator-size-gi-baking-worker=262144"
    "memorysetup-temp-allocator-size-gi-baking-worker=262144"
    "memorysetup-temp-allocator-size-gi-baking-worker=262144"
    "memorysetup-temp-allocator-size-gi-baking-worker=262144"
    "memorysetup-temp-allocator-size-gi-baking-worker=262144"
    "memorysetup-temp-allocator-size-gfx=262144"
Player connection [139847906551104]  Target information:

Player connection [139847906551104]  * "[IP] 192.168.3.2 [Port] 55504 [Flags] 2 [Guid] 1593446187 [EditorId] 1593446187 [Version] 1048832 [Id] LinuxEditor(16,198.18.0.1) [Debug] 1 [PackageName] LinuxEditor [ProjectName] Editor" 

Player connection [139847906551104]  * "[IP] 198.18.0.1 [Port] 55504 [Flags] 2 [Guid] 1593446187 [EditorId] 1593446187 [Version] 1048832 [Id] LinuxEditor(16,198.18.0.1) [Debug] 1 [PackageName] LinuxEditor [ProjectName] Editor" 

Player connection [139847906551104] Host joined multi-casting on [225.0.0.222:54997]...
Player connection [139847906551104] Host joined alternative multi-casting on [225.0.0.222:34997]...
Input System module state changed to: Initialized.
[Physics::Module] Initialized fallback backend.
[Physics::Module] Id: 0xdecafbad
[Package Manager] Connected to IPC stream "Upm-860580" after 0.1 seconds.
Library Redirect Path: Library/
[Physics::Module] Selected backend.
[Physics::Module] Name: PhysX
[Physics::Module] Id: 0xf2b8ea05
[Physics::Module] SDK Version: 4.1.2
[Physics::Module] Integration Version: 1.0.0
[Physics::Module] Threading Mode: Multi-Threaded
[Licensing::IpcConnector] Successfully connected to: "LicenseClient-wdy" at "2026-08-03T01:14:52.093805Z"
[SignatureVerifier] Application signature verification not supported on this platform.
[Licensing::Client] Handshaking with LicensingClient:
  Version:                 1.17.4+4293ba1
  Session Id:              6c354626f7744ba0b55594d3170577d0
  Correlation Id:          e49cf4aafd85dfce26e62925d4b845e7
  External correlation Id: 5248446669289484614
  Machine Id:              OxSGSM7lei3Vlys4c7XMuFOFg4E=
[Licensing::Module] Successfully connected to LicensingClient on channel: "LicenseClient-wdy" (connect: 0.38s, validation: 0.04s, handshake: 0.00s)
[Licensing::IpcConnector] Successfully connected to: "LicenseClient-wdy-notifications" at "2026-08-03T01:14:52.13332Z"
[Licensing::Module] Connected to LicensingClient (PId: 860603, launch time: 0.00, total connection time: 0.42s)
[Licensing::Module] Error: Access token is unavailable; failed to update
[Licensing::Client] Successfully resolved entitlement details
[Licensing::Module] License group:
  Id: 15669740420231-UnityPersXXXX
  Product: Unity Personal
  Type: Assigned
  Expiration: Unlimited
[Licensing::Client] Successfully updated license, isAsync: True, time: 0.01
[Licensing::Client] Successfully resolved entitlement details
[Licensing::Module] Licensing Background thread has ended after 0.46s
Artifact Garbage Collection - Removed 1 unused hashed content files[Licensing::Client] Successfully resolved entitlement details
Refreshing native plugins compatible for Editor in 1.12 ms, found 0 plugins.
Preloading 0 native plugins for Editor in 0.00 ms.
Initialize engine version: 6000.0.65f1 (a18e2220bd50)
[Subsystems] Discovering subsystems at path /home/wdy/Unity/Hub/Editor/6000.0.65f1/Editor/Data/Resources/UnitySubsystems
[Subsystems] Discovering subsystems at path /home/wdy/wang_dy/hand-tracking-streamer-main/hand_tracking_streamer/Assets
Forcing GfxDevice: Null
GfxDevice: creating device client; kGfxThreadingModeNonThreaded
NullGfxDevice:
    Version:  NULL 1.0 [1.0]
    Renderer: Null Device
    Vendor:   Unity Technologies
Shader Hidden/ProbeVolume/VoxelizeScene is not supported: GPU does not support conservative rasterization
Shader 'Meta/MRUK/Scene/HighlightsAndShadows': fallback shader 'Off' not found
Initialize mono
Mono path[0] = '/home/wdy/Unity/Hub/Editor/6000.0.65f1/Editor/Data/Managed'
Mono path[1] = '/home/wdy/Unity/Hub/Editor/6000.0.65f1/Editor/Data/MonoBleedingEdge/lib/mono/unityjit-linux'
Mono config path = '/home/wdy/Unity/Hub/Editor/6000.0.65f1/Editor/Data/MonoBleedingEdge/etc'
Using monoOptions --debugger-agent=transport=dt_socket,embedding=1,server=y,suspend=n,address=127.0.0.1:56580
Using cacheserver namespaces - metadata:defaultmetadata, artifacts:defaultartifacts
Using cacheserver namespaces - metadata:defaultmetadata, artifacts:defaultartifacts
ImportWorker Server TCP listen port: 0
AcceleratorClientConnectionCallback - disconnected - :0
Begin MonoManager ReloadAssembly
Registering precompiled unity dll's ...
Register platform support module: /home/wdy/Unity/Hub/Editor/6000.0.65f1/Editor/Data/PlaybackEngines/AndroidPlayer/UnityEditor.Android.Extensions.dll
Register platform support module: /home/wdy/Unity/Hub/Editor/6000.0.65f1/Editor/Data/PlaybackEngines/LinuxStandaloneSupport/UnityEditor.LinuxStandalone.Extensions.dll
Registered in 0.003789 seconds.
- Loaded All Assemblies, in  0.315 seconds
Native extension for LinuxStandalone target not found
Native extension for Android target not found
Android Extension - Scanning For ADB Devices 133 ms
Mono: successfully reloaded assembly
- Finished resetting the current domain, in  0.384 seconds
Domain Reload Profiling: 699ms
	BeginReloadAssembly (130ms)
		ExecutionOrderSort (0ms)
		DisableScriptedObjects (0ms)
		BackupInstance (0ms)
		ReleaseScriptingObjects (0ms)
		CreateAndSetChildDomain (1ms)
	RebuildCommonClasses (27ms)
	RebuildNativeTypeToScriptingClass (5ms)
	initialDomainReloadingComplete (45ms)
	LoadAllAssembliesAndSetupDomain (108ms)
		LoadAssemblies (131ms)
		RebuildTransferFunctionScriptingTraits (0ms)
		AnalyzeDomain (104ms)
			TypeCache.Refresh (103ms)
				TypeCache.ScanAssembly (94ms)
			BuildScriptInfoCaches (0ms)
			ResolveRequiredComponents (0ms)
	FinalizeReload (384ms)
		ReleaseScriptCaches (0ms)
		RebuildScriptCaches (0ms)
		SetupLoadedEditorAssemblies (361ms)
			LogAssemblyErrors (0ms)
			InitializePlatformSupportModulesInManaged (193ms)
			SetLoadedEditorAssemblies (3ms)
			BeforeProcessingInitializeOnLoad (44ms)
			ProcessInitializeOnLoadAttributes (81ms)
			ProcessInitializeOnLoadMethodAttributes (40ms)
			AfterProcessingInitializeOnLoad (0ms)
			EditorAssembliesLoaded (0ms)
		ExecutionOrderSort2 (0ms)
		AwakeInstancesAfterBackupRestoration (0ms)
[Licensing::Client] Successfully resolved entitlement details
[Licensing::Client] Successfully resolved entitlement details
Application.AssetDatabase Initial Refresh Start
Package Manager log level set to [2]
[Package Manager] Restoring resolved packages state from cache
[Licensing::Client] Successfully resolved entitlement details
[Package Manager] Registered 76 packages:
  Packages from [https://packages.unity.com]:
    com.meta.xr.sdk.all@72.0.0 (location: /home/wdy/wang_dy/hand-tracking-streamer-main/hand_tracking_streamer/Library/PackageCache/com.meta.xr.sdk.all@ce6efd8df4dc)
    com.unity.ai.navigation@2.0.14 (location: /home/wdy/wang_dy/hand-tracking-streamer-main/hand_tracking_streamer/Library/PackageCache/com.unity.ai.navigation@134dd6a3b97b)
    com.unity.collab-proxy@2.13.3 (location: /home/wdy/wang_dy/hand-tracking-streamer-main/hand_tracking_streamer/Library/PackageCache/com.unity.collab-proxy@4f3be89e8675)
    com.unity.ide.rider@3.0.38 (location: /home/wdy/wang_dy/hand-tracking-streamer-main/hand_tracking_streamer/Library/PackageCache/com.unity.ide.rider@1f60b3138684)
    com.unity.ide.visualstudio@2.0.26 (location: /home/wdy/wang_dy/hand-tracking-streamer-main/hand_tracking_streamer/Library/PackageCache/com.unity.ide.visualstudio@a99d56dec63f)
    com.unity.inputsystem@1.19.0 (location: /home/wdy/wang_dy/hand-tracking-streamer-main/hand_tracking_streamer/Library/PackageCache/com.unity.inputsystem@21a28c3a6c83)
    com.unity.nuget.newtonsoft-json@3.2.2 (location: /home/wdy/wang_dy/hand-tracking-streamer-main/hand_tracking_streamer/Library/PackageCache/com.unity.nuget.newtonsoft-json@4dfd81071c64)
    com.unity.timeline@1.8.12 (location: /home/wdy/wang_dy/hand-tracking-streamer-main/hand_tracking_streamer/Library/PackageCache/com.unity.timeline@8cd8509afae5)
    com.unity.visualscripting@1.9.11 (location: /home/wdy/wang_dy/hand-tracking-streamer-main/hand_tracking_streamer/Library/PackageCache/com.unity.visualscripting@8bed5ad90189)
    com.unity.webrtc@3.0.0-pre.8 (location: /home/wdy/wang_dy/hand-tracking-streamer-main/hand_tracking_streamer/Library/PackageCache/com.unity.webrtc@cd5330803ce2)
    com.unity.xr.hands@1.8.0 (location: /home/wdy/wang_dy/hand-tracking-streamer-main/hand_tracking_streamer/Library/PackageCache/com.unity.xr.hands@ed65bce01132)
    com.unity.xr.openxr@1.17.1 (location: /home/wdy/wang_dy/hand-tracking-streamer-main/hand_tracking_streamer/Library/PackageCache/com.unity.xr.openxr@58837b2992e0)
    com.unity.xr.core-utils@2.5.3 (location: /home/wdy/wang_dy/hand-tracking-streamer-main/hand_tracking_streamer/Library/PackageCache/com.unity.xr.core-utils@f0450cbac8d6)
    com.unity.xr.management@4.5.3 (location: /home/wdy/wang_dy/hand-tracking-streamer-main/hand_tracking_streamer/Library/PackageCache/com.unity.xr.management@574ebfb1e976)
    com.unity.xr.legacyinputhelpers@2.1.12 (location: /home/wdy/wang_dy/hand-tracking-streamer-main/hand_tracking_streamer/Library/PackageCache/com.unity.xr.legacyinputhelpers@b7579e86f3b4)
    com.unity.mathematics@1.3.2 (location: /home/wdy/wang_dy/hand-tracking-streamer-main/hand_tracking_streamer/Library/PackageCache/com.unity.mathematics@8017b507cc74)
    com.unity.editorcoroutines@1.0.0 (location: /home/wdy/wang_dy/hand-tracking-streamer-main/hand_tracking_streamer/Library/PackageCache/com.unity.editorcoroutines@7d48783e7b8c)
    com.unity.collections@2.6.2 (location: /home/wdy/wang_dy/hand-tracking-streamer-main/hand_tracking_streamer/Library/PackageCache/com.unity.collections@aea9d3bd5e19)
    com.meta.xr.sdk.core@72.0.0 (location: /home/wdy/wang_dy/hand-tracking-streamer-main/hand_tracking_streamer/Library/PackageCache/com.meta.xr.sdk.core@e9f929748630)
    com.meta.xr.sdk.audio@72.0.0 (location: /home/wdy/wang_dy/hand-tracking-streamer-main/hand_tracking_streamer/Library/PackageCache/com.meta.xr.sdk.audio@2d4a62e92bfb)
    com.meta.xr.sdk.voice@71.0.0 (location: /home/wdy/wang_dy/hand-tracking-streamer-main/hand_tracking_streamer/Library/PackageCache/com.meta.xr.sdk.voice@b496f38703e7)
    com.meta.xr.simulator@72.0.0 (location: /home/wdy/wang_dy/hand-tracking-streamer-main/hand_tracking_streamer/Library/PackageCache/com.meta.xr.simulator@dd003f206ffc)
    com.meta.xr.sdk.haptics@72.0.0 (location: /home/wdy/wang_dy/hand-tracking-streamer-main/hand_tracking_streamer/Library/PackageCache/com.meta.xr.sdk.haptics@8756922b2427)
    com.meta.xr.mrutilitykit@72.0.0 (location: /home/wdy/wang_dy/hand-tracking-streamer-main/hand_tracking_streamer/Library/PackageCache/com.meta.xr.mrutilitykit@25f9a1a2fd4d)
    com.meta.xr.sdk.platform@72.0.0 (location: /home/wdy/wang_dy/hand-tracking-streamer-main/hand_tracking_streamer/Library/PackageCache/com.meta.xr.sdk.platform@b512726bfcf7)
    com.meta.xr.sdk.interaction@72.0.0 (location: /home/wdy/wang_dy/hand-tracking-streamer-main/hand_tracking_streamer/Library/PackageCache/com.meta.xr.sdk.interaction@0b18fe126659)
    com.meta.xr.sdk.interaction.ovr@72.0.0 (location: /home/wdy/wang_dy/hand-tracking-streamer-main/hand_tracking_streamer/Library/PackageCache/com.meta.xr.sdk.interaction.ovr@1f082c58882e)
    com.unity.searcher@4.9.3 (location: /home/wdy/wang_dy/hand-tracking-streamer-main/hand_tracking_streamer/Library/PackageCache/com.unity.searcher@1e17ce91558d)
    com.unity.burst@1.8.27 (location: /home/wdy/wang_dy/hand-tracking-streamer-main/hand_tracking_streamer/Library/PackageCache/com.unity.burst@973857688024)
    com.unity.nuget.mono-cecil@1.11.5 (location: /home/wdy/wang_dy/hand-tracking-streamer-main/hand_tracking_streamer/Library/PackageCache/com.unity.nuget.mono-cecil@d78732e851eb)
    com.unity.test-framework.performance@3.2.0 (location: /home/wdy/wang_dy/hand-tracking-streamer-main/hand_tracking_streamer/Library/PackageCache/com.unity.test-framework.performance@0840f58e4562)
  Built-in packages:
    com.unity.2d.sprite@1.0.0 (location: /home/wdy/wang_dy/hand-tracking-streamer-main/hand_tracking_streamer/Library/PackageCache/com.unity.2d.sprite@ca6f53efbb87)
    com.unity.multiplayer.center@1.0.0 (location: /home/wdy/wang_dy/hand-tracking-streamer-main/hand_tracking_streamer/Library/PackageCache/com.unity.multiplayer.center@f5e57a8bed06)
    com.unity.render-pipelines.universal@17.0.4 (location: /home/wdy/wang_dy/hand-tracking-streamer-main/hand_tracking_streamer/Library/PackageCache/com.unity.render-pipelines.universal@b774104533b8)
    com.unity.test-framework@1.6.0 (location: /home/wdy/wang_dy/hand-tracking-streamer-main/hand_tracking_streamer/Library/PackageCache/com.unity.test-framework@e1842c748223)
    com.unity.ugui@2.0.0 (location: /home/wdy/wang_dy/hand-tracking-streamer-main/hand_tracking_streamer/Library/PackageCache/com.unity.ugui@4ec1b5e949c1)
    com.unity.modules.accessibility@1.0.0 (location: /home/wdy/Unity/Hub/Editor/6000.0.65f1/Editor/Data/Resources/PackageManager/BuiltInPackages/com.unity.modules.accessibility)
    com.unity.modules.ai@1.0.0 (location: /home/wdy/Unity/Hub/Editor/6000.0.65f1/Editor/Data/Resources/PackageManager/BuiltInPackages/com.unity.modules.ai)
    com.unity.modules.androidjni@1.0.0 (location: /home/wdy/Unity/Hub/Editor/6000.0.65f1/Editor/Data/Resources/PackageManager/BuiltInPackages/com.unity.modules.androidjni)
    com.unity.modules.animation@1.0.0 (location: /home/wdy/Unity/Hub/Editor/6000.0.65f1/Editor/Data/Resources/PackageManager/BuiltInPackages/com.unity.modules.animation)
    com.unity.modules.assetbundle@1.0.0 (location: /home/wdy/Unity/Hub/Editor/6000.0.65f1/Editor/Data/Resources/PackageManager/BuiltInPackages/com.unity.modules.assetbundle)
    com.unity.modules.audio@1.0.0 (location: /home/wdy/Unity/Hub/Editor/6000.0.65f1/Editor/Data/Resources/PackageManager/BuiltInPackages/com.unity.modules.audio)
    com.unity.modules.cloth@1.0.0 (location: /home/wdy/Unity/Hub/Editor/6000.0.65f1/Editor/Data/Resources/PackageManager/BuiltInPackages/com.unity.modules.cloth)
    com.unity.modules.director@1.0.0 (location: /home/wdy/Unity/Hub/Editor/6000.0.65f1/Editor/Data/Resources/PackageManager/BuiltInPackages/com.unity.modules.director)
    com.unity.modules.imageconversion@1.0.0 (location: /home/wdy/Unity/Hub/Editor/6000.0.65f1/Editor/Data/Resources/PackageManager/BuiltInPackages/com.unity.modules.imageconversion)
    com.unity.modules.imgui@1.0.0 (location: /home/wdy/Unity/Hub/Editor/6000.0.65f1/Editor/Data/Resources/PackageManager/BuiltInPackages/com.unity.modules.imgui)
    com.unity.modules.jsonserialize@1.0.0 (location: /home/wdy/Unity/Hub/Editor/6000.0.65f1/Editor/Data/Resources/PackageManager/BuiltInPackages/com.unity.modules.jsonserialize)
    com.unity.modules.particlesystem@1.0.0 (location: /home/wdy/Unity/Hub/Editor/6000.0.65f1/Editor/Data/Resources/PackageManager/BuiltInPackages/com.unity.modules.particlesystem)
    com.unity.modules.physics@1.0.0 (location: /home/wdy/Unity/Hub/Editor/6000.0.65f1/Editor/Data/Resources/PackageManager/BuiltInPackages/com.unity.modules.physics)
    com.unity.modules.physics2d@1.0.0 (location: /home/wdy/Unity/Hub/Editor/6000.0.65f1/Editor/Data/Resources/PackageManager/BuiltInPackages/com.unity.modules.physics2d)
    com.unity.modules.screencapture@1.0.0 (location: /home/wdy/Unity/Hub/Editor/6000.0.65f1/Editor/Data/Resources/PackageManager/BuiltInPackages/com.unity.modules.screencapture)
    com.unity.modules.terrain@1.0.0 (location: /home/wdy/Unity/Hub/Editor/6000.0.65f1/Editor/Data/Resources/PackageManager/BuiltInPackages/com.unity.modules.terrain)
    com.unity.modules.terrainphysics@1.0.0 (location: /home/wdy/Unity/Hub/Editor/6000.0.65f1/Editor/Data/Resources/PackageManager/BuiltInPackages/com.unity.modules.terrainphysics)
    com.unity.modules.tilemap@1.0.0 (location: /home/wdy/Unity/Hub/Editor/6000.0.65f1/Editor/Data/Resources/PackageManager/BuiltInPackages/com.unity.modules.tilemap)
    com.unity.modules.ui@1.0.0 (location: /home/wdy/Unity/Hub/Editor/6000.0.65f1/Editor/Data/Resources/PackageManager/BuiltInPackages/com.unity.modules.ui)
    com.unity.modules.uielements@1.0.0 (location: /home/wdy/Unity/Hub/Editor/6000.0.65f1/Editor/Data/Resources/PackageManager/BuiltInPackages/com.unity.modules.uielements)
    com.unity.modules.umbra@1.0.0 (location: /home/wdy/Unity/Hub/Editor/6000.0.65f1/Editor/Data/Resources/PackageManager/BuiltInPackages/com.unity.modules.umbra)
    com.unity.modules.unityanalytics@1.0.0 (location: /home/wdy/Unity/Hub/Editor/6000.0.65f1/Editor/Data/Resources/PackageManager/BuiltInPackages/com.unity.modules.unityanalytics)
    com.unity.modules.unitywebrequest@1.0.0 (location: /home/wdy/Unity/Hub/Editor/6000.0.65f1/Editor/Data/Resources/PackageManager/BuiltInPackages/com.unity.modules.unitywebrequest)
    com.unity.modules.unitywebrequestassetbundle@1.0.0 (location: /home/wdy/Unity/Hub/Editor/6000.0.65f1/Editor/Data/Resources/PackageManager/BuiltInPackages/com.unity.modules.unitywebrequestassetbundle)
    com.unity.modules.unitywebrequestaudio@1.0.0 (location: /home/wdy/Unity/Hub/Editor/6000.0.65f1/Editor/Data/Resources/PackageManager/BuiltInPackages/com.unity.modules.unitywebrequestaudio)
    com.unity.modules.unitywebrequesttexture@1.0.0 (location: /home/wdy/Unity/Hub/Editor/6000.0.65f1/Editor/Data/Resources/PackageManager/BuiltInPackages/com.unity.modules.unitywebrequesttexture)
    com.unity.modules.unitywebrequestwww@1.0.0 (location: /home/wdy/Unity/Hub/Editor/6000.0.65f1/Editor/Data/Resources/PackageManager/BuiltInPackages/com.unity.modules.unitywebrequestwww)
    com.unity.modules.vehicles@1.0.0 (location: /home/wdy/Unity/Hub/Editor/6000.0.65f1/Editor/Data/Resources/PackageManager/BuiltInPackages/com.unity.modules.vehicles)
    com.unity.modules.video@1.0.0 (location: /home/wdy/Unity/Hub/Editor/6000.0.65f1/Editor/Data/Resources/PackageManager/BuiltInPackages/com.unity.modules.video)
    com.unity.modules.wind@1.0.0 (location: /home/wdy/Unity/Hub/Editor/6000.0.65f1/Editor/Data/Resources/PackageManager/BuiltInPackages/com.unity.modules.wind)
    com.unity.modules.xr@1.0.0 (location: /home/wdy/Unity/Hub/Editor/6000.0.65f1/Editor/Data/Resources/PackageManager/BuiltInPackages/com.unity.modules.xr)
    com.unity.modules.subsystems@1.0.0 (location: /home/wdy/Unity/Hub/Editor/6000.0.65f1/Editor/Data/Resources/PackageManager/BuiltInPackages/com.unity.modules.subsystems)
    com.unity.modules.hierarchycore@1.0.0 (location: /home/wdy/Unity/Hub/Editor/6000.0.65f1/Editor/Data/Resources/PackageManager/BuiltInPackages/com.unity.modules.hierarchycore)
    com.unity.ext.nunit@2.0.5 (location: /home/wdy/wang_dy/hand-tracking-streamer-main/hand_tracking_streamer/Library/PackageCache/com.unity.ext.nunit@b16e6d09cd93)
    com.unity.render-pipelines.core@17.0.4 (location: /home/wdy/wang_dy/hand-tracking-streamer-main/hand_tracking_streamer/Library/PackageCache/com.unity.render-pipelines.core@fe2e6aaf4466)
    com.unity.shadergraph@17.0.4 (location: /home/wdy/wang_dy/hand-tracking-streamer-main/hand_tracking_streamer/Library/PackageCache/com.unity.shadergraph@75fb85f8858e)
    com.unity.render-pipelines.universal-config@17.0.3 (location: /home/wdy/wang_dy/hand-tracking-streamer-main/hand_tracking_streamer/Library/PackageCache/com.unity.render-pipelines.universal-config@e48fefd716b5)
    com.unity.modules.vr@1.0.0 (location: /home/wdy/Unity/Hub/Editor/6000.0.65f1/Editor/Data/Resources/PackageManager/BuiltInPackages/com.unity.modules.vr)
    com.unity.rendering.light-transport@1.0.1 (location: /home/wdy/wang_dy/hand-tracking-streamer-main/hand_tracking_streamer/Library/PackageCache/com.unity.rendering.light-transport@fd597d1a9e15)
    com.unity.textmeshpro@5.0.0 (location: /home/wdy/wang_dy/hand-tracking-streamer-main/hand_tracking_streamer/Library/PackageCache/com.unity.textmeshpro@53f43edfd2e0)
[Subsystems] Looking for new subsystems at path /home/wdy/wang_dy/hand-tracking-streamer-main/hand_tracking_streamer/Library/PackageCache/com.unity.xr.openxr@58837b2992e0
[Subsystems] Novel subsystem found at Library/PackageCache/com.unity.xr.openxr@58837b2992e0/Runtime/UnitySubsystemsManifest.json
[Subsystems] Discovering subsystems at path /home/wdy/Unity/Hub/Editor/6000.0.65f1/Editor/Data/Resources/UnitySubsystems
[Subsystems] Discovering subsystems at path /home/wdy/wang_dy/hand-tracking-streamer-main/hand_tracking_streamer/Assets
[Subsystems] Discovering subsystems at path /home/wdy/wang_dy/hand-tracking-streamer-main/hand_tracking_streamer/Library/PackageCache/com.unity.xr.openxr@58837b2992e0
[Subsystems] No descriptors matched for  examples in Library/PackageCache/com.unity.xr.openxr@58837b2992e0/Runtime/UnitySubsystemsManifest.json.
[Subsystems] 1 'inputs' descriptors matched in Library/PackageCache/com.unity.xr.openxr@58837b2992e0/Runtime/UnitySubsystemsManifest.json
[Subsystems] 1 'displays' descriptors matched in Library/PackageCache/com.unity.xr.openxr@58837b2992e0/Runtime/UnitySubsystemsManifest.json
[Subsystems] No descriptors matched for  meshings in Library/PackageCache/com.unity.xr.openxr@58837b2992e0/Runtime/UnitySubsystemsManifest.json.
[Package Manager] Done registering packages in 0.01 seconds
[ScriptCompilation] Requested script compilation because: Assetdatabase observed changes in script compilation related files
[40m[32minfo[39m[22m[49m: Microsoft.Hosting.Lifetime[14]
      Now listening on: http://unix:/tmp/ilpp.sock-52833c86374855dc9e4c14882ddabe0c
[40m[32minfo[39m[22m[49m: Microsoft.Hosting.Lifetime[0]
      Application started. Press Ctrl+C to shut down.
[40m[32minfo[39m[22m[49m: Microsoft.Hosting.Lifetime[0]
      Hosting environment: Production
[40m[32minfo[39m[22m[49m: Microsoft.Hosting.Lifetime[0]
      Content root path: /home/wdy/wang_dy/hand-tracking-streamer-main/hand_tracking_streamer/
[40m[32minfo[39m[22m[49m: Microsoft.AspNetCore.Hosting.Diagnostics[1]
      Request starting HTTP/2 POST http://ilpp/UnityILPP.PostProcessing/Ping application/grpc -
[40m[32minfo[39m[22m[49m: Microsoft.AspNetCore.Routing.EndpointMiddleware[0]
      Executing endpoint 'gRPC - /UnityILPP.PostProcessing/Ping'
[40m[32minfo[39m[22m[49m: Microsoft.AspNetCore.Routing.EndpointMiddleware[1]
      Executed endpoint 'gRPC - /UnityILPP.PostProcessing/Ping'
[40m[32minfo[39m[22m[49m: Microsoft.AspNetCore.Hosting.Diagnostics[2]
      Request finished HTTP/2 POST http://ilpp/UnityILPP.PostProcessing/Ping application/grpc - - 200 - application/grpc 36.5365ms
Starting: /home/wdy/Unity/Hub/Editor/6000.0.65f1/Editor/Data/bee_backend --ipc --defer-dag-verification --dagfile="Library/Bee/1300b0aE.dag" --continue-on-failure --profile="Library/Bee/backend1.traceevents" ScriptAssemblies
WorkingDir: /home/wdy/wang_dy/hand-tracking-streamer-main/hand_tracking_streamer
DisplayProgressbar: Compiling Scripts
[40m[32minfo[39m[22m[49m: Microsoft.AspNetCore.Hosting.Diagnostics[1]
      Request starting HTTP/2 POST http://ilpp/UnityILPP.PostProcessing/ConfigurePostProcessors application/grpc -
[40m[32minfo[39m[22m[49m: Microsoft.AspNetCore.Routing.EndpointMiddleware[0]
      Executing endpoint 'gRPC - /UnityILPP.PostProcessing/ConfigurePostProcessors'
[40m[1m[33mwarn[39m[22m[49m: Unity.ILPP.Runner.PostProcessingAssemblyLoadContext[0]
      Assembly system.runtime.interopservices.windowsruntime has duplicate hint path. Ignoring "/home/wdy/Unity/Hub/Editor/6000.0.65f1/Editor/Data/UnityReferenceAssemblies/unity-4.8-api/Facades/System.Runtime.InteropServices.WindowsRuntime.dll" in favor of "/home/wdy/Unity/Hub/Editor/6000.0.65f1/Editor/Data/NetStandard/Extensions/2.0.0/System.Runtime.InteropServices.WindowsRuntime.dll"
[40m[1m[33mwarn[39m[22m[49m: Unity.ILPP.Runner.PostProcessingAssemblyLoadContext[0]
      Assembly system.componentmodel.composition has duplicate hint path. Ignoring "/home/wdy/Unity/Hub/Editor/6000.0.65f1/Editor/Data/UnityReferenceAssemblies/unity-4.8-api/System.ComponentModel.Composition.dll" in favor of "/home/wdy/Unity/Hub/Editor/6000.0.65f1/Editor/Data/NetStandard/compat/2.1.0/shims/netfx/System.ComponentModel.Composition.dll"
[40m[32minfo[39m[22m[49m: Unity.ILPP.Runner.PostProcessingAssemblyLoadContext[0]
      Resolved Unity.Burst.Cecil, Version=0.11.4.0, Culture=neutral, PublicKeyToken=50cebf1cceb9d05e with Library/PackageCache/com.unity.burst@973857688024/Unity.Burst.CodeGen/Unity.Burst.Cecil.dll
[40m[32minfo[39m[22m[49m: Unity.ILPP.Runner.PostProcessingAssemblyLoadContext[0]
      Resolved Mono.Cecil, Version=0.11.5.0, Culture=neutral, PublicKeyToken=50cebf1cceb9d05e with Library/PackageCache/com.unity.nuget.mono-cecil@d78732e851eb/Mono.Cecil.dll
[40m[32minfo[39m[22m[49m: Microsoft.AspNetCore.Routing.EndpointMiddleware[1]
      Executed endpoint 'gRPC - /UnityILPP.PostProcessing/ConfigurePostProcessors'
[40m[32minfo[39m[22m[49m: Microsoft.AspNetCore.Hosting.Diagnostics[2]
      Request finished HTTP/2 POST http://ilpp/UnityILPP.PostProcessing/ConfigurePostProcessors application/grpc - - 200 - application/grpc 29.8933ms
[40m[32minfo[39m[22m[49m: Microsoft.AspNetCore.Hosting.Diagnostics[1]
      Request starting HTTP/2 POST http://ilpp/UnityILPP.PostProcessing/PostProcessAssembly application/grpc -
[40m[32minfo[39m[22m[49m: Microsoft.AspNetCore.Routing.EndpointMiddleware[0]
      Executing endpoint 'gRPC - /UnityILPP.PostProcessing/PostProcessAssembly'
[40m[32minfo[39m[22m[49m: Unity.ILPP.Runner.PostProcessingPipeline[0]
      Processing assembly Library/Bee/artifacts/1300b0aE.dag/Assembly-CSharp.dll, with 135 defines and 398 references
[40m[32minfo[39m[22m[49m: Unity.ILPP.Runner.PostProcessingPipeline[0]
      processors: Unity.Jobs.CodeGen.JobsILPostProcessor, zzzUnity.Burst.CodeGen.BurstILPostProcessor
[40m[32minfo[39m[22m[49m: Unity.ILPP.Runner.PostProcessingPipeline[0]
      running Unity.Jobs.CodeGen.JobsILPostProcessor
[40m[32minfo[39m[22m[49m: Unity.ILPP.Runner.PostProcessingAssemblyLoadContext[0]
      Resolved Unity.Collections, Version=0.0.0.0, Culture=neutral, PublicKeyToken=null with Library/Bee/artifacts/1300b0aE.dag/Unity.Collections.dll
[40m[32minfo[39m[22m[49m: Unity.ILPP.Runner.PostProcessingAssemblyLoadContext[0]
      Resolved UnityEditor.CoreModule, Version=0.0.0.0, Culture=neutral, PublicKeyToken=null with /home/wdy/Unity/Hub/Editor/6000.0.65f1/Editor/Data/Managed/UnityEngine/UnityEditor.CoreModule.dll
[40m[32minfo[39m[22m[49m: Unity.ILPP.Runner.PostProcessingAssemblyLoadContext[0]
      Resolved UnityEngine.CoreModule, Version=0.0.0.0, Culture=neutral, PublicKeyToken=null with /home/wdy/Unity/Hub/Editor/6000.0.65f1/Editor/Data/Managed/UnityEngine/UnityEngine.CoreModule.dll
[40m[32minfo[39m[22m[49m: Unity.ILPP.Runner.PostProcessingPipeline[0]
      running zzzUnity.Burst.CodeGen.BurstILPostProcessor
[40m[32minfo[39m[22m[49m: Microsoft.AspNetCore.Hosting.Diagnostics[1]
      Request starting HTTP/2 POST http://ilpp/UnityILPP.PostProcessing/PostProcessAssembly application/grpc -
[40m[32minfo[39m[22m[49m: Microsoft.AspNetCore.Routing.EndpointMiddleware[0]
      Executing endpoint 'gRPC - /UnityILPP.PostProcessing/PostProcessAssembly'
[40m[32minfo[39m[22m[49m: Unity.ILPP.Runner.PostProcessingPipeline[0]
      Processing assembly Library/Bee/artifacts/1300b0aE.dag/Assembly-CSharp-Editor.dll, with 133 defines and 423 references
[40m[32minfo[39m[22m[49m: Unity.ILPP.Runner.PostProcessingPipeline[0]
      processors: Unity.Jobs.CodeGen.JobsILPostProcessor, zzzUnity.Burst.CodeGen.BurstILPostProcessor
[40m[32minfo[39m[22m[49m: Unity.ILPP.Runner.PostProcessingPipeline[0]
      running Unity.Jobs.CodeGen.JobsILPostProcessor
[40m[32minfo[39m[22m[49m: Unity.ILPP.Runner.PostProcessingPipeline[0]
      running zzzUnity.Burst.CodeGen.BurstILPostProcessor
[40m[32minfo[39m[22m[49m: Unity.ILPP.Runner.PostProcessingAssemblyLoadContext[0]
      Resolved Unity.Burst.Cecil.Rocks, Version=0.11.4.0, Culture=neutral, PublicKeyToken=50cebf1cceb9d05e with Library/PackageCache/com.unity.burst@973857688024/Unity.Burst.CodeGen/Unity.Burst.Cecil.Rocks.dll
[40m[32minfo[39m[22m[49m: Microsoft.AspNetCore.Routing.EndpointMiddleware[1]
      Executed endpoint 'gRPC - /UnityILPP.PostProcessing/PostProcessAssembly'
[40m[32minfo[39m[22m[49m: Microsoft.AspNetCore.Hosting.Diagnostics[2]
      Request finished HTTP/2 POST http://ilpp/UnityILPP.PostProcessing/PostProcessAssembly application/grpc - - 200 - application/grpc 70.9393ms
[40m[32minfo[39m[22m[49m: Microsoft.AspNetCore.Routing.EndpointMiddleware[1]
      Executed endpoint 'gRPC - /UnityILPP.PostProcessing/PostProcessAssembly'
[40m[32minfo[39m[22m[49m: Microsoft.AspNetCore.Hosting.Diagnostics[2]
      Request finished HTTP/2 POST http://ilpp/UnityILPP.PostProcessing/PostProcessAssembly application/grpc - - 200 - application/grpc 315.1245ms
ExitCode: 0 Duration: 1s610ms
[1248/1743  0s] ILPP-Configuration Library/ilpp-configuration.nevergeneratedoutput
[1735/1743  1s] Csc Library/Bee/artifacts/1300b0aE.dag/Assembly-CSharp.dll (+2 others)
[1736/1743  0s] Csc Library/Bee/artifacts/1300b0aE.dag/Assembly-CSharp-Editor.dll (+2 others)
[1737/1743  0s] ILPostProcess Library/Bee/artifacts/1300b0aE.dag/post-processed/Assembly-CSharp-Editor.dll (+pdb)
Processing assembly Library/Bee/artifacts/1300b0aE.dag/Assembly-CSharp-Editor.dll, with 133 defines and 423 references
processors: Unity.Jobs.CodeGen.JobsILPostProcessor, zzzUnity.Burst.CodeGen.BurstILPostProcessor
running Unity.Jobs.CodeGen.JobsILPostProcessor
running zzzUnity.Burst.CodeGen.BurstILPostProcessor
[1738/1743  0s] CopyFiles Library/ScriptAssemblies/Assembly-CSharp-Editor.dll
[1739/1743  0s] CopyFiles Library/ScriptAssemblies/Assembly-CSharp-Editor.pdb
[1740/1743  0s] ILPostProcess Library/Bee/artifacts/1300b0aE.dag/post-processed/Assembly-CSharp.dll (+pdb)
Processing assembly Library/Bee/artifacts/1300b0aE.dag/Assembly-CSharp.dll, with 135 defines and 398 references
processors: Unity.Jobs.CodeGen.JobsILPostProcessor, zzzUnity.Burst.CodeGen.BurstILPostProcessor
running Unity.Jobs.CodeGen.JobsILPostProcessor
running zzzUnity.Burst.CodeGen.BurstILPostProcessor
[1741/1743  0s] CopyFiles Library/ScriptAssemblies/Assembly-CSharp.dll
[1742/1743  0s] CopyFiles Library/ScriptAssemblies/Assembly-CSharp.pdb
*** Tundra build success (1.60 seconds), 9 items updated, 1743 evaluated
AssetDatabase: script compilation time: 2.138785s
Total cache size 259349372
Total cache size after purge 259349372, took 00:00:00.1532047
Begin MonoManager ReloadAssembly
Symbol file LoadedFromMemory is not a mono symbol file
- Loaded All Assemblies, in  0.836 seconds
'Packages/com.meta.xr.sdk.core/Editor/BuildingBlocks/BlocksWindowDetailsExt.cs' contains partial class of Unity.Object, exactly 1 of the partial classes needs to be in a file with the same filename. This is to know the one that can be referenced from ie. GameObjects
'Packages/com.meta.xr.sdk.core/Editor/BuildingBlocks/BlocksWindow.cs' contains partial class of Unity.Object, exactly 1 of the partial classes needs to be in a file with the same filename. This is to know the one that can be referenced from ie. GameObjects
Start importing ProjectSettings/ProjectSettings.asset using Guid(00000000000000004000000000000000) (LibraryAssetImporter) -> (artifact id: '9a89fefdd524727cbd979f19b4a0c98f') in 0.019265167 seconds
Refreshing native plugins compatible for Editor in 9.73 ms, found 2 plugins.
Native extension for LinuxStandalone target not found
Native extension for Android target not found
Refreshing native plugins compatible for Editor in 2.06 ms, found 2 plugins.
Platform is not currently supported by OVRPlugin
UnityEngine.Debug:ExtractStackTraceNoAlloc (byte*,int,string)
UnityEngine.StackTraceUtility:ExtractStackTrace () (at /home/bokken/build/output/unity/unity/Runtime/Export/Scripting/StackTrace.cs:35)
UnityEngine.DebugLogHandler:Internal_Log (UnityEngine.LogType,UnityEngine.LogOption,string,UnityEngine.Object)
UnityEngine.DebugLogHandler:LogFormat (UnityEngine.LogType,UnityEngine.Object,string,object[])
UnityEngine.Logger:Log (UnityEngine.LogType,object)
UnityEngine.Debug:LogWarning (object)
OVRPlugin:get_version () (at ./Library/PackageCache/com.meta.xr.sdk.core@e9f929748630/Scripts/OVRPlugin.cs:75)
Oculus.VR.Editor.Utils.RemoteContentDownloader:get_SdkVersion () (at ./Library/PackageCache/com.meta.xr.sdk.core@e9f929748630/Editor/Utils/RemoteContentManager.cs:48)
Oculus.VR.Editor.Utils.RemoteContentDownloader:.ctor (double,string,string) (at ./Library/PackageCache/com.meta.xr.sdk.core@e9f929748630/Editor/Utils/RemoteContentManager.cs:62)
Oculus.VR.Editor.OVRProjectSetup.UPSTContentManager:.cctor () (at ./Library/PackageCache/com.meta.xr.sdk.core@e9f929748630/Editor/OVRProjectSetup/UPSTContentManager.cs:42)
System.Runtime.CompilerServices.RuntimeHelpers:RunClassConstructor (System.RuntimeTypeHandle)
UnityEditor.EditorAssemblies:ProcessInitializeOnLoadAttributes (System.Type[]) (at /home/bokken/build/output/unity/unity/Editor/Mono/EditorAssemblies.cs:118)

(Filename: ./Library/PackageCache/com.meta.xr.sdk.core@e9f929748630/Scripts/OVRPlugin.cs Line: 75)

Platform is not currently supported by OVRPlugin
UnityEngine.Debug:ExtractStackTraceNoAlloc (byte*,int,string)
UnityEngine.StackTraceUtility:ExtractStackTrace () (at /home/bokken/build/output/unity/unity/Runtime/Export/Scripting/StackTrace.cs:35)
UnityEngine.DebugLogHandler:Internal_Log (UnityEngine.LogType,UnityEngine.LogOption,string,UnityEngine.Object)
UnityEngine.DebugLogHandler:LogFormat (UnityEngine.LogType,UnityEngine.Object,string,object[])
UnityEngine.Logger:Log (UnityEngine.LogType,object)
UnityEngine.Debug:LogWarning (object)
OVRPlugin:get_version () (at ./Library/PackageCache/com.meta.xr.sdk.core@e9f929748630/Scripts/OVRPlugin.cs:75)
Oculus.VR.Editor.Utils.RemoteContentDownloader:get_SdkVersion () (at ./Library/PackageCache/com.meta.xr.sdk.core@e9f929748630/Editor/Utils/RemoteContentManager.cs:48)
Oculus.VR.Editor.Utils.RemoteContentDownloader:.ctor (double,string,string) (at ./Library/PackageCache/com.meta.xr.sdk.core@e9f929748630/Editor/Utils/RemoteContentManager.cs:62)
Oculus.VR.Editor.OVRProjectSetup.UPSTContentManager:.cctor () (at ./Library/PackageCache/com.meta.xr.sdk.core@e9f929748630/Editor/OVRProjectSetup/UPSTContentManager.cs:42)
System.Runtime.CompilerServices.RuntimeHelpers:RunClassConstructor (System.RuntimeTypeHandle)
UnityEditor.EditorAssemblies:ProcessInitializeOnLoadAttributes (System.Type[]) (at /home/bokken/build/output/unity/unity/Editor/Mono/EditorAssemblies.cs:118)

(Filename: ./Library/PackageCache/com.meta.xr.sdk.core@e9f929748630/Scripts/OVRPlugin.cs Line: 75)

Platform is not currently supported by OVRPlugin
UnityEngine.Debug:ExtractStackTraceNoAlloc (byte*,int,string)
UnityEngine.StackTraceUtility:ExtractStackTrace () (at /home/bokken/build/output/unity/unity/Runtime/Export/Scripting/StackTrace.cs:35)
UnityEngine.DebugLogHandler:Internal_Log (UnityEngine.LogType,UnityEngine.LogOption,string,UnityEngine.Object)
UnityEngine.DebugLogHandler:LogFormat (UnityEngine.LogType,UnityEngine.Object,string,object[])
UnityEngine.Logger:Log (UnityEngine.LogType,object)
UnityEngine.Debug:LogWarning (object)
OVRPlugin:get_version () (at ./Library/PackageCache/com.meta.xr.sdk.core@e9f929748630/Scripts/OVRPlugin.cs:75)
Oculus.VR.Editor.Utils.RemoteContentDownloader:get_SdkVersion () (at ./Library/PackageCache/com.meta.xr.sdk.core@e9f929748630/Editor/Utils/RemoteContentManager.cs:48)
Oculus.VR.Editor.Utils.RemoteContentDownloader/<DownloadContent>d__17:MoveNext () (at ./Library/PackageCache/com.meta.xr.sdk.core@e9f929748630/Editor/Utils/RemoteContentManager.cs:127)
System.Runtime.CompilerServices.AsyncTaskMethodBuilder`1<System.ValueTuple`2<bool, string>>:Start<Oculus.VR.Editor.Utils.RemoteContentDownloader/<DownloadContent>d__17> (Oculus.VR.Editor.Utils.RemoteContentDownloader/<DownloadContent>d__17&)
Oculus.VR.Editor.Utils.RemoteContentDownloader:DownloadContent ()
Oculus.VR.Editor.Utils.RemoteContentDownloader/<RefreshAndLoad>d__12:MoveNext () (at ./Library/PackageCache/com.meta.xr.sdk.core@e9f929748630/Editor/Utils/RemoteContentManager.cs:73)
System.Runtime.CompilerServices.AsyncTaskMethodBuilder`1<System.ValueTuple`2<bool, string>>:Start<Oculus.VR.Editor.Utils.RemoteContentDownloader/<RefreshAndLoad>d__12> (Oculus.VR.Editor.Utils.RemoteContentDownloader/<RefreshAndLoad>d__12&)
Oculus.VR.Editor.Utils.RemoteContentDownloader:RefreshAndLoad ()
Oculus.VR.Editor.OVRProjectSetup.UPSTContentManager/<Reload>d__7:MoveNext () (at ./Library/PackageCache/com.meta.xr.sdk.core@e9f929748630/Editor/OVRProjectSetup/UPSTContentManager.cs:68)
System.Runtime.CompilerServices.AsyncTaskMethodBuilder`1<bool>:Start<Oculus.VR.Editor.OVRProjectSetup.UPSTContentManager/<Reload>d__7> (Oculus.VR.Editor.OVRProjectSetup.UPSTContentManager/<Reload>d__7&)
Oculus.VR.Editor.OVRProjectSetup.UPSTContentManager:Reload (bool)
Oculus.VR.Editor.OVRProjectSetup.UPSTContentManager/<InitializeAsync>d__5:MoveNext () (at ./Library/PackageCache/com.meta.xr.sdk.core@e9f929748630/Editor/OVRProjectSetup/UPSTContentManager.cs:50)
System.Runtime.CompilerServices.AsyncTaskMethodBuilder:Start<Oculus.VR.Editor.OVRProjectSetup.UPSTContentManager/<InitializeAsync>d__5> (Oculus.VR.Editor.OVRProjectSetup.UPSTContentManager/<InitializeAsync>d__5&)
Oculus.VR.Editor.OVRProjectSetup.UPSTContentManager:InitializeAsync ()
Oculus.VR.Editor.OVRProjectSetup.UPSTContentManager:.cctor () (at ./Library/PackageCache/com.meta.xr.sdk.core@e9f929748630/Editor/OVRProjectSetup/UPSTContentManager.cs:44)
System.Runtime.CompilerServices.RuntimeHelpers:RunClassConstructor (System.RuntimeTypeHandle)
UnityEditor.EditorAssemblies:ProcessInitializeOnLoadAttributes (System.Type[]) (at /home/bokken/build/output/unity/unity/Editor/Mono/EditorAssemblies.cs:118)

(Filename: ./Library/PackageCache/com.meta.xr.sdk.core@e9f929748630/Scripts/OVRPlugin.cs Line: 75)

Platform is not currently supported by OVRPlugin
UnityEngine.Debug:ExtractStackTraceNoAlloc (byte*,int,string)
UnityEngine.StackTraceUtility:ExtractStackTrace () (at /home/bokken/build/output/unity/unity/Runtime/Export/Scripting/StackTrace.cs:35)
UnityEngine.DebugLogHandler:Internal_Log (UnityEngine.LogType,UnityEngine.LogOption,string,UnityEngine.Object)
UnityEngine.DebugLogHandler:LogFormat (UnityEngine.LogType,UnityEngine.Object,string,object[])
UnityEngine.Logger:Log (UnityEngine.LogType,object)
UnityEngine.Debug:LogWarning (object)
OVRPlugin:get_version () (at ./Library/PackageCache/com.meta.xr.sdk.core@e9f929748630/Scripts/OVRPlugin.cs:75)
Oculus.VR.Editor.Utils.RemoteContentDownloader:get_SdkVersion () (at ./Library/PackageCache/com.meta.xr.sdk.core@e9f929748630/Editor/Utils/RemoteContentManager.cs:48)
Oculus.VR.Editor.Utils.RemoteContentDownloader/<DownloadContent>d__17:MoveNext () (at ./Library/PackageCache/com.meta.xr.sdk.core@e9f929748630/Editor/Utils/RemoteContentManager.cs:127)
System.Runtime.CompilerServices.AsyncTaskMethodBuilder`1<System.ValueTuple`2<bool, string>>:Start<Oculus.VR.Editor.Utils.RemoteContentDownloader/<DownloadContent>d__17> (Oculus.VR.Editor.Utils.RemoteContentDownloader/<DownloadContent>d__17&)
Oculus.VR.Editor.Utils.RemoteContentDownloader:DownloadContent ()
Oculus.VR.Editor.Utils.RemoteContentDownloader/<RefreshAndLoad>d__12:MoveNext () (at ./Library/PackageCache/com.meta.xr.sdk.core@e9f929748630/Editor/Utils/RemoteContentManager.cs:73)
System.Runtime.CompilerServices.AsyncTaskMethodBuilder`1<System.ValueTuple`2<bool, string>>:Start<Oculus.VR.Editor.Utils.RemoteContentDownloader/<RefreshAndLoad>d__12> (Oculus.VR.Editor.Utils.RemoteContentDownloader/<RefreshAndLoad>d__12&)
Oculus.VR.Editor.Utils.RemoteContentDownloader:RefreshAndLoad ()
Oculus.VR.Editor.OVRProjectSetup.UPSTContentManager/<Reload>d__7:MoveNext () (at ./Library/PackageCache/com.meta.xr.sdk.core@e9f929748630/Editor/OVRProjectSetup/UPSTContentManager.cs:68)
System.Runtime.CompilerServices.AsyncTaskMethodBuilder`1<bool>:Start<Oculus.VR.Editor.OVRProjectSetup.UPSTContentManager/<Reload>d__7> (Oculus.VR.Editor.OVRProjectSetup.UPSTContentManager/<Reload>d__7&)
Oculus.VR.Editor.OVRProjectSetup.UPSTContentManager:Reload (bool)
Oculus.VR.Editor.OVRProjectSetup.UPSTContentManager/<InitializeAsync>d__5:MoveNext () (at ./Library/PackageCache/com.meta.xr.sdk.core@e9f929748630/Editor/OVRProjectSetup/UPSTContentManager.cs:50)
System.Runtime.CompilerServices.AsyncTaskMethodBuilder:Start<Oculus.VR.Editor.OVRProjectSetup.UPSTContentManager/<InitializeAsync>d__5> (Oculus.VR.Editor.OVRProjectSetup.UPSTContentManager/<InitializeAsync>d__5&)
Oculus.VR.Editor.OVRProjectSetup.UPSTContentManager:InitializeAsync ()
Oculus.VR.Editor.OVRProjectSetup.UPSTContentManager:.cctor () (at ./Library/PackageCache/com.meta.xr.sdk.core@e9f929748630/Editor/OVRProjectSetup/UPSTContentManager.cs:44)
System.Runtime.CompilerServices.RuntimeHelpers:RunClassConstructor (System.RuntimeTypeHandle)
UnityEditor.EditorAssemblies:ProcessInitializeOnLoadAttributes (System.Type[]) (at /home/bokken/build/output/unity/unity/Editor/Mono/EditorAssemblies.cs:118)

(Filename: ./Library/PackageCache/com.meta.xr.sdk.core@e9f929748630/Scripts/OVRPlugin.cs Line: 75)

Platform is not currently supported by OVRPlugin
UnityEngine.Debug:ExtractStackTraceNoAlloc (byte*,int,string)
UnityEngine.StackTraceUtility:ExtractStackTrace () (at /home/bokken/build/output/unity/unity/Runtime/Export/Scripting/StackTrace.cs:35)
UnityEngine.DebugLogHandler:Internal_Log (UnityEngine.LogType,UnityEngine.LogOption,string,UnityEngine.Object)
UnityEngine.DebugLogHandler:LogFormat (UnityEngine.LogType,UnityEngine.Object,string,object[])
UnityEngine.Logger:Log (UnityEngine.LogType,object)
UnityEngine.Debug:LogWarning (object)
OVRPlugin:get_version () (at ./Library/PackageCache/com.meta.xr.sdk.core@e9f929748630/Scripts/OVRPlugin.cs:75)
Oculus.VR.Editor.Utils.RemoteContentDownloader:get_SdkVersion () (at ./Library/PackageCache/com.meta.xr.sdk.core@e9f929748630/Editor/Utils/RemoteContentManager.cs:48)
Oculus.VR.Editor.Utils.RemoteContentDownloader:.ctor (double,string,string) (at ./Library/PackageCache/com.meta.xr.sdk.core@e9f929748630/Editor/Utils/RemoteContentManager.cs:62)
Meta.XR.BuildingBlocks.Editor.BlocksContentManager:.cctor () (at ./Library/PackageCache/com.meta.xr.sdk.core@e9f929748630/Editor/BuildingBlocks/BlocksContentManager.cs:47)
System.Runtime.CompilerServices.RuntimeHelpers:RunClassConstructor (System.RuntimeTypeHandle)
UnityEditor.EditorAssemblies:ProcessInitializeOnLoadAttributes (System.Type[]) (at /home/bokken/build/output/unity/unity/Editor/Mono/EditorAssemblies.cs:118)

(Filename: ./Library/PackageCache/com.meta.xr.sdk.core@e9f929748630/Scripts/OVRPlugin.cs Line: 75)

Platform is not currently supported by OVRPlugin
UnityEngine.Debug:ExtractStackTraceNoAlloc (byte*,int,string)
UnityEngine.StackTraceUtility:ExtractStackTrace () (at /home/bokken/build/output/unity/unity/Runtime/Export/Scripting/StackTrace.cs:35)
UnityEngine.DebugLogHandler:Internal_Log (UnityEngine.LogType,UnityEngine.LogOption,string,UnityEngine.Object)
UnityEngine.DebugLogHandler:LogFormat (UnityEngine.LogType,UnityEngine.Object,string,object[])
UnityEngine.Logger:Log (UnityEngine.LogType,object)
UnityEngine.Debug:LogWarning (object)
OVRPlugin:get_version () (at ./Library/PackageCache/com.meta.xr.sdk.core@e9f929748630/Scripts/OVRPlugin.cs:75)
Oculus.VR.Editor.Utils.RemoteContentDownloader:get_SdkVersion () (at ./Library/PackageCache/com.meta.xr.sdk.core@e9f929748630/Editor/Utils/RemoteContentManager.cs:48)
Oculus.VR.Editor.Utils.RemoteContentDownloader:.ctor (double,string,string) (at ./Library/PackageCache/com.meta.xr.sdk.core@e9f929748630/Editor/Utils/RemoteContentManager.cs:62)
Meta.XR.BuildingBlocks.Editor.BlocksContentManager:.cctor () (at ./Library/PackageCache/com.meta.xr.sdk.core@e9f929748630/Editor/BuildingBlocks/BlocksContentManager.cs:47)
System.Runtime.CompilerServices.RuntimeHelpers:RunClassConstructor (System.RuntimeTypeHandle)
UnityEditor.EditorAssemblies:ProcessInitializeOnLoadAttributes (System.Type[]) (at /home/bokken/build/output/unity/unity/Editor/Mono/EditorAssemblies.cs:118)

(Filename: ./Library/PackageCache/com.meta.xr.sdk.core@e9f929748630/Scripts/OVRPlugin.cs Line: 75)

Platform is not currently supported by OVRPlugin
UnityEngine.Debug:ExtractStackTraceNoAlloc (byte*,int,string)
UnityEngine.StackTraceUtility:ExtractStackTrace () (at /home/bokken/build/output/unity/unity/Runtime/Export/Scripting/StackTrace.cs:35)
UnityEngine.DebugLogHandler:Internal_Log (UnityEngine.LogType,UnityEngine.LogOption,string,UnityEngine.Object)
UnityEngine.DebugLogHandler:LogFormat (UnityEngine.LogType,UnityEngine.Object,string,object[])
UnityEngine.Logger:Log (UnityEngine.LogType,object)
UnityEngine.Debug:LogWarning (object)
OVRPlugin:get_version () (at ./Library/PackageCache/com.meta.xr.sdk.core@e9f929748630/Scripts/OVRPlugin.cs:75)
Oculus.VR.Editor.Utils.RemoteContentDownloader:get_SdkVersion () (at ./Library/PackageCache/com.meta.xr.sdk.core@e9f929748630/Editor/Utils/RemoteContentManager.cs:48)
Oculus.VR.Editor.Utils.RemoteContentDownloader/<DownloadContent>d__17:MoveNext () (at ./Library/PackageCache/com.meta.xr.sdk.core@e9f929748630/Editor/Utils/RemoteContentManager.cs:127)
System.Runtime.CompilerServices.AsyncTaskMethodBuilder`1<System.ValueTuple`2<bool, string>>:Start<Oculus.VR.Editor.Utils.RemoteContentDownloader/<DownloadContent>d__17> (Oculus.VR.Editor.Utils.RemoteContentDownloader/<DownloadContent>d__17&)
Oculus.VR.Editor.Utils.RemoteContentDownloader:DownloadContent ()
Oculus.VR.Editor.Utils.RemoteContentDownloader/<RefreshAndLoad>d__12:MoveNext () (at ./Library/PackageCache/com.meta.xr.sdk.core@e9f929748630/Editor/Utils/RemoteContentManager.cs:73)
System.Runtime.CompilerServices.AsyncTaskMethodBuilder`1<System.ValueTuple`2<bool, string>>:Start<Oculus.VR.Editor.Utils.RemoteContentDownloader/<RefreshAndLoad>d__12> (Oculus.VR.Editor.Utils.RemoteContentDownloader/<RefreshAndLoad>d__12&)
Oculus.VR.Editor.Utils.RemoteContentDownloader:RefreshAndLoad ()
Meta.XR.BuildingBlocks.Editor.BlocksContentManager/<Reload>d__8:MoveNext () (at ./Library/PackageCache/com.meta.xr.sdk.core@e9f929748630/Editor/BuildingBlocks/BlocksContentManager.cs:68)
System.Runtime.CompilerServices.AsyncTaskMethodBuilder`1<bool>:Start<Meta.XR.BuildingBlocks.Editor.BlocksContentManager/<Reload>d__8> (Meta.XR.BuildingBlocks.Editor.BlocksContentManager/<Reload>d__8&)
Meta.XR.BuildingBlocks.Editor.BlocksContentManager:Reload (bool)
Meta.XR.BuildingBlocks.Editor.BlocksContentManager/<InitializeAsync>d__7:MoveNext () (at ./Library/PackageCache/com.meta.xr.sdk.core@e9f929748630/Editor/BuildingBlocks/BlocksContentManager.cs:55)
System.Runtime.CompilerServices.AsyncTaskMethodBuilder:Start<Meta.XR.BuildingBlocks.Editor.BlocksContentManager/<InitializeAsync>d__7> (Meta.XR.BuildingBlocks.Editor.BlocksContentManager/<InitializeAsync>d__7&)
Meta.XR.BuildingBlocks.Editor.BlocksContentManager:InitializeAsync ()
Meta.XR.BuildingBlocks.Editor.BlocksContentManager:.cctor () (at ./Library/PackageCache/com.meta.xr.sdk.core@e9f929748630/Editor/BuildingBlocks/BlocksContentManager.cs:49)
System.Runtime.CompilerServices.RuntimeHelpers:RunClassConstructor (System.RuntimeTypeHandle)
UnityEditor.EditorAssemblies:ProcessInitializeOnLoadAttributes (System.Type[]) (at /home/bokken/build/output/unity/unity/Editor/Mono/EditorAssemblies.cs:118)

(Filename: ./Library/PackageCache/com.meta.xr.sdk.core@e9f929748630/Scripts/OVRPlugin.cs Line: 75)

Platform is not currently supported by OVRPlugin
UnityEngine.Debug:ExtractStackTraceNoAlloc (byte*,int,string)
UnityEngine.StackTraceUtility:ExtractStackTrace () (at /home/bokken/build/output/unity/unity/Runtime/Export/Scripting/StackTrace.cs:35)
UnityEngine.DebugLogHandler:Internal_Log (UnityEngine.LogType,UnityEngine.LogOption,string,UnityEngine.Object)
UnityEngine.DebugLogHandler:LogFormat (UnityEngine.LogType,UnityEngine.Object,string,object[])
UnityEngine.Logger:Log (UnityEngine.LogType,object)
UnityEngine.Debug:LogWarning (object)
OVRPlugin:get_version () (at ./Library/PackageCache/com.meta.xr.sdk.core@e9f929748630/Scripts/OVRPlugin.cs:75)
Oculus.VR.Editor.Utils.RemoteContentDownloader:get_SdkVersion () (at ./Library/PackageCache/com.meta.xr.sdk.core@e9f929748630/Editor/Utils/RemoteContentManager.cs:48)
Oculus.VR.Editor.Utils.RemoteContentDownloader/<DownloadContent>d__17:MoveNext () (at ./Library/PackageCache/com.meta.xr.sdk.core@e9f929748630/Editor/Utils/RemoteContentManager.cs:127)
System.Runtime.CompilerServices.AsyncTaskMethodBuilder`1<System.ValueTuple`2<bool, string>>:Start<Oculus.VR.Editor.Utils.RemoteContentDownloader/<DownloadContent>d__17> (Oculus.VR.Editor.Utils.RemoteContentDownloader/<DownloadContent>d__17&)
Oculus.VR.Editor.Utils.RemoteContentDownloader:DownloadContent ()
Oculus.VR.Editor.Utils.RemoteContentDownloader/<RefreshAndLoad>d__12:MoveNext () (at ./Library/PackageCache/com.meta.xr.sdk.core@e9f929748630/Editor/Utils/RemoteContentManager.cs:73)
System.Runtime.CompilerServices.AsyncTaskMethodBuilder`1<System.ValueTuple`2<bool, string>>:Start<Oculus.VR.Editor.Utils.RemoteContentDownloader/<RefreshAndLoad>d__12> (Oculus.VR.Editor.Utils.RemoteContentDownloader/<RefreshAndLoad>d__12&)
Oculus.VR.Editor.Utils.RemoteContentDownloader:RefreshAndLoad ()
Meta.XR.BuildingBlocks.Editor.BlocksContentManager/<Reload>d__8:MoveNext () (at ./Library/PackageCache/com.meta.xr.sdk.core@e9f929748630/Editor/BuildingBlocks/BlocksContentManager.cs:68)
System.Runtime.CompilerServices.AsyncTaskMethodBuilder`1<bool>:Start<Meta.XR.BuildingBlocks.Editor.BlocksContentManager/<Reload>d__8> (Meta.XR.BuildingBlocks.Editor.BlocksContentManager/<Reload>d__8&)
Meta.XR.BuildingBlocks.Editor.BlocksContentManager:Reload (bool)
Meta.XR.BuildingBlocks.Editor.BlocksContentManager/<InitializeAsync>d__7:MoveNext () (at ./Library/PackageCache/com.meta.xr.sdk.core@e9f929748630/Editor/BuildingBlocks/BlocksContentManager.cs:55)
System.Runtime.CompilerServices.AsyncTaskMethodBuilder:Start<Meta.XR.BuildingBlocks.Editor.BlocksContentManager/<InitializeAsync>d__7> (Meta.XR.BuildingBlocks.Editor.BlocksContentManager/<InitializeAsync>d__7&)
Meta.XR.BuildingBlocks.Editor.BlocksContentManager:InitializeAsync ()
Meta.XR.BuildingBlocks.Editor.BlocksContentManager:.cctor () (at ./Library/PackageCache/com.meta.xr.sdk.core@e9f929748630/Editor/BuildingBlocks/BlocksContentManager.cs:49)
System.Runtime.CompilerServices.RuntimeHelpers:RunClassConstructor (System.RuntimeTypeHandle)
UnityEditor.EditorAssemblies:ProcessInitializeOnLoadAttributes (System.Type[]) (at /home/bokken/build/output/unity/unity/Editor/Mono/EditorAssemblies.cs:118)

(Filename: ./Library/PackageCache/com.meta.xr.sdk.core@e9f929748630/Scripts/OVRPlugin.cs Line: 75)

Mono: successfully reloaded assembly
- Finished resetting the current domain, in  3.082 seconds
Domain Reload Profiling: 3916ms
	BeginReloadAssembly (116ms)
		ExecutionOrderSort (0ms)
		DisableScriptedObjects (6ms)
		BackupInstance (0ms)
		ReleaseScriptingObjects (0ms)
		CreateAndSetChildDomain (35ms)
	RebuildCommonClasses (23ms)
	RebuildNativeTypeToScriptingClass (5ms)
	initialDomainReloadingComplete (19ms)
	LoadAllAssembliesAndSetupDomain (670ms)
		LoadAssemblies (469ms)
		RebuildTransferFunctionScriptingTraits (0ms)
		AnalyzeDomain (248ms)
			TypeCache.Refresh (174ms)
				TypeCache.ScanAssembly (152ms)
			BuildScriptInfoCaches (60ms)
			ResolveRequiredComponents (10ms)
	FinalizeReload (3082ms)
		ReleaseScriptCaches (0ms)
		RebuildScriptCaches (0ms)
		SetupLoadedEditorAssemblies (2881ms)
			LogAssemblyErrors (0ms)
			InitializePlatformSupportModulesInManaged (12ms)
			SetLoadedEditorAssemblies (9ms)
			BeforeProcessingInitializeOnLoad (132ms)
			ProcessInitializeOnLoadAttributes (2516ms)
			ProcessInitializeOnLoadMethodAttributes (210ms)
			AfterProcessingInitializeOnLoad (2ms)
			EditorAssembliesLoaded (0ms)
		ExecutionOrderSort2 (0ms)
		AwakeInstancesAfterBackupRestoration (5ms)
Start importing Assets/Scenes/Scene.unity using Guid(99c9720ab356a0642a771bea13969a05) (DefaultImporter) -> (artifact id: '61b2fc41591d13798a6593c7f83c4c6a') in 0.001194947 seconds
Start importing Assets/XR/Settings/OpenXR Package Settings.asset using Guid(179847081f15de845a12ab065cc9e644) (NativeFormatImporter) -> (artifact id: 'afc87e43b05ee4769bd978d8f82f387b') in 0.001250498 seconds
Start importing Assets/Resources/OculusRuntimeSettings.asset using Guid(59565157b7a818e44b1fc63171a3800b) (NativeFormatImporter) -> (artifact id: '2ccb831fb1802f944b24b02dc8ac889a') in 0.000334514 seconds
Refreshing native plugins compatible for Editor in 3.36 ms, found 2 plugins.
Preloading 1 native plugins for Editor in 0.10 ms.
Asset Pipeline Refresh (id=e5789a2ff0350f682b19b968e4bd080c): Total: 8.583 seconds - Initiated by InitialRefreshV2(ForceSynchronousImport)
	Summary:
		Imports: total=3 (actual=3, local cache=0, cache server=0)
		Asset DB Process Time: managed=2 ms, native=4918 ms
		Asset DB Callback time: managed=604 ms, native=23 ms
		Scripting: domain reloads=1, domain reload time=837 ms, compile time=2140 ms, other=56 ms
		Project Asset Count: scripts=2703, non-scripts=4275
		Asset File Changes: new=0, changed=8, moved=0, deleted=0
		Scan Filter Count: 1
	InvokeCustomDependenciesCallbacks: 0.002ms
	InvokePackagesCallback: 13.262ms
	ApplyChangesToAssetFolders: 0.388ms
	Scan: 1386.176ms
	OnSourceAssetsModified: 0.809ms
	CategorizeAssetsWithTransientArtifact: 62.872ms
	ProcessAssetsWithTransientArtifactChanges: 92.704ms
	CategorizeAssets: 93.982ms
	ImportOutOfDateAssets: 3139.128ms (966.246ms without children)
		ImportManagerImport: 28.931ms (5.262ms without children)
			ImportInProcess: 23.648ms
			UpdateCategorizedAssets: 0.021ms
		CompileScripts: 2139.926ms
		ReloadNativeAssets: 0.060ms
		UnloadImportedAssets: 0.963ms
		ReloadImportedAssets: 0.052ms
		EnsureUptoDateAssetsAreRegisteredWithGuidPM: 1.526ms
		InitializingProgressBar: 0.012ms
		PostProcessAllAssetNotificationsAddChangedAssets: 0.000ms
		OnDemandSchedulerStart: 1.412ms
	PostProcessAllAssets: 609.087ms
	Hotreload: 5.172ms
	GatherAllCurrentPrimaryArtifactRevisions: 0.001ms
	UnloadStreamsBegin: 1.204ms
	PersistCurrentRevisions: 0.267ms
	UnloadStreamsEnd: 0.001ms
	GenerateScriptTypeHashes: 16.374ms
	Untracked: 3177.694ms

Application.AssetDatabase Initial Refresh End
Shader 'Oculus/OVRMRCameraFrameLit': fallback shader 'Alpha-Diffuse' not found
Scanning for USB devices : 1.503ms
Initializing Unity extensions:
UpdateMenuTitleForLanguage: 10
[MODES] ModeService[none].Initialize
[MODES] ModeService[none].LoadModes
[MODES] Loading mode Default (0) for mode-current-id-hand-tracking-streamer
Unloading 130 Unused Serialized files (Serialized files now loaded: 0)
Unloading 9800 unused Assets / (16.6 MB). Loaded Objects now: 10387.
Memory consumption went from 260.4 MB to 243.8 MB.
Total: 24.617675 ms (FindLiveObjects: 1.558746 ms CreateObjectMapping: 1.576534 ms MarkObjects: 15.558245 ms  DeleteObjects: 5.922992 ms)

1 URP assets included in build
- Mobile_RPAsset - Assets/Settings/Mobile_RPAsset.asset
	 - Mobile_Renderer - Assets/Settings/Mobile_Renderer.asset - UnityEngine.Rendering.Universal.UniversalRendererData
UnityEngine.Debug:ExtractStackTraceNoAlloc (byte*,int,string)
UnityEngine.StackTraceUtility:ExtractStackTrace () (at /home/bokken/build/output/unity/unity/Runtime/Export/Scripting/StackTrace.cs:35)
UnityEngine.DebugLogHandler:Internal_Log (UnityEngine.LogType,UnityEngine.LogOption,string,UnityEngine.Object)
UnityEngine.DebugLogHandler:LogFormat (UnityEngine.LogType,UnityEngine.Object,string,object[])
UnityEngine.Logger:Log (UnityEngine.LogType,object)
UnityEngine.Debug:Log (object)
UnityEditor.Rendering.Universal.URPPreprocessBuild:LogIncludedAssets (System.Collections.Generic.List`1<UnityEngine.Rendering.Universal.UniversalRenderPipelineAsset>) (at ./Library/PackageCache/com.unity.render-pipelines.universal@b774104533b8/Editor/BuildProcessors/URPPreprocessBuild.cs:52)
UnityEditor.Rendering.Universal.URPPreprocessBuild:OnPreprocessBuild (UnityEditor.Build.Reporting.BuildReport) (at ./Library/PackageCache/com.unity.render-pipelines.universal@b774104533b8/Editor/BuildProcessors/URPPreprocessBuild.cs:30)
UnityEditor.Build.BuildPipelineInterfaces/<>c__DisplayClass17_0:<OnBuildPreProcess>b__1 (UnityEditor.Build.IPreprocessBuildWithReport) (at /home/bokken/build/output/unity/unity/Editor/Mono/BuildPipeline/BuildPipelineInterfaces.cs:509)
UnityEditor.Build.BuildPipelineInterfaces:InvokeCallbackInterfacesPair<UnityEditor.Build.IPreprocessBuild, UnityEditor.Build.IPreprocessBuildWithReport> (System.Collections.Generic.List`1<UnityEditor.Build.IPreprocessBuild>,System.Action`1<UnityEditor.Build.IPreprocessBuild>,System.Collections.Generic.List`1<UnityEditor.Build.IPreprocessBuildWithReport>,System.Action`1<UnityEditor.Build.IPreprocessBuildWithReport>,bool) (at /home/bokken/build/output/unity/unity/Editor/Mono/BuildPipeline/BuildPipelineInterfaces.cs:475)
UnityEditor.Build.BuildPipelineInterfaces:OnBuildPreProcess (UnityEditor.Build.Reporting.BuildReport) (at /home/bokken/build/output/unity/unity/Editor/Mono/BuildPipeline/BuildPipelineInterfaces.cs:507)
UnityEditor.BuildPipeline:BuildPlayerInternalNoCheck (string[],string,string,UnityEditor.BuildTargetGroup,UnityEditor.BuildTarget,int,UnityEditor.BuildOptions,string[],bool)
UnityEditor.BuildPipeline:BuildPlayerInternal (string[],string,string,UnityEditor.BuildTargetGroup,UnityEditor.BuildTarget,int,UnityEditor.BuildOptions,string[]) (at /home/bokken/build/output/unity/unity/Editor/Mono/BuildPipeline.bindings.cs:534)
UnityEditor.BuildPipeline:BuildPlayer (string[],string,string,UnityEditor.BuildTargetGroup,UnityEditor.BuildTarget,int,UnityEditor.BuildOptions,string[]) (at /home/bokken/build/output/unity/unity/Editor/Mono/BuildPipeline.bindings.cs:418)
UnityEditor.BuildPipeline:BuildPlayer (UnityEditor.BuildPlayerOptions) (at /home/bokken/build/output/unity/unity/Editor/Mono/BuildPipeline.bindings.cs:364)
CodexAndroidBuild:BuildApk () (at Assets/Editor/CodexAndroidBuild.cs:42)

(Filename: ./Library/PackageCache/com.unity.render-pipelines.universal@b774104533b8/Editor/BuildProcessors/URPPreprocessBuild.cs Line: 52)

[ISDK] Hand Skeleton Version is set to OpenXR
UnityEngine.Debug:ExtractStackTraceNoAlloc (byte*,int,string)
UnityEngine.StackTraceUtility:ExtractStackTrace () (at /home/bokken/build/output/unity/unity/Runtime/Export/Scripting/StackTrace.cs:35)
UnityEngine.DebugLogHandler:Internal_Log (UnityEngine.LogType,UnityEngine.LogOption,string,UnityEngine.Object)
UnityEngine.DebugLogHandler:LogFormat (UnityEngine.LogType,UnityEngine.Object,string,object[])
UnityEngine.Logger:Log (UnityEngine.LogType,object)
UnityEngine.Debug:Log (object)
Oculus.Interaction.Editor.LogSkeletonVersion:LogHandSkeletonVersion () (at ./Library/PackageCache/com.meta.xr.sdk.interaction@0b18fe126659/Editor/PackageUpgradeOpenXR.cs:305)
Oculus.Interaction.Editor.LogSkeletonVersion:OnPreprocessBuild (UnityEditor.Build.Reporting.BuildReport) (at ./Library/PackageCache/com.meta.xr.sdk.interaction@0b18fe126659/Editor/PackageUpgradeOpenXR.cs:299)
UnityEditor.Build.BuildPipelineInterfaces/<>c__DisplayClass17_0:<OnBuildPreProcess>b__1 (UnityEditor.Build.IPreprocessBuildWithReport) (at /home/bokken/build/output/unity/unity/Editor/Mono/BuildPipeline/BuildPipelineInterfaces.cs:509)
UnityEditor.Build.BuildPipelineInterfaces:InvokeCallbackInterfacesPair<UnityEditor.Build.IPreprocessBuild, UnityEditor.Build.IPreprocessBuildWithReport> (System.Collections.Generic.List`1<UnityEditor.Build.IPreprocessBuild>,System.Action`1<UnityEditor.Build.IPreprocessBuild>,System.Collections.Generic.List`1<UnityEditor.Build.IPreprocessBuildWithReport>,System.Action`1<UnityEditor.Build.IPreprocessBuildWithReport>,bool) (at /home/bokken/build/output/unity/unity/Editor/Mono/BuildPipeline/BuildPipelineInterfaces.cs:475)
UnityEditor.Build.BuildPipelineInterfaces:OnBuildPreProcess (UnityEditor.Build.Reporting.BuildReport) (at /home/bokken/build/output/unity/unity/Editor/Mono/BuildPipeline/BuildPipelineInterfaces.cs:507)
UnityEditor.BuildPipeline:BuildPlayerInternalNoCheck (string[],string,string,UnityEditor.BuildTargetGroup,UnityEditor.BuildTarget,int,UnityEditor.BuildOptions,string[],bool)
UnityEditor.BuildPipeline:BuildPlayerInternal (string[],string,string,UnityEditor.BuildTargetGroup,UnityEditor.BuildTarget,int,UnityEditor.BuildOptions,string[]) (at /home/bokken/build/output/unity/unity/Editor/Mono/BuildPipeline.bindings.cs:534)
UnityEditor.BuildPipeline:BuildPlayer (string[],string,string,UnityEditor.BuildTargetGroup,UnityEditor.BuildTarget,int,UnityEditor.BuildOptions,string[]) (at /home/bokken/build/output/unity/unity/Editor/Mono/BuildPipeline.bindings.cs:418)
UnityEditor.BuildPipeline:BuildPlayer (UnityEditor.BuildPlayerOptions) (at /home/bokken/build/output/unity/unity/Editor/Mono/BuildPipeline.bindings.cs:364)
CodexAndroidBuild:BuildApk () (at Assets/Editor/CodexAndroidBuild.cs:42)

(Filename: ./Library/PackageCache/com.meta.xr.sdk.interaction@0b18fe126659/Editor/PackageUpgradeOpenXR.cs Line: 305)

Using the Screen Space Ambient Occlusion render feature results in significant performance overhead when the application is running natively on device. Disabling or removing that render feature is recommended.
UnityEngine.Debug:ExtractStackTraceNoAlloc (byte*,int,string)
UnityEngine.StackTraceUtility:ExtractStackTrace () (at /home/bokken/build/output/unity/unity/Runtime/Export/Scripting/StackTrace.cs:35)
UnityEngine.DebugLogHandler:Internal_Log (UnityEngine.LogType,UnityEngine.LogOption,string,UnityEngine.Object)
UnityEngine.DebugLogHandler:LogFormat (UnityEngine.LogType,UnityEngine.Object,string,object[])
UnityEngine.Logger:Log (UnityEngine.LogType,object)
UnityEngine.Debug:LogWarning (object)
UnityEditor.XR.OpenXR.OpenXRProjectValidation:LogBuildValidationIssues (UnityEditor.BuildTargetGroup) (at ./Library/PackageCache/com.unity.xr.openxr@58837b2992e0/Runtime/OpenXRProjectValidation.cs:491)
UnityEditor.XR.OpenXR.OpenXRProjectValidationBuildStep:OnPreprocessBuild (UnityEditor.Build.Reporting.BuildReport) (at ./Library/PackageCache/com.unity.xr.openxr@58837b2992e0/Editor/OpenXRProjectValidationRulesSetup.cs:263)
UnityEditor.Build.BuildPipelineInterfaces/<>c__DisplayClass17_0:<OnBuildPreProcess>b__1 (UnityEditor.Build.IPreprocessBuildWithReport) (at /home/bokken/build/output/unity/unity/Editor/Mono/BuildPipeline/BuildPipelineInterfaces.cs:509)
UnityEditor.Build.BuildPipelineInterfaces:InvokeCallbackInterfacesPair<UnityEditor.Build.IPreprocessBuild, UnityEditor.Build.IPreprocessBuildWithReport> (System.Collections.Generic.List`1<UnityEditor.Build.IPreprocessBuild>,System.Action`1<UnityEditor.Build.IPreprocessBuild>,System.Collections.Generic.List`1<UnityEditor.Build.IPreprocessBuildWithReport>,System.Action`1<UnityEditor.Build.IPreprocessBuildWithReport>,bool) (at /home/bokken/build/output/unity/unity/Editor/Mono/BuildPipeline/BuildPipelineInterfaces.cs:475)
UnityEditor.Build.BuildPipelineInterfaces:OnBuildPreProcess (UnityEditor.Build.Reporting.BuildReport) (at /home/bokken/build/output/unity/unity/Editor/Mono/BuildPipeline/BuildPipelineInterfaces.cs:507)
UnityEditor.BuildPipeline:BuildPlayerInternalNoCheck (string[],string,string,UnityEditor.BuildTargetGroup,UnityEditor.BuildTarget,int,UnityEditor.BuildOptions,string[],bool)
UnityEditor.BuildPipeline:BuildPlayerInternal (string[],string,string,UnityEditor.BuildTargetGroup,UnityEditor.BuildTarget,int,UnityEditor.BuildOptions,string[]) (at /home/bokken/build/output/unity/unity/Editor/Mono/BuildPipeline.bindings.cs:534)
UnityEditor.BuildPipeline:BuildPlayer (string[],string,string,UnityEditor.BuildTargetGroup,UnityEditor.BuildTarget,int,UnityEditor.BuildOptions,string[]) (at /home/bokken/build/output/unity/unity/Editor/Mono/BuildPipeline.bindings.cs:418)
UnityEditor.BuildPipeline:BuildPlayer (UnityEditor.BuildPlayerOptions) (at /home/bokken/build/output/unity/unity/Editor/Mono/BuildPipeline.bindings.cs:364)
CodexAndroidBuild:BuildApk () (at Assets/Editor/CodexAndroidBuild.cs:42)

(Filename: ./Library/PackageCache/com.unity.xr.openxr@58837b2992e0/Runtime/OpenXRProjectValidation.cs Line: 491)

[Optional] Latency Optimization is recommended to be set to <b>Prioritize Input Polling</b> when Meta Quest support is enabled.
UnityEngine.Debug:ExtractStackTraceNoAlloc (byte*,int,string)
UnityEngine.StackTraceUtility:ExtractStackTrace () (at /home/bokken/build/output/unity/unity/Runtime/Export/Scripting/StackTrace.cs:35)
UnityEngine.DebugLogHandler:Internal_Log (UnityEngine.LogType,UnityEngine.LogOption,string,UnityEngine.Object)
UnityEngine.DebugLogHandler:LogFormat (UnityEngine.LogType,UnityEngine.Object,string,object[])
UnityEngine.Logger:Log (UnityEngine.LogType,object)
UnityEngine.Debug:LogWarning (object)
UnityEditor.XR.OpenXR.OpenXRProjectValidation:LogBuildValidationIssues (UnityEditor.BuildTargetGroup) (at ./Library/PackageCache/com.unity.xr.openxr@58837b2992e0/Runtime/OpenXRProjectValidation.cs:491)
UnityEditor.XR.OpenXR.OpenXRProjectValidationBuildStep:OnPreprocessBuild (UnityEditor.Build.Reporting.BuildReport) (at ./Library/PackageCache/com.unity.xr.openxr@58837b2992e0/Editor/OpenXRProjectValidationRulesSetup.cs:263)
UnityEditor.Build.BuildPipelineInterfaces/<>c__DisplayClass17_0:<OnBuildPreProcess>b__1 (UnityEditor.Build.IPreprocessBuildWithReport) (at /home/bokken/build/output/unity/unity/Editor/Mono/BuildPipeline/BuildPipelineInterfaces.cs:509)
UnityEditor.Build.BuildPipelineInterfaces:InvokeCallbackInterfacesPair<UnityEditor.Build.IPreprocessBuild, UnityEditor.Build.IPreprocessBuildWithReport> (System.Collections.Generic.List`1<UnityEditor.Build.IPreprocessBuild>,System.Action`1<UnityEditor.Build.IPreprocessBuild>,System.Collections.Generic.List`1<UnityEditor.Build.IPreprocessBuildWithReport>,System.Action`1<UnityEditor.Build.IPreprocessBuildWithReport>,bool) (at /home/bokken/build/output/unity/unity/Editor/Mono/BuildPipeline/BuildPipelineInterfaces.cs:475)
UnityEditor.Build.BuildPipelineInterfaces:OnBuildPreProcess (UnityEditor.Build.Reporting.BuildReport) (at /home/bokken/build/output/unity/unity/Editor/Mono/BuildPipeline/BuildPipelineInterfaces.cs:507)
UnityEditor.BuildPipeline:BuildPlayerInternalNoCheck (string[],string,string,UnityEditor.BuildTargetGroup,UnityEditor.BuildTarget,int,UnityEditor.BuildOptions,string[],bool)
UnityEditor.BuildPipeline:BuildPlayerInternal (string[],string,string,UnityEditor.BuildTargetGroup,UnityEditor.BuildTarget,int,UnityEditor.BuildOptions,string[]) (at /home/bokken/build/output/unity/unity/Editor/Mono/BuildPipeline.bindings.cs:534)
UnityEditor.BuildPipeline:BuildPlayer (string[],string,string,UnityEditor.BuildTargetGroup,UnityEditor.BuildTarget,int,UnityEditor.BuildOptions,string[]) (at /home/bokken/build/output/unity/unity/Editor/Mono/BuildPipeline.bindings.cs:418)
UnityEditor.BuildPipeline:BuildPlayer (UnityEditor.BuildPlayerOptions) (at /home/bokken/build/output/unity/unity/Editor/Mono/BuildPipeline.bindings.cs:364)
CodexAndroidBuild:BuildApk () (at Assets/Editor/CodexAndroidBuild.cs:42)

(Filename: ./Library/PackageCache/com.unity.xr.openxr@58837b2992e0/Runtime/OpenXRProjectValidation.cs Line: 491)

Start importing Assets/XR/Settings/OpenXR Package Settings.asset using Guid(179847081f15de845a12ab065cc9e644) (NativeFormatImporter) -> (artifact id: 'afc87e43b05ee4769bd978d8f82f387b') in 0.009647011 seconds
Refreshing native plugins compatible for Editor in 2.43 ms, found 2 plugins.
Preloading 1 native plugins for Editor in 0.06 ms.
Asset Pipeline Refresh (id=5b72ac5d620a3cde593edfadecd10651): Total: 0.074 seconds - Initiated by StopAssetImportingV2(NoUpdateAssetOptions)
[Meta] libopenxr_loader.so from other packages will be disabled because of enabled MetaXRFeature: Packages/com.unity.xr.openxr/Runtime/MockRuntime/android/arm64/libopenxr_loader.so
UnityEngine.Debug:ExtractStackTraceNoAlloc (byte*,int,string)
UnityEngine.StackTraceUtility:ExtractStackTrace () (at /home/bokken/build/output/unity/unity/Runtime/Export/Scripting/StackTrace.cs:35)
UnityEngine.DebugLogHandler:Internal_Log (UnityEngine.LogType,UnityEngine.LogOption,string,UnityEngine.Object)
UnityEngine.DebugLogHandler:LogFormat (UnityEngine.LogType,UnityEngine.Object,string,object[])
UnityEngine.Logger:LogFormat (UnityEngine.LogType,string,object[])
UnityEngine.Debug:LogFormat (string,object[])
OVRGradleGeneration:OnPreprocessBuild (UnityEditor.Build.Reporting.BuildReport) (at ./Library/PackageCache/com.meta.xr.sdk.core@e9f929748630/Editor/OVRGradleGeneration.cs:181)
UnityEditor.Build.BuildPipelineInterfaces/<>c__DisplayClass17_0:<OnBuildPreProcess>b__1 (UnityEditor.Build.IPreprocessBuildWithReport) (at /home/bokken/build/output/unity/unity/Editor/Mono/BuildPipeline/BuildPipelineInterfaces.cs:509)
UnityEditor.Build.BuildPipelineInterfaces:InvokeCallbackInterfacesPair<UnityEditor.Build.IPreprocessBuild, UnityEditor.Build.IPreprocessBuildWithReport> (System.Collections.Generic.List`1<UnityEditor.Build.IPreprocessBuild>,System.Action`1<UnityEditor.Build.IPreprocessBuild>,System.Collections.Generic.List`1<UnityEditor.Build.IPreprocessBuildWithReport>,System.Action`1<UnityEditor.Build.IPreprocessBuildWithReport>,bool) (at /home/bokken/build/output/unity/unity/Editor/Mono/BuildPipeline/BuildPipelineInterfaces.cs:475)
UnityEditor.Build.BuildPipelineInterfaces:OnBuildPreProcess (UnityEditor.Build.Reporting.BuildReport) (at /home/bokken/build/output/unity/unity/Editor/Mono/BuildPipeline/BuildPipelineInterfaces.cs:507)
UnityEditor.BuildPipeline:BuildPlayerInternalNoCheck (string[],string,string,UnityEditor.BuildTargetGroup,UnityEditor.BuildTarget,int,UnityEditor.BuildOptions,string[],bool)
UnityEditor.BuildPipeline:BuildPlayerInternal (string[],string,string,UnityEditor.BuildTargetGroup,UnityEditor.BuildTarget,int,UnityEditor.BuildOptions,string[]) (at /home/bokken/build/output/unity/unity/Editor/Mono/BuildPipeline.bindings.cs:534)
UnityEditor.BuildPipeline:BuildPlayer (string[],string,string,UnityEditor.BuildTargetGroup,UnityEditor.BuildTarget,int,UnityEditor.BuildOptions,string[]) (at /home/bokken/build/output/unity/unity/Editor/Mono/BuildPipeline.bindings.cs:418)
UnityEditor.BuildPipeline:BuildPlayer (UnityEditor.BuildPlayerOptions) (at /home/bokken/build/output/unity/unity/Editor/Mono/BuildPipeline.bindings.cs:364)
CodexAndroidBuild:BuildApk () (at Assets/Editor/CodexAndroidBuild.cs:42)

(Filename: ./Library/PackageCache/com.meta.xr.sdk.core@e9f929748630/Editor/OVRGradleGeneration.cs Line: 181)

[Meta] libopenxr_loader.so from other packages will be disabled because of enabled MetaXRFeature: Packages/com.unity.xr.openxr/RuntimeLoaders/android/openxr_loader.aar
UnityEngine.Debug:ExtractStackTraceNoAlloc (byte*,int,string)
UnityEngine.StackTraceUtility:ExtractStackTrace () (at /home/bokken/build/output/unity/unity/Runtime/Export/Scripting/StackTrace.cs:35)
UnityEngine.DebugLogHandler:Internal_Log (UnityEngine.LogType,UnityEngine.LogOption,string,UnityEngine.Object)
UnityEngine.DebugLogHandler:LogFormat (UnityEngine.LogType,UnityEngine.Object,string,object[])
UnityEngine.Logger:LogFormat (UnityEngine.LogType,string,object[])
UnityEngine.Debug:LogFormat (string,object[])
OVRGradleGeneration:OnPreprocessBuild (UnityEditor.Build.Reporting.BuildReport) (at ./Library/PackageCache/com.meta.xr.sdk.core@e9f929748630/Editor/OVRGradleGeneration.cs:181)
UnityEditor.Build.BuildPipelineInterfaces/<>c__DisplayClass17_0:<OnBuildPreProcess>b__1 (UnityEditor.Build.IPreprocessBuildWithReport) (at /home/bokken/build/output/unity/unity/Editor/Mono/BuildPipeline/BuildPipelineInterfaces.cs:509)
UnityEditor.Build.BuildPipelineInterfaces:InvokeCallbackInterfacesPair<UnityEditor.Build.IPreprocessBuild, UnityEditor.Build.IPreprocessBuildWithReport> (System.Collections.Generic.List`1<UnityEditor.Build.IPreprocessBuild>,System.Action`1<UnityEditor.Build.IPreprocessBuild>,System.Collections.Generic.List`1<UnityEditor.Build.IPreprocessBuildWithReport>,System.Action`1<UnityEditor.Build.IPreprocessBuildWithReport>,bool) (at /home/bokken/build/output/unity/unity/Editor/Mono/BuildPipeline/BuildPipelineInterfaces.cs:475)
UnityEditor.Build.BuildPipelineInterfaces:OnBuildPreProcess (UnityEditor.Build.Reporting.BuildReport) (at /home/bokken/build/output/unity/unity/Editor/Mono/BuildPipeline/BuildPipelineInterfaces.cs:507)
UnityEditor.BuildPipeline:BuildPlayerInternalNoCheck (string[],string,string,UnityEditor.BuildTargetGroup,UnityEditor.BuildTarget,int,UnityEditor.BuildOptions,string[],bool)
UnityEditor.BuildPipeline:BuildPlayerInternal (string[],string,string,UnityEditor.BuildTargetGroup,UnityEditor.BuildTarget,int,UnityEditor.BuildOptions,string[]) (at /home/bokken/build/output/unity/unity/Editor/Mono/BuildPipeline.bindings.cs:534)
UnityEditor.BuildPipeline:BuildPlayer (string[],string,string,UnityEditor.BuildTargetGroup,UnityEditor.BuildTarget,int,UnityEditor.BuildOptions,string[]) (at /home/bokken/build/output/unity/unity/Editor/Mono/BuildPipeline.bindings.cs:418)
UnityEditor.BuildPipeline:BuildPlayer (UnityEditor.BuildPlayerOptions) (at /home/bokken/build/output/unity/unity/Editor/Mono/BuildPipeline.bindings.cs:364)
CodexAndroidBuild:BuildApk () (at Assets/Editor/CodexAndroidBuild.cs:42)

(Filename: ./Library/PackageCache/com.meta.xr.sdk.core@e9f929748630/Editor/OVRGradleGeneration.cs Line: 181)

[Meta] Native plugin included in build because of enabled MetaXRFeature: Packages/com.meta.xr.sdk.core/Plugins/AndroidOpenXR/OVRPlugin.aar
UnityEngine.Debug:ExtractStackTraceNoAlloc (byte*,int,string)
UnityEngine.StackTraceUtility:ExtractStackTrace () (at /home/bokken/build/output/unity/unity/Runtime/Export/Scripting/StackTrace.cs:35)
UnityEngine.DebugLogHandler:Internal_Log (UnityEngine.LogType,UnityEngine.LogOption,string,UnityEngine.Object)
UnityEngine.DebugLogHandler:LogFormat (UnityEngine.LogType,UnityEngine.Object,string,object[])
UnityEngine.Logger:LogFormat (UnityEngine.LogType,string,object[])
UnityEngine.Debug:LogFormat (string,object[])
OVRGradleGeneration:OnPreprocessBuild (UnityEditor.Build.Reporting.BuildReport) (at ./Library/PackageCache/com.meta.xr.sdk.core@e9f929748630/Editor/OVRGradleGeneration.cs:170)
UnityEditor.Build.BuildPipelineInterfaces/<>c__DisplayClass17_0:<OnBuildPreProcess>b__1 (UnityEditor.Build.IPreprocessBuildWithReport) (at /home/bokken/build/output/unity/unity/Editor/Mono/BuildPipeline/BuildPipelineInterfaces.cs:509)
UnityEditor.Build.BuildPipelineInterfaces:InvokeCallbackInterfacesPair<UnityEditor.Build.IPreprocessBuild, UnityEditor.Build.IPreprocessBuildWithReport> (System.Collections.Generic.List`1<UnityEditor.Build.IPreprocessBuild>,System.Action`1<UnityEditor.Build.IPreprocessBuild>,System.Collections.Generic.List`1<UnityEditor.Build.IPreprocessBuildWithReport>,System.Action`1<UnityEditor.Build.IPreprocessBuildWithReport>,bool) (at /home/bokken/build/output/unity/unity/Editor/Mono/BuildPipeline/BuildPipelineInterfaces.cs:475)
UnityEditor.Build.BuildPipelineInterfaces:OnBuildPreProcess (UnityEditor.Build.Reporting.BuildReport) (at /home/bokken/build/output/unity/unity/Editor/Mono/BuildPipeline/BuildPipelineInterfaces.cs:507)
UnityEditor.BuildPipeline:BuildPlayerInternalNoCheck (string[],string,string,UnityEditor.BuildTargetGroup,UnityEditor.BuildTarget,int,UnityEditor.BuildOptions,string[],bool)
UnityEditor.BuildPipeline:BuildPlayerInternal (string[],string,string,UnityEditor.BuildTargetGroup,UnityEditor.BuildTarget,int,UnityEditor.BuildOptions,string[]) (at /home/bokken/build/output/unity/unity/Editor/Mono/BuildPipeline.bindings.cs:534)
UnityEditor.BuildPipeline:BuildPlayer (string[],string,string,UnityEditor.BuildTargetGroup,UnityEditor.BuildTarget,int,UnityEditor.BuildOptions,string[]) (at /home/bokken/build/output/unity/unity/Editor/Mono/BuildPipeline.bindings.cs:418)
UnityEditor.BuildPipeline:BuildPlayer (UnityEditor.BuildPlayerOptions) (at /home/bokken/build/output/unity/unity/Editor/Mono/BuildPipeline.bindings.cs:364)
CodexAndroidBuild:BuildApk () (at Assets/Editor/CodexAndroidBuild.cs:42)

(Filename: ./Library/PackageCache/com.meta.xr.sdk.core@e9f929748630/Editor/OVRGradleGeneration.cs Line: 170)

Start importing ProjectSettings/ProjectSettings.asset using Guid(00000000000000004000000000000000) (LibraryAssetImporter) -> (artifact id: '5c574d90c9f65425a84954b66c0a8133') in 0.006311327 seconds
Start importing ProjectSettings/GraphicsSettings.asset using Guid(00000000000000006100000000000000) (LibraryAssetImporter) -> (artifact id: '7971743a43fa757e955096692620268d') in 0.000988514 seconds
Start importing Assets/Settings/UniversalRenderPipelineGlobalSettings.asset using Guid(18dc0cd2c080841dea60987a38ce93fa) (NativeFormatImporter) -> (artifact id: 'cd803d43115c640ab749b526bedaaa8f') in 0.000987462 seconds
Start importing Assets/Settings/Mobile_RPAsset.asset using Guid(5e6cbd92db86f4b18aec3ed561671858) (NativeFormatImporter) -> (artifact id: '281561d5ab107c78efd9c6178f1fc871') in 0.000594323 seconds
Shader Hidden/ProbeVolume/VoxelizeScene is not supported: GPU does not support conservative rasterization
Shader 'Meta/MRUK/Scene/HighlightsAndShadows': fallback shader 'Off' not found
Refreshing native plugins compatible for Editor in 2.04 ms, found 2 plugins.
Preloading 1 native plugins for Editor in 0.05 ms.
Asset Pipeline Refresh (id=9360d5a6d841f016d828262dd1d16b01): Total: 0.508 seconds - Initiated by StopAssetImportingV2(NoUpdateAssetOptions)
	Summary:
		Imports: total=4 (actual=4, local cache=0, cache server=0)
		Asset DB Process Time: managed=0 ms, native=324 ms
		Asset DB Callback time: managed=144 ms, native=39 ms
		Scripting: domain reloads=0, domain reload time=0 ms, compile time=0 ms, other=0 ms
		Project Asset Count: scripts=2703, non-scripts=4275
		Asset File Changes: new=0, changed=1, moved=0, deleted=0
		Scan Filter Count: 1
	InvokeCustomDependenciesCallbacks: 0.001ms
	InvokePackagesCallback: 0.001ms
	ApplyChangesToAssetFolders: 0.184ms
	Scan: 239.160ms
	OnSourceAssetsModified: 28.077ms
	CategorizeAssetsWithTransientArtifact: 0.013ms
	ProcessAssetsWithTransientArtifactChanges: 0.165ms
	CategorizeAssets: 49.465ms
	ImportOutOfDateAssets: 15.567ms (1.035ms without children)
		ImportManagerImport: 11.401ms (0.817ms without children)
			ImportInProcess: 10.548ms
			UpdateCategorizedAssets: 0.037ms
		ReloadNativeAssets: 0.378ms
		UnloadImportedAssets: 0.243ms
		ReloadImportedAssets: 0.000ms
		EnsureUptoDateAssetsAreRegisteredWithGuidPM: 1.531ms
		InitializingProgressBar: 0.004ms
		PostProcessAllAssetNotificationsAddChangedAssets: 0.001ms
		OnDemandSchedulerStart: 0.974ms
	PostProcessAllAssets: 431.968ms
	Hotreload: 2.367ms
	GatherAllCurrentPrimaryArtifactRevisions: 0.551ms
	UnloadStreamsBegin: 0.002ms
	PersistCurrentRevisions: 0.702ms
	UnloadStreamsEnd: 0.001ms
	Untracked: -259.834ms

DisplayProgressbar: Checking prerequisites
PlayerSettings->Active Input Handling is set to Both, this is unsupported on Android and might cause issues with input and application performance. Please choose only one active input handling.
UnityEngine.Debug:ExtractStackTraceNoAlloc (byte*,int,string)
UnityEngine.StackTraceUtility:ExtractStackTrace () (at /home/bokken/build/output/unity/unity/Runtime/Export/Scripting/StackTrace.cs:35)
UnityEngine.DebugLogHandler:Internal_Log (UnityEngine.LogType,UnityEngine.LogOption,string,UnityEngine.Object)
UnityEngine.DebugLogHandler:LogFormat (UnityEngine.LogType,UnityEngine.Object,string,object[])
UnityEngine.Logger:Log (UnityEngine.LogType,object)
UnityEngine.Debug:LogWarning (object)
UnityEditor.Android.PostProcessor.Tasks.CheckPrerequisites:ValidateInputHandling () (at /home/bokken/build/output/unity/unity/PlatformDependent/AndroidPlayer/Editor/Managed/PostProcessor/Tasks/CheckPrerequisites.cs:116)
UnityEditor.Android.PostProcessor.Tasks.CheckPrerequisites:Execute (UnityEditor.Android.PostProcessor.PostProcessorContext) (at /home/bokken/build/output/unity/unity/PlatformDependent/AndroidPlayer/Editor/Managed/PostProcessor/Tasks/CheckPrerequisites.cs:64)
UnityEditor.Android.PostProcessor.PostProcessRunner:RunAllTasks (UnityEditor.Android.PostProcessor.PostProcessorContext) (at /home/bokken/build/output/unity/unity/PlatformDependent/AndroidPlayer/Editor/Managed/PostProcessor/AndroidPostProcessor.cs:112)
UnityEditor.Android.PostProcessAndroidPlayer:PrepareForBuild (UnityEditor.BuildOptions,UnityEditor.BuildTarget) (at /home/bokken/build/output/unity/unity/PlatformDependent/AndroidPlayer/Editor/Managed/PostProcessAndroidPlayer.cs:60)
UnityEditor.Android.AndroidBuildPostprocessor:PrepareForBuild (UnityEditor.BuildPlayerOptions) (at /home/bokken/build/output/unity/unity/PlatformDependent/AndroidPlayer/Editor/Managed/ExtensionModule.cs:1174)
UnityEditor.PostprocessBuildPlayer:PrepareForBuild (UnityEditor.BuildPlayerOptions) (at /home/bokken/build/output/unity/unity/Editor/Mono/BuildPipeline/PostprocessBuildPlayer.cs:86)
UnityEditor.BuildPipeline:BuildPlayerInternalNoCheck (string[],string,string,UnityEditor.BuildTargetGroup,UnityEditor.BuildTarget,int,UnityEditor.BuildOptions,string[],bool)
UnityEditor.BuildPipeline:BuildPlayerInternal (string[],string,string,UnityEditor.BuildTargetGroup,UnityEditor.BuildTarget,int,UnityEditor.BuildOptions,string[]) (at /home/bokken/build/output/unity/unity/Editor/Mono/BuildPipeline.bindings.cs:534)
UnityEditor.BuildPipeline:BuildPlayer (string[],string,string,UnityEditor.BuildTargetGroup,UnityEditor.BuildTarget,int,UnityEditor.BuildOptions,string[]) (at /home/bokken/build/output/unity/unity/Editor/Mono/BuildPipeline.bindings.cs:418)
UnityEditor.BuildPipeline:BuildPlayer (UnityEditor.BuildPlayerOptions) (at /home/bokken/build/output/unity/unity/Editor/Mono/BuildPipeline.bindings.cs:364)
CodexAndroidBuild:BuildApk () (at Assets/Editor/CodexAndroidBuild.cs:42)

(Filename: /home/bokken/build/output/unity/unity/PlatformDependent/AndroidPlayer/Editor/Managed/PostProcessor/Tasks/CheckPrerequisites.cs Line: 116)

Android PostProcess task "Checking prerequisites" took 25.2549 ms
DisplayProgressbar: Detect Java Development Kit (JDK)
Android PostProcess task "Detect Java Development Kit (JDK)" took 109.5502 ms
DisplayProgressbar: Detecting Android SDK
AndroidSDKTools:

	root          : /home/wdy/Unity/Hub/Editor/6000.0.65f1/Editor/Data/PlaybackEngines/AndroidPlayer/SDK
	cmdline-tools : /home/wdy/Unity/Hub/Editor/6000.0.65f1/Editor/Data/PlaybackEngines/AndroidPlayer/SDK/cmdline-tools/latest
	platform-tools: /home/wdy/Unity/Hub/Editor/6000.0.65f1/Editor/Data/PlaybackEngines/AndroidPlayer/SDK/platform-tools
	build-tools   : /home/wdy/Unity/Hub/Editor/6000.0.65f1/Editor/Data/PlaybackEngines/AndroidPlayer/SDK/build-tools/36.0.0

	adb           : /home/wdy/Unity/Hub/Editor/6000.0.65f1/Editor/Data/PlaybackEngines/AndroidPlayer/SDK/platform-tools/adb

Android PostProcess task "Detecting Android SDK" took 2932.5751 ms
DisplayProgressbar: Detect Android NDK
Android PostProcess task "Detect Android NDK" took 1.1579 ms
Android PostProcess task "Trying to find a suitable Android device" took 0.3059 ms
DisplayProgressbar: Check resources
Android PostProcess task "Check resources" took 0.1013 ms
DisplayProgressbar: Check Android Player Settings
Android PostProcess task "Check Android Player Settings" took 0.1738 ms
Launched and connected shader compiler UnityShaderCompiler after 0.06 seconds
[40m[32minfo[39m[22m[49m: Microsoft.AspNetCore.Hosting.Diagnostics[1]
      Request starting HTTP/2 POST http://ilpp/UnityILPP.PostProcessing/Ping application/grpc -
[40m[32minfo[39m[22m[49m: Microsoft.AspNetCore.Routing.EndpointMiddleware[0]
      Executing endpoint 'gRPC - /UnityILPP.PostProcessing/Ping'
[40m[32minfo[39m[22m[49m: Microsoft.AspNetCore.Routing.EndpointMiddleware[1]
      Executed endpoint 'gRPC - /UnityILPP.PostProcessing/Ping'
[40m[32minfo[39m[22m[49m: Microsoft.AspNetCore.Hosting.Diagnostics[2]
      Request finished HTTP/2 POST http://ilpp/UnityILPP.PostProcessing/Ping application/grpc - - 200 - application/grpc 0.3129ms
Starting: /home/wdy/Unity/Hub/Editor/6000.0.65f1/Editor/Data/bee_backend --ipc --defer-dag-verification --dagfile="Library/Bee/1300b0aESkipCompile.dag" --continue-on-failure --profile="Library/Bee/backend1.traceevents" ScriptAssembliesAndTypeDB
WorkingDir: /home/wdy/wang_dy/hand-tracking-streamer-main/hand_tracking_streamer
ExitCode: 4 Duration: 0s76ms
[             ] Require frontend run.  Library/Bee/1300b0aESkipCompile.dag couldn't be loaded
DisplayProgressbar: Compiling Scripts
Starting: /home/wdy/Unity/Hub/Editor/6000.0.65f1/Editor/Data/Tools/netcorerun/netcorerun "/home/wdy/Unity/Hub/Editor/6000.0.65f1/Editor/Data/Tools/BuildPipeline/ScriptCompilationBuildProgram.exe" "Library/Bee/1300b0aESkipCompile.dag.json" "Library/Bee/1300b0aESkipCompile-inputdata.json" "Library/Bee/buildprogram0.traceevents"
WorkingDir: /home/wdy/wang_dy/hand-tracking-streamer-main/hand_tracking_streamer
ExitCode: 0 Duration: 0s246ms
Starting: /home/wdy/Unity/Hub/Editor/6000.0.65f1/Editor/Data/bee_backend --ipc --defer-dag-verification --dagfile="Library/Bee/1300b0aESkipCompile.dag" --continue-on-failure --dagfilejson="Library/Bee/1300b0aESkipCompile.dag.json" --profile="Library/Bee/backend2.traceevents" ScriptAssembliesAndTypeDB
WorkingDir: /home/wdy/wang_dy/hand-tracking-streamer-main/hand_tracking_streamer
ExitCode: 0 Duration: 1s886ms
Finished compiling graph: 4 nodes, 5 flattened edges (5 ToBuild, 0 ToUse), maximum node priority 3
[2/3        1s] BuildPlayerDataGenerator Library/BuildPlayerData/Editor/TypeDb-All.json
*** Tundra build success (1.81 seconds), 1 items updated, 3 evaluated
Total cache size 259349372
Total cache size after purge 259349372, took 00:00:00.1588004
Asset Pipeline Refresh (id=3d54ec4b5f97ae0ecb58e9e27c5d6ba7): Total: 0.283 seconds - Initiated by RefreshV2(NoUpdateAssetOptions)
[ScriptCompilation] Requested script compilation because: Recompiling scripts for player build.
BuildPlayer: start building target 13
[40m[32minfo[39m[22m[49m: Microsoft.AspNetCore.Hosting.Diagnostics[1]
      Request starting HTTP/2 POST http://ilpp/UnityILPP.PostProcessing/Ping application/grpc -
[40m[32minfo[39m[22m[49m: Microsoft.AspNetCore.Routing.EndpointMiddleware[0]
      Executing endpoint 'gRPC - /UnityILPP.PostProcessing/Ping'
[40m[32minfo[39m[22m[49m: Microsoft.AspNetCore.Routing.EndpointMiddleware[1]
      Executed endpoint 'gRPC - /UnityILPP.PostProcessing/Ping'
[40m[32minfo[39m[22m[49m: Microsoft.AspNetCore.Hosting.Diagnostics[2]
      Request finished HTTP/2 POST http://ilpp/UnityILPP.PostProcessing/Ping application/grpc - - 200 - application/grpc 0.3619ms
Starting: /home/wdy/Unity/Hub/Editor/6000.0.65f1/Editor/Data/bee_backend --ipc --defer-dag-verification --dagfile="Library/Bee/1300b0aP.dag" --continue-on-failure --profile="Library/Bee/backend1.traceevents" ScriptAssembliesAndTypeDB
WorkingDir: /home/wdy/wang_dy/hand-tracking-streamer-main/hand_tracking_streamer
[40m[32minfo[39m[22m[49m: Microsoft.AspNetCore.Hosting.Diagnostics[1]
      Request starting HTTP/2 POST http://ilpp/UnityILPP.PostProcessing/ConfigurePostProcessors application/grpc -
[40m[32minfo[39m[22m[49m: Microsoft.AspNetCore.Routing.EndpointMiddleware[0]
      Executing endpoint 'gRPC - /UnityILPP.PostProcessing/ConfigurePostProcessors'
[40m[32minfo[39m[22m[49m: Unity.ILPP.Runner.PostProcessingAssemblyLoadContext[0]
      ALC ILPP context 1 is unloading
[40m[1m[33mwarn[39m[22m[49m: Unity.ILPP.Runner.PostProcessingAssemblyLoadContext[0]
      Assembly system.runtime.interopservices.windowsruntime has duplicate hint path. Ignoring "/home/wdy/Unity/Hub/Editor/6000.0.65f1/Editor/Data/UnityReferenceAssemblies/unity-4.8-api/Facades/System.Runtime.InteropServices.WindowsRuntime.dll" in favor of "/home/wdy/Unity/Hub/Editor/6000.0.65f1/Editor/Data/NetStandard/Extensions/2.0.0/System.Runtime.InteropServices.WindowsRuntime.dll"
[40m[1m[33mwarn[39m[22m[49m: Unity.ILPP.Runner.PostProcessingAssemblyLoadContext[0]
      Assembly system.componentmodel.composition has duplicate hint path. Ignoring "/home/wdy/Unity/Hub/Editor/6000.0.65f1/Editor/Data/UnityReferenceAssemblies/unity-4.8-api/System.ComponentModel.Composition.dll" in favor of "/home/wdy/Unity/Hub/Editor/6000.0.65f1/Editor/Data/NetStandard/compat/2.1.0/shims/netfx/System.ComponentModel.Composition.dll"
[40m[32minfo[39m[22m[49m: Unity.ILPP.Runner.PostProcessingAssemblyLoadContext[0]
      Resolved Unity.Burst.Cecil, Version=0.11.4.0, Culture=neutral, PublicKeyToken=50cebf1cceb9d05e with Library/PackageCache/com.unity.burst@973857688024/Unity.Burst.CodeGen/Unity.Burst.Cecil.dll
[40m[32minfo[39m[22m[49m: Unity.ILPP.Runner.PostProcessingAssemblyLoadContext[0]
      Resolved Mono.Cecil, Version=0.11.5.0, Culture=neutral, PublicKeyToken=50cebf1cceb9d05e with Library/PackageCache/com.unity.nuget.mono-cecil@d78732e851eb/Mono.Cecil.dll
[40m[32minfo[39m[22m[49m: Microsoft.AspNetCore.Routing.EndpointMiddleware[1]
      Executed endpoint 'gRPC - /UnityILPP.PostProcessing/ConfigurePostProcessors'
[40m[32minfo[39m[22m[49m: Microsoft.AspNetCore.Hosting.Diagnostics[2]
      Request finished HTTP/2 POST http://ilpp/UnityILPP.PostProcessing/ConfigurePostProcessors application/grpc - - 200 - application/grpc 3.7639ms
Starting: /home/wdy/Unity/Hub/Editor/6000.0.65f1/Editor/Data/Tools/netcorerun/netcorerun "/home/wdy/Unity/Hub/Editor/6000.0.65f1/Editor/Data/Tools/BuildPipeline/ScriptCompilationBuildProgram.exe" "Library/Bee/1300b0aP.dag.json" "Library/Bee/1300b0aP-inputdata.json" "Library/Bee/buildprogram0.traceevents"
WorkingDir: /home/wdy/wang_dy/hand-tracking-streamer-main/hand_tracking_streamer
ExitCode: 4 Duration: 0s443ms
Rebuilding DAG because FileSignature timestamp changed: Library/Bee/1300b0aP-inputdata.json
[740/963    0s] ILPP-Configuration Library/ilpp-configuration.nevergeneratedoutput
[741/963    0s] Csc Library/Bee/artifacts/1300b0aP.dag/Assembly-CSharp.dll (+2 others)
*** Tundra requires additional run (0.34 seconds), 2 items updated, 739 evaluated
ExitCode: 0 Duration: 0s509ms
Starting: /home/wdy/Unity/Hub/Editor/6000.0.65f1/Editor/Data/bee_backend --ipc --defer-dag-verification --dagfile="Library/Bee/1300b0aP.dag" --continue-on-failure --dagfilejson="Library/Bee/1300b0aP.dag.json" --profile="Library/Bee/backend2.traceevents" ScriptAssembliesAndTypeDB
WorkingDir: /home/wdy/wang_dy/hand-tracking-streamer-main/hand_tracking_streamer
[40m[32minfo[39m[22m[49m: Microsoft.AspNetCore.Hosting.Diagnostics[1]
      Request starting HTTP/2 POST http://ilpp/UnityILPP.PostProcessing/ConfigurePostProcessors application/grpc -
[40m[32minfo[39m[22m[49m: Microsoft.AspNetCore.Routing.EndpointMiddleware[0]
      Executing endpoint 'gRPC - /UnityILPP.PostProcessing/ConfigurePostProcessors'
[40m[32minfo[39m[22m[49m: Unity.ILPP.Runner.PostProcessingAssemblyLoadContext[0]
      ALC ILPP context 2 is unloading
[40m[1m[33mwarn[39m[22m[49m: Unity.ILPP.Runner.PostProcessingAssemblyLoadContext[0]
      Assembly system.runtime.interopservices.windowsruntime has duplicate hint path. Ignoring "/home/wdy/Unity/Hub/Editor/6000.0.65f1/Editor/Data/UnityReferenceAssemblies/unity-4.8-api/Facades/System.Runtime.InteropServices.WindowsRuntime.dll" in favor of "/home/wdy/Unity/Hub/Editor/6000.0.65f1/Editor/Data/NetStandard/Extensions/2.0.0/System.Runtime.InteropServices.WindowsRuntime.dll"
[40m[1m[33mwarn[39m[22m[49m: Unity.ILPP.Runner.PostProcessingAssemblyLoadContext[0]
      Assembly system.componentmodel.composition has duplicate hint path. Ignoring "/home/wdy/Unity/Hub/Editor/6000.0.65f1/Editor/Data/UnityReferenceAssemblies/unity-4.8-api/System.ComponentModel.Composition.dll" in favor of "/home/wdy/Unity/Hub/Editor/6000.0.65f1/Editor/Data/NetStandard/compat/2.1.0/shims/netfx/System.ComponentModel.Composition.dll"
[40m[32minfo[39m[22m[49m: Unity.ILPP.Runner.PostProcessingAssemblyLoadContext[0]
      Resolved Unity.Burst.Cecil, Version=0.11.4.0, Culture=neutral, PublicKeyToken=50cebf1cceb9d05e with Library/PackageCache/com.unity.burst@973857688024/Unity.Burst.CodeGen/Unity.Burst.Cecil.dll
[40m[32minfo[39m[22m[49m: Unity.ILPP.Runner.PostProcessingAssemblyLoadContext[0]
      Resolved Mono.Cecil, Version=0.11.5.0, Culture=neutral, PublicKeyToken=50cebf1cceb9d05e with Library/PackageCache/com.unity.nuget.mono-cecil@d78732e851eb/Mono.Cecil.dll
[40m[32minfo[39m[22m[49m: Microsoft.AspNetCore.Routing.EndpointMiddleware[1]
      Executed endpoint 'gRPC - /UnityILPP.PostProcessing/ConfigurePostProcessors'
[40m[32minfo[39m[22m[49m: Microsoft.AspNetCore.Hosting.Diagnostics[2]
      Request finished HTTP/2 POST http://ilpp/UnityILPP.PostProcessing/ConfigurePostProcessors application/grpc - - 200 - application/grpc 3.6260ms
[40m[32minfo[39m[22m[49m: Microsoft.AspNetCore.Hosting.Diagnostics[1]
      Request starting HTTP/2 POST http://ilpp/UnityILPP.PostProcessing/PostProcessAssembly application/grpc -
[40m[32minfo[39m[22m[49m: Microsoft.AspNetCore.Routing.EndpointMiddleware[0]
      Executing endpoint 'gRPC - /UnityILPP.PostProcessing/PostProcessAssembly'
[40m[32minfo[39m[22m[49m: Unity.ILPP.Runner.PostProcessingPipeline[0]
      Processing assembly Library/Bee/artifacts/1300b0aP.dag/Meta.WitAi.Lib.dll, with 125 defines and 202 references
[40m[32minfo[39m[22m[49m: Unity.ILPP.Runner.PostProcessingPipeline[0]
      processors: Unity.Jobs.CodeGen.JobsILPostProcessor, zzzUnity.Burst.CodeGen.BurstILPostProcessor
[40m[32minfo[39m[22m[49m: Unity.ILPP.Runner.PostProcessingPipeline[0]
      running Unity.Jobs.CodeGen.JobsILPostProcessor
[40m[32minfo[39m[22m[49m: Microsoft.AspNetCore.Hosting.Diagnostics[1]
      Request starting HTTP/2 POST http://ilpp/UnityILPP.PostProcessing/PostProcessAssembly application/grpc -
[40m[32minfo[39m[22m[49m: Microsoft.AspNetCore.Routing.EndpointMiddleware[0]
      Executing endpoint 'gRPC - /UnityILPP.PostProcessing/PostProcessAssembly'
[40m[32minfo[39m[22m[49m: Unity.ILPP.Runner.PostProcessingPipeline[0]
      Processing assembly Library/Bee/artifacts/1300b0aP.dag/Meta.WitAi.Conduit.dll, with 125 defines and 199 references
[40m[32minfo[39m[22m[49m: Unity.ILPP.Runner.PostProcessingPipeline[0]
      processors: Unity.Jobs.CodeGen.JobsILPostProcessor, zzzUnity.Burst.CodeGen.BurstILPostProcessor
[40m[32minfo[39m[22m[49m: Unity.ILPP.Runner.PostProcessingPipeline[0]
      running zzzUnity.Burst.CodeGen.BurstILPostProcessor
[40m[32minfo[39m[22m[49m: Unity.ILPP.Runner.PostProcessingPipeline[0]
      running Unity.Jobs.CodeGen.JobsILPostProcessor
[40m[32minfo[39m[22m[49m: Unity.ILPP.Runner.PostProcessingPipeline[0]
      running zzzUnity.Burst.CodeGen.BurstILPostProcessor
[40m[32minfo[39m[22m[49m: Microsoft.AspNetCore.Hosting.Diagnostics[1]
      Request starting HTTP/2 POST http://ilpp/UnityILPP.PostProcessing/PostProcessAssembly application/grpc -
[40m[32minfo[39m[22m[49m: Microsoft.AspNetCore.Routing.EndpointMiddleware[0]
      Executing endpoint 'gRPC - /UnityILPP.PostProcessing/PostProcessAssembly'
[40m[32minfo[39m[22m[49m: Unity.ILPP.Runner.PostProcessingPipeline[0]
      Processing assembly Library/Bee/artifacts/1300b0aP.dag/Unity.XR.CoreUtils.dll, with 130 defines and 200 references
[40m[32minfo[39m[22m[49m: Unity.ILPP.Runner.PostProcessingPipeline[0]
      processors: Unity.Jobs.CodeGen.JobsILPostProcessor, zzzUnity.Burst.CodeGen.BurstILPostProcessor
[40m[32minfo[39m[22m[49m: Unity.ILPP.Runner.PostProcessingPipeline[0]
      running Unity.Jobs.CodeGen.JobsILPostProcessor
[40m[32minfo[39m[22m[49m: Unity.ILPP.Runner.PostProcessingPipeline[0]
      running zzzUnity.Burst.CodeGen.BurstILPostProcessor
[40m[32minfo[39m[22m[49m: Microsoft.AspNetCore.Hosting.Diagnostics[1]
      Request starting HTTP/2 POST http://ilpp/UnityILPP.PostProcessing/PostProcessAssembly application/grpc -
[40m[32minfo[39m[22m[49m: Microsoft.AspNetCore.Routing.EndpointMiddleware[0]
      Executing endpoint 'gRPC - /UnityILPP.PostProcessing/PostProcessAssembly'
[40m[32minfo[39m[22m[49m: Microsoft.AspNetCore.Hosting.Diagnostics[1]
      Request starting HTTP/2 POST http://ilpp/UnityILPP.PostProcessing/PostProcessAssembly application/grpc -
[40m[32minfo[39m[22m[49m: Microsoft.AspNetCore.Routing.EndpointMiddleware[0]
      Executing endpoint 'gRPC - /UnityILPP.PostProcessing/PostProcessAssembly'
[40m[32minfo[39m[22m[49m: Unity.ILPP.Runner.PostProcessingPipeline[0]
      Processing assembly Library/Bee/artifacts/1300b0aP.dag/Meta.XR.Audio.dll, with 126 defines and 198 references
[40m[32minfo[39m[22m[49m: Unity.ILPP.Runner.PostProcessingPipeline[0]
      processors: Unity.Jobs.CodeGen.JobsILPostProcessor, zzzUnity.Burst.CodeGen.BurstILPostProcessor
[40m[32minfo[39m[22m[49m: Unity.ILPP.Runner.PostProcessingPipeline[0]
      Processing assembly Library/Bee/artifacts/1300b0aP.dag/Unity.Multiplayer.Center.Common.dll, with 124 defines and 198 references
[40m[32minfo[39m[22m[49m: Unity.ILPP.Runner.PostProcessingPipeline[0]
      processors: Unity.Jobs.CodeGen.JobsILPostProcessor, zzzUnity.Burst.CodeGen.BurstILPostProcessor
[40m[32minfo[39m[22m[49m: Unity.ILPP.Runner.PostProcessingPipeline[0]
      running Unity.Jobs.CodeGen.JobsILPostProcessor
[40m[32minfo[39m[22m[49m: Microsoft.AspNetCore.Hosting.Diagnostics[1]
      Request starting HTTP/2 POST http://ilpp/UnityILPP.PostProcessing/PostProcessAssembly application/grpc -
[40m[32minfo[39m[22m[49m: Microsoft.AspNetCore.Routing.EndpointMiddleware[0]
      Executing endpoint 'gRPC - /UnityILPP.PostProcessing/PostProcessAssembly'
[40m[32minfo[39m[22m[49m: Unity.ILPP.Runner.PostProcessingPipeline[0]
      running zzzUnity.Burst.CodeGen.BurstILPostProcessor
[40m[32minfo[39m[22m[49m: Unity.ILPP.Runner.PostProcessingPipeline[0]
      running Unity.Jobs.CodeGen.JobsILPostProcessor
[40m[32minfo[39m[22m[49m: Unity.ILPP.Runner.PostProcessingPipeline[0]
      Processing assembly Library/Bee/artifacts/1300b0aP.dag/Oculus.Interaction.Samples.dll, with 125 defines and 200 references
[40m[32minfo[39m[22m[49m: Unity.ILPP.Runner.PostProcessingPipeline[0]
      processors: Unity.Jobs.CodeGen.JobsILPostProcessor, zzzUnity.Burst.CodeGen.BurstILPostProcessor
[40m[32minfo[39m[22m[49m: Unity.ILPP.Runner.PostProcessingPipeline[0]
      running zzzUnity.Burst.CodeGen.BurstILPostProcessor
[40m[32minfo[39m[22m[49m: Microsoft.AspNetCore.Hosting.Diagnostics[1]
      Request starting HTTP/2 POST http://ilpp/UnityILPP.PostProcessing/PostProcessAssembly application/grpc -
[40m[32minfo[39m[22m[49m: Microsoft.AspNetCore.Routing.EndpointMiddleware[0]
      Executing endpoint 'gRPC - /UnityILPP.PostProcessing/PostProcessAssembly'
[40m[32minfo[39m[22m[49m: Microsoft.AspNetCore.Routing.EndpointMiddleware[1]
      Executed endpoint 'gRPC - /UnityILPP.PostProcessing/PostProcessAssembly'
[40m[32minfo[39m[22m[49m: Microsoft.AspNetCore.Routing.EndpointMiddleware[1]
      Executed endpoint 'gRPC - /UnityILPP.PostProcessing/PostProcessAssembly'
[40m[32minfo[39m[22m[49m: Microsoft.AspNetCore.Hosting.Diagnostics[2]
      Request finished HTTP/2 POST http://ilpp/UnityILPP.PostProcessing/PostProcessAssembly application/grpc - - 200 - application/grpc 4.4525ms
[40m[32minfo[39m[22m[49m: Microsoft.AspNetCore.Hosting.Diagnostics[2]
      Request finished HTTP/2 POST http://ilpp/UnityILPP.PostProcessing/PostProcessAssembly application/grpc - - 200 - application/grpc 1.7880ms
[40m[32minfo[39m[22m[49m: Microsoft.AspNetCore.Hosting.Diagnostics[1]
      Request starting HTTP/2 POST http://ilpp/UnityILPP.PostProcessing/PostProcessAssembly application/grpc -
[40m[32minfo[39m[22m[49m: Microsoft.AspNetCore.Hosting.Diagnostics[1]
      Request starting HTTP/2 POST http://ilpp/UnityILPP.PostProcessing/PostProcessAssembly application/grpc -
[40m[32minfo[39m[22m[49m: Microsoft.AspNetCore.Routing.EndpointMiddleware[0]
      Executing endpoint 'gRPC - /UnityILPP.PostProcessing/PostProcessAssembly'
[40m[32minfo[39m[22m[49m: Microsoft.AspNetCore.Hosting.Diagnostics[1]
      Request starting HTTP/2 POST http://ilpp/UnityILPP.PostProcessing/PostProcessAssembly application/grpc -
[40m[32minfo[39m[22m[49m: Microsoft.AspNetCore.Routing.EndpointMiddleware[0]
      Executing endpoint 'gRPC - /UnityILPP.PostProcessing/PostProcessAssembly'
[40m[32minfo[39m[22m[49m: Microsoft.AspNetCore.Routing.EndpointMiddleware[1]
      Executed endpoint 'gRPC - /UnityILPP.PostProcessing/PostProcessAssembly'
[40m[32minfo[39m[22m[49m: Microsoft.AspNetCore.Hosting.Diagnostics[2]
      Request finished HTTP/2 POST http://ilpp/UnityILPP.PostProcessing/PostProcessAssembly application/grpc - - 200 - application/grpc 1.9729ms
[40m[32minfo[39m[22m[49m: Unity.ILPP.Runner.PostProcessingPipeline[0]
      running Unity.Jobs.CodeGen.JobsILPostProcessor
[40m[32minfo[39m[22m[49m: Unity.ILPP.Runner.PostProcessingPipeline[0]
      Processing assembly Library/Bee/artifacts/1300b0aP.dag/Meta.WitAi.dll, with 125 defines and 203 references
[40m[32minfo[39m[22m[49m: Unity.ILPP.Runner.PostProcessingPipeline[0]
      processors: Unity.Jobs.CodeGen.JobsILPostProcessor, zzzUnity.Burst.CodeGen.BurstILPostProcessor
[40m[32minfo[39m[22m[49m: Microsoft.AspNetCore.Hosting.Diagnostics[1]
      Request starting HTTP/2 POST http://ilpp/UnityILPP.PostProcessing/PostProcessAssembly application/grpc -
[40m[32minfo[39m[22m[49m: Microsoft.AspNetCore.Routing.EndpointMiddleware[0]
      Executing endpoint 'gRPC - /UnityILPP.PostProcessing/PostProcessAssembly'
[40m[32minfo[39m[22m[49m: Unity.ILPP.Runner.PostProcessingPipeline[0]
      running zzzUnity.Burst.CodeGen.BurstILPostProcessor
[40m[32minfo[39m[22m[49m: Unity.ILPP.Runner.PostProcessingPipeline[0]
      Processing assembly Library/Bee/artifacts/1300b0aP.dag/Meta.VoiceSDK.Mic.Other.dll, with 125 defines and 200 references
[40m[32minfo[39m[22m[49m: Unity.ILPP.Runner.PostProcessingPipeline[0]
      processors: Unity.Jobs.CodeGen.JobsILPostProcessor, zzzUnity.Burst.CodeGen.BurstILPostProcessor
[40m[32minfo[39m[22m[49m: Microsoft.AspNetCore.Routing.EndpointMiddleware[1]
      Executed endpoint 'gRPC - /UnityILPP.PostProcessing/PostProcessAssembly'
[40m[32minfo[39m[22m[49m: Microsoft.AspNetCore.Hosting.Diagnostics[2]
      Request finished HTTP/2 POST http://ilpp/UnityILPP.PostProcessing/PostProcessAssembly application/grpc - - 200 - application/grpc 6.8607ms
[40m[32minfo[39m[22m[49m: Microsoft.AspNetCore.Hosting.Diagnostics[1]
      Request starting HTTP/2 POST http://ilpp/UnityILPP.PostProcessing/PostProcessAssembly application/grpc -
[40m[32minfo[39m[22m[49m: Microsoft.AspNetCore.Hosting.Diagnostics[1]
      Request starting HTTP/2 POST http://ilpp/UnityILPP.PostProcessing/PostProcessAssembly application/grpc -
[40m[32minfo[39m[22m[49m: Microsoft.AspNetCore.Routing.EndpointMiddleware[0]
      Executing endpoint 'gRPC - /UnityILPP.PostProcessing/PostProcessAssembly'
[40m[32minfo[39m[22m[49m: Unity.ILPP.Runner.PostProcessingPipeline[0]
      Processing assembly Library/Bee/artifacts/1300b0aP.dag/Meta.Wit.Dictation.dll, with 125 defines and 200 references
[40m[32minfo[39m[22m[49m: Unity.ILPP.Runner.PostProcessingPipeline[0]
      processors: Unity.Jobs.CodeGen.JobsILPostProcessor, zzzUnity.Burst.CodeGen.BurstILPostProcessor
[40m[32minfo[39m[22m[49m: Microsoft.AspNetCore.Hosting.Diagnostics[1]
      Request starting HTTP/2 POST http://ilpp/UnityILPP.PostProcessing/PostProcessAssembly application/grpc -
[40m[32minfo[39m[22m[49m: Microsoft.AspNetCore.Routing.EndpointMiddleware[0]
      Executing endpoint 'gRPC - /UnityILPP.PostProcessing/PostProcessAssembly'
[40m[32minfo[39m[22m[49m: Unity.ILPP.Runner.PostProcessingPipeline[0]
      running Unity.Jobs.CodeGen.JobsILPostProcessor
[40m[32minfo[39m[22m[49m: Unity.ILPP.Runner.PostProcessingPipeline[0]
      Processing assembly Library/Bee/artifacts/1300b0aP.dag/Unity.WebRTC.dll, with 124 defines and 198 references
[40m[32minfo[39m[22m[49m: Unity.ILPP.Runner.PostProcessingPipeline[0]
      processors: Unity.Jobs.CodeGen.JobsILPostProcessor, zzzUnity.Burst.CodeGen.BurstILPostProcessor
[40m[32minfo[39m[22m[49m: Microsoft.AspNetCore.Routing.EndpointMiddleware[0]
      Executing endpoint 'gRPC - /UnityILPP.PostProcessing/PostProcessAssembly'
[40m[32minfo[39m[22m[49m: Microsoft.AspNetCore.Routing.EndpointMiddleware[1]
      Executed endpoint 'gRPC - /UnityILPP.PostProcessing/PostProcessAssembly'
[40m[32minfo[39m[22m[49m: Unity.ILPP.Runner.PostProcessingPipeline[0]
      running zzzUnity.Burst.CodeGen.BurstILPostProcessor
[40m[32minfo[39m[22m[49m: Microsoft.AspNetCore.Hosting.Diagnostics[2]
      Request finished HTTP/2 POST http://ilpp/UnityILPP.PostProcessing/PostProcessAssembly application/grpc - - 200 - application/grpc 3.4152ms
[40m[32minfo[39m[22m[49m: Unity.ILPP.Runner.PostProcessingPipeline[0]
      Processing assembly Library/Bee/artifacts/1300b0aP.dag/Unity.RenderPipelines.Core.ShaderLibrary.dll, with 124 defines and 198 references
[40m[32minfo[39m[22m[49m: Unity.ILPP.Runner.PostProcessingPipeline[0]
      processors: Unity.Jobs.CodeGen.JobsILPostProcessor, zzzUnity.Burst.CodeGen.BurstILPostProcessor
[40m[32minfo[39m[22m[49m: Unity.ILPP.Runner.PostProcessingPipeline[0]
      Processing assembly Library/Bee/artifacts/1300b0aP.dag/Meta.XR.ImmersiveDebugger.Interface.dll, with 125 defines and 198 references
[40m[32minfo[39m[22m[49m: Unity.ILPP.Runner.PostProcessingPipeline[0]
      processors: Unity.Jobs.CodeGen.JobsILPostProcessor, zzzUnity.Burst.CodeGen.BurstILPostProcessor
[40m[32minfo[39m[22m[49m: Unity.ILPP.Runner.PostProcessingPipeline[0]
      running Unity.Jobs.CodeGen.JobsILPostProcessor
[40m[32minfo[39m[22m[49m: Microsoft.AspNetCore.Routing.EndpointMiddleware[1]
      Executed endpoint 'gRPC - /UnityILPP.PostProcessing/PostProcessAssembly'
[40m[32minfo[39m[22m[49m: Microsoft.AspNetCore.Hosting.Diagnostics[2]
      Request finished HTTP/2 POST http://ilpp/UnityILPP.PostProcessing/PostProcessAssembly application/grpc - - 200 - application/grpc 0.6550ms
[40m[32minfo[39m[22m[49m: Unity.ILPP.Runner.PostProcessingPipeline[0]
      running zzzUnity.Burst.CodeGen.BurstILPostProcessor
[40m[32minfo[39m[22m[49m: Microsoft.AspNetCore.Routing.EndpointMiddleware[1]
      Executed endpoint 'gRPC - /UnityILPP.PostProcessing/PostProcessAssembly'
[40m[32minfo[39m[22m[49m: Microsoft.AspNetCore.Hosting.Diagnostics[2]
      Request finished HTTP/2 POST http://ilpp/UnityILPP.PostProcessing/PostProcessAssembly application/grpc - - 200 - application/grpc 1.5432ms
[40m[32minfo[39m[22m[49m: Unity.ILPP.Runner.PostProcessingPipeline[0]
      running Unity.Jobs.CodeGen.JobsILPostProcessor
[40m[32minfo[39m[22m[49m: Unity.ILPP.Runner.PostProcessingPipeline[0]
      running zzzUnity.Burst.CodeGen.BurstILPostProcessor
[40m[32minfo[39m[22m[49m: Microsoft.AspNetCore.Routing.EndpointMiddleware[0]
      Executing endpoint 'gRPC - /UnityILPP.PostProcessing/PostProcessAssembly'
[40m[32minfo[39m[22m[49m: Unity.ILPP.Runner.PostProcessingPipeline[0]
      running Unity.Jobs.CodeGen.JobsILPostProcessor
[40m[32minfo[39m[22m[49m: Microsoft.AspNetCore.Hosting.Diagnostics[1]
      Request starting HTTP/2 POST http://ilpp/UnityILPP.PostProcessing/PostProcessAssembly application/grpc -
[40m[32minfo[39m[22m[49m: Unity.ILPP.Runner.PostProcessingPipeline[0]
      running Unity.Jobs.CodeGen.JobsILPostProcessor
[40m[32minfo[39m[22m[49m: Microsoft.AspNetCore.Hosting.Diagnostics[1]
      Request starting HTTP/2 POST http://ilpp/UnityILPP.PostProcessing/PostProcessAssembly application/grpc -
[40m[32minfo[39m[22m[49m: Unity.ILPP.Runner.PostProcessingPipeline[0]
      running Unity.Jobs.CodeGen.JobsILPostProcessor
[40m[32minfo[39m[22m[49m: Unity.ILPP.Runner.PostProcessingPipeline[0]
      Processing assembly Library/Bee/artifacts/1300b0aP.dag/Unity.Burst.dll, with 124 defines and 193 references
[40m[32minfo[39m[22m[49m: Microsoft.AspNetCore.Routing.EndpointMiddleware[0]
      Executing endpoint 'gRPC - /UnityILPP.PostProcessing/PostProcessAssembly'
[40m[32minfo[39m[22m[49m: Microsoft.AspNetCore.Routing.EndpointMiddleware[0]
      Executing endpoint 'gRPC - /UnityILPP.PostProcessing/PostProcessAssembly'
[40m[32minfo[39m[22m[49m: Unity.ILPP.Runner.PostProcessingPipeline[0]
      processors: Unity.Jobs.CodeGen.JobsILPostProcessor, zzzUnity.Burst.CodeGen.BurstILPostProcessor
[40m[32minfo[39m[22m[49m: Unity.ILPP.Runner.PostProcessingPipeline[0]
      running zzzUnity.Burst.CodeGen.BurstILPostProcessor
[40m[32minfo[39m[22m[49m: Unity.ILPP.Runner.PostProcessingPipeline[0]
      running zzzUnity.Burst.CodeGen.BurstILPostProcessor
[40m[32minfo[39m[22m[49m: Unity.ILPP.Runner.PostProcessingPipeline[0]
      running zzzUnity.Burst.CodeGen.BurstILPostProcessor
[40m[32minfo[39m[22m[49m: Unity.ILPP.Runner.PostProcessingPipeline[0]
      Processing assembly Library/Bee/artifacts/1300b0aP.dag/Unity.RenderPipelines.Core.Runtime.dll, with 127 defines and 202 references
[40m[32minfo[39m[22m[49m: Unity.ILPP.Runner.PostProcessingPipeline[0]
      processors: Unity.Jobs.CodeGen.JobsILPostProcessor, zzzUnity.Burst.CodeGen.BurstILPostProcessor
[40m[32minfo[39m[22m[49m: Unity.ILPP.Runner.PostProcessingPipeline[0]
      running Unity.Jobs.CodeGen.JobsILPostProcessor
[40m[32minfo[39m[22m[49m: Microsoft.AspNetCore.Routing.EndpointMiddleware[1]
      Executed endpoint 'gRPC - /UnityILPP.PostProcessing/PostProcessAssembly'
[40m[32minfo[39m[22m[49m: Microsoft.AspNetCore.Hosting.Diagnostics[2]
      Request finished HTTP/2 POST http://ilpp/UnityILPP.PostProcessing/PostProcessAssembly application/grpc - - 200 - application/grpc 3.4491ms
[40m[32minfo[39m[22m[49m: Microsoft.AspNetCore.Routing.EndpointMiddleware[1]
      Executed endpoint 'gRPC - /UnityILPP.PostProcessing/PostProcessAssembly'
[40m[32minfo[39m[22m[49m: Microsoft.AspNetCore.Routing.EndpointMiddleware[1]
      Executed endpoint 'gRPC - /UnityILPP.PostProcessing/PostProcessAssembly'
[40m[32minfo[39m[22m[49m: Microsoft.AspNetCore.Hosting.Diagnostics[2]
      Request finished HTTP/2 POST http://ilpp/UnityILPP.PostProcessing/PostProcessAssembly application/grpc - - 200 - application/grpc 3.9970ms
[40m[32minfo[39m[22m[49m: Microsoft.AspNetCore.Hosting.Diagnostics[2]
      Request finished HTTP/2 POST http://ilpp/UnityILPP.PostProcessing/PostProcessAssembly application/grpc - - 200 - application/grpc 2.6220ms
[40m[32minfo[39m[22m[49m: Unity.ILPP.Runner.PostProcessingPipeline[0]
      Processing assembly Library/Bee/artifacts/1300b0aP.dag/Oculus.Interaction.dll, with 125 defines and 199 references
[40m[32minfo[39m[22m[49m: Unity.ILPP.Runner.PostProcessingPipeline[0]
      processors: Unity.Jobs.CodeGen.JobsILPostProcessor, zzzUnity.Burst.CodeGen.BurstILPostProcessor
[40m[32minfo[39m[22m[49m: Unity.ILPP.Runner.PostProcessingPipeline[0]
      running Unity.Jobs.CodeGen.JobsILPostProcessor
[40m[32minfo[39m[22m[49m: Unity.ILPP.Runner.PostProcessingPipeline[0]
      running zzzUnity.Burst.CodeGen.BurstILPostProcessor
[40m[32minfo[39m[22m[49m: Microsoft.AspNetCore.Routing.EndpointMiddleware[1]
      Executed endpoint 'gRPC - /UnityILPP.PostProcessing/PostProcessAssembly'
[40m[32minfo[39m[22m[49m: Microsoft.AspNetCore.Hosting.Diagnostics[2]
      Request finished HTTP/2 POST http://ilpp/UnityILPP.PostProcessing/PostProcessAssembly application/grpc - - 200 - application/grpc 3.6056ms
[40m[32minfo[39m[22m[49m: Unity.ILPP.Runner.PostProcessingPipeline[0]
      Processing assembly Library/Bee/artifacts/1300b0aP.dag/Unity.VisualScripting.Flow.dll, with 132 defines and 200 references
[40m[32minfo[39m[22m[49m: Unity.ILPP.Runner.PostProcessingPipeline[0]
      processors: Unity.Jobs.CodeGen.JobsILPostProcessor, zzzUnity.Burst.CodeGen.BurstILPostProcessor
[40m[32minfo[39m[22m[49m: Microsoft.AspNetCore.Routing.EndpointMiddleware[1]
      Executed endpoint 'gRPC - /UnityILPP.PostProcessing/PostProcessAssembly'
[40m[32minfo[39m[22m[49m: Microsoft.AspNetCore.Hosting.Diagnostics[2]
      Request finished HTTP/2 POST http://ilpp/UnityILPP.PostProcessing/PostProcessAssembly application/grpc - - 200 - application/grpc 4.0753ms
[40m[32minfo[39m[22m[49m: Unity.ILPP.Runner.PostProcessingPipeline[0]
      running Unity.Jobs.CodeGen.JobsILPostProcessor
[40m[32minfo[39m[22m[49m: Unity.ILPP.Runner.PostProcessingPipeline[0]
      running zzzUnity.Burst.CodeGen.BurstILPostProcessor
[40m[32minfo[39m[22m[49m: Unity.ILPP.Runner.PostProcessingPipeline[0]
      running Unity.Jobs.CodeGen.JobsILPostProcessor
[40m[32minfo[39m[22m[49m: Unity.ILPP.Runner.PostProcessingPipeline[0]
      running zzzUnity.Burst.CodeGen.BurstILPostProcessor
[40m[32minfo[39m[22m[49m: Unity.ILPP.Runner.PostProcessingAssemblyLoadContext[0]
      Resolved Unity.Collections, Version=0.0.0.0, Culture=neutral, PublicKeyToken=null with Library/Bee/artifacts/Android_CodeGen/Unity.Collections.dll
[40m[32minfo[39m[22m[49m: Microsoft.AspNetCore.Routing.EndpointMiddleware[1]
      Executed endpoint 'gRPC - /UnityILPP.PostProcessing/PostProcessAssembly'
[40m[32minfo[39m[22m[49m: Microsoft.AspNetCore.Hosting.Diagnostics[2]
      Request finished HTTP/2 POST http://ilpp/UnityILPP.PostProcessing/PostProcessAssembly application/grpc - - 200 - application/grpc 3.9313ms
[40m[32minfo[39m[22m[49m: Microsoft.AspNetCore.Routing.EndpointMiddleware[1]
      Executed endpoint 'gRPC - /UnityILPP.PostProcessing/PostProcessAssembly'
[40m[32minfo[39m[22m[49m: Microsoft.AspNetCore.Hosting.Diagnostics[2]
      Request finished HTTP/2 POST http://ilpp/UnityILPP.PostProcessing/PostProcessAssembly application/grpc - - 200 - application/grpc 5.5866ms
[40m[32minfo[39m[22m[49m: Microsoft.AspNetCore.Hosting.Diagnostics[1]
      Request starting HTTP/2 POST http://ilpp/UnityILPP.PostProcessing/PostProcessAssembly application/grpc -
[40m[32minfo[39m[22m[49m: Microsoft.AspNetCore.Routing.EndpointMiddleware[0]
      Executing endpoint 'gRPC - /UnityILPP.PostProcessing/PostProcessAssembly'
[40m[32minfo[39m[22m[49m: Unity.ILPP.Runner.PostProcessingPipeline[0]
      Processing assembly Library/Bee/artifacts/1300b0aP.dag/Unity.RenderPipelines.Universal.Shaders.dll, with 124 defines and 198 references
[40m[32minfo[39m[22m[49m: Unity.ILPP.Runner.PostProcessingPipeline[0]
      processors: Unity.Jobs.CodeGen.JobsILPostProcessor, zzzUnity.Burst.CodeGen.BurstILPostProcessor
[40m[32minfo[39m[22m[49m: Unity.ILPP.Runner.PostProcessingPipeline[0]
      running Unity.Jobs.CodeGen.JobsILPostProcessor
[40m[32minfo[39m[22m[49m: Unity.ILPP.Runner.PostProcessingPipeline[0]
      running zzzUnity.Burst.CodeGen.BurstILPostProcessor
[40m[32minfo[39m[22m[49m: Microsoft.AspNetCore.Routing.EndpointMiddleware[1]
      Executed endpoint 'gRPC - /UnityILPP.PostProcessing/PostProcessAssembly'
[40m[32minfo[39m[22m[49m: Microsoft.AspNetCore.Hosting.Diagnostics[2]
      Request finished HTTP/2 POST http://ilpp/UnityILPP.PostProcessing/PostProcessAssembly application/grpc - - 200 - application/grpc 0.6687ms
[40m[32minfo[39m[22m[49m: Microsoft.AspNetCore.Hosting.Diagnostics[1]
      Request starting HTTP/2 POST http://ilpp/UnityILPP.PostProcessing/PostProcessAssembly application/grpc -
[40m[32minfo[39m[22m[49m: Microsoft.AspNetCore.Hosting.Diagnostics[1]
      Request starting HTTP/2 POST http://ilpp/UnityILPP.PostProcessing/PostProcessAssembly application/grpc -
[40m[32minfo[39m[22m[49m: Microsoft.AspNetCore.Routing.EndpointMiddleware[0]
      Executing endpoint 'gRPC - /UnityILPP.PostProcessing/PostProcessAssembly'
[40m[32minfo[39m[22m[49m: Microsoft.AspNetCore.Routing.EndpointMiddleware[0]
      Executing endpoint 'gRPC - /UnityILPP.PostProcessing/PostProcessAssembly'
[40m[32minfo[39m[22m[49m: Unity.ILPP.Runner.PostProcessingPipeline[0]
      Processing assembly Library/Bee/artifacts/1300b0aP.dag/Unity.VisualScripting.State.dll, with 124 defines and 200 references
[40m[32minfo[39m[22m[49m: Unity.ILPP.Runner.PostProcessingPipeline[0]
      processors: Unity.Jobs.CodeGen.JobsILPostProcessor, zzzUnity.Burst.CodeGen.BurstILPostProcessor
[40m[32minfo[39m[22m[49m: Unity.ILPP.Runner.PostProcessingPipeline[0]
      Processing assembly Library/Bee/artifacts/1300b0aP.dag/Meta.Voice.Opus.dll, with 125 defines and 198 references
[40m[32minfo[39m[22m[49m: Unity.ILPP.Runner.PostProcessingPipeline[0]
      processors: Unity.Jobs.CodeGen.JobsILPostProcessor, zzzUnity.Burst.CodeGen.BurstILPostProcessor
[40m[32minfo[39m[22m[49m: Unity.ILPP.Runner.PostProcessingPipeline[0]
      running Unity.Jobs.CodeGen.JobsILPostProcessor
[40m[32minfo[39m[22m[49m: Unity.ILPP.Runner.PostProcessingPipeline[0]
      running zzzUnity.Burst.CodeGen.BurstILPostProcessor
[40m[32minfo[39m[22m[49m: Microsoft.AspNetCore.Hosting.Diagnostics[1]
      Request starting HTTP/2 POST http://ilpp/UnityILPP.PostProcessing/PostProcessAssembly application/grpc -
[40m[32minfo[39m[22m[49m: Microsoft.AspNetCore.Routing.EndpointMiddleware[0]
      Executing endpoint 'gRPC - /UnityILPP.PostProcessing/PostProcessAssembly'
[40m[32minfo[39m[22m[49m: Unity.ILPP.Runner.PostProcessingPipeline[0]
      Processing assembly Library/Bee/artifacts/1300b0aP.dag/Meta.Net.endel.nativewebsocket.dll, with 125 defines and 198 references
[40m[32minfo[39m[22m[49m: Unity.ILPP.Runner.PostProcessingPipeline[0]
      processors: Unity.Jobs.CodeGen.JobsILPostProcessor, zzzUnity.Burst.CodeGen.BurstILPostProcessor
[40m[32minfo[39m[22m[49m: Unity.ILPP.Runner.PostProcessingPipeline[0]
      running Unity.Jobs.CodeGen.JobsILPostProcessor
[40m[32minfo[39m[22m[49m: Unity.ILPP.Runner.PostProcessingPipeline[0]
      running zzzUnity.Burst.CodeGen.BurstILPostProcessor
[40m[32minfo[39m[22m[49m: Microsoft.AspNetCore.Routing.EndpointMiddleware[1]
      Executed endpoint 'gRPC - /UnityILPP.PostProcessing/PostProcessAssembly'
[40m[32minfo[39m[22m[49m: Microsoft.AspNetCore.Hosting.Diagnostics[2]
      Request finished HTTP/2 POST http://ilpp/UnityILPP.PostProcessing/PostProcessAssembly application/grpc - - 200 - application/grpc 2.1787ms
[40m[32minfo[39m[22m[49m: Microsoft.AspNetCore.Routing.EndpointMiddleware[1]
      Executed endpoint 'gRPC - /UnityILPP.PostProcessing/PostProcessAssembly'
[40m[32minfo[39m[22m[49m: Microsoft.AspNetCore.Hosting.Diagnostics[2]
      Request finished HTTP/2 POST http://ilpp/UnityILPP.PostProcessing/PostProcessAssembly application/grpc - - 200 - application/grpc 0.5511ms
[40m[32minfo[39m[22m[49m: Unity.ILPP.Runner.PostProcessingPipeline[0]
      running Unity.Jobs.CodeGen.JobsILPostProcessor
[40m[32minfo[39m[22m[49m: Unity.ILPP.Runner.PostProcessingPipeline[0]
      running zzzUnity.Burst.CodeGen.BurstILPostProcessor
[40m[32minfo[39m[22m[49m: Microsoft.AspNetCore.Hosting.Diagnostics[1]
      Request starting HTTP/2 POST http://ilpp/UnityILPP.PostProcessing/PostProcessAssembly application/grpc -
[40m[32minfo[39m[22m[49m: Microsoft.AspNetCore.Routing.EndpointMiddleware[0]
      Executing endpoint 'gRPC - /UnityILPP.PostProcessing/PostProcessAssembly'
[40m[32minfo[39m[22m[49m: Unity.ILPP.Runner.PostProcessingPipeline[0]
      Processing assembly Library/Bee/artifacts/1300b0aP.dag/AssistantVoiceCommandCommon.dll, with 125 defines and 199 references
[40m[32minfo[39m[22m[49m: Unity.ILPP.Runner.PostProcessingPipeline[0]
      processors: Unity.Jobs.CodeGen.JobsILPostProcessor, zzzUnity.Burst.CodeGen.BurstILPostProcessor
[40m[32minfo[39m[22m[49m: Unity.ILPP.Runner.PostProcessingPipeline[0]
      running Unity.Jobs.CodeGen.JobsILPostProcessor
[40m[32minfo[39m[22m[49m: Unity.ILPP.Runner.PostProcessingPipeline[0]
      running zzzUnity.Burst.CodeGen.BurstILPostProcessor
[40m[32minfo[39m[22m[49m: Microsoft.AspNetCore.Routing.EndpointMiddleware[1]
      Executed endpoint 'gRPC - /UnityILPP.PostProcessing/PostProcessAssembly'
[40m[32minfo[39m[22m[49m: Microsoft.AspNetCore.Hosting.Diagnostics[2]
      Request finished HTTP/2 POST http://ilpp/UnityILPP.PostProcessing/PostProcessAssembly application/grpc - - 200 - application/grpc 0.6383ms
[40m[32minfo[39m[22m[49m: Microsoft.AspNetCore.Routing.EndpointMiddleware[1]
      Executed endpoint 'gRPC - /UnityILPP.PostProcessing/PostProcessAssembly'
[40m[32minfo[39m[22m[49m: Microsoft.AspNetCore.Hosting.Diagnostics[2]
      Request finished HTTP/2 POST http://ilpp/UnityILPP.PostProcessing/PostProcessAssembly application/grpc - - 200 - application/grpc 9.6118ms
[40m[32minfo[39m[22m[49m: Microsoft.AspNetCore.Hosting.Diagnostics[1]
      Request starting HTTP/2 POST http://ilpp/UnityILPP.PostProcessing/PostProcessAssembly application/grpc -
[40m[32minfo[39m[22m[49m: Microsoft.AspNetCore.Routing.EndpointMiddleware[0]
      Executing endpoint 'gRPC - /UnityILPP.PostProcessing/PostProcessAssembly'
[40m[32minfo[39m[22m[49m: Unity.ILPP.Runner.PostProcessingPipeline[0]
      Processing assembly Library/Bee/artifacts/1300b0aP.dag/Unity.VisualScripting.Core.dll, with 129 defines and 199 references
[40m[32minfo[39m[22m[49m: Unity.ILPP.Runner.PostProcessingPipeline[0]
      processors: Unity.Jobs.CodeGen.JobsILPostProcessor, zzzUnity.Burst.CodeGen.BurstILPostProcessor
[40m[32minfo[39m[22m[49m: Unity.ILPP.Runner.PostProcessingPipeline[0]
      running Unity.Jobs.CodeGen.JobsILPostProcessor
[40m[32minfo[39m[22m[49m: Unity.ILPP.Runner.PostProcessingPipeline[0]
      running zzzUnity.Burst.CodeGen.BurstILPostProcessor
[40m[32minfo[39m[22m[49m: Microsoft.AspNetCore.Routing.EndpointMiddleware[1]
      Executed endpoint 'gRPC - /UnityILPP.PostProcessing/PostProcessAssembly'
[40m[32minfo[39m[22m[49m: Microsoft.AspNetCore.Hosting.Diagnostics[2]
      Request finished HTTP/2 POST http://ilpp/UnityILPP.PostProcessing/PostProcessAssembly application/grpc - - 200 - application/grpc 2.2520ms
[40m[32minfo[39m[22m[49m: Microsoft.AspNetCore.Hosting.Diagnostics[1]
      Request starting HTTP/2 POST http://ilpp/UnityILPP.PostProcessing/PostProcessAssembly application/grpc -
[40m[32minfo[39m[22m[49m: Microsoft.AspNetCore.Routing.EndpointMiddleware[0]
      Executing endpoint 'gRPC - /UnityILPP.PostProcessing/PostProcessAssembly'
[40m[32minfo[39m[22m[49m: Unity.ILPP.Runner.PostProcessingPipeline[0]
      Processing assembly Library/Bee/artifacts/1300b0aP.dag/Unity.InputSystem.ForUI.dll, with 124 defines and 199 references
[40m[32minfo[39m[22m[49m: Unity.ILPP.Runner.PostProcessingPipeline[0]
      processors: Unity.Jobs.CodeGen.JobsILPostProcessor, zzzUnity.Burst.CodeGen.BurstILPostProcessor
[40m[32minfo[39m[22m[49m: Unity.ILPP.Runner.PostProcessingPipeline[0]
      running Unity.Jobs.CodeGen.JobsILPostProcessor
[40m[32minfo[39m[22m[49m: Unity.ILPP.Runner.PostProcessingPipeline[0]
      running zzzUnity.Burst.CodeGen.BurstILPostProcessor
[40m[32minfo[39m[22m[49m: Microsoft.AspNetCore.Routing.EndpointMiddleware[1]
      Executed endpoint 'gRPC - /UnityILPP.PostProcessing/PostProcessAssembly'
[40m[32minfo[39m[22m[49m: Microsoft.AspNetCore.Hosting.Diagnostics[2]
      Request finished HTTP/2 POST http://ilpp/UnityILPP.PostProcessing/PostProcessAssembly application/grpc - - 200 - application/grpc 0.8761ms
[40m[32minfo[39m[22m[49m: Microsoft.AspNetCore.Hosting.Diagnostics[1]
      Request starting HTTP/2 POST http://ilpp/UnityILPP.PostProcessing/PostProcessAssembly application/grpc -
[40m[32minfo[39m[22m[49m: Microsoft.AspNetCore.Hosting.Diagnostics[1]
      Request starting HTTP/2 POST http://ilpp/UnityILPP.PostProcessing/PostProcessAssembly application/grpc -
[40m[32minfo[39m[22m[49m: Microsoft.AspNetCore.Routing.EndpointMiddleware[0]
      Executing endpoint 'gRPC - /UnityILPP.PostProcessing/PostProcessAssembly'
[40m[32minfo[39m[22m[49m: Microsoft.AspNetCore.Routing.EndpointMiddleware[0]
      Executing endpoint 'gRPC - /UnityILPP.PostProcessing/PostProcessAssembly'
[40m[32minfo[39m[22m[49m: Unity.ILPP.Runner.PostProcessingPipeline[0]
      Processing assembly Library/Bee/artifacts/1300b0aP.dag/Meta.VoiceSDK.Mic.Common.dll, with 125 defines and 199 references
[40m[32minfo[39m[22m[49m: Unity.ILPP.Runner.PostProcessingPipeline[0]
      Processing assembly Library/Bee/artifacts/1300b0aP.dag/Unity.VisualScripting.DocCodeExamples.dll, with 124 defines and 194 references
[40m[32minfo[39m[22m[49m: Unity.ILPP.Runner.PostProcessingPipeline[0]
      processors: Unity.Jobs.CodeGen.JobsILPostProcessor, zzzUnity.Burst.CodeGen.BurstILPostProcessor
[40m[32minfo[39m[22m[49m: Unity.ILPP.Runner.PostProcessingPipeline[0]
      processors: Unity.Jobs.CodeGen.JobsILPostProcessor, zzzUnity.Burst.CodeGen.BurstILPostProcessor
[40m[32minfo[39m[22m[49m: Unity.ILPP.Runner.PostProcessingPipeline[0]
      running Unity.Jobs.CodeGen.JobsILPostProcessor
[40m[32minfo[39m[22m[49m: Unity.ILPP.Runner.PostProcessingPipeline[0]
      running zzzUnity.Burst.CodeGen.BurstILPostProcessor
[40m[32minfo[39m[22m[49m: Unity.ILPP.Runner.PostProcessingPipeline[0]
      running Unity.Jobs.CodeGen.JobsILPostProcessor
[40m[32minfo[39m[22m[49m: Unity.ILPP.Runner.PostProcessingPipeline[0]
      running zzzUnity.Burst.CodeGen.BurstILPostProcessor
[40m[32minfo[39m[22m[49m: Microsoft.AspNetCore.Routing.EndpointMiddleware[1]
      Executed endpoint 'gRPC - /UnityILPP.PostProcessing/PostProcessAssembly'
[40m[32minfo[39m[22m[49m: Microsoft.AspNetCore.Hosting.Diagnostics[2]
      Request finished HTTP/2 POST http://ilpp/UnityILPP.PostProcessing/PostProcessAssembly application/grpc - - 200 - application/grpc 0.7269ms
[40m[32minfo[39m[22m[49m: Microsoft.AspNetCore.Routing.EndpointMiddleware[1]
      Executed endpoint 'gRPC - /UnityILPP.PostProcessing/PostProcessAssembly'
[40m[32minfo[39m[22m[49m: Microsoft.AspNetCore.Hosting.Diagnostics[2]
      Request finished HTTP/2 POST http://ilpp/UnityILPP.PostProcessing/PostProcessAssembly application/grpc - - 200 - application/grpc 2.0760ms
[40m[32minfo[39m[22m[49m: Microsoft.AspNetCore.Hosting.Diagnostics[1]
      Request starting HTTP/2 POST http://ilpp/UnityILPP.PostProcessing/PostProcessAssembly application/grpc -
[40m[32minfo[39m[22m[49m: Microsoft.AspNetCore.Routing.EndpointMiddleware[0]
      Executing endpoint 'gRPC - /UnityILPP.PostProcessing/PostProcessAssembly'
[40m[32minfo[39m[22m[49m: Unity.ILPP.Runner.PostProcessingPipeline[0]
      Processing assembly Library/Bee/artifacts/1300b0aP.dag/Meta.Voice.NLayer.dll, with 125 defines and 198 references
[40m[32minfo[39m[22m[49m: Unity.ILPP.Runner.PostProcessingPipeline[0]
      processors: Unity.Jobs.CodeGen.JobsILPostProcessor, zzzUnity.Burst.CodeGen.BurstILPostProcessor
[40m[32minfo[39m[22m[49m: Unity.ILPP.Runner.PostProcessingPipeline[0]
      running Unity.Jobs.CodeGen.JobsILPostProcessor
[40m[32minfo[39m[22m[49m: Unity.ILPP.Runner.PostProcessingPipeline[0]
      running zzzUnity.Burst.CodeGen.BurstILPostProcessor
[40m[32minfo[39m[22m[49m: Microsoft.AspNetCore.Hosting.Diagnostics[1]
      Request starting HTTP/2 POST http://ilpp/UnityILPP.PostProcessing/PostProcessAssembly application/grpc -
[40m[32minfo[39m[22m[49m: Microsoft.AspNetCore.Routing.EndpointMiddleware[0]
      Executing endpoint 'gRPC - /UnityILPP.PostProcessing/PostProcessAssembly'
[40m[32minfo[39m[22m[49m: Unity.ILPP.Runner.PostProcessingPipeline[0]
      Processing assembly Library/Bee/artifacts/1300b0aP.dag/Unity.AI.Navigation.dll, with 125 defines and 198 references
[40m[32minfo[39m[22m[49m: Unity.ILPP.Runner.PostProcessingPipeline[0]
      processors: Unity.Jobs.CodeGen.JobsILPostProcessor, zzzUnity.Burst.CodeGen.BurstILPostProcessor
[40m[32minfo[39m[22m[49m: Unity.ILPP.Runner.PostProcessingPipeline[0]
      running Unity.Jobs.CodeGen.JobsILPostProcessor
[40m[32minfo[39m[22m[49m: Unity.ILPP.Runner.PostProcessingPipeline[0]
      running zzzUnity.Burst.CodeGen.BurstILPostProcessor
[40m[32minfo[39m[22m[49m: Microsoft.AspNetCore.Routing.EndpointMiddleware[1]
      Executed endpoint 'gRPC - /UnityILPP.PostProcessing/PostProcessAssembly'
[40m[32minfo[39m[22m[49m: Microsoft.AspNetCore.Hosting.Diagnostics[2]
      Request finished HTTP/2 POST http://ilpp/UnityILPP.PostProcessing/PostProcessAssembly application/grpc - - 200 - application/grpc 0.4055ms
[40m[32minfo[39m[22m[49m: Microsoft.AspNetCore.Hosting.Diagnostics[1]
      Request starting HTTP/2 POST http://ilpp/UnityILPP.PostProcessing/PostProcessAssembly application/grpc -
[40m[32minfo[39m[22m[49m: Microsoft.AspNetCore.Routing.EndpointMiddleware[0]
      Executing endpoint 'gRPC - /UnityILPP.PostProcessing/PostProcessAssembly'
[40m[32minfo[39m[22m[49m: Microsoft.AspNetCore.Routing.EndpointMiddleware[1]
      Executed endpoint 'gRPC - /UnityILPP.PostProcessing/PostProcessAssembly'
[40m[32minfo[39m[22m[49m: Unity.ILPP.Runner.PostProcessingPipeline[0]
      Processing assembly Library/Bee/artifacts/1300b0aP.dag/Meta.Wit.Composer.dll, with 125 defines and 202 references
[40m[32minfo[39m[22m[49m: Unity.ILPP.Runner.PostProcessingPipeline[0]
      processors: Unity.Jobs.CodeGen.JobsILPostProcessor, zzzUnity.Burst.CodeGen.BurstILPostProcessor
[40m[32minfo[39m[22m[49m: Microsoft.AspNetCore.Hosting.Diagnostics[2]
      Request finished HTTP/2 POST http://ilpp/UnityILPP.PostProcessing/PostProcessAssembly application/grpc - - 200 - application/grpc 3.2177ms
[40m[32minfo[39m[22m[49m: Unity.ILPP.Runner.PostProcessingPipeline[0]
      running Unity.Jobs.CodeGen.JobsILPostProcessor
[40m[32minfo[39m[22m[49m: Unity.ILPP.Runner.PostProcessingPipeline[0]
      running zzzUnity.Burst.CodeGen.BurstILPostProcessor
[40m[32minfo[39m[22m[49m: Microsoft.AspNetCore.Routing.EndpointMiddleware[1]
      Executed endpoint 'gRPC - /UnityILPP.PostProcessing/PostProcessAssembly'
[40m[32minfo[39m[22m[49m: Microsoft.AspNetCore.Hosting.Diagnostics[2]
      Request finished HTTP/2 POST http://ilpp/UnityILPP.PostProcessing/PostProcessAssembly application/grpc - - 200 - application/grpc 0.4294ms
[40m[32minfo[39m[22m[49m: Microsoft.AspNetCore.Hosting.Diagnostics[1]
      Request starting HTTP/2 POST http://ilpp/UnityILPP.PostProcessing/PostProcessAssembly application/grpc -
[40m[32minfo[39m[22m[49m: Microsoft.AspNetCore.Routing.EndpointMiddleware[0]
      Executing endpoint 'gRPC - /UnityILPP.PostProcessing/PostProcessAssembly'
[40m[32minfo[39m[22m[49m: Unity.ILPP.Runner.PostProcessingPipeline[0]
      Processing assembly Library/Bee/artifacts/1300b0aP.dag/UnityEngine.SpatialTracking.dll, with 124 defines and 198 references
[40m[32minfo[39m[22m[49m: Unity.ILPP.Runner.PostProcessingPipeline[0]
      processors: Unity.Jobs.CodeGen.JobsILPostProcessor, zzzUnity.Burst.CodeGen.BurstILPostProcessor
[40m[32minfo[39m[22m[49m: Unity.ILPP.Runner.PostProcessingPipeline[0]
      running Unity.Jobs.CodeGen.JobsILPostProcessor
[40m[32minfo[39m[22m[49m: Unity.ILPP.Runner.PostProcessingPipeline[0]
      running zzzUnity.Burst.CodeGen.BurstILPostProcessor
[40m[32minfo[39m[22m[49m: Microsoft.AspNetCore.Hosting.Diagnostics[1]
      Request starting HTTP/2 POST http://ilpp/UnityILPP.PostProcessing/PostProcessAssembly application/grpc -
[40m[32minfo[39m[22m[49m: Microsoft.AspNetCore.Routing.EndpointMiddleware[0]
      Executing endpoint 'gRPC - /UnityILPP.PostProcessing/PostProcessAssembly'
[40m[32minfo[39m[22m[49m: Unity.ILPP.Runner.PostProcessingPipeline[0]
      Processing assembly Library/Bee/artifacts/1300b0aP.dag/Oculus.Platform.dll, with 126 defines and 198 references
[40m[32minfo[39m[22m[49m: Microsoft.AspNetCore.Routing.EndpointMiddleware[1]
      Executed endpoint 'gRPC - /UnityILPP.PostProcessing/PostProcessAssembly'
[40m[32minfo[39m[22m[49m: Unity.ILPP.Runner.PostProcessingPipeline[0]
      processors: Unity.Jobs.CodeGen.JobsILPostProcessor, zzzUnity.Burst.CodeGen.BurstILPostProcessor
[40m[32minfo[39m[22m[49m: Microsoft.AspNetCore.Hosting.Diagnostics[2]
      Request finished HTTP/2 POST http://ilpp/UnityILPP.PostProcessing/PostProcessAssembly application/grpc - - 200 - application/grpc 0.5417ms
[40m[32minfo[39m[22m[49m: Unity.ILPP.Runner.PostProcessingPipeline[0]
      running Unity.Jobs.CodeGen.JobsILPostProcessor
[40m[32minfo[39m[22m[49m: Unity.ILPP.Runner.PostProcessingPipeline[0]
      running zzzUnity.Burst.CodeGen.BurstILPostProcessor
[40m[32minfo[39m[22m[49m: Microsoft.AspNetCore.Routing.EndpointMiddleware[1]
      Executed endpoint 'gRPC - /UnityILPP.PostProcessing/PostProcessAssembly'
[40m[32minfo[39m[22m[49m: Microsoft.AspNetCore.Hosting.Diagnostics[2]
      Request finished HTTP/2 POST http://ilpp/UnityILPP.PostProcessing/PostProcessAssembly application/grpc - - 200 - application/grpc 0.6212ms
[40m[32minfo[39m[22m[49m: Microsoft.AspNetCore.Hosting.Diagnostics[1]
      Request starting HTTP/2 POST http://ilpp/UnityILPP.PostProcessing/PostProcessAssembly application/grpc -
[40m[32minfo[39m[22m[49m: Microsoft.AspNetCore.Routing.EndpointMiddleware[0]
      Executing endpoint 'gRPC - /UnityILPP.PostProcessing/PostProcessAssembly'
[40m[32minfo[39m[22m[49m: Microsoft.AspNetCore.Hosting.Diagnostics[1]
      Request starting HTTP/2 POST http://ilpp/UnityILPP.PostProcessing/PostProcessAssembly application/grpc -
[40m[32minfo[39m[22m[49m: Unity.ILPP.Runner.PostProcessingPipeline[0]
      Processing assembly Library/Bee/artifacts/1300b0aP.dag/AssistantCoreSDKRuntime.dll, with 125 defines and 198 references
[40m[32minfo[39m[22m[49m: Microsoft.AspNetCore.Routing.EndpointMiddleware[0]
      Executing endpoint 'gRPC - /UnityILPP.PostProcessing/PostProcessAssembly'
[40m[32minfo[39m[22m[49m: Unity.ILPP.Runner.PostProcessingPipeline[0]
      processors: Unity.Jobs.CodeGen.JobsILPostProcessor, zzzUnity.Burst.CodeGen.BurstILPostProcessor
[40m[32minfo[39m[22m[49m: Unity.ILPP.Runner.PostProcessingPipeline[0]
      Processing assembly Library/Bee/artifacts/1300b0aP.dag/VoiceSDK.Runtime.dll, with 125 defines and 204 references
[40m[32minfo[39m[22m[49m: Unity.ILPP.Runner.PostProcessingPipeline[0]
      processors: Unity.Jobs.CodeGen.JobsILPostProcessor, zzzUnity.Burst.CodeGen.BurstILPostProcessor
[40m[32minfo[39m[22m[49m: Unity.ILPP.Runner.PostProcessingPipeline[0]
      running Unity.Jobs.CodeGen.JobsILPostProcessor
[40m[32minfo[39m[22m[49m: Unity.ILPP.Runner.PostProcessingPipeline[0]
      running zzzUnity.Burst.CodeGen.BurstILPostProcessor
[40m[32minfo[39m[22m[49m: Unity.ILPP.Runner.PostProcessingPipeline[0]
      running Unity.Jobs.CodeGen.JobsILPostProcessor
[40m[32minfo[39m[22m[49m: Unity.ILPP.Runner.PostProcessingPipeline[0]
      running zzzUnity.Burst.CodeGen.BurstILPostProcessor
[40m[32minfo[39m[22m[49m: Microsoft.AspNetCore.Routing.EndpointMiddleware[1]
      Executed endpoint 'gRPC - /UnityILPP.PostProcessing/PostProcessAssembly'
[40m[32minfo[39m[22m[49m: Microsoft.AspNetCore.Hosting.Diagnostics[2]
      Request finished HTTP/2 POST http://ilpp/UnityILPP.PostProcessing/PostProcessAssembly application/grpc - - 200 - application/grpc 0.6994ms
[40m[32minfo[39m[22m[49m: Microsoft.AspNetCore.Routing.EndpointMiddleware[1]
      Executed endpoint 'gRPC - /UnityILPP.PostProcessing/PostProcessAssembly'
[40m[32minfo[39m[22m[49m: Microsoft.AspNetCore.Hosting.Diagnostics[2]
      Request finished HTTP/2 POST http://ilpp/UnityILPP.PostProcessing/PostProcessAssembly application/grpc - - 200 - application/grpc 6.7613ms
[40m[32minfo[39m[22m[49m: Microsoft.AspNetCore.Hosting.Diagnostics[1]
      Request starting HTTP/2 POST http://ilpp/UnityILPP.PostProcessing/PostProcessAssembly application/grpc -
[40m[32minfo[39m[22m[49m: Microsoft.AspNetCore.Routing.EndpointMiddleware[0]
      Executing endpoint 'gRPC - /UnityILPP.PostProcessing/PostProcessAssembly'
[40m[32minfo[39m[22m[49m: Unity.ILPP.Runner.PostProcessingPipeline[0]
      Processing assembly Library/Bee/artifacts/1300b0aP.dag/Unity.XR.Management.dll, with 125 defines and 198 references
[40m[32minfo[39m[22m[49m: Unity.ILPP.Runner.PostProcessingPipeline[0]
      processors: Unity.Jobs.CodeGen.JobsILPostProcessor, zzzUnity.Burst.CodeGen.BurstILPostProcessor
[40m[32minfo[39m[22m[49m: Unity.ILPP.Runner.PostProcessingPipeline[0]
      running Unity.Jobs.CodeGen.JobsILPostProcessor
[40m[32minfo[39m[22m[49m: Unity.ILPP.Runner.PostProcessingPipeline[0]
      running zzzUnity.Burst.CodeGen.BurstILPostProcessor
[40m[32minfo[39m[22m[49m: Microsoft.AspNetCore.Routing.EndpointMiddleware[1]
      Executed endpoint 'gRPC - /UnityILPP.PostProcessing/PostProcessAssembly'
[40m[32minfo[39m[22m[49m: Microsoft.AspNetCore.Hosting.Diagnostics[2]
      Request finished HTTP/2 POST http://ilpp/UnityILPP.PostProcessing/PostProcessAssembly application/grpc - - 200 - application/grpc 1.8249ms
[40m[32minfo[39m[22m[49m: Microsoft.AspNetCore.Hosting.Diagnostics[1]
      Request starting HTTP/2 POST http://ilpp/UnityILPP.PostProcessing/PostProcessAssembly application/grpc -
[40m[32minfo[39m[22m[49m: Microsoft.AspNetCore.Hosting.Diagnostics[1]
      Request starting HTTP/2 POST http://ilpp/UnityILPP.PostProcessing/PostProcessAssembly application/grpc -
[40m[32minfo[39m[22m[49m: Microsoft.AspNetCore.Routing.EndpointMiddleware[0]
      Executing endpoint 'gRPC - /UnityILPP.PostProcessing/PostProcessAssembly'
[40m[32minfo[39m[22m[49m: Microsoft.AspNetCore.Routing.EndpointMiddleware[0]
      Executing endpoint 'gRPC - /UnityILPP.PostProcessing/PostProcessAssembly'
[40m[32minfo[39m[22m[49m: Unity.ILPP.Runner.PostProcessingPipeline[0]
      Processing assembly Library/Bee/artifacts/1300b0aP.dag/Meta.Voice.Hub.Runtime.dll, with 125 defines and 198 references
[40m[32minfo[39m[22m[49m: Unity.ILPP.Runner.PostProcessingPipeline[0]
      processors: Unity.Jobs.CodeGen.JobsILPostProcessor, zzzUnity.Burst.CodeGen.BurstILPostProcessor
[40m[32minfo[39m[22m[49m: Unity.ILPP.Runner.PostProcessingPipeline[0]
      running Unity.Jobs.CodeGen.JobsILPostProcessor
[40m[32minfo[39m[22m[49m: Unity.ILPP.Runner.PostProcessingPipeline[0]
      running zzzUnity.Burst.CodeGen.BurstILPostProcessor
[40m[32minfo[39m[22m[49m: Unity.ILPP.Runner.PostProcessingPipeline[0]
      Processing assembly Library/Bee/artifacts/1300b0aP.dag/Unity.RenderPipelines.Core.Runtime.Shared.dll, with 124 defines and 199 references
[40m[32minfo[39m[22m[49m: Unity.ILPP.Runner.PostProcessingPipeline[0]
      processors: Unity.Jobs.CodeGen.JobsILPostProcessor, zzzUnity.Burst.CodeGen.BurstILPostProcessor
[40m[32minfo[39m[22m[49m: Unity.ILPP.Runner.PostProcessingPipeline[0]
      running Unity.Jobs.CodeGen.JobsILPostProcessor
[40m[32minfo[39m[22m[49m: Unity.ILPP.Runner.PostProcessingPipeline[0]
      running zzzUnity.Burst.CodeGen.BurstILPostProcessor
[40m[32minfo[39m[22m[49m: Microsoft.AspNetCore.Routing.EndpointMiddleware[1]
      Executed endpoint 'gRPC - /UnityILPP.PostProcessing/PostProcessAssembly'
[40m[32minfo[39m[22m[49m: Microsoft.AspNetCore.Hosting.Diagnostics[2]
      Request finished HTTP/2 POST http://ilpp/UnityILPP.PostProcessing/PostProcessAssembly application/grpc - - 200 - application/grpc 1.5884ms
[40m[32minfo[39m[22m[49m: Microsoft.AspNetCore.Routing.EndpointMiddleware[1]
      Executed endpoint 'gRPC - /UnityILPP.PostProcessing/PostProcessAssembly'
[40m[32minfo[39m[22m[49m: Microsoft.AspNetCore.Hosting.Diagnostics[2]
      Request finished HTTP/2 POST http://ilpp/UnityILPP.PostProcessing/PostProcessAssembly application/grpc - - 200 - application/grpc 5.2655ms
[40m[32minfo[39m[22m[49m: Microsoft.AspNetCore.Hosting.Diagnostics[1]
      Request starting HTTP/2 POST http://ilpp/UnityILPP.PostProcessing/PostProcessAssembly application/grpc -
[40m[32minfo[39m[22m[49m: Microsoft.AspNetCore.Hosting.Diagnostics[1]
      Request starting HTTP/2 POST http://ilpp/UnityILPP.PostProcessing/PostProcessAssembly application/grpc -
[40m[32minfo[39m[22m[49m: Microsoft.AspNetCore.Routing.EndpointMiddleware[0]
      Executing endpoint 'gRPC - /UnityILPP.PostProcessing/PostProcessAssembly'
[40m[32minfo[39m[22m[49m: Microsoft.AspNetCore.Routing.EndpointMiddleware[0]
      Executing endpoint 'gRPC - /UnityILPP.PostProcessing/PostProcessAssembly'
[40m[32minfo[39m[22m[49m: Unity.ILPP.Runner.PostProcessingPipeline[0]
      Processing assembly Library/Bee/artifacts/1300b0aP.dag/VoiceSDK.Dictation.Runtime.dll, with 125 defines and 203 references
[40m[32minfo[39m[22m[49m: Unity.ILPP.Runner.PostProcessingPipeline[0]
      Processing assembly Library/Bee/artifacts/1300b0aP.dag/VoiceSDK.Telemetry.Runtime.dll, with 125 defines and 198 references
[40m[32minfo[39m[22m[49m: Unity.ILPP.Runner.PostProcessingPipeline[0]
      processors: Unity.Jobs.CodeGen.JobsILPostProcessor, zzzUnity.Burst.CodeGen.BurstILPostProcessor
[40m[32minfo[39m[22m[49m: Unity.ILPP.Runner.PostProcessingPipeline[0]
      processors: Unity.Jobs.CodeGen.JobsILPostProcessor, zzzUnity.Burst.CodeGen.BurstILPostProcessor
[40m[32minfo[39m[22m[49m: Unity.ILPP.Runner.PostProcessingPipeline[0]
      running Unity.Jobs.CodeGen.JobsILPostProcessor
[40m[32minfo[39m[22m[49m: Unity.ILPP.Runner.PostProcessingPipeline[0]
      running Unity.Jobs.CodeGen.JobsILPostProcessor
[40m[32minfo[39m[22m[49m: Unity.ILPP.Runner.PostProcessingPipeline[0]
      running zzzUnity.Burst.CodeGen.BurstILPostProcessor
[40m[32minfo[39m[22m[49m: Unity.ILPP.Runner.PostProcessingPipeline[0]
      running zzzUnity.Burst.CodeGen.BurstILPostProcessor
[40m[32minfo[39m[22m[49m: Microsoft.AspNetCore.Routing.EndpointMiddleware[1]
      Executed endpoint 'gRPC - /UnityILPP.PostProcessing/PostProcessAssembly'
[40m[32minfo[39m[22m[49m: Microsoft.AspNetCore.Routing.EndpointMiddleware[1]
      Executed endpoint 'gRPC - /UnityILPP.PostProcessing/PostProcessAssembly'
[40m[32minfo[39m[22m[49m: Microsoft.AspNetCore.Hosting.Diagnostics[2]
      Request finished HTTP/2 POST http://ilpp/UnityILPP.PostProcessing/PostProcessAssembly application/grpc - - 200 - application/grpc 0.8316ms
[40m[32minfo[39m[22m[49m: Microsoft.AspNetCore.Hosting.Diagnostics[2]
      Request finished HTTP/2 POST http://ilpp/UnityILPP.PostProcessing/PostProcessAssembly application/grpc - - 200 - application/grpc 0.8653ms
[40m[32minfo[39m[22m[49m: Microsoft.AspNetCore.Hosting.Diagnostics[1]
      Request starting HTTP/2 POST http://ilpp/UnityILPP.PostProcessing/PostProcessAssembly application/grpc -
[40m[32minfo[39m[22m[49m: Microsoft.AspNetCore.Routing.EndpointMiddleware[0]
      Executing endpoint 'gRPC - /UnityILPP.PostProcessing/PostProcessAssembly'
[40m[32minfo[39m[22m[49m: Unity.ILPP.Runner.PostProcessingPipeline[0]
      Processing assembly Library/Bee/artifacts/1300b0aP.dag/Unity.RenderPipelines.ShaderGraph.ShaderGraphLibrary.dll, with 124 defines and 198 references
[40m[32minfo[39m[22m[49m: Unity.ILPP.Runner.PostProcessingPipeline[0]
      processors: Unity.Jobs.CodeGen.JobsILPostProcessor, zzzUnity.Burst.CodeGen.BurstILPostProcessor
[40m[32minfo[39m[22m[49m: Unity.ILPP.Runner.PostProcessingPipeline[0]
      running Unity.Jobs.CodeGen.JobsILPostProcessor
[40m[32minfo[39m[22m[49m: Unity.ILPP.Runner.PostProcessingPipeline[0]
      running zzzUnity.Burst.CodeGen.BurstILPostProcessor
[40m[32minfo[39m[22m[49m: Microsoft.AspNetCore.Routing.EndpointMiddleware[1]
      Executed endpoint 'gRPC - /UnityILPP.PostProcessing/PostProcessAssembly'
[40m[32minfo[39m[22m[49m: Microsoft.AspNetCore.Hosting.Diagnostics[2]
      Request finished HTTP/2 POST http://ilpp/UnityILPP.PostProcessing/PostProcessAssembly application/grpc - - 200 - application/grpc 0.7321ms
[40m[32minfo[39m[22m[49m: Unity.ILPP.Runner.PostProcessingAssemblyLoadContext[0]
      Resolved Unity.Burst.Cecil.Rocks, Version=0.11.4.0, Culture=neutral, PublicKeyToken=50cebf1cceb9d05e with Library/PackageCache/com.unity.burst@973857688024/Unity.Burst.CodeGen/Unity.Burst.Cecil.Rocks.dll
[40m[32minfo[39m[22m[49m: Microsoft.AspNetCore.Hosting.Diagnostics[1]
      Request starting HTTP/2 POST http://ilpp/UnityILPP.PostProcessing/PostProcessAssembly application/grpc -
[40m[32minfo[39m[22m[49m: Microsoft.AspNetCore.Routing.EndpointMiddleware[0]
      Executing endpoint 'gRPC - /UnityILPP.PostProcessing/PostProcessAssembly'
[40m[32minfo[39m[22m[49m: Unity.ILPP.Runner.PostProcessingPipeline[0]
      Processing assembly Library/Bee/artifacts/1300b0aP.dag/Meta.WitAi.TTS.dll, with 125 defines and 200 references
[40m[32minfo[39m[22m[49m: Unity.ILPP.Runner.PostProcessingPipeline[0]
      processors: Unity.Jobs.CodeGen.JobsILPostProcessor, zzzUnity.Burst.CodeGen.BurstILPostProcessor
[40m[32minfo[39m[22m[49m: Unity.ILPP.Runner.PostProcessingPipeline[0]
      running Unity.Jobs.CodeGen.JobsILPostProcessor
[40m[32minfo[39m[22m[49m: Unity.ILPP.Runner.PostProcessingPipeline[0]
      running zzzUnity.Burst.CodeGen.BurstILPostProcessor
[40m[32minfo[39m[22m[49m: Microsoft.AspNetCore.Routing.EndpointMiddleware[1]
      Executed endpoint 'gRPC - /UnityILPP.PostProcessing/PostProcessAssembly'
[40m[32minfo[39m[22m[49m: Microsoft.AspNetCore.Hosting.Diagnostics[2]
      Request finished HTTP/2 POST http://ilpp/UnityILPP.PostProcessing/PostProcessAssembly application/grpc - - 200 - application/grpc 1.3282ms
[40m[32minfo[39m[22m[49m: Microsoft.AspNetCore.Hosting.Diagnostics[1]
      Request starting HTTP/2 POST http://ilpp/UnityILPP.PostProcessing/PostProcessAssembly application/grpc -
[40m[32minfo[39m[22m[49m: Microsoft.AspNetCore.Hosting.Diagnostics[1]
      Request starting HTTP/2 POST http://ilpp/UnityILPP.PostProcessing/PostProcessAssembly application/grpc -
[40m[32minfo[39m[22m[49m: Microsoft.AspNetCore.Routing.EndpointMiddleware[0]
      Executing endpoint 'gRPC - /UnityILPP.PostProcessing/PostProcessAssembly'
[40m[32minfo[39m[22m[49m: Microsoft.AspNetCore.Routing.EndpointMiddleware[0]
      Executing endpoint 'gRPC - /UnityILPP.PostProcessing/PostProcessAssembly'
[40m[32minfo[39m[22m[49m: Unity.ILPP.Runner.PostProcessingPipeline[0]
      Processing assembly Library/Bee/artifacts/1300b0aP.dag/VoiceSDK.Runtime.Composer.dll, with 125 defines and 206 references
[40m[32minfo[39m[22m[49m: Unity.ILPP.Runner.PostProcessingPipeline[0]
      Processing assembly Library/Bee/artifacts/1300b0aP.dag/Unity.Rendering.LightTransport.Runtime.dll, with 124 defines and 201 references
[40m[32minfo[39m[22m[49m: Unity.ILPP.Runner.PostProcessingPipeline[0]
      processors: Unity.Jobs.CodeGen.JobsILPostProcessor, zzzUnity.Burst.CodeGen.BurstILPostProcessor
[40m[32minfo[39m[22m[49m: Unity.ILPP.Runner.PostProcessingPipeline[0]
      processors: Unity.Jobs.CodeGen.JobsILPostProcessor, zzzUnity.Burst.CodeGen.BurstILPostProcessor
[40m[32minfo[39m[22m[49m: Unity.ILPP.Runner.PostProcessingPipeline[0]
      running Unity.Jobs.CodeGen.JobsILPostProcessor
[40m[32minfo[39m[22m[49m: Unity.ILPP.Runner.PostProcessingPipeline[0]
      running zzzUnity.Burst.CodeGen.BurstILPostProcessor
[40m[32minfo[39m[22m[49m: Unity.ILPP.Runner.PostProcessingPipeline[0]
      running Unity.Jobs.CodeGen.JobsILPostProcessor
[40m[32minfo[39m[22m[49m: Microsoft.AspNetCore.Routing.EndpointMiddleware[1]
      Executed endpoint 'gRPC - /UnityILPP.PostProcessing/PostProcessAssembly'
[40m[32minfo[39m[22m[49m: Microsoft.AspNetCore.Hosting.Diagnostics[2]
      Request finished HTTP/2 POST http://ilpp/UnityILPP.PostProcessing/PostProcessAssembly application/grpc - - 200 - application/grpc 0.5496ms
[40m[32minfo[39m[22m[49m: Microsoft.AspNetCore.Hosting.Diagnostics[1]
      Request starting HTTP/2 POST http://ilpp/UnityILPP.PostProcessing/PostProcessAssembly application/grpc -
[40m[32minfo[39m[22m[49m: Microsoft.AspNetCore.Hosting.Diagnostics[1]
      Request starting HTTP/2 POST http://ilpp/UnityILPP.PostProcessing/PostProcessAssembly application/grpc -
[40m[32minfo[39m[22m[49m: Microsoft.AspNetCore.Routing.EndpointMiddleware[0]
      Executing endpoint 'gRPC - /UnityILPP.PostProcessing/PostProcessAssembly'
[40m[32minfo[39m[22m[49m: Microsoft.AspNetCore.Routing.EndpointMiddleware[0]
      Executing endpoint 'gRPC - /UnityILPP.PostProcessing/PostProcessAssembly'
[40m[32minfo[39m[22m[49m: Unity.ILPP.Runner.PostProcessingPipeline[0]
      Processing assembly Library/Bee/artifacts/1300b0aP.dag/Unity.TextMeshPro.dll, with 125 defines and 198 references
[40m[32minfo[39m[22m[49m: Unity.ILPP.Runner.PostProcessingPipeline[0]
      Processing assembly Library/Bee/artifacts/1300b0aP.dag/Unity.Timeline.dll, with 125 defines and 198 references
[40m[32minfo[39m[22m[49m: Unity.ILPP.Runner.PostProcessingPipeline[0]
      processors: Unity.Jobs.CodeGen.JobsILPostProcessor, zzzUnity.Burst.CodeGen.BurstILPostProcessor
[40m[32minfo[39m[22m[49m: Unity.ILPP.Runner.PostProcessingPipeline[0]
      processors: Unity.Jobs.CodeGen.JobsILPostProcessor, zzzUnity.Burst.CodeGen.BurstILPostProcessor
[40m[32minfo[39m[22m[49m: Unity.ILPP.Runner.PostProcessingPipeline[0]
      running Unity.Jobs.CodeGen.JobsILPostProcessor
[40m[32minfo[39m[22m[49m: Unity.ILPP.Runner.PostProcessingPipeline[0]
      running zzzUnity.Burst.CodeGen.BurstILPostProcessor
[40m[32minfo[39m[22m[49m: Unity.ILPP.Runner.PostProcessingPipeline[0]
      running Unity.Jobs.CodeGen.JobsILPostProcessor
[40m[32minfo[39m[22m[49m: Unity.ILPP.Runner.PostProcessingPipeline[0]
      running zzzUnity.Burst.CodeGen.BurstILPostProcessor
[40m[32minfo[39m[22m[49m: Microsoft.AspNetCore.Hosting.Diagnostics[1]
      Request starting HTTP/2 POST http://ilpp/UnityILPP.PostProcessing/PostProcessAssembly application/grpc -
[40m[32minfo[39m[22m[49m: Microsoft.AspNetCore.Routing.EndpointMiddleware[0]
      Executing endpoint 'gRPC - /UnityILPP.PostProcessing/PostProcessAssembly'
[40m[32minfo[39m[22m[49m: Microsoft.AspNetCore.Routing.EndpointMiddleware[1]
      Executed endpoint 'gRPC - /UnityILPP.PostProcessing/PostProcessAssembly'
[40m[32minfo[39m[22m[49m: Microsoft.AspNetCore.Hosting.Diagnostics[2]
      Request finished HTTP/2 POST http://ilpp/UnityILPP.PostProcessing/PostProcessAssembly application/grpc - - 200 - application/grpc 8.3324ms
[40m[32minfo[39m[22m[49m: Unity.ILPP.Runner.PostProcessingPipeline[0]
      Processing assembly Library/Bee/artifacts/1300b0aP.dag/Unity.Collections.dll, with 126 defines and 200 references
[40m[32minfo[39m[22m[49m: Unity.ILPP.Runner.PostProcessingPipeline[0]
      processors: Unity.Jobs.CodeGen.JobsILPostProcessor, zzzUnity.Burst.CodeGen.BurstILPostProcessor
[40m[32minfo[39m[22m[49m: Unity.ILPP.Runner.PostProcessingPipeline[0]
      running Unity.Jobs.CodeGen.JobsILPostProcessor
[40m[32minfo[39m[22m[49m: Microsoft.AspNetCore.Routing.EndpointMiddleware[1]
      Executed endpoint 'gRPC - /UnityILPP.PostProcessing/PostProcessAssembly'
[40m[32minfo[39m[22m[49m: Microsoft.AspNetCore.Hosting.Diagnostics[2]
      Request finished HTTP/2 POST http://ilpp/UnityILPP.PostProcessing/PostProcessAssembly application/grpc - - 200 - application/grpc 12.3141ms
[40m[32minfo[39m[22m[49m: Microsoft.AspNetCore.Hosting.Diagnostics[1]
      Request starting HTTP/2 POST http://ilpp/UnityILPP.PostProcessing/PostProcessAssembly application/grpc -
[40m[32minfo[39m[22m[49m: Microsoft.AspNetCore.Hosting.Diagnostics[1]
      Request starting HTTP/2 POST http://ilpp/UnityILPP.PostProcessing/PostProcessAssembly application/grpc -
[40m[32minfo[39m[22m[49m: Microsoft.AspNetCore.Routing.EndpointMiddleware[0]
      Executing endpoint 'gRPC - /UnityILPP.PostProcessing/PostProcessAssembly'
[40m[32minfo[39m[22m[49m: Microsoft.AspNetCore.Routing.EndpointMiddleware[0]
      Executing endpoint 'gRPC - /UnityILPP.PostProcessing/PostProcessAssembly'
[40m[32minfo[39m[22m[49m: Unity.ILPP.Runner.PostProcessingPipeline[0]
      Processing assembly Library/Bee/artifacts/1300b0aP.dag/Unity.Mathematics.dll, with 124 defines and 198 references
[40m[32minfo[39m[22m[49m: Unity.ILPP.Runner.PostProcessingPipeline[0]
      processors: Unity.Jobs.CodeGen.JobsILPostProcessor, zzzUnity.Burst.CodeGen.BurstILPostProcessor
[40m[32minfo[39m[22m[49m: Unity.ILPP.Runner.PostProcessingPipeline[0]
      Processing assembly Library/Bee/artifacts/1300b0aP.dag/Unity.InputSystem.dll, with 132 defines and 198 references
[40m[32minfo[39m[22m[49m: Unity.ILPP.Runner.PostProcessingPipeline[0]
      processors: Unity.Jobs.CodeGen.JobsILPostProcessor, zzzUnity.Burst.CodeGen.BurstILPostProcessor
[40m[32minfo[39m[22m[49m: Unity.ILPP.Runner.PostProcessingPipeline[0]
      running Unity.Jobs.CodeGen.JobsILPostProcessor
[40m[32minfo[39m[22m[49m: Unity.ILPP.Runner.PostProcessingPipeline[0]
      running zzzUnity.Burst.CodeGen.BurstILPostProcessor
[40m[32minfo[39m[22m[49m: Microsoft.AspNetCore.Routing.EndpointMiddleware[1]
      Executed endpoint 'gRPC - /UnityILPP.PostProcessing/PostProcessAssembly'
[40m[32minfo[39m[22m[49m: Microsoft.AspNetCore.Hosting.Diagnostics[2]
      Request finished HTTP/2 POST http://ilpp/UnityILPP.PostProcessing/PostProcessAssembly application/grpc - - 200 - application/grpc 2.3028ms
[40m[32minfo[39m[22m[49m: Unity.ILPP.Runner.PostProcessingPipeline[0]
      running Unity.Jobs.CodeGen.JobsILPostProcessor
[40m[32minfo[39m[22m[49m: Unity.ILPP.Runner.PostProcessingPipeline[0]
      running zzzUnity.Burst.CodeGen.BurstILPostProcessor
[40m[32minfo[39m[22m[49m: Microsoft.AspNetCore.Routing.EndpointMiddleware[1]
      Executed endpoint 'gRPC - /UnityILPP.PostProcessing/PostProcessAssembly'
[40m[32minfo[39m[22m[49m: Microsoft.AspNetCore.Hosting.Diagnostics[2]
      Request finished HTTP/2 POST http://ilpp/UnityILPP.PostProcessing/PostProcessAssembly application/grpc - - 200 - application/grpc 4.1644ms
[40m[32minfo[39m[22m[49m: Microsoft.AspNetCore.Hosting.Diagnostics[1]
      Request starting HTTP/2 POST http://ilpp/UnityILPP.PostProcessing/PostProcessAssembly application/grpc -
[40m[32minfo[39m[22m[49m: Microsoft.AspNetCore.Hosting.Diagnostics[1]
      Request starting HTTP/2 POST http://ilpp/UnityILPP.PostProcessing/PostProcessAssembly application/grpc -
[40m[32minfo[39m[22m[49m: Microsoft.AspNetCore.Routing.EndpointMiddleware[0]
      Executing endpoint 'gRPC - /UnityILPP.PostProcessing/PostProcessAssembly'
[40m[32minfo[39m[22m[49m: Microsoft.AspNetCore.Routing.EndpointMiddleware[0]
      Executing endpoint 'gRPC - /UnityILPP.PostProcessing/PostProcessAssembly'
[40m[32minfo[39m[22m[49m: Unity.ILPP.Runner.PostProcessingPipeline[0]
      Processing assembly Library/Bee/artifacts/1300b0aP.dag/Unity.RenderPipeline.Universal.ShaderLibrary.dll, with 124 defines and 199 references
[40m[32minfo[39m[22m[49m: Unity.ILPP.Runner.PostProcessingPipeline[0]
      Processing assembly Library/Bee/artifacts/1300b0aP.dag/UnityEngine.XR.LegacyInputHelpers.dll, with 124 defines and 199 references
[40m[32minfo[39m[22m[49m: Unity.ILPP.Runner.PostProcessingPipeline[0]
      processors: Unity.Jobs.CodeGen.JobsILPostProcessor, zzzUnity.Burst.CodeGen.BurstILPostProcessor
[40m[32minfo[39m[22m[49m: Unity.ILPP.Runner.PostProcessingPipeline[0]
      processors: Unity.Jobs.CodeGen.JobsILPostProcessor, zzzUnity.Burst.CodeGen.BurstILPostProcessor
[40m[32minfo[39m[22m[49m: Unity.ILPP.Runner.PostProcessingPipeline[0]
      running Unity.Jobs.CodeGen.JobsILPostProcessor
[40m[32minfo[39m[22m[49m: Unity.ILPP.Runner.PostProcessingPipeline[0]
      running Unity.Jobs.CodeGen.JobsILPostProcessor
[40m[32minfo[39m[22m[49m: Unity.ILPP.Runner.PostProcessingPipeline[0]
      running zzzUnity.Burst.CodeGen.BurstILPostProcessor
[40m[32minfo[39m[22m[49m: Unity.ILPP.Runner.PostProcessingPipeline[0]
      running zzzUnity.Burst.CodeGen.BurstILPostProcessor
[40m[32minfo[39m[22m[49m: Microsoft.AspNetCore.Routing.EndpointMiddleware[1]
      Executed endpoint 'gRPC - /UnityILPP.PostProcessing/PostProcessAssembly'
[40m[32minfo[39m[22m[49m: Microsoft.AspNetCore.Hosting.Diagnostics[2]
      Request finished HTTP/2 POST http://ilpp/UnityILPP.PostProcessing/PostProcessAssembly application/grpc - - 200 - application/grpc 0.6810ms
[40m[32minfo[39m[22m[49m: Microsoft.AspNetCore.Routing.EndpointMiddleware[1]
      Executed endpoint 'gRPC - /UnityILPP.PostProcessing/PostProcessAssembly'
[40m[32minfo[39m[22m[49m: Microsoft.AspNetCore.Hosting.Diagnostics[2]
      Request finished HTTP/2 POST http://ilpp/UnityILPP.PostProcessing/PostProcessAssembly application/grpc - - 200 - application/grpc 1.4193ms
[40m[32minfo[39m[22m[49m: Microsoft.AspNetCore.Hosting.Diagnostics[1]
      Request starting HTTP/2 POST http://ilpp/UnityILPP.PostProcessing/PostProcessAssembly application/grpc -
[40m[32minfo[39m[22m[49m: Microsoft.AspNetCore.Routing.EndpointMiddleware[0]
      Executing endpoint 'gRPC - /UnityILPP.PostProcessing/PostProcessAssembly'
[40m[32minfo[39m[22m[49m: Unity.ILPP.Runner.PostProcessingPipeline[0]
      Processing assembly Library/Bee/artifacts/1300b0aP.dag/UnityEngine.UI.dll, with 130 defines and 197 references
[40m[32minfo[39m[22m[49m: Unity.ILPP.Runner.PostProcessingPipeline[0]
      processors: Unity.Jobs.CodeGen.JobsILPostProcessor, zzzUnity.Burst.CodeGen.BurstILPostProcessor
[40m[32minfo[39m[22m[49m: Unity.ILPP.Runner.PostProcessingPipeline[0]
      running Unity.Jobs.CodeGen.JobsILPostProcessor
[40m[32minfo[39m[22m[49m: Unity.ILPP.Runner.PostProcessingPipeline[0]
      running zzzUnity.Burst.CodeGen.BurstILPostProcessor
[40m[32minfo[39m[22m[49m: Microsoft.AspNetCore.Routing.EndpointMiddleware[1]
      Executed endpoint 'gRPC - /UnityILPP.PostProcessing/PostProcessAssembly'
[40m[32minfo[39m[22m[49m: Microsoft.AspNetCore.Hosting.Diagnostics[2]
      Request finished HTTP/2 POST http://ilpp/UnityILPP.PostProcessing/PostProcessAssembly application/grpc - - 200 - application/grpc 3.9895ms
[40m[32minfo[39m[22m[49m: Microsoft.AspNetCore.Hosting.Diagnostics[1]
      Request starting HTTP/2 POST http://ilpp/UnityILPP.PostProcessing/PostProcessAssembly application/grpc -
[40m[32minfo[39m[22m[49m: Microsoft.AspNetCore.Routing.EndpointMiddleware[0]
      Executing endpoint 'gRPC - /UnityILPP.PostProcessing/PostProcessAssembly'
[40m[32minfo[39m[22m[49m: Unity.ILPP.Runner.PostProcessingPipeline[0]
      Processing assembly Library/Bee/artifacts/1300b0aP.dag/Unity.RenderPipelines.Universal.Config.Runtime.dll, with 124 defines and 199 references
[40m[32minfo[39m[22m[49m: Unity.ILPP.Runner.PostProcessingPipeline[0]
      processors: Unity.Jobs.CodeGen.JobsILPostProcessor, zzzUnity.Burst.CodeGen.BurstILPostProcessor
[40m[32minfo[39m[22m[49m: Unity.ILPP.Runner.PostProcessingPipeline[0]
      running Unity.Jobs.CodeGen.JobsILPostProcessor
[40m[32minfo[39m[22m[49m: Unity.ILPP.Runner.PostProcessingPipeline[0]
      running zzzUnity.Burst.CodeGen.BurstILPostProcessor
[40m[32minfo[39m[22m[49m: Microsoft.AspNetCore.Routing.EndpointMiddleware[1]
      Executed endpoint 'gRPC - /UnityILPP.PostProcessing/PostProcessAssembly'
[40m[32minfo[39m[22m[49m: Microsoft.AspNetCore.Hosting.Diagnostics[2]
      Request finished HTTP/2 POST http://ilpp/UnityILPP.PostProcessing/PostProcessAssembly application/grpc - - 200 - application/grpc 0.7021ms
[40m[32minfo[39m[22m[49m: Microsoft.AspNetCore.Hosting.Diagnostics[1]
      Request starting HTTP/2 POST http://ilpp/UnityILPP.PostProcessing/PostProcessAssembly application/grpc -
[40m[32minfo[39m[22m[49m: Microsoft.AspNetCore.Routing.EndpointMiddleware[0]
      Executing endpoint 'gRPC - /UnityILPP.PostProcessing/PostProcessAssembly'
[40m[32minfo[39m[22m[49m: Unity.ILPP.Runner.PostProcessingPipeline[0]
      Processing assembly Library/Bee/artifacts/1300b0aP.dag/Unity.RenderPipelines.GPUDriven.Runtime.dll, with 124 defines and 202 references
[40m[32minfo[39m[22m[49m: Unity.ILPP.Runner.PostProcessingPipeline[0]
      processors: Unity.Jobs.CodeGen.JobsILPostProcessor, zzzUnity.Burst.CodeGen.BurstILPostProcessor
[40m[32minfo[39m[22m[49m: Unity.ILPP.Runner.PostProcessingPipeline[0]
      running Unity.Jobs.CodeGen.JobsILPostProcessor
[40m[32minfo[39m[22m[49m: Unity.ILPP.Runner.PostProcessingAssemblyLoadContext[0]
      Resolved UnityEditor.CoreModule, Version=0.0.0.0, Culture=neutral, PublicKeyToken=null with /home/wdy/Unity/Hub/Editor/6000.0.65f1/Editor/Data/Managed/UnityEngine/UnityEditor.CoreModule.dll
[40m[32minfo[39m[22m[49m: Unity.ILPP.Runner.PostProcessingAssemblyLoadContext[0]
      Resolved UnityEngine.CoreModule, Version=0.0.0.0, Culture=neutral, PublicKeyToken=null with /home/wdy/Unity/Hub/Editor/6000.0.65f1/Editor/Data/Managed/UnityEngine/UnityEngine.CoreModule.dll
[40m[32minfo[39m[22m[49m: Unity.ILPP.Runner.PostProcessingAssemblyLoadContext[0]
      Resolved Mono.Cecil.Rocks, Version=0.11.5.0, Culture=neutral, PublicKeyToken=50cebf1cceb9d05e with Library/PackageCache/com.unity.nuget.mono-cecil@d78732e851eb/Mono.Cecil.Rocks.dll
[40m[32minfo[39m[22m[49m: Unity.ILPP.Runner.PostProcessingPipeline[0]
      running zzzUnity.Burst.CodeGen.BurstILPostProcessor
[40m[32minfo[39m[22m[49m: Microsoft.AspNetCore.Routing.EndpointMiddleware[1]
      Executed endpoint 'gRPC - /UnityILPP.PostProcessing/PostProcessAssembly'
[40m[32minfo[39m[22m[49m: Microsoft.AspNetCore.Hosting.Diagnostics[2]
      Request finished HTTP/2 POST http://ilpp/UnityILPP.PostProcessing/PostProcessAssembly application/grpc - - 200 - application/grpc 605.4521ms
[40m[32minfo[39m[22m[49m: Unity.ILPP.Runner.PostProcessingPipeline[0]
      running zzzUnity.Burst.CodeGen.BurstILPostProcessor
[40m[32minfo[39m[22m[49m: Unity.ILPP.Runner.PostProcessingPipeline[0]
      running zzzUnity.Burst.CodeGen.BurstILPostProcessor
[40m[32minfo[39m[22m[49m: Unity.ILPP.Runner.PostProcessingPipeline[0]
      running zzzUnity.Burst.CodeGen.BurstILPostProcessor
[40m[32minfo[39m[22m[49m: Microsoft.AspNetCore.Routing.EndpointMiddleware[1]
      Executed endpoint 'gRPC - /UnityILPP.PostProcessing/PostProcessAssembly'
[40m[32minfo[39m[22m[49m: Microsoft.AspNetCore.Hosting.Diagnostics[2]
      Request finished HTTP/2 POST http://ilpp/UnityILPP.PostProcessing/PostProcessAssembly application/grpc - - 200 - application/grpc 632.4350ms
[40m[32minfo[39m[22m[49m: Microsoft.AspNetCore.Routing.EndpointMiddleware[1]
      Executed endpoint 'gRPC - /UnityILPP.PostProcessing/PostProcessAssembly'
[40m[32minfo[39m[22m[49m: Microsoft.AspNetCore.Hosting.Diagnostics[2]
      Request finished HTTP/2 POST http://ilpp/UnityILPP.PostProcessing/PostProcessAssembly application/grpc - - 200 - application/grpc 868.0170ms
[40m[32minfo[39m[22m[49m: Microsoft.AspNetCore.Routing.EndpointMiddleware[1]
      Executed endpoint 'gRPC - /UnityILPP.PostProcessing/PostProcessAssembly'
[40m[32minfo[39m[22m[49m: Microsoft.AspNetCore.Hosting.Diagnostics[2]
      Request finished HTTP/2 POST http://ilpp/UnityILPP.PostProcessing/PostProcessAssembly application/grpc - - 200 - application/grpc 606.3482ms
[40m[32minfo[39m[22m[49m: Microsoft.AspNetCore.Routing.EndpointMiddleware[1]
      Executed endpoint 'gRPC - /UnityILPP.PostProcessing/PostProcessAssembly'
[40m[32minfo[39m[22m[49m: Microsoft.AspNetCore.Hosting.Diagnostics[2]
      Request finished HTTP/2 POST http://ilpp/UnityILPP.PostProcessing/PostProcessAssembly application/grpc - - 200 - application/grpc 728.0485ms
[40m[32minfo[39m[22m[49m: Microsoft.AspNetCore.Hosting.Diagnostics[1]
      Request starting HTTP/2 POST http://ilpp/UnityILPP.PostProcessing/PostProcessAssembly application/grpc -
[40m[32minfo[39m[22m[49m: Microsoft.AspNetCore.Routing.EndpointMiddleware[0]
      Executing endpoint 'gRPC - /UnityILPP.PostProcessing/PostProcessAssembly'
[40m[32minfo[39m[22m[49m: Unity.ILPP.Runner.PostProcessingPipeline[0]
      Processing assembly Library/Bee/artifacts/1300b0aP.dag/Unity.RenderPipelines.Universal.Runtime.dll, with 130 defines and 205 references
[40m[32minfo[39m[22m[49m: Unity.ILPP.Runner.PostProcessingPipeline[0]
      processors: Unity.Jobs.CodeGen.JobsILPostProcessor, zzzUnity.Burst.CodeGen.BurstILPostProcessor
[40m[32minfo[39m[22m[49m: Unity.ILPP.Runner.PostProcessingPipeline[0]
      running Unity.Jobs.CodeGen.JobsILPostProcessor
[40m[32minfo[39m[22m[49m: Unity.ILPP.Runner.PostProcessingPipeline[0]
      running zzzUnity.Burst.CodeGen.BurstILPostProcessor
[40m[32minfo[39m[22m[49m: Microsoft.AspNetCore.Routing.EndpointMiddleware[1]
      Executed endpoint 'gRPC - /UnityILPP.PostProcessing/PostProcessAssembly'
[40m[32minfo[39m[22m[49m: Microsoft.AspNetCore.Hosting.Diagnostics[2]
      Request finished HTTP/2 POST http://ilpp/UnityILPP.PostProcessing/PostProcessAssembly application/grpc - - 200 - application/grpc 111.3502ms
[40m[32minfo[39m[22m[49m: Microsoft.AspNetCore.Hosting.Diagnostics[1]
      Request starting HTTP/2 POST http://ilpp/UnityILPP.PostProcessing/PostProcessAssembly application/grpc -
[40m[32minfo[39m[22m[49m: Microsoft.AspNetCore.Hosting.Diagnostics[1]
      Request starting HTTP/2 POST http://ilpp/UnityILPP.PostProcessing/PostProcessAssembly application/grpc -
[40m[32minfo[39m[22m[49m: Microsoft.AspNetCore.Routing.EndpointMiddleware[0]
      Executing endpoint 'gRPC - /UnityILPP.PostProcessing/PostProcessAssembly'
[40m[32minfo[39m[22m[49m: Microsoft.AspNetCore.Routing.EndpointMiddleware[0]
      Executing endpoint 'gRPC - /UnityILPP.PostProcessing/PostProcessAssembly'
[40m[32minfo[39m[22m[49m: Unity.ILPP.Runner.PostProcessingPipeline[0]
      Processing assembly Library/Bee/artifacts/1300b0aP.dag/Unity.XR.OpenXR.dll, with 129 defines and 201 references
[40m[32minfo[39m[22m[49m: Unity.ILPP.Runner.PostProcessingPipeline[0]
      Processing assembly Library/Bee/artifacts/1300b0aP.dag/Unity.RenderPipelines.Universal.2D.Runtime.dll, with 127 defines and 203 references
[40m[32minfo[39m[22m[49m: Unity.ILPP.Runner.PostProcessingPipeline[0]
      processors: Unity.Jobs.CodeGen.JobsILPostProcessor, zzzUnity.Burst.CodeGen.BurstILPostProcessor
[40m[32minfo[39m[22m[49m: Unity.ILPP.Runner.PostProcessingPipeline[0]
      processors: Unity.Jobs.CodeGen.JobsILPostProcessor, zzzUnity.Burst.CodeGen.BurstILPostProcessor
[40m[32minfo[39m[22m[49m: Unity.ILPP.Runner.PostProcessingPipeline[0]
      running Unity.Jobs.CodeGen.JobsILPostProcessor
[40m[32minfo[39m[22m[49m: Unity.ILPP.Runner.PostProcessingPipeline[0]
      running Unity.Jobs.CodeGen.JobsILPostProcessor
[40m[32minfo[39m[22m[49m: Unity.ILPP.Runner.PostProcessingPipeline[0]
      running zzzUnity.Burst.CodeGen.BurstILPostProcessor
[40m[32minfo[39m[22m[49m: Unity.ILPP.Runner.PostProcessingPipeline[0]
      running zzzUnity.Burst.CodeGen.BurstILPostProcessor
[40m[32minfo[39m[22m[49m: Microsoft.AspNetCore.Routing.EndpointMiddleware[1]
      Executed endpoint 'gRPC - /UnityILPP.PostProcessing/PostProcessAssembly'
[40m[32minfo[39m[22m[49m: Microsoft.AspNetCore.Hosting.Diagnostics[2]
      Request finished HTTP/2 POST http://ilpp/UnityILPP.PostProcessing/PostProcessAssembly application/grpc - - 200 - application/grpc 1.3836ms
[40m[32minfo[39m[22m[49m: Microsoft.AspNetCore.Routing.EndpointMiddleware[1]
      Executed endpoint 'gRPC - /UnityILPP.PostProcessing/PostProcessAssembly'
[40m[32minfo[39m[22m[49m: Microsoft.AspNetCore.Hosting.Diagnostics[2]
      Request finished HTTP/2 POST http://ilpp/UnityILPP.PostProcessing/PostProcessAssembly application/grpc - - 200 - application/grpc 51.4338ms
[40m[32minfo[39m[22m[49m: Microsoft.AspNetCore.Hosting.Diagnostics[1]
      Request starting HTTP/2 POST http://ilpp/UnityILPP.PostProcessing/PostProcessAssembly application/grpc -
[40m[32minfo[39m[22m[49m: Microsoft.AspNetCore.Routing.EndpointMiddleware[0]
      Executing endpoint 'gRPC - /UnityILPP.PostProcessing/PostProcessAssembly'
[40m[32minfo[39m[22m[49m: Unity.ILPP.Runner.PostProcessingPipeline[0]
      Processing assembly Library/Bee/artifacts/1300b0aP.dag/Unity.XR.OpenXR.Features.ConformanceAutomation.dll, with 124 defines and 199 references
[40m[32minfo[39m[22m[49m: Unity.ILPP.Runner.PostProcessingPipeline[0]
      processors: Unity.Jobs.CodeGen.JobsILPostProcessor, zzzUnity.Burst.CodeGen.BurstILPostProcessor
[40m[32minfo[39m[22m[49m: Unity.ILPP.Runner.PostProcessingPipeline[0]
      running Unity.Jobs.CodeGen.JobsILPostProcessor
[40m[32minfo[39m[22m[49m: Unity.ILPP.Runner.PostProcessingPipeline[0]
      running zzzUnity.Burst.CodeGen.BurstILPostProcessor
[40m[32minfo[39m[22m[49m: Microsoft.AspNetCore.Routing.EndpointMiddleware[1]
      Executed endpoint 'gRPC - /UnityILPP.PostProcessing/PostProcessAssembly'
[40m[32minfo[39m[22m[49m: Microsoft.AspNetCore.Hosting.Diagnostics[2]
      Request finished HTTP/2 POST http://ilpp/UnityILPP.PostProcessing/PostProcessAssembly application/grpc - - 200 - application/grpc 0.8755ms
[40m[32minfo[39m[22m[49m: Microsoft.AspNetCore.Hosting.Diagnostics[1]
      Request starting HTTP/2 POST http://ilpp/UnityILPP.PostProcessing/PostProcessAssembly application/grpc -
[40m[32minfo[39m[22m[49m: Microsoft.AspNetCore.Routing.EndpointMiddleware[0]
      Executing endpoint 'gRPC - /UnityILPP.PostProcessing/PostProcessAssembly'
[40m[32minfo[39m[22m[49m: Unity.ILPP.Runner.PostProcessingPipeline[0]
      Processing assembly Library/Bee/artifacts/1300b0aP.dag/Unity.XR.OpenXR.Features.MetaQuestSupport.dll, with 124 defines and 200 references
[40m[32minfo[39m[22m[49m: Unity.ILPP.Runner.PostProcessingPipeline[0]
      processors: Unity.Jobs.CodeGen.JobsILPostProcessor, zzzUnity.Burst.CodeGen.BurstILPostProcessor
[40m[32minfo[39m[22m[49m: Unity.ILPP.Runner.PostProcessingPipeline[0]
      running Unity.Jobs.CodeGen.JobsILPostProcessor
[40m[32minfo[39m[22m[49m: Unity.ILPP.Runner.PostProcessingPipeline[0]
      running zzzUnity.Burst.CodeGen.BurstILPostProcessor
[40m[32minfo[39m[22m[49m: Microsoft.AspNetCore.Routing.EndpointMiddleware[1]
      Executed endpoint 'gRPC - /UnityILPP.PostProcessing/PostProcessAssembly'
[40m[32minfo[39m[22m[49m: Microsoft.AspNetCore.Hosting.Diagnostics[2]
      Request finished HTTP/2 POST http://ilpp/UnityILPP.PostProcessing/PostProcessAssembly application/grpc - - 200 - application/grpc 0.5020ms
[40m[32minfo[39m[22m[49m: Microsoft.AspNetCore.Hosting.Diagnostics[1]
      Request starting HTTP/2 POST http://ilpp/UnityILPP.PostProcessing/PostProcessAssembly application/grpc -
[40m[32minfo[39m[22m[49m: Microsoft.AspNetCore.Routing.EndpointMiddleware[0]
      Executing endpoint 'gRPC - /UnityILPP.PostProcessing/PostProcessAssembly'
[40m[32minfo[39m[22m[49m: Unity.ILPP.Runner.PostProcessingPipeline[0]
      Processing assembly Library/Bee/artifacts/1300b0aP.dag/Unity.XR.OpenXR.Features.RuntimeDebugger.dll, with 124 defines and 193 references
[40m[32minfo[39m[22m[49m: Unity.ILPP.Runner.PostProcessingPipeline[0]
      processors: Unity.Jobs.CodeGen.JobsILPostProcessor, zzzUnity.Burst.CodeGen.BurstILPostProcessor
[40m[32minfo[39m[22m[49m: Unity.ILPP.Runner.PostProcessingPipeline[0]
      running Unity.Jobs.CodeGen.JobsILPostProcessor
[40m[32minfo[39m[22m[49m: Unity.ILPP.Runner.PostProcessingPipeline[0]
      running zzzUnity.Burst.CodeGen.BurstILPostProcessor
[40m[32minfo[39m[22m[49m: Microsoft.AspNetCore.Routing.EndpointMiddleware[1]
      Executed endpoint 'gRPC - /UnityILPP.PostProcessing/PostProcessAssembly'
[40m[32minfo[39m[22m[49m: Microsoft.AspNetCore.Hosting.Diagnostics[2]
      Request finished HTTP/2 POST http://ilpp/UnityILPP.PostProcessing/PostProcessAssembly application/grpc - - 200 - application/grpc 0.6908ms
[40m[32minfo[39m[22m[49m: Microsoft.AspNetCore.Hosting.Diagnostics[1]
      Request starting HTTP/2 POST http://ilpp/UnityILPP.PostProcessing/PostProcessAssembly application/grpc -
[40m[32minfo[39m[22m[49m: Microsoft.AspNetCore.Routing.EndpointMiddleware[0]
      Executing endpoint 'gRPC - /UnityILPP.PostProcessing/PostProcessAssembly'
[40m[32minfo[39m[22m[49m: Unity.ILPP.Runner.PostProcessingPipeline[0]
      Processing assembly Library/Bee/artifacts/1300b0aP.dag/Oculus.Haptics.dll, with 126 defines and 199 references
[40m[32minfo[39m[22m[49m: Unity.ILPP.Runner.PostProcessingPipeline[0]
      processors: Unity.Jobs.CodeGen.JobsILPostProcessor, zzzUnity.Burst.CodeGen.BurstILPostProcessor
[40m[32minfo[39m[22m[49m: Unity.ILPP.Runner.PostProcessingPipeline[0]
      running Unity.Jobs.CodeGen.JobsILPostProcessor
[40m[32minfo[39m[22m[49m: Unity.ILPP.Runner.PostProcessingPipeline[0]
      running zzzUnity.Burst.CodeGen.BurstILPostProcessor
[40m[32minfo[39m[22m[49m: Microsoft.AspNetCore.Routing.EndpointMiddleware[1]
      Executed endpoint 'gRPC - /UnityILPP.PostProcessing/PostProcessAssembly'
[40m[32minfo[39m[22m[49m: Microsoft.AspNetCore.Hosting.Diagnostics[2]
      Request finished HTTP/2 POST http://ilpp/UnityILPP.PostProcessing/PostProcessAssembly application/grpc - - 200 - application/grpc 2.4774ms
[40m[32minfo[39m[22m[49m: Microsoft.AspNetCore.Hosting.Diagnostics[1]
      Request starting HTTP/2 POST http://ilpp/UnityILPP.PostProcessing/PostProcessAssembly application/grpc -
[40m[32minfo[39m[22m[49m: Microsoft.AspNetCore.Routing.EndpointMiddleware[0]
      Executing endpoint 'gRPC - /UnityILPP.PostProcessing/PostProcessAssembly'
[40m[32minfo[39m[22m[49m: Unity.ILPP.Runner.PostProcessingPipeline[0]
      Processing assembly Library/Bee/artifacts/1300b0aP.dag/Unity.XR.OpenXR.Features.MockRuntime.dll, with 124 defines and 194 references
[40m[32minfo[39m[22m[49m: Unity.ILPP.Runner.PostProcessingPipeline[0]
      processors: Unity.Jobs.CodeGen.JobsILPostProcessor, zzzUnity.Burst.CodeGen.BurstILPostProcessor
[40m[32minfo[39m[22m[49m: Unity.ILPP.Runner.PostProcessingPipeline[0]
      running Unity.Jobs.CodeGen.JobsILPostProcessor
[40m[32minfo[39m[22m[49m: Unity.ILPP.Runner.PostProcessingPipeline[0]
      running zzzUnity.Burst.CodeGen.BurstILPostProcessor
[40m[32minfo[39m[22m[49m: Microsoft.AspNetCore.Routing.EndpointMiddleware[1]
      Executed endpoint 'gRPC - /UnityILPP.PostProcessing/PostProcessAssembly'
[40m[32minfo[39m[22m[49m: Microsoft.AspNetCore.Hosting.Diagnostics[2]
      Request finished HTTP/2 POST http://ilpp/UnityILPP.PostProcessing/PostProcessAssembly application/grpc - - 200 - application/grpc 0.5252ms
[40m[32minfo[39m[22m[49m: Microsoft.AspNetCore.Hosting.Diagnostics[1]
      Request starting HTTP/2 POST http://ilpp/UnityILPP.PostProcessing/PostProcessAssembly application/grpc -
[40m[32minfo[39m[22m[49m: Microsoft.AspNetCore.Routing.EndpointMiddleware[0]
      Executing endpoint 'gRPC - /UnityILPP.PostProcessing/PostProcessAssembly'
[40m[32minfo[39m[22m[49m: Unity.ILPP.Runner.PostProcessingPipeline[0]
      Processing assembly Library/Bee/artifacts/1300b0aP.dag/Unity.XR.OpenXR.Features.OculusQuestSupport.dll, with 124 defines and 200 references
[40m[32minfo[39m[22m[49m: Unity.ILPP.Runner.PostProcessingPipeline[0]
      processors: Unity.Jobs.CodeGen.JobsILPostProcessor, zzzUnity.Burst.CodeGen.BurstILPostProcessor
[40m[32minfo[39m[22m[49m: Unity.ILPP.Runner.PostProcessingPipeline[0]
      running Unity.Jobs.CodeGen.JobsILPostProcessor
[40m[32minfo[39m[22m[49m: Unity.ILPP.Runner.PostProcessingPipeline[0]
      running zzzUnity.Burst.CodeGen.BurstILPostProcessor
[40m[32minfo[39m[22m[49m: Microsoft.AspNetCore.Routing.EndpointMiddleware[1]
      Executed endpoint 'gRPC - /UnityILPP.PostProcessing/PostProcessAssembly'
[40m[32minfo[39m[22m[49m: Microsoft.AspNetCore.Hosting.Diagnostics[2]
      Request finished HTTP/2 POST http://ilpp/UnityILPP.PostProcessing/PostProcessAssembly application/grpc - - 200 - application/grpc 0.6125ms
[40m[32minfo[39m[22m[49m: Microsoft.AspNetCore.Hosting.Diagnostics[1]
      Request starting HTTP/2 POST http://ilpp/UnityILPP.PostProcessing/PostProcessAssembly application/grpc -
[40m[32minfo[39m[22m[49m: Microsoft.AspNetCore.Routing.EndpointMiddleware[0]
      Executing endpoint 'gRPC - /UnityILPP.PostProcessing/PostProcessAssembly'
[40m[32minfo[39m[22m[49m: Unity.ILPP.Runner.PostProcessingPipeline[0]
      Processing assembly Library/Bee/artifacts/1300b0aP.dag/Unity.XR.OpenXR.TestTooling.dll, with 124 defines and 195 references
[40m[32minfo[39m[22m[49m: Unity.ILPP.Runner.PostProcessingPipeline[0]
      processors: Unity.Jobs.CodeGen.JobsILPostProcessor, zzzUnity.Burst.CodeGen.BurstILPostProcessor
[40m[32minfo[39m[22m[49m: Unity.ILPP.Runner.PostProcessingPipeline[0]
      running Unity.Jobs.CodeGen.JobsILPostProcessor
[40m[32minfo[39m[22m[49m: Unity.ILPP.Runner.PostProcessingPipeline[0]
      running zzzUnity.Burst.CodeGen.BurstILPostProcessor
[40m[32minfo[39m[22m[49m: Microsoft.AspNetCore.Routing.EndpointMiddleware[1]
      Executed endpoint 'gRPC - /UnityILPP.PostProcessing/PostProcessAssembly'
[40m[32minfo[39m[22m[49m: Microsoft.AspNetCore.Hosting.Diagnostics[2]
      Request finished HTTP/2 POST http://ilpp/UnityILPP.PostProcessing/PostProcessAssembly application/grpc - - 200 - application/grpc 1.9451ms
[40m[32minfo[39m[22m[49m: Microsoft.AspNetCore.Hosting.Diagnostics[1]
      Request starting HTTP/2 POST http://ilpp/UnityILPP.PostProcessing/PostProcessAssembly application/grpc -
[40m[32minfo[39m[22m[49m: Microsoft.AspNetCore.Routing.EndpointMiddleware[0]
      Executing endpoint 'gRPC - /UnityILPP.PostProcessing/PostProcessAssembly'
[40m[32minfo[39m[22m[49m: Unity.ILPP.Runner.PostProcessingPipeline[0]
      Processing assembly Library/Bee/artifacts/1300b0aP.dag/Unity.XR.Hands.dll, with 129 defines and 205 references
[40m[32minfo[39m[22m[49m: Unity.ILPP.Runner.PostProcessingPipeline[0]
      processors: Unity.Jobs.CodeGen.JobsILPostProcessor, zzzUnity.Burst.CodeGen.BurstILPostProcessor
[40m[32minfo[39m[22m[49m: Unity.ILPP.Runner.PostProcessingPipeline[0]
      running Unity.Jobs.CodeGen.JobsILPostProcessor
[40m[32minfo[39m[22m[49m: Unity.ILPP.Runner.PostProcessingPipeline[0]
      running zzzUnity.Burst.CodeGen.BurstILPostProcessor
[40m[32minfo[39m[22m[49m: Microsoft.AspNetCore.Hosting.Diagnostics[1]
      Request starting HTTP/2 POST http://ilpp/UnityILPP.PostProcessing/PostProcessAssembly application/grpc -
[40m[32minfo[39m[22m[49m: Microsoft.AspNetCore.Routing.EndpointMiddleware[0]
      Executing endpoint 'gRPC - /UnityILPP.PostProcessing/PostProcessAssembly'
[40m[32minfo[39m[22m[49m: Unity.ILPP.Runner.PostProcessingPipeline[0]
      Processing assembly Library/Bee/artifacts/1300b0aP.dag/Oculus.VR.dll, with 134 defines and 202 references
[40m[32minfo[39m[22m[49m: Unity.ILPP.Runner.PostProcessingPipeline[0]
      processors: Unity.Jobs.CodeGen.JobsILPostProcessor, zzzUnity.Burst.CodeGen.BurstILPostProcessor
[40m[32minfo[39m[22m[49m: Unity.ILPP.Runner.PostProcessingPipeline[0]
      running Unity.Jobs.CodeGen.JobsILPostProcessor
[40m[32minfo[39m[22m[49m: Unity.ILPP.Runner.PostProcessingPipeline[0]
      running zzzUnity.Burst.CodeGen.BurstILPostProcessor
[40m[32minfo[39m[22m[49m: Microsoft.AspNetCore.Routing.EndpointMiddleware[1]
      Executed endpoint 'gRPC - /UnityILPP.PostProcessing/PostProcessAssembly'
[40m[32minfo[39m[22m[49m: Microsoft.AspNetCore.Hosting.Diagnostics[2]
      Request finished HTTP/2 POST http://ilpp/UnityILPP.PostProcessing/PostProcessAssembly application/grpc - - 200 - application/grpc 1.9101ms
[40m[32minfo[39m[22m[49m: Microsoft.AspNetCore.Routing.EndpointMiddleware[1]
      Executed endpoint 'gRPC - /UnityILPP.PostProcessing/PostProcessAssembly'
[40m[32minfo[39m[22m[49m: Microsoft.AspNetCore.Hosting.Diagnostics[2]
      Request finished HTTP/2 POST http://ilpp/UnityILPP.PostProcessing/PostProcessAssembly application/grpc - - 200 - application/grpc 56.4105ms
[40m[32minfo[39m[22m[49m: Microsoft.AspNetCore.Hosting.Diagnostics[1]
      Request starting HTTP/2 POST http://ilpp/UnityILPP.PostProcessing/PostProcessAssembly application/grpc -
[40m[32minfo[39m[22m[49m: Microsoft.AspNetCore.Routing.EndpointMiddleware[0]
      Executing endpoint 'gRPC - /UnityILPP.PostProcessing/PostProcessAssembly'
[40m[32minfo[39m[22m[49m: Unity.ILPP.Runner.PostProcessingPipeline[0]
      Processing assembly Library/Bee/artifacts/1300b0aP.dag/Meta.XR.EnvironmentDepth.dll, with 125 defines and 199 references
[40m[32minfo[39m[22m[49m: Unity.ILPP.Runner.PostProcessingPipeline[0]
      processors: Unity.Jobs.CodeGen.JobsILPostProcessor, zzzUnity.Burst.CodeGen.BurstILPostProcessor
[40m[32minfo[39m[22m[49m: Unity.ILPP.Runner.PostProcessingPipeline[0]
      running Unity.Jobs.CodeGen.JobsILPostProcessor
[40m[32minfo[39m[22m[49m: Unity.ILPP.Runner.PostProcessingPipeline[0]
      running zzzUnity.Burst.CodeGen.BurstILPostProcessor
[40m[32minfo[39m[22m[49m: Microsoft.AspNetCore.Routing.EndpointMiddleware[1]
      Executed endpoint 'gRPC - /UnityILPP.PostProcessing/PostProcessAssembly'
[40m[32minfo[39m[22m[49m: Microsoft.AspNetCore.Hosting.Diagnostics[1]
      Request starting HTTP/2 POST http://ilpp/UnityILPP.PostProcessing/PostProcessAssembly application/grpc -
[40m[32minfo[39m[22m[49m: Microsoft.AspNetCore.Routing.EndpointMiddleware[0]
      Executing endpoint 'gRPC - /UnityILPP.PostProcessing/PostProcessAssembly'
[40m[32minfo[39m[22m[49m: Unity.ILPP.Runner.PostProcessingPipeline[0]
      Processing assembly Library/Bee/artifacts/1300b0aP.dag/Oculus.Interaction.OVR.Samples.dll, with 125 defines and 202 references
[40m[32minfo[39m[22m[49m: Unity.ILPP.Runner.PostProcessingPipeline[0]
      processors: Unity.Jobs.CodeGen.JobsILPostProcessor, zzzUnity.Burst.CodeGen.BurstILPostProcessor
[40m[32minfo[39m[22m[49m: Unity.ILPP.Runner.PostProcessingPipeline[0]
      running Unity.Jobs.CodeGen.JobsILPostProcessor
[40m[32minfo[39m[22m[49m: Unity.ILPP.Runner.PostProcessingPipeline[0]
      running zzzUnity.Burst.CodeGen.BurstILPostProcessor
[40m[32minfo[39m[22m[49m: Microsoft.AspNetCore.Hosting.Diagnostics[2]
      Request finished HTTP/2 POST http://ilpp/UnityILPP.PostProcessing/PostProcessAssembly application/grpc - - 200 - application/grpc 4.0240ms
[40m[32minfo[39m[22m[49m: Microsoft.AspNetCore.Routing.EndpointMiddleware[1]
      Executed endpoint 'gRPC - /UnityILPP.PostProcessing/PostProcessAssembly'
[40m[32minfo[39m[22m[49m: Microsoft.AspNetCore.Hosting.Diagnostics[2]
      Request finished HTTP/2 POST http://ilpp/UnityILPP.PostProcessing/PostProcessAssembly application/grpc - - 200 - application/grpc 0.3507ms
[40m[32minfo[39m[22m[49m: Microsoft.AspNetCore.Hosting.Diagnostics[1]
      Request starting HTTP/2 POST http://ilpp/UnityILPP.PostProcessing/PostProcessAssembly application/grpc -
[40m[32minfo[39m[22m[49m: Microsoft.AspNetCore.Routing.EndpointMiddleware[0]
      Executing endpoint 'gRPC - /UnityILPP.PostProcessing/PostProcessAssembly'
[40m[32minfo[39m[22m[49m: Unity.ILPP.Runner.PostProcessingPipeline[0]
      Processing assembly Library/Bee/artifacts/1300b0aP.dag/Meta.XR.BuildingBlocks.dll, with 126 defines and 201 references
[40m[32minfo[39m[22m[49m: Unity.ILPP.Runner.PostProcessingPipeline[0]
      processors: Unity.Jobs.CodeGen.JobsILPostProcessor, zzzUnity.Burst.CodeGen.BurstILPostProcessor
[40m[32minfo[39m[22m[49m: Unity.ILPP.Runner.PostProcessingPipeline[0]
      running Unity.Jobs.CodeGen.JobsILPostProcessor
[40m[32minfo[39m[22m[49m: Unity.ILPP.Runner.PostProcessingPipeline[0]
      running zzzUnity.Burst.CodeGen.BurstILPostProcessor
[40m[32minfo[39m[22m[49m: Microsoft.AspNetCore.Routing.EndpointMiddleware[1]
      Executed endpoint 'gRPC - /UnityILPP.PostProcessing/PostProcessAssembly'
[40m[32minfo[39m[22m[49m: Microsoft.AspNetCore.Hosting.Diagnostics[2]
      Request finished HTTP/2 POST http://ilpp/UnityILPP.PostProcessing/PostProcessAssembly application/grpc - - 200 - application/grpc 0.3957ms
[40m[32minfo[39m[22m[49m: Microsoft.AspNetCore.Hosting.Diagnostics[1]
      Request starting HTTP/2 POST http://ilpp/UnityILPP.PostProcessing/PostProcessAssembly application/grpc -
[40m[32minfo[39m[22m[49m: Microsoft.AspNetCore.Routing.EndpointMiddleware[0]
      Executing endpoint 'gRPC - /UnityILPP.PostProcessing/PostProcessAssembly'
[40m[32minfo[39m[22m[49m: Microsoft.AspNetCore.Hosting.Diagnostics[1]
      Request starting HTTP/2 POST http://ilpp/UnityILPP.PostProcessing/PostProcessAssembly application/grpc -
[40m[32minfo[39m[22m[49m: Microsoft.AspNetCore.Routing.EndpointMiddleware[0]
      Executing endpoint 'gRPC - /UnityILPP.PostProcessing/PostProcessAssembly'
[40m[32minfo[39m[22m[49m: Unity.ILPP.Runner.PostProcessingPipeline[0]
      Processing assembly Library/Bee/artifacts/1300b0aP.dag/Oculus.Interaction.OVR.dll, with 125 defines and 200 references
[40m[32minfo[39m[22m[49m: Unity.ILPP.Runner.PostProcessingPipeline[0]
      processors: Unity.Jobs.CodeGen.JobsILPostProcessor, zzzUnity.Burst.CodeGen.BurstILPostProcessor
[40m[32minfo[39m[22m[49m: Unity.ILPP.Runner.PostProcessingPipeline[0]
      running Unity.Jobs.CodeGen.JobsILPostProcessor
[40m[32minfo[39m[22m[49m: Unity.ILPP.Runner.PostProcessingPipeline[0]
      running zzzUnity.Burst.CodeGen.BurstILPostProcessor
[40m[32minfo[39m[22m[49m: Unity.ILPP.Runner.PostProcessingPipeline[0]
      Processing assembly Library/Bee/artifacts/1300b0aP.dag/Oculus.Interaction.UnityXR.dll, with 127 defines and 203 references
[40m[32minfo[39m[22m[49m: Unity.ILPP.Runner.PostProcessingPipeline[0]
      processors: Unity.Jobs.CodeGen.JobsILPostProcessor, zzzUnity.Burst.CodeGen.BurstILPostProcessor
[40m[32minfo[39m[22m[49m: Unity.ILPP.Runner.PostProcessingPipeline[0]
      running Unity.Jobs.CodeGen.JobsILPostProcessor
[40m[32minfo[39m[22m[49m: Unity.ILPP.Runner.PostProcessingPipeline[0]
      running zzzUnity.Burst.CodeGen.BurstILPostProcessor
[40m[32minfo[39m[22m[49m: Microsoft.AspNetCore.Routing.EndpointMiddleware[1]
      Executed endpoint 'gRPC - /UnityILPP.PostProcessing/PostProcessAssembly'
[40m[32minfo[39m[22m[49m: Microsoft.AspNetCore.Hosting.Diagnostics[2]
      Request finished HTTP/2 POST http://ilpp/UnityILPP.PostProcessing/PostProcessAssembly application/grpc - - 200 - application/grpc 1.0896ms
[40m[32minfo[39m[22m[49m: Microsoft.AspNetCore.Routing.EndpointMiddleware[1]
      Executed endpoint 'gRPC - /UnityILPP.PostProcessing/PostProcessAssembly'
[40m[32minfo[39m[22m[49m: Microsoft.AspNetCore.Hosting.Diagnostics[2]
      Request finished HTTP/2 POST http://ilpp/UnityILPP.PostProcessing/PostProcessAssembly application/grpc - - 200 - application/grpc 1.0265ms
[40m[32minfo[39m[22m[49m: Microsoft.AspNetCore.Hosting.Diagnostics[1]
      Request starting HTTP/2 POST http://ilpp/UnityILPP.PostProcessing/PostProcessAssembly application/grpc -
[40m[32minfo[39m[22m[49m: Microsoft.AspNetCore.Routing.EndpointMiddleware[0]
      Executing endpoint 'gRPC - /UnityILPP.PostProcessing/PostProcessAssembly'
[40m[32minfo[39m[22m[49m: Unity.ILPP.Runner.PostProcessingPipeline[0]
      Processing assembly Library/Bee/artifacts/1300b0aP.dag/Meta.XR.ImmersiveDebugger.dll, with 125 defines and 200 references
[40m[32minfo[39m[22m[49m: Unity.ILPP.Runner.PostProcessingPipeline[0]
      processors: Unity.Jobs.CodeGen.JobsILPostProcessor, zzzUnity.Burst.CodeGen.BurstILPostProcessor
[40m[32minfo[39m[22m[49m: Unity.ILPP.Runner.PostProcessingPipeline[0]
      running Unity.Jobs.CodeGen.JobsILPostProcessor
[40m[32minfo[39m[22m[49m: Unity.ILPP.Runner.PostProcessingPipeline[0]
      running zzzUnity.Burst.CodeGen.BurstILPostProcessor
[40m[32minfo[39m[22m[49m: Microsoft.AspNetCore.Routing.EndpointMiddleware[1]
      Executed endpoint 'gRPC - /UnityILPP.PostProcessing/PostProcessAssembly'
[40m[32minfo[39m[22m[49m: Microsoft.AspNetCore.Hosting.Diagnostics[2]
      Request finished HTTP/2 POST http://ilpp/UnityILPP.PostProcessing/PostProcessAssembly application/grpc - - 200 - application/grpc 0.6940ms
[40m[32minfo[39m[22m[49m: Microsoft.AspNetCore.Hosting.Diagnostics[1]
      Request starting HTTP/2 POST http://ilpp/UnityILPP.PostProcessing/PostProcessAssembly application/grpc -
[40m[32minfo[39m[22m[49m: Microsoft.AspNetCore.Routing.EndpointMiddleware[0]
      Executing endpoint 'gRPC - /UnityILPP.PostProcessing/PostProcessAssembly'
[40m[32minfo[39m[22m[49m: Unity.ILPP.Runner.PostProcessingPipeline[0]
      Processing assembly Library/Bee/artifacts/1300b0aP.dag/Meta.XR.BuildingBlocks.DepthAPI.dll, with 125 defines and 202 references
[40m[32minfo[39m[22m[49m: Unity.ILPP.Runner.PostProcessingPipeline[0]
      processors: Unity.Jobs.CodeGen.JobsILPostProcessor, zzzUnity.Burst.CodeGen.BurstILPostProcessor
[40m[32minfo[39m[22m[49m: Unity.ILPP.Runner.PostProcessingPipeline[0]
      running Unity.Jobs.CodeGen.JobsILPostProcessor
[40m[32minfo[39m[22m[49m: Unity.ILPP.Runner.PostProcessingPipeline[0]
      running zzzUnity.Burst.CodeGen.BurstILPostProcessor
[40m[32minfo[39m[22m[49m: Microsoft.AspNetCore.Routing.EndpointMiddleware[1]
      Executed endpoint 'gRPC - /UnityILPP.PostProcessing/PostProcessAssembly'
[40m[32minfo[39m[22m[49m: Microsoft.AspNetCore.Hosting.Diagnostics[2]
      Request finished HTTP/2 POST http://ilpp/UnityILPP.PostProcessing/PostProcessAssembly application/grpc - - 200 - application/grpc 2.1673ms
[40m[32minfo[39m[22m[49m: Microsoft.AspNetCore.Hosting.Diagnostics[1]
      Request starting HTTP/2 POST http://ilpp/UnityILPP.PostProcessing/PostProcessAssembly application/grpc -
[40m[32minfo[39m[22m[49m: Microsoft.AspNetCore.Routing.EndpointMiddleware[0]
      Executing endpoint 'gRPC - /UnityILPP.PostProcessing/PostProcessAssembly'
[40m[32minfo[39m[22m[49m: Unity.ILPP.Runner.PostProcessingPipeline[0]
      Processing assembly Library/Bee/artifacts/1300b0aP.dag/meta.xr.mrutilitykit.dll, with 125 defines and 202 references
[40m[32minfo[39m[22m[49m: Unity.ILPP.Runner.PostProcessingPipeline[0]
      processors: Unity.Jobs.CodeGen.JobsILPostProcessor, zzzUnity.Burst.CodeGen.BurstILPostProcessor
[40m[32minfo[39m[22m[49m: Unity.ILPP.Runner.PostProcessingPipeline[0]
      running Unity.Jobs.CodeGen.JobsILPostProcessor
[40m[32minfo[39m[22m[49m: Unity.ILPP.Runner.PostProcessingPipeline[0]
      running zzzUnity.Burst.CodeGen.BurstILPostProcessor
[40m[32minfo[39m[22m[49m: Microsoft.AspNetCore.Routing.EndpointMiddleware[1]
      Executed endpoint 'gRPC - /UnityILPP.PostProcessing/PostProcessAssembly'
[40m[32minfo[39m[22m[49m: Microsoft.AspNetCore.Hosting.Diagnostics[2]
      Request finished HTTP/2 POST http://ilpp/UnityILPP.PostProcessing/PostProcessAssembly application/grpc - - 200 - application/grpc 3.5418ms
[40m[32minfo[39m[22m[49m: Microsoft.AspNetCore.Hosting.Diagnostics[1]
      Request starting HTTP/2 POST http://ilpp/UnityILPP.PostProcessing/PostProcessAssembly application/grpc -
[40m[32minfo[39m[22m[49m: Microsoft.AspNetCore.Routing.EndpointMiddleware[0]
      Executing endpoint 'gRPC - /UnityILPP.PostProcessing/PostProcessAssembly'
[40m[32minfo[39m[22m[49m: Unity.ILPP.Runner.PostProcessingPipeline[0]
      Processing assembly Library/Bee/artifacts/1300b0aP.dag/Meta.XR.MultiplayerBlocks.Shared.dll, with 128 defines and 204 references
[40m[32minfo[39m[22m[49m: Unity.ILPP.Runner.PostProcessingPipeline[0]
      processors: Unity.Jobs.CodeGen.JobsILPostProcessor, zzzUnity.Burst.CodeGen.BurstILPostProcessor
[40m[32minfo[39m[22m[49m: Unity.ILPP.Runner.PostProcessingPipeline[0]
      running Unity.Jobs.CodeGen.JobsILPostProcessor
[40m[32minfo[39m[22m[49m: Unity.ILPP.Runner.PostProcessingPipeline[0]
      running zzzUnity.Burst.CodeGen.BurstILPostProcessor
[40m[32minfo[39m[22m[49m: Microsoft.AspNetCore.Routing.EndpointMiddleware[1]
      Executed endpoint 'gRPC - /UnityILPP.PostProcessing/PostProcessAssembly'
[40m[32minfo[39m[22m[49m: Microsoft.AspNetCore.Hosting.Diagnostics[2]
      Request finished HTTP/2 POST http://ilpp/UnityILPP.PostProcessing/PostProcessAssembly application/grpc - - 200 - application/grpc 0.4621ms
[40m[32minfo[39m[22m[49m: Microsoft.AspNetCore.Hosting.Diagnostics[1]
      Request starting HTTP/2 POST http://ilpp/UnityILPP.PostProcessing/PostProcessAssembly application/grpc -
[40m[32minfo[39m[22m[49m: Microsoft.AspNetCore.Routing.EndpointMiddleware[0]
      Executing endpoint 'gRPC - /UnityILPP.PostProcessing/PostProcessAssembly'
[40m[32minfo[39m[22m[49m: Unity.ILPP.Runner.PostProcessingPipeline[0]
      Processing assembly Library/Bee/artifacts/1300b0aP.dag/Assembly-CSharp.dll, with 124 defines and 265 references
[40m[32minfo[39m[22m[49m: Unity.ILPP.Runner.PostProcessingPipeline[0]
      processors: Unity.Jobs.CodeGen.JobsILPostProcessor, zzzUnity.Burst.CodeGen.BurstILPostProcessor
[40m[32minfo[39m[22m[49m: Unity.ILPP.Runner.PostProcessingPipeline[0]
      running Unity.Jobs.CodeGen.JobsILPostProcessor
[40m[32minfo[39m[22m[49m: Unity.ILPP.Runner.PostProcessingPipeline[0]
      running zzzUnity.Burst.CodeGen.BurstILPostProcessor
[40m[32minfo[39m[22m[49m: Microsoft.AspNetCore.Routing.EndpointMiddleware[1]
      Executed endpoint 'gRPC - /UnityILPP.PostProcessing/PostProcessAssembly'
[40m[32minfo[39m[22m[49m: Microsoft.AspNetCore.Hosting.Diagnostics[2]
      Request finished HTTP/2 POST http://ilpp/UnityILPP.PostProcessing/PostProcessAssembly application/grpc - - 200 - application/grpc 32.3655ms
ExitCode: 0 Duration: 8s123ms
Finished compiling graph: 965 nodes, 13498 flattened edges (10210 ToBuild, 164 ToUse), maximum node priority 693
[204/964    0s] WriteText Library/Bee/artifacts/Android_CodeGen/UnityEngine.UI.rsp
[209/964    0s] WriteText Library/Bee/artifacts/Android_CodeGen/UnityEngine.UI.dll.mvfrm.rsp
[211/964    0s] WriteText Library/Bee/artifacts/Android_CodeGen/UnityEngine.TestRunner.dll.mvfrm.rsp
[214/964    0s] WriteText Library/Bee/artifacts/Android_CodeGen/UnityEditor.TestRunner.rsp
[221/964    0s] WriteText Library/Bee/artifacts/1300b0aP.dag/UnityEngine.UI.dll.mvfrm.rsp
[232/964    0s] WriteText Library/Bee/artifacts/1300b0aP.dag/Unity.Mathematics.dll.mvfrm.rsp
[237/964    0s] WriteText Library/Bee/artifacts/Android_CodeGen/Unity.Mathematics.dll.mvfrm.rsp
[238/964    0s] WriteText Library/Bee/artifacts/Android_CodeGen/Unity.Burst.dll.mvfrm.rsp
[239/964    0s] WriteText Library/Bee/artifacts/1300b0aP.dag/Unity.InputSystem.dll.mvfrm.rsp
[240/964    0s] WriteText Library/Bee/artifacts/Android_CodeGen/Unity.Burst.rsp
[247/964    0s] WriteText Library/Bee/artifacts/1300b0aP.dag/Unity.Mathematics.rsp
[252/964    0s] WriteText Library/Bee/artifacts/1300b0aP.dag/Unity.RenderPipelines.Core.Runtime.dll.mvfrm.rsp
[253/964    0s] WriteText Library/Bee/artifacts/1300b0aP.dag/Unity.Burst.dll.mvfrm.rsp
[254/964    0s] WriteText Library/Bee/artifacts/1300b0aP.dag/Unity.RenderPipeline.Universal.ShaderLibrary.dll.mvfrm.rsp
[255/964    0s] WriteText Library/Bee/artifacts/Android_CodeGen/Unity.Mathematics.rsp
[256/964    0s] WriteText Library/Bee/artifacts/1300b0aP.dag/Unity.RenderPipelines.Universal.Config.Runtime.dll.mvfrm.rsp
[257/964    0s] WriteText Library/Bee/artifacts/Android_CodeGen/Unity.Collections.rsp
[258/964    0s] WriteText Library/Bee/artifacts/Android_CodeGen/Unity.Collections.dll.mvfrm.rsp
[271/964    0s] WriteText Library/Bee/artifacts/Android_CodeGen/Unity.Burst.CodeGen.rsp
[272/964    0s] WriteText Library/Bee/artifacts/1300b0aP.dag/Unity.RenderPipelines.Core.Runtime.Shared.dll.mvfrm.rsp
[273/964    0s] WriteText Library/Bee/artifacts/1300b0aP.dag/Unity.XR.Management.dll.mvfrm.rsp
[274/964    0s] WriteText Library/Bee/artifacts/1300b0aP.dag/Unity.XR.Management.rsp
[287/964    0s] WriteText Library/Bee/artifacts/1300b0aP.dag/Unity.RenderPipelines.Universal.Runtime.rsp
[288/964    0s] WriteText Library/Bee/artifacts/1300b0aP.dag/Unity.RenderPipelines.GPUDriven.Runtime.dll.mvfrm.rsp
[289/964    0s] WriteText Library/Bee/artifacts/1300b0aP.dag/Unity.RenderPipelines.GPUDriven.Runtime.rsp
[290/964    0s] WriteText Library/Bee/artifacts/1300b0aP.dag/Unity.InputSystem.rsp
[291/964    0s] WriteText Library/Bee/artifacts/1300b0aP.dag/Unity.RenderPipelines.Universal.Runtime.dll.mvfrm.rsp
[292/964    0s] WriteText Library/Bee/artifacts/1300b0aP.dag/Unity.RenderPipelines.Core.Runtime.rsp
[293/964    0s] WriteText Library/Bee/artifacts/1300b0aP.dag/Meta.Voice.NLayer.dll.mvfrm.rsp
[294/964    0s] WriteText Library/Bee/artifacts/1300b0aP.dag/Unity.RenderPipelines.Core.Runtime.Shared.rsp
[295/964    0s] WriteText Library/Bee/artifacts/Android_CodeGen/Unity.Collections.CodeGen.rsp
[296/964    0s] WriteText Library/Bee/artifacts/Android_CodeGen/UnityEngine.TestRunner.rsp
[297/964    0s] WriteText Library/Bee/artifacts/1300b0aP.dag/Meta.Net.endel.nativewebsocket.dll.mvfrm.rsp
[298/964    0s] WriteText Library/Bee/artifacts/1300b0aP.dag/VoiceSDK.Telemetry.Runtime.rsp
[303/964    0s] WriteText Library/Bee/artifacts/1300b0aP.dag/Unity.RenderPipeline.Universal.ShaderLibrary.rsp
[304/964    0s] WriteText Library/Bee/artifacts/1300b0aP.dag/VoiceSDK.Telemetry.Runtime.dll.mvfrm.rsp
[305/964    0s] WriteText Library/Bee/artifacts/1300b0aP.dag/Meta.Voice.Opus.dll.mvfrm.rsp
[306/964    0s] WriteText Library/Bee/artifacts/1300b0aP.dag/Meta.Net.endel.nativewebsocket.rsp
[307/964    0s] WriteText Library/Bee/artifacts/1300b0aP.dag/UnityEngine.UI.rsp
[308/964    0s] WriteText Library/Bee/artifacts/1300b0aP.dag/Unity.XR.OpenXR.dll.mvfrm.rsp
[309/964    0s] WriteText Library/Bee/artifacts/Android_CodeGen/UnityEditor.UI.rsp
[310/964    0s] WriteText Library/Bee/artifacts/1300b0aP.dag/Meta.Voice.Opus.rsp
[316/964    0s] WriteText Library/Bee/artifacts/1300b0aP.dag/Meta.WitAi.Lib.dll.mvfrm.rsp
[317/964    0s] WriteText Library/Bee/artifacts/1300b0aP.dag/Meta.Voice.NLayer.rsp
[321/964    0s] WriteText Library/Bee/artifacts/1300b0aP.dag/Meta.VoiceSDK.Mic.Common.rsp
[322/964    0s] WriteText Library/Bee/artifacts/1300b0aP.dag/Meta.WitAi.Conduit.dll.mvfrm.rsp
[323/964    0s] WriteText Library/Bee/artifacts/1300b0aP.dag/Unity.XR.OpenXR.rsp
[324/964    0s] WriteText Library/Bee/artifacts/1300b0aP.dag/UnityEngine.SpatialTracking.dll.mvfrm.rsp
[325/964    0s] WriteText Library/Bee/artifacts/1300b0aP.dag/Meta.VoiceSDK.Mic.Other.dll.mvfrm.rsp
[326/964    0s] WriteText Library/Bee/artifacts/1300b0aP.dag/Unity.TextMeshPro.dll.mvfrm.rsp
[327/964    0s] WriteText Library/Bee/artifacts/1300b0aP.dag/Meta.VoiceSDK.Mic.Other.rsp
[328/964    0s] WriteText Library/Bee/artifacts/1300b0aP.dag/Meta.WitAi.Conduit.rsp
[329/964    0s] WriteText Library/Bee/artifacts/1300b0aP.dag/Unity.TextMeshPro.rsp
[332/964    0s] WriteText Library/Bee/artifacts/1300b0aP.dag/Unity.Collections.dll.mvfrm.rsp
[335/964    0s] WriteText Library/Bee/artifacts/1300b0aP.dag/Unity.Burst.rsp
[336/964    0s] WriteText Library/Bee/artifacts/1300b0aP.dag/Meta.WitAi.dll.mvfrm.rsp
[345/964    0s] WriteText Library/Bee/artifacts/1300b0aP.dag/UnityEngine.SpatialTracking.rsp
[347/964    0s] WriteText Library/Bee/artifacts/1300b0aP.dag/Unity.XR.OpenXR.Features.MetaQuestSupport.dll.mvfrm.rsp
[348/964    0s] WriteText Library/Bee/artifacts/1300b0aP.dag/Oculus.VR.dll.mvfrm.rsp
[352/964    0s] WriteText Library/Bee/artifacts/1300b0aP.dag/AssistantCoreSDKRuntime.rsp
[357/964    0s] WriteText Library/Bee/artifacts/1300b0aP.dag/Meta.WitAi.Lib.rsp
[358/964    0s] WriteText Library/Bee/artifacts/1300b0aP.dag/Unity.XR.OpenXR.Features.MetaQuestSupport.rsp
[360/964    0s] WriteText Library/Bee/artifacts/1300b0aP.dag/Meta.WitAi.rsp
[361/964    0s] WriteText Library/Bee/artifacts/1300b0aP.dag/Meta.VoiceSDK.Mic.Common.dll.mvfrm.rsp
[365/964    0s] WriteText Library/Bee/artifacts/1300b0aP.dag/Unity.Collections.rsp
[366/964    0s] WriteText Library/Bee/artifacts/1300b0aP.dag/Unity.XR.CoreUtils.rsp
[367/964    0s] WriteText Library/Bee/artifacts/1300b0aP.dag/Unity.XR.CoreUtils.dll.mvfrm.rsp
[368/964    0s] WriteText Library/Bee/artifacts/1300b0aP.dag/AssistantCoreSDKRuntime.dll.mvfrm.rsp
[369/964    0s] WriteText Library/Bee/artifacts/1300b0aP.dag/Unity.XR.OpenXR.Features.OculusQuestSupport.dll.mvfrm.rsp
[372/964    0s] WriteText Library/Bee/artifacts/1300b0aP.dag/Unity.VisualScripting.Core.dll.mvfrm.rsp
[373/964    0s] WriteText Library/Bee/artifacts/1300b0aP.dag/Unity.VisualScripting.Flow.dll.mvfrm.rsp
[374/964    0s] WriteText Library/Bee/artifacts/1300b0aP.dag/Meta.WitAi.TTS.dll.mvfrm.rsp
[375/964    0s] WriteText Library/Bee/artifacts/1300b0aP.dag/AssistantVoiceCommandCommon.dll.mvfrm.rsp
[380/964    0s] WriteText Library/Bee/artifacts/1300b0aP.dag/Unity.XR.Hands.dll.mvfrm.rsp
[381/964    0s] WriteText Library/Bee/artifacts/1300b0aP.dag/Meta.XR.EnvironmentDepth.dll.mvfrm.rsp
[382/964    0s] WriteText Library/Bee/artifacts/1300b0aP.dag/Unity.VisualScripting.Core.rsp
[397/964    0s] WriteText Library/Bee/artifacts/1300b0aP.dag/Unity.XR.Hands.rsp
[400/964    0s] WriteText Library/Bee/artifacts/1300b0aP.dag/Unity.RenderPipelines.Universal.Config.Runtime.rsp
[404/964    0s] WriteText Library/Bee/artifacts/1300b0aP.dag/Oculus.Interaction.dll.mvfrm.rsp
[405/964    0s] WriteText Library/Bee/artifacts/1300b0aP.dag/Unity.AI.Navigation.rsp
[406/964    0s] WriteText Library/Bee/artifacts/1300b0aP.dag/Unity.AI.Navigation.dll.mvfrm.rsp
[410/964    0s] WriteText Library/Bee/artifacts/1300b0aP.dag/Meta.XR.EnvironmentDepth.rsp
[411/964    0s] WriteText Library/Bee/artifacts/1300b0aP.dag/Meta.XR.ImmersiveDebugger.Interface.dll.mvfrm.rsp
[426/964    0s] WriteText Library/Bee/artifacts/1300b0aP.dag/Unity.XR.OpenXR.Features.OculusQuestSupport.rsp
[428/964    0s] WriteText Library/Bee/artifacts/1300b0aP.dag/Meta.WitAi.TTS.rsp
[429/964    0s] WriteText Library/Bee/artifacts/1300b0aP.dag/Unity.RenderPipelines.ShaderGraph.ShaderGraphLibrary.dll.mvfrm.rsp
[430/964    0s] WriteText Library/Bee/artifacts/1300b0aP.dag/AssistantVoiceCommandCommon.rsp
[432/964    0s] WriteText Library/Bee/artifacts/1300b0aP.dag/VoiceSDK.Runtime.dll.mvfrm.rsp
[433/964    0s] WriteText Library/Bee/artifacts/1300b0aP.dag/Unity.XR.OpenXR.Features.MockRuntime.dll.mvfrm.rsp
[434/964    0s] WriteText Library/Bee/artifacts/1300b0aP.dag/Unity.RenderPipelines.Universal.Shaders.dll.mvfrm.rsp
[435/964    0s] WriteText Library/Bee/artifacts/1300b0aP.dag/Unity.RenderPipelines.Universal.2D.Runtime.dll.mvfrm.rsp
[436/964    0s] WriteText Library/Bee/artifacts/1300b0aP.dag/Unity.InputSystem.ForUI.dll.mvfrm.rsp
[437/964    0s] WriteText Library/Bee/artifacts/1300b0aP.dag/Meta.XR.ImmersiveDebugger.Interface.rsp
[438/964    0s] WriteText Library/Bee/artifacts/1300b0aP.dag/Unity.Rendering.LightTransport.Runtime.dll.mvfrm.rsp
[439/964    0s] WriteText Library/Bee/artifacts/1300b0aP.dag/UnityEngine.XR.LegacyInputHelpers.dll.mvfrm.rsp
[440/964    0s] WriteText Library/Bee/artifacts/1300b0aP.dag/Meta.XR.BuildingBlocks.dll.mvfrm.rsp
[441/964    0s] WriteText Library/Bee/artifacts/1300b0aP.dag/Meta.Wit.Composer.dll.mvfrm.rsp
[442/964    0s] WriteText Library/Bee/artifacts/1300b0aP.dag/Unity.VisualScripting.State.dll.mvfrm.rsp
[443/964    0s] WriteText Library/Bee/artifacts/1300b0aP.dag/meta.xr.mrutilitykit.dll.mvfrm.rsp
[444/964    0s] WriteText Library/Bee/artifacts/1300b0aP.dag/Meta.Wit.Dictation.dll.mvfrm.rsp
[445/964    0s] WriteText Library/Bee/artifacts/1300b0aP.dag/Unity.WebRTC.dll.mvfrm.rsp
[447/964    0s] WriteText Library/Bee/artifacts/1300b0aP.dag/Oculus.Interaction.rsp
[448/964    0s] WriteText Library/Bee/artifacts/1300b0aP.dag/VoiceSDK.Runtime.rsp
[450/964    0s] WriteText Library/Bee/artifacts/1300b0aP.dag/Unity.Timeline.dll.mvfrm.rsp
[451/964    0s] WriteText Library/Bee/artifacts/1300b0aP.dag/Unity.Multiplayer.Center.Common.dll.mvfrm.rsp
[452/964    0s] WriteText Library/Bee/artifacts/1300b0aP.dag/Oculus.Interaction.Samples.dll.mvfrm.rsp
[453/964    0s] WriteText Library/Bee/artifacts/1300b0aP.dag/Meta.XR.BuildingBlocks.rsp
[454/964    0s] WriteText Library/Bee/artifacts/1300b0aP.dag/Unity.XR.OpenXR.Features.ConformanceAutomation.dll.mvfrm.rsp
[455/964    0s] WriteText Library/Bee/artifacts/1300b0aP.dag/Unity.WebRTC.rsp
[456/964    0s] WriteText Library/Bee/artifacts/1300b0aP.dag/UnityEngine.XR.LegacyInputHelpers.rsp
[457/964    0s] WriteText Library/Bee/artifacts/1300b0aP.dag/Oculus.Platform.dll.mvfrm.rsp
[458/964    0s] WriteText Library/Bee/artifacts/1300b0aP.dag/Meta.Wit.Composer.rsp
[459/964    0s] WriteText Library/Bee/artifacts/1300b0aP.dag/Unity.XR.OpenXR.Features.MockRuntime.rsp
[460/964    0s] WriteText Library/Bee/artifacts/1300b0aP.dag/Unity.InputSystem.ForUI.rsp
[461/964    0s] WriteText Library/Bee/artifacts/1300b0aP.dag/Unity.Timeline.rsp
[462/964    0s] WriteText Library/Bee/artifacts/1300b0aP.dag/Oculus.Interaction.OVR.rsp
[467/964    0s] WriteText Library/Bee/artifacts/1300b0aP.dag/Unity.VisualScripting.State.rsp
[470/964    0s] WriteText Library/Bee/artifacts/1300b0aP.dag/Unity.VisualScripting.Flow.rsp
[472/964    0s] WriteText Library/Bee/artifacts/1300b0aP.dag/Unity.RenderPipelines.Universal.Shaders.rsp
[486/964    0s] WriteText Library/Bee/artifacts/1300b0aP.dag/Unity.Rendering.LightTransport.Runtime.rsp
[487/964    0s] WriteText Library/Bee/artifacts/1300b0aP.dag/Oculus.Interaction.OVR.Samples.dll.mvfrm.rsp
[488/964    0s] WriteText Library/Bee/artifacts/1300b0aP.dag/Unity.RenderPipelines.Core.ShaderLibrary.rsp
[489/964    0s] WriteText Library/Bee/artifacts/1300b0aP.dag/Meta.XR.Audio.dll.mvfrm.rsp
[490/964    0s] WriteText Library/Bee/artifacts/1300b0aP.dag/Oculus.Interaction.OVR.dll.mvfrm.rsp
[491/964    0s] WriteText Library/Bee/artifacts/1300b0aP.dag/Oculus.VR.rsp
[492/964    0s] WriteText Library/Bee/artifacts/1300b0aP.dag/Meta.XR.BuildingBlocks.DepthAPI.dll.mvfrm.rsp
[493/964    0s] WriteText Library/Bee/artifacts/1300b0aP.dag/VoiceSDK.Dictation.Runtime.dll.mvfrm.rsp
[494/964    0s] WriteText Library/Bee/artifacts/1300b0aP.dag/Unity.RenderPipelines.Universal.2D.Runtime.rsp
[495/964    0s] WriteText Library/Bee/artifacts/1300b0aP.dag/Meta.XR.MultiplayerBlocks.Shared.dll.mvfrm.rsp
[496/964    0s] WriteText Library/Bee/artifacts/1300b0aP.dag/meta.xr.mrutilitykit.rsp
[497/964    0s] WriteText Library/Bee/artifacts/1300b0aP.dag/Oculus.Interaction.Samples.rsp
[498/964    0s] WriteText Library/Bee/artifacts/1300b0aP.dag/Oculus.Interaction.UnityXR.dll.mvfrm.rsp
[499/964    0s] WriteText Library/Bee/artifacts/1300b0aP.dag/Meta.XR.ImmersiveDebugger.dll.mvfrm.rsp
[500/964    0s] WriteText Library/Bee/artifacts/1300b0aP.dag/VoiceSDK.Runtime.Composer.dll.mvfrm.rsp
[501/964    0s] WriteText Library/Bee/artifacts/1300b0aP.dag/Meta.Voice.Hub.Runtime.dll.mvfrm.rsp
[502/964    0s] WriteText Library/Bee/artifacts/1300b0aP.dag/VoiceSDK.Dictation.Runtime.rsp
[503/964    0s] WriteText Library/Bee/artifacts/1300b0aP.dag/VoiceSDK.Runtime.Composer.rsp
[504/964    0s] WriteText Library/Bee/artifacts/1300b0aP.dag/Assembly-CSharp.dll.mvfrm.rsp
[505/964    0s] WriteText Library/Bee/artifacts/1300b0aP.dag/Meta.XR.MultiplayerBlocks.Shared.rsp
[506/964    0s] WriteText Library/Bee/artifacts/1300b0aP.dag/Unity.Multiplayer.Center.Common.rsp
[507/964    0s] WriteText Library/Bee/artifacts/1300b0aP.dag/Meta.Wit.Dictation.rsp
[508/964    0s] WriteText Library/Bee/artifacts/1300b0aP.dag/Unity.VisualScripting.DocCodeExamples.dll.mvfrm.rsp
[509/964    0s] WriteText Library/Bee/artifacts/1300b0aP.dag/Unity.RenderPipelines.Core.ShaderLibrary.dll.mvfrm.rsp
[510/964    0s] WriteText Library/Bee/artifacts/1300b0aP.dag/Unity.RenderPipelines.ShaderGraph.ShaderGraphLibrary.rsp
[511/964    0s] WriteText Library/Bee/artifacts/1300b0aP.dag/Meta.XR.BuildingBlocks.DepthAPI.rsp
[513/964    0s] WriteText Library/Bee/artifacts/1300b0aP.dag/Meta.XR.ImmersiveDebugger.rsp
[515/964    0s] WriteText Library/Bee/artifacts/1300b0aP.dag/Assembly-CSharp.rsp
[516/964    0s] WriteText Library/Bee/artifacts/1300b0aP.dag/Unity.XR.OpenXR.TestTooling.rsp
[517/964    0s] WriteText Library/Bee/artifacts/1300b0aP.dag/Oculus.Haptics.dll.mvfrm.rsp
[519/964    0s] WriteText Library/Bee/artifacts/1300b0aP.dag/Unity.VisualScripting.DocCodeExamples.rsp
[521/964    0s] WriteText Library/Bee/artifacts/1300b0aP.dag/Oculus.Haptics.rsp
[522/964    0s] WriteText Library/Bee/artifacts/1300b0aP.dag/Meta.XR.Audio.rsp
[526/964    0s] WriteText Library/Bee/artifacts/1300b0aP.dag/Unity.XR.OpenXR.TestTooling.dll.mvfrm.rsp
[527/964    0s] WriteText Library/Bee/artifacts/1300b0aP.dag/Unity.XR.OpenXR.Features.RuntimeDebugger.rsp
[529/964    0s] WriteText Library/Bee/artifacts/1300b0aP.dag/Meta.Voice.Hub.Runtime.rsp
[530/964    0s] WriteText Library/Bee/artifacts/1300b0aP.dag/Oculus.Platform.rsp
[531/964    0s] WriteText Library/Bee/artifacts/1300b0aP.dag/Unity.XR.OpenXR.Features.RuntimeDebugger.dll.mvfrm.rsp
[532/964    0s] WriteText Library/Bee/artifacts/1300b0aP.dag/Oculus.Interaction.UnityXR.rsp
[533/964    0s] WriteText Library/Bee/artifacts/1300b0aP.dag/Oculus.Interaction.OVR.Samples.rsp
[534/964    0s] WriteText Library/Bee/artifacts/1300b0aP.dag/Unity.XR.OpenXR.Features.ConformanceAutomation.rsp
[535/964    0s] MovedFromExtractor-Combine Library/Bee/artifacts/Android_CodeGen/UnityEngine.UI.dll.mvfrm
[536/964    0s] MovedFromExtractor-Combine Library/Bee/artifacts/Android_CodeGen/UnityEngine.TestRunner.dll.mvfrm
[537/964    0s] MovedFromExtractor Library/Bee/artifacts/mvdfrm/UnityEngine.ARModule.dll_8784FF994DE0B36E.mvfrm
[538/964    0s] MovedFromExtractor-Combine Library/Bee/artifacts/1300b0aP.dag/UnityEngine.UI.dll.mvfrm
[539/964    0s] Csc Library/Bee/artifacts/Android_CodeGen/UnityEngine.TestRunner.dll (+2 others)
[           0s] Csc Library/Bee/artifacts/Android_CodeGen/UnityEngine.TestRunner.dll (+2 others) [CacheWrite 00000000000000000000000000000004]
[542/964    0s] Csc Library/Bee/artifacts/Android_CodeGen/UnityEngine.UI.dll (+2 others)
[           0s] Csc Library/Bee/artifacts/Android_CodeGen/UnityEngine.UI.dll (+2 others) [CacheWrite 00000000000000000000000000000004]
[543/964    0s] Csc Library/Bee/artifacts/1300b0aP.dag/UnityEngine.UI.dll (+2 others)
[           0s] Csc Library/Bee/artifacts/1300b0aP.dag/UnityEngine.UI.dll (+2 others) [CacheWrite 00000000000000000000000000000004]
[545/964    0s] MovedFromExtractor Library/Bee/artifacts/mvdfrm/UnityEngine.UI.ref.dll_DB7439BD0E712D01.mvfrm
[546/964    0s] MovedFromExtractor-Combine Library/Bee/artifacts/1300b0aP.dag/Meta.VoiceSDK.Mic.Common.dll.mvfrm
[547/964    0s] MovedFromExtractor-Combine Library/Bee/artifacts/1300b0aP.dag/Meta.WitAi.dll.mvfrm
[548/964    0s] MovedFromExtractor-Combine Library/Bee/artifacts/1300b0aP.dag/Unity.Mathematics.dll.mvfrm
[549/964    0s] MovedFromExtractor-Combine Library/Bee/artifacts/1300b0aP.dag/Unity.AI.Navigation.dll.mvfrm
[550/964    0s] MovedFromExtractor-Combine Library/Bee/artifacts/1300b0aP.dag/Meta.WitAi.TTS.dll.mvfrm
[551/964    0s] MovedFromExtractor-Combine Library/Bee/artifacts/1300b0aP.dag/Meta.VoiceSDK.Mic.Other.dll.mvfrm
[552/964    0s] MovedFromExtractor-Combine Library/Bee/artifacts/1300b0aP.dag/AssistantCoreSDKRuntime.dll.mvfrm
[553/964    0s] MovedFromExtractor-Combine Library/Bee/artifacts/1300b0aP.dag/Meta.WitAi.Lib.dll.mvfrm
[554/964    0s] MovedFromExtractor-Combine Library/Bee/artifacts/1300b0aP.dag/VoiceSDK.Telemetry.Runtime.dll.mvfrm
[555/964    0s] MovedFromExtractor-Combine Library/Bee/artifacts/1300b0aP.dag/Unity.Burst.dll.mvfrm
[556/964    0s] MovedFromExtractor-Combine Library/Bee/artifacts/1300b0aP.dag/Unity.TextMeshPro.dll.mvfrm
[557/964    0s] MovedFromExtractor-Combine Library/Bee/artifacts/1300b0aP.dag/Meta.WitAi.Conduit.dll.mvfrm
[558/964    0s] MovedFromExtractor-Combine Library/Bee/artifacts/1300b0aP.dag/Meta.Voice.Opus.dll.mvfrm
[559/964    0s] MovedFromExtractor-Combine Library/Bee/artifacts/1300b0aP.dag/Unity.InputSystem.dll.mvfrm
[560/964    0s] MovedFromExtractor-Combine Library/Bee/artifacts/1300b0aP.dag/Meta.Net.endel.nativewebsocket.dll.mvfrm
[561/964    0s] MovedFromExtractor-Combine Library/Bee/artifacts/1300b0aP.dag/Meta.Voice.NLayer.dll.mvfrm
[562/964    0s] MovedFromExtractor-Combine Library/Bee/artifacts/1300b0aP.dag/Unity.XR.Management.dll.mvfrm
[563/964    0s] MovedFromExtractor-Combine Library/Bee/artifacts/1300b0aP.dag/UnityEngine.SpatialTracking.dll.mvfrm
[564/964    0s] MovedFromExtractor-Combine Library/Bee/artifacts/1300b0aP.dag/Meta.XR.ImmersiveDebugger.Interface.dll.mvfrm
[565/964    0s] MovedFromExtractor-Combine Library/Bee/artifacts/1300b0aP.dag/AssistantVoiceCommandCommon.dll.mvfrm
[566/964    0s] MovedFromExtractor-Combine Library/Bee/artifacts/1300b0aP.dag/Oculus.Interaction.OVR.dll.mvfrm
[567/964    0s] MovedFromExtractor-Combine Library/Bee/artifacts/1300b0aP.dag/Meta.Wit.Composer.dll.mvfrm
[568/964    0s] MovedFromExtractor-Combine Library/Bee/artifacts/1300b0aP.dag/Unity.Multiplayer.Center.Common.dll.mvfrm
[569/964    0s] MovedFromExtractor-Combine Library/Bee/artifacts/1300b0aP.dag/VoiceSDK.Runtime.dll.mvfrm
[570/964    0s] MovedFromExtractor-Combine Library/Bee/artifacts/1300b0aP.dag/Meta.XR.EnvironmentDepth.dll.mvfrm
[571/964    0s] MovedFromExtractor-Combine Library/Bee/artifacts/1300b0aP.dag/Unity.RenderPipelines.Core.ShaderLibrary.dll.mvfrm
[572/964    0s] MovedFromExtractor-Combine Library/Bee/artifacts/1300b0aP.dag/Unity.Timeline.dll.mvfrm
[573/964    0s] MovedFromExtractor-Combine Library/Bee/artifacts/1300b0aP.dag/Unity.WebRTC.dll.mvfrm
[574/964    0s] MovedFromExtractor-Combine Library/Bee/artifacts/1300b0aP.dag/Oculus.Platform.dll.mvfrm
[575/964    0s] MovedFromExtractor-Combine Library/Bee/artifacts/1300b0aP.dag/Unity.RenderPipelines.Universal.Shaders.dll.mvfrm
[576/964    0s] MovedFromExtractor-Combine Library/Bee/artifacts/1300b0aP.dag/Unity.RenderPipelines.ShaderGraph.ShaderGraphLibrary.dll.mvfrm
[577/964    0s] MovedFromExtractor-Combine Library/Bee/artifacts/1300b0aP.dag/Meta.Wit.Dictation.dll.mvfrm
[578/964    0s] Csc Library/Bee/artifacts/1300b0aP.dag/AssistantCoreSDKRuntime.dll (+2 others)
[579/964    0s] Csc Library/Bee/artifacts/1300b0aP.dag/VoiceSDK.Telemetry.Runtime.dll (+2 others)
[           0s] Csc Library/Bee/artifacts/1300b0aP.dag/AssistantCoreSDKRuntime.dll (+2 others) [CacheWrite 00000000000000000000000000000004]
[           0s] Csc Library/Bee/artifacts/1300b0aP.dag/VoiceSDK.Telemetry.Runtime.dll (+2 others) [CacheWrite 00000000000000000000000000000004]
[580/964    0s] Csc Library/Bee/artifacts/1300b0aP.dag/Meta.XR.ImmersiveDebugger.Interface.dll (+2 others)
[           0s] Csc Library/Bee/artifacts/1300b0aP.dag/Meta.XR.ImmersiveDebugger.Interface.dll (+2 others) [CacheWrite 00000000000000000000000000000004]
[581/964    0s] Csc Library/Bee/artifacts/1300b0aP.dag/Unity.XR.Management.dll (+2 others)
[           0s] Csc Library/Bee/artifacts/1300b0aP.dag/Unity.XR.Management.dll (+2 others) [CacheWrite 00000000000000000000000000000004]
[583/964    0s] Csc Library/Bee/artifacts/1300b0aP.dag/Meta.Voice.Opus.dll (+2 others)
[584/964    0s] Csc Library/Bee/artifacts/1300b0aP.dag/Meta.Net.endel.nativewebsocket.dll (+2 others)
[           0s] Csc Library/Bee/artifacts/1300b0aP.dag/Meta.Voice.Opus.dll (+2 others) [CacheWrite 00000000000000000000000000000004]
[           0s] Csc Library/Bee/artifacts/1300b0aP.dag/Meta.Net.endel.nativewebsocket.dll (+2 others) [CacheWrite 00000000000000000000000000000004]
[585/964    0s] Csc Library/Bee/artifacts/1300b0aP.dag/Unity.RenderPipelines.ShaderGraph.ShaderGraphLibrary.dll (+2 others)
[           0s] Csc Library/Bee/artifacts/1300b0aP.dag/Unity.RenderPipelines.ShaderGraph.ShaderGraphLibrary.dll (+2 others) [CacheWrite 00000000000000000000000000000004]
[586/964    0s] Csc Library/Bee/artifacts/1300b0aP.dag/Unity.RenderPipelines.Core.ShaderLibrary.dll (+2 others)
[           0s] Csc Library/Bee/artifacts/1300b0aP.dag/Unity.RenderPipelines.Core.ShaderLibrary.dll (+2 others) [CacheWrite 00000000000000000000000000000004]
[587/964    0s] MovedFromExtractor-Combine Library/Bee/artifacts/1300b0aP.dag/Meta.Voice.Hub.Runtime.dll.mvfrm
[590/964    0s] MovedFromExtractor-Combine Library/Bee/artifacts/1300b0aP.dag/Meta.XR.Audio.dll.mvfrm
[591/964    0s] MovedFromExtractor-Combine Library/Bee/artifacts/1300b0aP.dag/Meta.XR.MultiplayerBlocks.Shared.dll.mvfrm
[592/964    0s] MovedFromExtractor-Combine Library/Bee/artifacts/1300b0aP.dag/VoiceSDK.Runtime.Composer.dll.mvfrm
[593/964    0s] MovedFromExtractor-Combine Library/Bee/artifacts/1300b0aP.dag/VoiceSDK.Dictation.Runtime.dll.mvfrm
[594/964    0s] Csc Library/Bee/artifacts/Android_CodeGen/UnityEditor.TestRunner.dll (+2 others)
[595/964    0s] Csc Library/Bee/artifacts/1300b0aP.dag/Meta.Voice.NLayer.dll (+2 others)
[           0s] Csc Library/Bee/artifacts/Android_CodeGen/UnityEditor.TestRunner.dll (+2 others) [CacheWrite 00000000000000000000000000000004]
[           0s] Csc Library/Bee/artifacts/1300b0aP.dag/Meta.Voice.NLayer.dll (+2 others) [CacheWrite 00000000000000000000000000000004]
[597/964    0s] MovedFromExtractor-Combine Library/Bee/artifacts/1300b0aP.dag/Meta.XR.ImmersiveDebugger.dll.mvfrm
[598/964    0s] Csc Library/Bee/artifacts/1300b0aP.dag/Unity.Multiplayer.Center.Common.dll (+2 others)
[           0s] Csc Library/Bee/artifacts/1300b0aP.dag/Unity.Multiplayer.Center.Common.dll (+2 others) [CacheWrite 00000000000000000000000000000004]
[600/964    0s] Csc Library/Bee/artifacts/1300b0aP.dag/AssistantVoiceCommandCommon.dll (+2 others)
[           0s] Csc Library/Bee/artifacts/1300b0aP.dag/AssistantVoiceCommandCommon.dll (+2 others) [CacheWrite 00000000000000000000000000000004]
[601/964    0s] MovedFromExtractor-Combine Library/Bee/artifacts/Android_CodeGen/UnityEditor.UI.dll.mvfrm
[602/964    0s] Csc Library/Bee/artifacts/1300b0aP.dag/Unity.Timeline.dll (+2 others)
[603/964    0s] Csc Library/Bee/artifacts/1300b0aP.dag/Meta.Voice.Hub.Runtime.dll (+2 others)
[           0s] Csc Library/Bee/artifacts/1300b0aP.dag/Meta.Voice.Hub.Runtime.dll (+2 others) [CacheWrite 00000000000000000000000000000004]
[604/964    0s] Csc Library/Bee/artifacts/1300b0aP.dag/UnityEngine.SpatialTracking.dll (+2 others)
[           0s] Csc Library/Bee/artifacts/1300b0aP.dag/UnityEngine.SpatialTracking.dll (+2 others) [CacheWrite 00000000000000000000000000000004]
[606/964    0s] MovedFromExtractor-Combine Library/Bee/artifacts/1300b0aP.dag/UnityEngine.XR.LegacyInputHelpers.dll.mvfrm
[           0s] Csc Library/Bee/artifacts/1300b0aP.dag/Unity.Timeline.dll (+2 others) [CacheWrite 00000000000000000000000000000004]
[608/964    0s] Csc Library/Bee/artifacts/1300b0aP.dag/Unity.RenderPipelines.Universal.Shaders.dll (+2 others)
[           0s] Csc Library/Bee/artifacts/1300b0aP.dag/Unity.RenderPipelines.Universal.Shaders.dll (+2 others) [CacheWrite 00000000000000000000000000000004]
[610/964    0s] Csc Library/Bee/artifacts/1300b0aP.dag/UnityEngine.XR.LegacyInputHelpers.dll (+2 others)
[           0s] Csc Library/Bee/artifacts/1300b0aP.dag/UnityEngine.XR.LegacyInputHelpers.dll (+2 others) [CacheWrite 00000000000000000000000000000004]
[612/964    0s] Csc Library/Bee/artifacts/1300b0aP.dag/Unity.WebRTC.dll (+2 others)
[613/964    0s] Csc Library/Bee/artifacts/1300b0aP.dag/Oculus.Platform.dll (+2 others)
[614/964    0s] Csc Library/Bee/artifacts/1300b0aP.dag/Meta.XR.Audio.dll (+2 others)
[           0s] Csc Library/Bee/artifacts/1300b0aP.dag/Oculus.Platform.dll (+2 others) [CacheWrite 00000000000000000000000000000004]
[           0s] Csc Library/Bee/artifacts/1300b0aP.dag/Meta.XR.Audio.dll (+2 others) [CacheWrite 00000000000000000000000000000004]
[           0s] Csc Library/Bee/artifacts/1300b0aP.dag/Unity.WebRTC.dll (+2 others) [CacheWrite 00000000000000000000000000000004]
[616/964    0s] Csc Library/Bee/artifacts/Android_CodeGen/UnityEditor.UI.dll (+2 others)
[           0s] Csc Library/Bee/artifacts/Android_CodeGen/UnityEditor.UI.dll (+2 others) [CacheWrite 00000000000000000000000000000004]
[618/964    0s] Csc Library/Bee/artifacts/1300b0aP.dag/Unity.Burst.dll (+2 others)
[619/964    0s] Csc Library/Bee/artifacts/1300b0aP.dag/Unity.TextMeshPro.dll (+2 others)
[           0s] Csc Library/Bee/artifacts/1300b0aP.dag/Unity.Burst.dll (+2 others) [CacheWrite 00000000000000000000000000000004]
[           0s] Csc Library/Bee/artifacts/1300b0aP.dag/Unity.TextMeshPro.dll (+2 others) [CacheWrite 00000000000000000000000000000004]
[622/964    0s] Csc Library/Bee/artifacts/1300b0aP.dag/Meta.WitAi.Lib.dll (+2 others)
[           0s] Csc Library/Bee/artifacts/1300b0aP.dag/Meta.WitAi.Lib.dll (+2 others) [CacheWrite 00000000000000000000000000000004]
[623/964    0s] MovedFromExtractor-Combine Library/Bee/artifacts/Android_CodeGen/Unity.Mathematics.dll.mvfrm
[624/964    0s] MovedFromExtractor-Combine Library/Bee/artifacts/Android_CodeGen/Unity.Burst.dll.mvfrm
[625/964    0s] MovedFromExtractor-Combine Library/Bee/artifacts/1300b0aP.dag/Oculus.Interaction.dll.mvfrm
[626/964    0s] MovedFromExtractor-Combine Library/Bee/artifacts/1300b0aP.dag/Oculus.Interaction.Samples.dll.mvfrm
[627/964    0s] Csc Library/Bee/artifacts/1300b0aP.dag/Unity.AI.Navigation.dll (+2 others)
[628/964    0s] MovedFromExtractor-Combine Library/Bee/artifacts/1300b0aP.dag/Oculus.Interaction.OVR.Samples.dll.mvfrm
[           0s] Csc Library/Bee/artifacts/1300b0aP.dag/Unity.AI.Navigation.dll (+2 others) [CacheWrite 00000000000000000000000000000004]
[630/964    0s] Csc Library/Bee/artifacts/1300b0aP.dag/Meta.VoiceSDK.Mic.Common.dll (+2 others)
[           0s] Csc Library/Bee/artifacts/1300b0aP.dag/Meta.VoiceSDK.Mic.Common.dll (+2 others) [CacheWrite 00000000000000000000000000000004]
[631/964    0s] MovedFromExtractor-Combine Library/Bee/artifacts/1300b0aP.dag/meta.xr.mrutilitykit.dll.mvfrm
[632/964    0s] Csc Library/Bee/artifacts/1300b0aP.dag/Meta.WitAi.Conduit.dll (+2 others)
[           0s] Csc Library/Bee/artifacts/1300b0aP.dag/Meta.WitAi.Conduit.dll (+2 others) [CacheWrite 00000000000000000000000000000004]
[633/964    1s] Csc Library/Bee/artifacts/1300b0aP.dag/Unity.InputSystem.dll (+2 others)
[           0s] Csc Library/Bee/artifacts/1300b0aP.dag/Unity.InputSystem.dll (+2 others) [CacheWrite 00000000000000000000000000000004]
[635/964    0s] Csc Library/Bee/artifacts/1300b0aP.dag/Meta.VoiceSDK.Mic.Other.dll (+2 others)
[           0s] Csc Library/Bee/artifacts/1300b0aP.dag/Meta.VoiceSDK.Mic.Other.dll (+2 others) [CacheWrite 00000000000000000000000000000004]
[636/964    0s] MovedFromExtractor-Combine Library/Bee/artifacts/1300b0aP.dag/Unity.XR.CoreUtils.dll.mvfrm
[637/964    0s] MovedFromExtractor-Combine Library/Bee/artifacts/1300b0aP.dag/Unity.InputSystem.ForUI.dll.mvfrm
[638/964    0s] MovedFromExtractor-Combine Library/Bee/artifacts/1300b0aP.dag/Meta.XR.BuildingBlocks.dll.mvfrm
[639/964    0s] MovedFromExtractor-Combine Library/Bee/artifacts/1300b0aP.dag/Unity.VisualScripting.Core.dll.mvfrm
[640/964    0s] Csc Library/Bee/artifacts/1300b0aP.dag/Unity.XR.CoreUtils.dll (+2 others)
[           0s] Csc Library/Bee/artifacts/1300b0aP.dag/Unity.XR.CoreUtils.dll (+2 others) [CacheWrite 00000000000000000000000000000004]
[642/964    0s] Csc Library/Bee/artifacts/Android_CodeGen/Unity.Burst.dll (+2 others)
[643/964    1s] Csc Library/Bee/artifacts/1300b0aP.dag/Unity.Mathematics.dll (+2 others)
[           0s] Csc Library/Bee/artifacts/Android_CodeGen/Unity.Burst.dll (+2 others) [CacheWrite 00000000000000000000000000000004]
[           0s] Csc Library/Bee/artifacts/1300b0aP.dag/Unity.Mathematics.dll (+2 others) [CacheWrite 00000000000000000000000000000004]
[647/964    0s] Csc Library/Bee/artifacts/1300b0aP.dag/Meta.WitAi.dll (+2 others)
[           0s] Csc Library/Bee/artifacts/1300b0aP.dag/Meta.WitAi.dll (+2 others) [CacheWrite 00000000000000000000000000000004]
[648/964    0s] MovedFromExtractor-Combine Library/Bee/artifacts/1300b0aP.dag/Unity.Collections.dll.mvfrm
[649/964    1s] Csc Library/Bee/artifacts/1300b0aP.dag/Oculus.Interaction.dll (+2 others)
[           0s] Csc Library/Bee/artifacts/1300b0aP.dag/Oculus.Interaction.dll (+2 others) [CacheWrite 00000000000000000000000000000004]
[650/964    0s] Csc Library/Bee/artifacts/1300b0aP.dag/Unity.VisualScripting.Core.dll (+2 others)
[651/964    0s] Csc Library/Bee/artifacts/1300b0aP.dag/Unity.InputSystem.ForUI.dll (+2 others)
[           0s] Csc Library/Bee/artifacts/1300b0aP.dag/Unity.InputSystem.ForUI.dll (+2 others) [CacheWrite 00000000000000000000000000000004]
[           0s] Csc Library/Bee/artifacts/1300b0aP.dag/Unity.VisualScripting.Core.dll (+2 others) [CacheWrite 00000000000000000000000000000004]
[654/964    0s] Csc Library/Bee/artifacts/Android_CodeGen/Unity.Burst.CodeGen.dll (+2 others)
[           0s] Csc Library/Bee/artifacts/Android_CodeGen/Unity.Burst.CodeGen.dll (+2 others) [CacheWrite 00000000000000000000000000000004]
[655/964    0s] Csc Library/Bee/artifacts/1300b0aP.dag/Meta.Wit.Dictation.dll (+2 others)
[656/964    0s] Csc Library/Bee/artifacts/1300b0aP.dag/Meta.WitAi.TTS.dll (+2 others)
[           0s] Csc Library/Bee/artifacts/1300b0aP.dag/Meta.Wit.Dictation.dll (+2 others) [CacheWrite 00000000000000000000000000000004]
[           0s] Csc Library/Bee/artifacts/1300b0aP.dag/Meta.WitAi.TTS.dll (+2 others) [CacheWrite 00000000000000000000000000000004]
[657/964    0s] MovedFromExtractor-Combine Library/Bee/artifacts/1300b0aP.dag/Unity.VisualScripting.Flow.dll.mvfrm
[658/964    0s] Csc Library/Bee/artifacts/1300b0aP.dag/Oculus.Interaction.Samples.dll (+2 others)
[           0s] Csc Library/Bee/artifacts/1300b0aP.dag/Oculus.Interaction.Samples.dll (+2 others) [CacheWrite 00000000000000000000000000000004]
[659/964    0s] Csc Library/Bee/artifacts/1300b0aP.dag/VoiceSDK.Runtime.dll (+2 others)
[           0s] Csc Library/Bee/artifacts/1300b0aP.dag/VoiceSDK.Runtime.dll (+2 others) [CacheWrite 00000000000000000000000000000004]
[660/964    0s] Csc Library/Bee/artifacts/1300b0aP.dag/Meta.Wit.Composer.dll (+2 others)
[           0s] Csc Library/Bee/artifacts/1300b0aP.dag/Meta.Wit.Composer.dll (+2 others) [CacheWrite 00000000000000000000000000000004]
[661/964    1s] Csc Library/Bee/artifacts/Android_CodeGen/Unity.Mathematics.dll (+2 others)
[           0s] Csc Library/Bee/artifacts/Android_CodeGen/Unity.Mathematics.dll (+2 others) [CacheWrite 00000000000000000000000000000004]
[663/964    0s] Csc Library/Bee/artifacts/1300b0aP.dag/VoiceSDK.Dictation.Runtime.dll (+2 others)
[           0s] Csc Library/Bee/artifacts/1300b0aP.dag/VoiceSDK.Dictation.Runtime.dll (+2 others) [CacheWrite 00000000000000000000000000000004]
[664/964    0s] Csc Library/Bee/artifacts/1300b0aP.dag/VoiceSDK.Runtime.Composer.dll (+2 others)
[           0s] Csc Library/Bee/artifacts/1300b0aP.dag/VoiceSDK.Runtime.Composer.dll (+2 others) [CacheWrite 00000000000000000000000000000004]
[665/964    0s] MovedFromExtractor-Combine Library/Bee/artifacts/Android_CodeGen/Unity.Collections.dll.mvfrm
[666/964    0s] Csc Library/Bee/artifacts/1300b0aP.dag/Unity.VisualScripting.Flow.dll (+2 others)
[           0s] Csc Library/Bee/artifacts/1300b0aP.dag/Unity.VisualScripting.Flow.dll (+2 others) [CacheWrite 00000000000000000000000000000004]
[668/964    0s] Csc Library/Bee/artifacts/1300b0aP.dag/Unity.Collections.dll (+2 others)
[669/964    0s] MovedFromExtractor-Combine Library/Bee/artifacts/1300b0aP.dag/Unity.VisualScripting.DocCodeExamples.dll.mvfrm
[670/964    0s] MovedFromExtractor-Combine Library/Bee/artifacts/1300b0aP.dag/Unity.VisualScripting.State.dll.mvfrm
[           0s] Csc Library/Bee/artifacts/1300b0aP.dag/Unity.Collections.dll (+2 others) [CacheWrite 00000000000000000000000000000004]
[672/964    0s] MovedFromExtractor-Combine Library/Bee/artifacts/1300b0aP.dag/Unity.Rendering.LightTransport.Runtime.dll.mvfrm
[673/964    0s] MovedFromExtractor-Combine Library/Bee/artifacts/1300b0aP.dag/Unity.RenderPipelines.Core.Runtime.dll.mvfrm
[674/964    0s] Csc Library/Bee/artifacts/1300b0aP.dag/Unity.VisualScripting.DocCodeExamples.dll (+2 others)
[           0s] Csc Library/Bee/artifacts/1300b0aP.dag/Unity.VisualScripting.DocCodeExamples.dll (+2 others) [CacheWrite 00000000000000000000000000000004]
[675/964    0s] Csc Library/Bee/artifacts/1300b0aP.dag/Unity.VisualScripting.State.dll (+2 others)
[           0s] Csc Library/Bee/artifacts/1300b0aP.dag/Unity.VisualScripting.State.dll (+2 others) [CacheWrite 00000000000000000000000000000004]
[677/964    0s] Csc Library/Bee/artifacts/1300b0aP.dag/Unity.Rendering.LightTransport.Runtime.dll (+2 others)
[           0s] Csc Library/Bee/artifacts/1300b0aP.dag/Unity.Rendering.LightTransport.Runtime.dll (+2 others) [CacheWrite 00000000000000000000000000000004]
[679/964    0s] Csc Library/Bee/artifacts/Android_CodeGen/Unity.Collections.dll (+2 others)
[           0s] Csc Library/Bee/artifacts/Android_CodeGen/Unity.Collections.dll (+2 others) [CacheWrite 00000000000000000000000000000004]
[682/964    0s] Csc Library/Bee/artifacts/1300b0aP.dag/Unity.RenderPipelines.Core.Runtime.dll (+2 others)
[           0s] Csc Library/Bee/artifacts/1300b0aP.dag/Unity.RenderPipelines.Core.Runtime.dll (+2 others) [CacheWrite 00000000000000000000000000000004]
[684/964    0s] Csc Library/Bee/artifacts/Android_CodeGen/Unity.Collections.CodeGen.dll (+2 others)
[           0s] Csc Library/Bee/artifacts/Android_CodeGen/Unity.Collections.CodeGen.dll (+2 others) [CacheWrite 00000000000000000000000000000004]
[685/964    0s] MovedFromExtractor-Combine Library/Bee/artifacts/1300b0aP.dag/Unity.RenderPipelines.Core.Runtime.Shared.dll.mvfrm
[686/964    0s] MovedFromExtractor-Combine Library/Bee/artifacts/1300b0aP.dag/Unity.RenderPipeline.Universal.ShaderLibrary.dll.mvfrm
[687/964    0s] MovedFromExtractor-Combine Library/Bee/artifacts/1300b0aP.dag/Unity.RenderPipelines.Universal.Config.Runtime.dll.mvfrm
[688/964    0s] MovedFromExtractor-Combine Library/Bee/artifacts/1300b0aP.dag/Unity.RenderPipelines.GPUDriven.Runtime.dll.mvfrm
[689/964    0s] ILPP-Configuration Library/ilpp-configuration.nevergeneratedoutput
[690/964    0s] ILPostProcess Library/Bee/artifacts/1300b0aP.dag/post-processed/Meta.WitAi.Conduit.dll (+pdb)
Processing assembly Library/Bee/artifacts/1300b0aP.dag/Meta.WitAi.Conduit.dll, with 125 defines and 199 references
processors: Unity.Jobs.CodeGen.JobsILPostProcessor, zzzUnity.Burst.CodeGen.BurstILPostProcessor
running Unity.Jobs.CodeGen.JobsILPostProcessor
running zzzUnity.Burst.CodeGen.BurstILPostProcessor
[691/964    0s] ILPostProcess Library/Bee/artifacts/1300b0aP.dag/post-processed/Oculus.Interaction.Samples.dll (+pdb)
Processing assembly Library/Bee/artifacts/1300b0aP.dag/Oculus.Interaction.Samples.dll, with 125 defines and 200 references
processors: Unity.Jobs.CodeGen.JobsILPostProcessor, zzzUnity.Burst.CodeGen.BurstILPostProcessor
running Unity.Jobs.CodeGen.JobsILPostProcessor
running zzzUnity.Burst.CodeGen.BurstILPostProcessor
[692/964    0s] ILPostProcess Library/Bee/artifacts/1300b0aP.dag/post-processed/Meta.XR.Audio.dll (+pdb)
Processing assembly Library/Bee/artifacts/1300b0aP.dag/Meta.XR.Audio.dll, with 126 defines and 198 references
processors: Unity.Jobs.CodeGen.JobsILPostProcessor, zzzUnity.Burst.CodeGen.BurstILPostProcessor
running Unity.Jobs.CodeGen.JobsILPostProcessor
running zzzUnity.Burst.CodeGen.BurstILPostProcessor
[693/964    0s] ILPostProcess Library/Bee/artifacts/1300b0aP.dag/post-processed/Unity.WebRTC.dll (+pdb)
Processing assembly Library/Bee/artifacts/1300b0aP.dag/Unity.WebRTC.dll, with 124 defines and 198 references
processors: Unity.Jobs.CodeGen.JobsILPostProcessor, zzzUnity.Burst.CodeGen.BurstILPostProcessor
running Unity.Jobs.CodeGen.JobsILPostProcessor
running zzzUnity.Burst.CodeGen.BurstILPostProcessor
[694/964    0s] ILPostProcess Library/Bee/artifacts/1300b0aP.dag/post-processed/Meta.WitAi.dll (+pdb)
Processing assembly Library/Bee/artifacts/1300b0aP.dag/Meta.WitAi.dll, with 125 defines and 203 references
processors: Unity.Jobs.CodeGen.JobsILPostProcessor, zzzUnity.Burst.CodeGen.BurstILPostProcessor
running Unity.Jobs.CodeGen.JobsILPostProcessor
running zzzUnity.Burst.CodeGen.BurstILPostProcessor
[695/964    0s] ILPostProcess Library/Bee/artifacts/1300b0aP.dag/post-processed/Unity.VisualScripting.Flow.dll (+pdb)
Processing assembly Library/Bee/artifacts/1300b0aP.dag/Unity.VisualScripting.Flow.dll, with 132 defines and 200 references
processors: Unity.Jobs.CodeGen.JobsILPostProcessor, zzzUnity.Burst.CodeGen.BurstILPostProcessor
running Unity.Jobs.CodeGen.JobsILPostProcessor
running zzzUnity.Burst.CodeGen.BurstILPostProcessor
[696/964    0s] ILPostProcess Library/Bee/artifacts/1300b0aP.dag/post-processed/Meta.Wit.Dictation.dll (+pdb)
Processing assembly Library/Bee/artifacts/1300b0aP.dag/Meta.Wit.Dictation.dll, with 125 defines and 200 references
processors: Unity.Jobs.CodeGen.JobsILPostProcessor, zzzUnity.Burst.CodeGen.BurstILPostProcessor
running Unity.Jobs.CodeGen.JobsILPostProcessor
running zzzUnity.Burst.CodeGen.BurstILPostProcessor
[697/964    0s] ILPostProcess Library/Bee/artifacts/1300b0aP.dag/post-processed/Unity.XR.CoreUtils.dll (+pdb)
Processing assembly Library/Bee/artifacts/1300b0aP.dag/Unity.XR.CoreUtils.dll, with 130 defines and 200 references
processors: Unity.Jobs.CodeGen.JobsILPostProcessor, zzzUnity.Burst.CodeGen.BurstILPostProcessor
running Unity.Jobs.CodeGen.JobsILPostProcessor
running zzzUnity.Burst.CodeGen.BurstILPostProcessor
[698/964    0s] ILPostProcess Library/Bee/artifacts/1300b0aP.dag/post-processed/Meta.XR.ImmersiveDebugger.Interface.dll (+pdb)
Processing assembly Library/Bee/artifacts/1300b0aP.dag/Meta.XR.ImmersiveDebugger.Interface.dll, with 125 defines and 198 references
processors: Unity.Jobs.CodeGen.JobsILPostProcessor, zzzUnity.Burst.CodeGen.BurstILPostProcessor
running Unity.Jobs.CodeGen.JobsILPostProcessor
running zzzUnity.Burst.CodeGen.BurstILPostProcessor
[699/964    0s] ILPostProcess Library/Bee/artifacts/1300b0aP.dag/post-processed/Meta.VoiceSDK.Mic.Other.dll (+pdb)
Processing assembly Library/Bee/artifacts/1300b0aP.dag/Meta.VoiceSDK.Mic.Other.dll, with 125 defines and 200 references
processors: Unity.Jobs.CodeGen.JobsILPostProcessor, zzzUnity.Burst.CodeGen.BurstILPostProcessor
running Unity.Jobs.CodeGen.JobsILPostProcessor
running zzzUnity.Burst.CodeGen.BurstILPostProcessor
[700/964    0s] ILPostProcess Library/Bee/artifacts/1300b0aP.dag/post-processed/Meta.WitAi.Lib.dll (+pdb)
Processing assembly Library/Bee/artifacts/1300b0aP.dag/Meta.WitAi.Lib.dll, with 125 defines and 202 references
processors: Unity.Jobs.CodeGen.JobsILPostProcessor, zzzUnity.Burst.CodeGen.BurstILPostProcessor
running Unity.Jobs.CodeGen.JobsILPostProcessor
running zzzUnity.Burst.CodeGen.BurstILPostProcessor
[701/964    0s] ILPostProcess Library/Bee/artifacts/1300b0aP.dag/post-processed/Unity.Multiplayer.Center.Common.dll (+pdb)
Processing assembly Library/Bee/artifacts/1300b0aP.dag/Unity.Multiplayer.Center.Common.dll, with 124 defines and 198 references
processors: Unity.Jobs.CodeGen.JobsILPostProcessor, zzzUnity.Burst.CodeGen.BurstILPostProcessor
running Unity.Jobs.CodeGen.JobsILPostProcessor
running zzzUnity.Burst.CodeGen.BurstILPostProcessor
[702/964    0s] ILPostProcess Library/Bee/artifacts/1300b0aP.dag/post-processed/Unity.RenderPipelines.Core.ShaderLibrary.dll (+pdb)
Processing assembly Library/Bee/artifacts/1300b0aP.dag/Unity.RenderPipelines.Core.ShaderLibrary.dll, with 124 defines and 198 references
processors: Unity.Jobs.CodeGen.JobsILPostProcessor, zzzUnity.Burst.CodeGen.BurstILPostProcessor
running Unity.Jobs.CodeGen.JobsILPostProcessor
running zzzUnity.Burst.CodeGen.BurstILPostProcessor
[703/964    0s] ILPostProcess Library/Bee/artifacts/1300b0aP.dag/post-processed/Oculus.Interaction.dll (+pdb)
Processing assembly Library/Bee/artifacts/1300b0aP.dag/Oculus.Interaction.dll, with 125 defines and 199 references
processors: Unity.Jobs.CodeGen.JobsILPostProcessor, zzzUnity.Burst.CodeGen.BurstILPostProcessor
running Unity.Jobs.CodeGen.JobsILPostProcessor
running zzzUnity.Burst.CodeGen.BurstILPostProcessor
[704/964    0s] ILPostProcess Library/Bee/artifacts/1300b0aP.dag/post-processed/Unity.RenderPipelines.Universal.Shaders.dll (+pdb)
Processing assembly Library/Bee/artifacts/1300b0aP.dag/Unity.RenderPipelines.Universal.Shaders.dll, with 124 defines and 198 references
processors: Unity.Jobs.CodeGen.JobsILPostProcessor, zzzUnity.Burst.CodeGen.BurstILPostProcessor
running Unity.Jobs.CodeGen.JobsILPostProcessor
running zzzUnity.Burst.CodeGen.BurstILPostProcessor
[705/964    0s] ILPostProcess Library/Bee/artifacts/1300b0aP.dag/post-processed/Meta.Net.endel.nativewebsocket.dll (+pdb)
Processing assembly Library/Bee/artifacts/1300b0aP.dag/Meta.Net.endel.nativewebsocket.dll, with 125 defines and 198 references
processors: Unity.Jobs.CodeGen.JobsILPostProcessor, zzzUnity.Burst.CodeGen.BurstILPostProcessor
running Unity.Jobs.CodeGen.JobsILPostProcessor
running zzzUnity.Burst.CodeGen.BurstILPostProcessor
[706/964    0s] ILPostProcess Library/Bee/artifacts/1300b0aP.dag/post-processed/Unity.VisualScripting.State.dll (+pdb)
Processing assembly Library/Bee/artifacts/1300b0aP.dag/Unity.VisualScripting.State.dll, with 124 defines and 200 references
processors: Unity.Jobs.CodeGen.JobsILPostProcessor, zzzUnity.Burst.CodeGen.BurstILPostProcessor
running Unity.Jobs.CodeGen.JobsILPostProcessor
running zzzUnity.Burst.CodeGen.BurstILPostProcessor
[707/964    0s] ILPostProcess Library/Bee/artifacts/1300b0aP.dag/post-processed/Meta.Voice.Opus.dll (+pdb)
Processing assembly Library/Bee/artifacts/1300b0aP.dag/Meta.Voice.Opus.dll, with 125 defines and 198 references
processors: Unity.Jobs.CodeGen.JobsILPostProcessor, zzzUnity.Burst.CodeGen.BurstILPostProcessor
running Unity.Jobs.CodeGen.JobsILPostProcessor
running zzzUnity.Burst.CodeGen.BurstILPostProcessor
[708/964    0s] ILPostProcess Library/Bee/artifacts/1300b0aP.dag/post-processed/AssistantVoiceCommandCommon.dll (+pdb)
Processing assembly Library/Bee/artifacts/1300b0aP.dag/AssistantVoiceCommandCommon.dll, with 125 defines and 199 references
processors: Unity.Jobs.CodeGen.JobsILPostProcessor, zzzUnity.Burst.CodeGen.BurstILPostProcessor
running Unity.Jobs.CodeGen.JobsILPostProcessor
running zzzUnity.Burst.CodeGen.BurstILPostProcessor
[709/964    0s] ILPostProcess Library/Bee/artifacts/1300b0aP.dag/post-processed/Unity.VisualScripting.Core.dll (+pdb)
Processing assembly Library/Bee/artifacts/1300b0aP.dag/Unity.VisualScripting.Core.dll, with 129 defines and 199 references
processors: Unity.Jobs.CodeGen.JobsILPostProcessor, zzzUnity.Burst.CodeGen.BurstILPostProcessor
running Unity.Jobs.CodeGen.JobsILPostProcessor
running zzzUnity.Burst.CodeGen.BurstILPostProcessor
[710/964    0s] ILPostProcess Library/Bee/artifacts/1300b0aP.dag/post-processed/Unity.InputSystem.ForUI.dll (+pdb)
Processing assembly Library/Bee/artifacts/1300b0aP.dag/Unity.InputSystem.ForUI.dll, with 124 defines and 199 references
processors: Unity.Jobs.CodeGen.JobsILPostProcessor, zzzUnity.Burst.CodeGen.BurstILPostProcessor
running Unity.Jobs.CodeGen.JobsILPostProcessor
running zzzUnity.Burst.CodeGen.BurstILPostProcessor
[711/964    0s] ILPostProcess Library/Bee/artifacts/1300b0aP.dag/post-processed/Meta.VoiceSDK.Mic.Common.dll (+pdb)
Processing assembly Library/Bee/artifacts/1300b0aP.dag/Meta.VoiceSDK.Mic.Common.dll, with 125 defines and 199 references
processors: Unity.Jobs.CodeGen.JobsILPostProcessor, zzzUnity.Burst.CodeGen.BurstILPostProcessor
running Unity.Jobs.CodeGen.JobsILPostProcessor
running zzzUnity.Burst.CodeGen.BurstILPostProcessor
[712/964    0s] ILPostProcess Library/Bee/artifacts/1300b0aP.dag/post-processed/Unity.VisualScripting.DocCodeExamples.dll (+pdb)
Processing assembly Library/Bee/artifacts/1300b0aP.dag/Unity.VisualScripting.DocCodeExamples.dll, with 124 defines and 194 references
processors: Unity.Jobs.CodeGen.JobsILPostProcessor, zzzUnity.Burst.CodeGen.BurstILPostProcessor
running Unity.Jobs.CodeGen.JobsILPostProcessor
running zzzUnity.Burst.CodeGen.BurstILPostProcessor
[713/964    0s] ILPostProcess Library/Bee/artifacts/1300b0aP.dag/post-processed/Meta.Wit.Composer.dll (+pdb)
Processing assembly Library/Bee/artifacts/1300b0aP.dag/Meta.Wit.Composer.dll, with 125 defines and 202 references
processors: Unity.Jobs.CodeGen.JobsILPostProcessor, zzzUnity.Burst.CodeGen.BurstILPostProcessor
running Unity.Jobs.CodeGen.JobsILPostProcessor
running zzzUnity.Burst.CodeGen.BurstILPostProcessor
[714/964    0s] ILPostProcess Library/Bee/artifacts/1300b0aP.dag/post-processed/Meta.Voice.NLayer.dll (+pdb)
Processing assembly Library/Bee/artifacts/1300b0aP.dag/Meta.Voice.NLayer.dll, with 125 defines and 198 references
processors: Unity.Jobs.CodeGen.JobsILPostProcessor, zzzUnity.Burst.CodeGen.BurstILPostProcessor
running Unity.Jobs.CodeGen.JobsILPostProcessor
running zzzUnity.Burst.CodeGen.BurstILPostProcessor
[715/964    0s] ILPostProcess Library/Bee/artifacts/1300b0aP.dag/post-processed/Unity.AI.Navigation.dll (+pdb)
Processing assembly Library/Bee/artifacts/1300b0aP.dag/Unity.AI.Navigation.dll, with 125 defines and 198 references
processors: Unity.Jobs.CodeGen.JobsILPostProcessor, zzzUnity.Burst.CodeGen.BurstILPostProcessor
running Unity.Jobs.CodeGen.JobsILPostProcessor
running zzzUnity.Burst.CodeGen.BurstILPostProcessor
[716/964    0s] Csc Library/Bee/artifacts/1300b0aP.dag/Unity.RenderPipelines.Core.Runtime.Shared.dll (+2 others)
[           0s] Csc Library/Bee/artifacts/1300b0aP.dag/Unity.RenderPipelines.Core.Runtime.Shared.dll (+2 others) [CacheWrite 00000000000000000000000000000004]
[717/964    0s] Csc Library/Bee/artifacts/1300b0aP.dag/Unity.RenderPipeline.Universal.ShaderLibrary.dll (+2 others)
[           0s] Csc Library/Bee/artifacts/1300b0aP.dag/Unity.RenderPipeline.Universal.ShaderLibrary.dll (+2 others) [CacheWrite 00000000000000000000000000000004]
[719/964    0s] ILPostProcess Library/Bee/artifacts/1300b0aP.dag/post-processed/Oculus.Platform.dll (+pdb)
Processing assembly Library/Bee/artifacts/1300b0aP.dag/Oculus.Platform.dll, with 126 defines and 198 references
processors: Unity.Jobs.CodeGen.JobsILPostProcessor, zzzUnity.Burst.CodeGen.BurstILPostProcessor
running Unity.Jobs.CodeGen.JobsILPostProcessor
running zzzUnity.Burst.CodeGen.BurstILPostProcessor
[720/964    0s] ILPostProcess Library/Bee/artifacts/1300b0aP.dag/post-processed/UnityEngine.SpatialTracking.dll (+pdb)
Processing assembly Library/Bee/artifacts/1300b0aP.dag/UnityEngine.SpatialTracking.dll, with 124 defines and 198 references
processors: Unity.Jobs.CodeGen.JobsILPostProcessor, zzzUnity.Burst.CodeGen.BurstILPostProcessor
running Unity.Jobs.CodeGen.JobsILPostProcessor
running zzzUnity.Burst.CodeGen.BurstILPostProcessor
[721/964    0s] ILPostProcess Library/Bee/artifacts/1300b0aP.dag/post-processed/VoiceSDK.Runtime.dll (+pdb)
Processing assembly Library/Bee/artifacts/1300b0aP.dag/VoiceSDK.Runtime.dll, with 125 defines and 204 references
processors: Unity.Jobs.CodeGen.JobsILPostProcessor, zzzUnity.Burst.CodeGen.BurstILPostProcessor
running Unity.Jobs.CodeGen.JobsILPostProcessor
running zzzUnity.Burst.CodeGen.BurstILPostProcessor
[722/964    0s] ILPostProcess Library/Bee/artifacts/1300b0aP.dag/post-processed/AssistantCoreSDKRuntime.dll (+pdb)
Processing assembly Library/Bee/artifacts/1300b0aP.dag/AssistantCoreSDKRuntime.dll, with 125 defines and 198 references
processors: Unity.Jobs.CodeGen.JobsILPostProcessor, zzzUnity.Burst.CodeGen.BurstILPostProcessor
running Unity.Jobs.CodeGen.JobsILPostProcessor
running zzzUnity.Burst.CodeGen.BurstILPostProcessor
[723/964    0s] ILPostProcess Library/Bee/artifacts/1300b0aP.dag/post-processed/Unity.XR.Management.dll (+pdb)
Processing assembly Library/Bee/artifacts/1300b0aP.dag/Unity.XR.Management.dll, with 125 defines and 198 references
processors: Unity.Jobs.CodeGen.JobsILPostProcessor, zzzUnity.Burst.CodeGen.BurstILPostProcessor
running Unity.Jobs.CodeGen.JobsILPostProcessor
running zzzUnity.Burst.CodeGen.BurstILPostProcessor
[725/964    0s] ILPostProcess Library/Bee/artifacts/1300b0aP.dag/post-processed/Meta.Voice.Hub.Runtime.dll (+pdb)
Processing assembly Library/Bee/artifacts/1300b0aP.dag/Meta.Voice.Hub.Runtime.dll, with 125 defines and 198 references
processors: Unity.Jobs.CodeGen.JobsILPostProcessor, zzzUnity.Burst.CodeGen.BurstILPostProcessor
running Unity.Jobs.CodeGen.JobsILPostProcessor
running zzzUnity.Burst.CodeGen.BurstILPostProcessor
[726/964    0s] ILPostProcess Library/Bee/artifacts/1300b0aP.dag/post-processed/Unity.RenderPipelines.Core.Runtime.Shared.dll (+pdb)
Processing assembly Library/Bee/artifacts/1300b0aP.dag/Unity.RenderPipelines.Core.Runtime.Shared.dll, with 124 defines and 199 references
processors: Unity.Jobs.CodeGen.JobsILPostProcessor, zzzUnity.Burst.CodeGen.BurstILPostProcessor
running Unity.Jobs.CodeGen.JobsILPostProcessor
running zzzUnity.Burst.CodeGen.BurstILPostProcessor
[727/964    0s] ILPostProcess Library/Bee/artifacts/1300b0aP.dag/post-processed/VoiceSDK.Dictation.Runtime.dll (+pdb)
Processing assembly Library/Bee/artifacts/1300b0aP.dag/VoiceSDK.Dictation.Runtime.dll, with 125 defines and 203 references
processors: Unity.Jobs.CodeGen.JobsILPostProcessor, zzzUnity.Burst.CodeGen.BurstILPostProcessor
running Unity.Jobs.CodeGen.JobsILPostProcessor
running zzzUnity.Burst.CodeGen.BurstILPostProcessor
[728/964    0s] ILPostProcess Library/Bee/artifacts/1300b0aP.dag/post-processed/Unity.RenderPipelines.ShaderGraph.ShaderGraphLibrary.dll (+pdb)
Processing assembly Library/Bee/artifacts/1300b0aP.dag/Unity.RenderPipelines.ShaderGraph.ShaderGraphLibrary.dll, with 124 defines and 198 references
processors: Unity.Jobs.CodeGen.JobsILPostProcessor, zzzUnity.Burst.CodeGen.BurstILPostProcessor
running Unity.Jobs.CodeGen.JobsILPostProcessor
running zzzUnity.Burst.CodeGen.BurstILPostProcessor
[729/964    0s] ILPostProcess Library/Bee/artifacts/1300b0aP.dag/post-processed/VoiceSDK.Telemetry.Runtime.dll (+pdb)
Processing assembly Library/Bee/artifacts/1300b0aP.dag/VoiceSDK.Telemetry.Runtime.dll, with 125 defines and 198 references
processors: Unity.Jobs.CodeGen.JobsILPostProcessor, zzzUnity.Burst.CodeGen.BurstILPostProcessor
running Unity.Jobs.CodeGen.JobsILPostProcessor
running zzzUnity.Burst.CodeGen.BurstILPostProcessor
[730/964    0s] ILPostProcess Library/Bee/artifacts/1300b0aP.dag/post-processed/Meta.WitAi.TTS.dll (+pdb)
Processing assembly Library/Bee/artifacts/1300b0aP.dag/Meta.WitAi.TTS.dll, with 125 defines and 200 references
processors: Unity.Jobs.CodeGen.JobsILPostProcessor, zzzUnity.Burst.CodeGen.BurstILPostProcessor
running Unity.Jobs.CodeGen.JobsILPostProcessor
running zzzUnity.Burst.CodeGen.BurstILPostProcessor
[731/964    0s] CopyFiles Library/Bee/PlayerScriptAssemblies/AssistantVoiceCommandCommon.dll
[732/964    0s] CopyFiles Library/Bee/PlayerScriptAssemblies/Meta.XR.ImmersiveDebugger.Interface.dll
[733/964    0s] CopyFiles Library/Bee/PlayerScriptAssemblies/Unity.RenderPipelines.Universal.Shaders.dll
[734/964    0s] CopyFiles Library/Bee/PlayerScriptAssemblies/Unity.InputSystem.ForUI.dll
[735/964    0s] CopyFiles Library/Bee/PlayerScriptAssemblies/Meta.VoiceSDK.Mic.Other.dll
[736/964    0s] CopyFiles Library/Bee/PlayerScriptAssemblies/Oculus.Platform.dll
[737/964    0s] CopyFiles Library/Bee/PlayerScriptAssemblies/Unity.VisualScripting.Flow.dll
[738/964    0s] ILPostProcess Library/Bee/artifacts/1300b0aP.dag/post-processed/Unity.Timeline.dll (+pdb)
Processing assembly Library/Bee/artifacts/1300b0aP.dag/Unity.Timeline.dll, with 125 defines and 198 references
processors: Unity.Jobs.CodeGen.JobsILPostProcessor, zzzUnity.Burst.CodeGen.BurstILPostProcessor
running Unity.Jobs.CodeGen.JobsILPostProcessor
running zzzUnity.Burst.CodeGen.BurstILPostProcessor
[739/964    0s] CopyFiles Library/Bee/PlayerScriptAssemblies/Unity.WebRTC.dll
[740/964    0s] ILPostProcess Library/Bee/artifacts/1300b0aP.dag/post-processed/Unity.TextMeshPro.dll (+pdb)
Processing assembly Library/Bee/artifacts/1300b0aP.dag/Unity.TextMeshPro.dll, with 125 defines and 198 references
processors: Unity.Jobs.CodeGen.JobsILPostProcessor, zzzUnity.Burst.CodeGen.BurstILPostProcessor
running Unity.Jobs.CodeGen.JobsILPostProcessor
running zzzUnity.Burst.CodeGen.BurstILPostProcessor
[741/964    0s] CopyFiles Library/Bee/PlayerScriptAssemblies/Oculus.Interaction.dll
[742/964    0s] CopyFiles Library/Bee/PlayerScriptAssemblies/Unity.XR.CoreUtils.dll
[743/964    0s] CopyFiles Library/Bee/PlayerScriptAssemblies/Meta.XR.Audio.dll
[744/964    0s] CopyFiles Library/Bee/PlayerScriptAssemblies/Meta.WitAi.Conduit.dll
[745/964    0s] ILPostProcess Library/Bee/artifacts/1300b0aP.dag/post-processed/Unity.Mathematics.dll (+pdb)
Processing assembly Library/Bee/artifacts/1300b0aP.dag/Unity.Mathematics.dll, with 124 defines and 198 references
processors: Unity.Jobs.CodeGen.JobsILPostProcessor, zzzUnity.Burst.CodeGen.BurstILPostProcessor
running Unity.Jobs.CodeGen.JobsILPostProcessor
running zzzUnity.Burst.CodeGen.BurstILPostProcessor
[746/964    0s] CopyFiles Library/Bee/PlayerScriptAssemblies/Oculus.Interaction.Samples.dll
[747/964    0s] CopyFiles Library/Bee/PlayerScriptAssemblies/Meta.VoiceSDK.Mic.Common.dll
[748/964    0s] CopyFiles Library/Bee/PlayerScriptAssemblies/Unity.XR.Management.dll
[749/964    0s] CopyFiles Library/Bee/PlayerScriptAssemblies/Meta.Voice.NLayer.dll
[750/964    0s] CopyFiles Library/Bee/PlayerScriptAssemblies/Meta.Net.endel.nativewebsocket.dll
[751/964    0s] CopyFiles Library/Bee/PlayerScriptAssemblies/Unity.RenderPipelines.Core.Runtime.Shared.dll
[752/964    0s] CopyFiles Library/Bee/PlayerScriptAssemblies/Unity.VisualScripting.DocCodeExamples.dll
[753/964    0s] CopyFiles Library/Bee/PlayerScriptAssemblies/Unity.Multiplayer.Center.Common.dll
[754/964    0s] CopyFiles Library/Bee/PlayerScriptAssemblies/Unity.RenderPipelines.Core.ShaderLibrary.dll
[755/964    0s] CopyFiles Library/Bee/PlayerScriptAssemblies/Meta.WitAi.Lib.dll
[756/964    0s] CopyFiles Library/Bee/PlayerScriptAssemblies/VoiceSDK.Dictation.Runtime.dll
[757/964    0s] ILPostProcess Library/Bee/artifacts/1300b0aP.dag/post-processed/Unity.InputSystem.dll (+pdb)
Processing assembly Library/Bee/artifacts/1300b0aP.dag/Unity.InputSystem.dll, with 132 defines and 198 references
processors: Unity.Jobs.CodeGen.JobsILPostProcessor, zzzUnity.Burst.CodeGen.BurstILPostProcessor
running Unity.Jobs.CodeGen.JobsILPostProcessor
running zzzUnity.Burst.CodeGen.BurstILPostProcessor
[758/964    0s] CopyFiles Library/Bee/PlayerScriptAssemblies/Meta.WitAi.dll
[759/964    0s] CopyFiles Library/Bee/PlayerScriptAssemblies/UnityEngine.SpatialTracking.dll
[760/964    0s] CopyFiles Library/Bee/PlayerScriptAssemblies/Unity.AI.Navigation.dll
[761/964    0s] CopyFiles Library/Bee/PlayerScriptAssemblies/Meta.Wit.Dictation.dll
[762/964    0s] CopyFiles Library/Bee/PlayerScriptAssemblies/Meta.WitAi.TTS.dll
[763/964    0s] CopyFiles Library/Bee/PlayerScriptAssemblies/Meta.Wit.Composer.dll
[764/964    0s] CopyFiles Library/Bee/PlayerScriptAssemblies/Unity.VisualScripting.Core.dll
[765/964    0s] CopyFiles Library/Bee/PlayerScriptAssemblies/Meta.Voice.Hub.Runtime.dll
[766/964    0s] CopyFiles Library/Bee/PlayerScriptAssemblies/Unity.RenderPipelines.ShaderGraph.ShaderGraphLibrary.dll
[767/964    0s] ILPostProcess Library/Bee/artifacts/1300b0aP.dag/post-processed/Unity.RenderPipeline.Universal.ShaderLibrary.dll (+pdb)
Processing assembly Library/Bee/artifacts/1300b0aP.dag/Unity.RenderPipeline.Universal.ShaderLibrary.dll, with 124 defines and 199 references
processors: Unity.Jobs.CodeGen.JobsILPostProcessor, zzzUnity.Burst.CodeGen.BurstILPostProcessor
running Unity.Jobs.CodeGen.JobsILPostProcessor
running zzzUnity.Burst.CodeGen.BurstILPostProcessor
[768/964    0s] CopyFiles Library/Bee/PlayerScriptAssemblies/Unity.VisualScripting.State.dll
[769/964    0s] CopyFiles Library/Bee/PlayerScriptAssemblies/Meta.Voice.Opus.dll
[770/964    0s] ILPostProcess Library/Bee/artifacts/1300b0aP.dag/post-processed/UnityEngine.XR.LegacyInputHelpers.dll (+pdb)
Processing assembly Library/Bee/artifacts/1300b0aP.dag/UnityEngine.XR.LegacyInputHelpers.dll, with 124 defines and 199 references
processors: Unity.Jobs.CodeGen.JobsILPostProcessor, zzzUnity.Burst.CodeGen.BurstILPostProcessor
running Unity.Jobs.CodeGen.JobsILPostProcessor
running zzzUnity.Burst.CodeGen.BurstILPostProcessor
[771/964    0s] CopyFiles Library/Bee/PlayerScriptAssemblies/VoiceSDK.Runtime.dll
[772/964    0s] CopyFiles Library/Bee/PlayerScriptAssemblies/AssistantCoreSDKRuntime.dll
[773/964    0s] CopyFiles Library/Bee/PlayerScriptAssemblies/VoiceSDK.Runtime.pdb
[774/964    0s] CopyFiles Library/Bee/PlayerScriptAssemblies/VoiceSDK.Telemetry.Runtime.dll
[775/964    0s] CopyFiles Library/Bee/PlayerScriptAssemblies/Unity.RenderPipelines.Core.Runtime.Shared.pdb
[776/964    0s] CopyFiles Library/Bee/PlayerScriptAssemblies/Unity.AI.Navigation.pdb
[777/964    0s] CopyFiles Library/Bee/PlayerScriptAssemblies/Unity.InputSystem.ForUI.pdb
[778/964    0s] CopyFiles Library/Bee/PlayerScriptAssemblies/Meta.Voice.Hub.Runtime.pdb
[779/964    0s] CopyFiles Library/Bee/PlayerScriptAssemblies/Unity.VisualScripting.Core.pdb
[780/964    0s] CopyFiles Library/Bee/PlayerScriptAssemblies/Unity.WebRTC.pdb
[781/964    0s] CopyFiles Library/Bee/PlayerScriptAssemblies/Unity.RenderPipelines.ShaderGraph.ShaderGraphLibrary.pdb
[782/964    0s] CopyFiles Library/Bee/PlayerScriptAssemblies/Unity.VisualScripting.DocCodeExamples.pdb
[783/964    0s] CopyFiles Library/Bee/PlayerScriptAssemblies/Unity.VisualScripting.Flow.pdb
[784/964    0s] CopyFiles Library/Bee/PlayerScriptAssemblies/Meta.WitAi.pdb
[785/964    0s] CopyFiles Library/Bee/PlayerScriptAssemblies/Meta.Wit.Composer.pdb
[786/964    0s] CopyFiles Library/Bee/PlayerScriptAssemblies/Meta.VoiceSDK.Mic.Other.pdb
[787/964    0s] CopyFiles Library/Bee/PlayerScriptAssemblies/Unity.VisualScripting.State.pdb
[788/964    0s] CopyFiles Library/Bee/PlayerScriptAssemblies/Oculus.Interaction.pdb
[789/964    0s] CopyFiles Library/Bee/PlayerScriptAssemblies/Meta.WitAi.TTS.pdb
[790/964    0s] CopyFiles Library/Bee/PlayerScriptAssemblies/Meta.Wit.Dictation.pdb
[791/964    0s] CopyFiles Library/Bee/PlayerScriptAssemblies/Oculus.Interaction.Samples.pdb
[792/964    0s] CopyFiles Library/Bee/PlayerScriptAssemblies/AssistantCoreSDKRuntime.pdb
[793/964    0s] CopyFiles Library/Bee/PlayerScriptAssemblies/Unity.XR.CoreUtils.pdb
[794/964    0s] CopyFiles Library/Bee/PlayerScriptAssemblies/AssistantVoiceCommandCommon.pdb
[795/964    0s] CopyFiles Library/Bee/PlayerScriptAssemblies/Meta.Voice.NLayer.pdb
[796/964    0s] CopyFiles Library/Bee/PlayerScriptAssemblies/Meta.VoiceSDK.Mic.Common.pdb
[797/964    0s] CopyFiles Library/Bee/PlayerScriptAssemblies/Meta.Voice.Opus.pdb
[798/964    0s] CopyFiles Library/Bee/PlayerScriptAssemblies/Unity.RenderPipelines.Core.ShaderLibrary.pdb
[799/964    0s] CopyFiles Library/Bee/PlayerScriptAssemblies/Meta.WitAi.Conduit.pdb
[800/964    0s] CopyFiles Library/Bee/PlayerScriptAssemblies/Meta.XR.ImmersiveDebugger.Interface.pdb
[801/964    0s] CopyFiles Library/Bee/PlayerScriptAssemblies/Meta.WitAi.Lib.pdb
[802/964    0s] CopyFiles Library/Bee/PlayerScriptAssemblies/Meta.Net.endel.nativewebsocket.pdb
[803/964    0s] CopyFiles Library/Bee/PlayerScriptAssemblies/Unity.Multiplayer.Center.Common.pdb
[804/964    0s] CopyFiles Library/Bee/PlayerScriptAssemblies/Unity.RenderPipelines.Universal.Shaders.pdb
[805/964    0s] CopyFiles Library/Bee/PlayerScriptAssemblies/VoiceSDK.Dictation.Runtime.pdb
[806/964    0s] CopyFiles Library/Bee/PlayerScriptAssemblies/Unity.XR.Management.pdb
[807/964    0s] CopyFiles Library/Bee/PlayerScriptAssemblies/UnityEngine.SpatialTracking.pdb
[808/964    0s] CopyFiles Library/Bee/PlayerScriptAssemblies/VoiceSDK.Telemetry.Runtime.pdb
[809/964    0s] CopyFiles Library/Bee/PlayerScriptAssemblies/Meta.XR.Audio.pdb
[810/964    0s] CopyFiles Library/Bee/PlayerScriptAssemblies/Oculus.Platform.pdb
[811/964    0s] CopyFiles Library/Bee/PlayerScriptAssemblies/Unity.InputSystem.pdb
[812/964    0s] CopyFiles Library/Bee/PlayerScriptAssemblies/Unity.InputSystem.dll
[813/964    0s] CopyFiles Library/Bee/PlayerScriptAssemblies/Unity.Mathematics.pdb
[814/964    0s] CopyFiles Library/Bee/PlayerScriptAssemblies/Unity.Mathematics.dll
[815/964    0s] CopyFiles Library/Bee/PlayerScriptAssemblies/Unity.RenderPipeline.Universal.ShaderLibrary.pdb
[816/964    0s] CopyFiles Library/Bee/PlayerScriptAssemblies/Unity.Timeline.dll
[817/964    0s] CopyFiles Library/Bee/PlayerScriptAssemblies/Unity.RenderPipeline.Universal.ShaderLibrary.dll
[818/964    0s] CopyFiles Library/Bee/PlayerScriptAssemblies/Unity.Timeline.pdb
[819/964    0s] CopyFiles Library/Bee/PlayerScriptAssemblies/Unity.TextMeshPro.pdb
[820/964    0s] CopyFiles Library/Bee/PlayerScriptAssemblies/UnityEngine.XR.LegacyInputHelpers.pdb
[821/964    0s] CopyFiles Library/Bee/PlayerScriptAssemblies/UnityEngine.XR.LegacyInputHelpers.dll
[822/964    0s] CopyFiles Library/Bee/PlayerScriptAssemblies/Unity.TextMeshPro.dll
[823/964    0s] Csc Library/Bee/artifacts/1300b0aP.dag/Unity.RenderPipelines.GPUDriven.Runtime.dll (+2 others)
[824/964    0s] Csc Library/Bee/artifacts/1300b0aP.dag/Unity.RenderPipelines.Universal.Config.Runtime.dll (+2 others)
[           0s] Csc Library/Bee/artifacts/1300b0aP.dag/Unity.RenderPipelines.Universal.Config.Runtime.dll (+2 others) [CacheWrite 00000000000000000000000000000004]
[           0s] Csc Library/Bee/artifacts/1300b0aP.dag/Unity.RenderPipelines.GPUDriven.Runtime.dll (+2 others) [CacheWrite 00000000000000000000000000000004]
[827/964    0s] ILPostProcess Library/Bee/artifacts/1300b0aP.dag/post-processed/UnityEngine.UI.dll (+pdb)
Processing assembly Library/Bee/artifacts/1300b0aP.dag/UnityEngine.UI.dll, with 130 defines and 197 references
processors: Unity.Jobs.CodeGen.JobsILPostProcessor, zzzUnity.Burst.CodeGen.BurstILPostProcessor
running Unity.Jobs.CodeGen.JobsILPostProcessor
running zzzUnity.Burst.CodeGen.BurstILPostProcessor
[828/964    0s] CopyFiles Library/Bee/PlayerScriptAssemblies/UnityEngine.UI.pdb
[829/964    0s] CopyFiles Library/Bee/PlayerScriptAssemblies/UnityEngine.UI.dll
[830/964    0s] ILPostProcess Library/Bee/artifacts/1300b0aP.dag/post-processed/Unity.RenderPipelines.Universal.Config.Runtime.dll (+pdb)
Processing assembly Library/Bee/artifacts/1300b0aP.dag/Unity.RenderPipelines.Universal.Config.Runtime.dll, with 124 defines and 199 references
processors: Unity.Jobs.CodeGen.JobsILPostProcessor, zzzUnity.Burst.CodeGen.BurstILPostProcessor
running Unity.Jobs.CodeGen.JobsILPostProcessor
running zzzUnity.Burst.CodeGen.BurstILPostProcessor
[831/964    0s] CopyFiles Library/Bee/PlayerScriptAssemblies/Unity.RenderPipelines.Universal.Config.Runtime.dll
[832/964    0s] CopyFiles Library/Bee/PlayerScriptAssemblies/Unity.RenderPipelines.Universal.Config.Runtime.pdb
[833/964    0s] MovedFromExtractor-Combine Library/Bee/artifacts/1300b0aP.dag/Unity.RenderPipelines.Universal.Runtime.dll.mvfrm
[834/964    0s] ILPostProcess Library/Bee/artifacts/1300b0aP.dag/post-processed/Unity.RenderPipelines.Core.Runtime.dll (+pdb)
Processing assembly Library/Bee/artifacts/1300b0aP.dag/Unity.RenderPipelines.Core.Runtime.dll, with 127 defines and 202 references
processors: Unity.Jobs.CodeGen.JobsILPostProcessor, zzzUnity.Burst.CodeGen.BurstILPostProcessor
running Unity.Jobs.CodeGen.JobsILPostProcessor
running zzzUnity.Burst.CodeGen.BurstILPostProcessor
[835/964    0s] CopyFiles Library/Bee/PlayerScriptAssemblies/Unity.RenderPipelines.Core.Runtime.dll
[836/964    0s] CopyFiles Library/Bee/PlayerScriptAssemblies/Unity.RenderPipelines.Core.Runtime.pdb
[837/964    0s] ILPostProcess Library/Bee/artifacts/1300b0aP.dag/post-processed/VoiceSDK.Runtime.Composer.dll (+pdb)
Processing assembly Library/Bee/artifacts/1300b0aP.dag/VoiceSDK.Runtime.Composer.dll, with 125 defines and 206 references
processors: Unity.Jobs.CodeGen.JobsILPostProcessor, zzzUnity.Burst.CodeGen.BurstILPostProcessor
running Unity.Jobs.CodeGen.JobsILPostProcessor
running zzzUnity.Burst.CodeGen.BurstILPostProcessor
[838/964    0s] ILPostProcess Library/Bee/artifacts/1300b0aP.dag/post-processed/Unity.Rendering.LightTransport.Runtime.dll (+pdb)
Processing assembly Library/Bee/artifacts/1300b0aP.dag/Unity.Rendering.LightTransport.Runtime.dll, with 124 defines and 201 references
processors: Unity.Jobs.CodeGen.JobsILPostProcessor, zzzUnity.Burst.CodeGen.BurstILPostProcessor
running Unity.Jobs.CodeGen.JobsILPostProcessor
running zzzUnity.Burst.CodeGen.BurstILPostProcessor
[839/964    0s] CopyFiles Library/Bee/PlayerScriptAssemblies/VoiceSDK.Runtime.Composer.dll
[840/964    0s] CopyFiles Library/Bee/PlayerScriptAssemblies/VoiceSDK.Runtime.Composer.pdb
[841/964    0s] CopyFiles Library/Bee/PlayerScriptAssemblies/Unity.Rendering.LightTransport.Runtime.pdb
[842/964    0s] CopyFiles Library/Bee/PlayerScriptAssemblies/Unity.Rendering.LightTransport.Runtime.dll
[843/964    0s] ILPostProcess Library/Bee/artifacts/1300b0aP.dag/post-processed/Unity.Burst.dll (+pdb)
Processing assembly Library/Bee/artifacts/1300b0aP.dag/Unity.Burst.dll, with 124 defines and 193 references
processors: Unity.Jobs.CodeGen.JobsILPostProcessor, zzzUnity.Burst.CodeGen.BurstILPostProcessor
running Unity.Jobs.CodeGen.JobsILPostProcessor
running zzzUnity.Burst.CodeGen.BurstILPostProcessor
[844/964    0s] CopyFiles Library/Bee/PlayerScriptAssemblies/Unity.Burst.dll
[845/964    0s] CopyFiles Library/Bee/PlayerScriptAssemblies/Unity.Burst.pdb
[846/964    0s] ILPostProcess Library/Bee/artifacts/1300b0aP.dag/post-processed/Unity.RenderPipelines.GPUDriven.Runtime.dll (+pdb)
Processing assembly Library/Bee/artifacts/1300b0aP.dag/Unity.RenderPipelines.GPUDriven.Runtime.dll, with 124 defines and 202 references
processors: Unity.Jobs.CodeGen.JobsILPostProcessor, zzzUnity.Burst.CodeGen.BurstILPostProcessor
running Unity.Jobs.CodeGen.JobsILPostProcessor
running zzzUnity.Burst.CodeGen.BurstILPostProcessor
[847/964    0s] CopyFiles Library/Bee/PlayerScriptAssemblies/Unity.RenderPipelines.GPUDriven.Runtime.pdb
[848/964    0s] CopyFiles Library/Bee/PlayerScriptAssemblies/Unity.RenderPipelines.GPUDriven.Runtime.dll
[849/964    0s] Csc Library/Bee/artifacts/1300b0aP.dag/Unity.RenderPipelines.Universal.Runtime.dll (+2 others)
[           0s] Csc Library/Bee/artifacts/1300b0aP.dag/Unity.RenderPipelines.Universal.Runtime.dll (+2 others) [CacheWrite 00000000000000000000000000000004]
[851/964    0s] ILPostProcess Library/Bee/artifacts/1300b0aP.dag/post-processed/Unity.Collections.dll (+pdb)
Processing assembly Library/Bee/artifacts/1300b0aP.dag/Unity.Collections.dll, with 126 defines and 200 references
processors: Unity.Jobs.CodeGen.JobsILPostProcessor, zzzUnity.Burst.CodeGen.BurstILPostProcessor
running Unity.Jobs.CodeGen.JobsILPostProcessor
running zzzUnity.Burst.CodeGen.BurstILPostProcessor
[852/964    0s] CopyFiles Library/Bee/PlayerScriptAssemblies/Unity.Collections.pdb
[853/964    0s] CopyFiles Library/Bee/PlayerScriptAssemblies/Unity.Collections.dll
[854/964    0s] MovedFromExtractor-Combine Library/Bee/artifacts/1300b0aP.dag/Unity.XR.OpenXR.dll.mvfrm
[855/964    0s] MovedFromExtractor-Combine Library/Bee/artifacts/1300b0aP.dag/Meta.XR.BuildingBlocks.DepthAPI.dll.mvfrm
[856/964    0s] MovedFromExtractor-Combine Library/Bee/artifacts/1300b0aP.dag/Unity.RenderPipelines.Universal.2D.Runtime.dll.mvfrm
[857/964    0s] ILPostProcess Library/Bee/artifacts/1300b0aP.dag/post-processed/Unity.RenderPipelines.Universal.Runtime.dll (+pdb)
Processing assembly Library/Bee/artifacts/1300b0aP.dag/Unity.RenderPipelines.Universal.Runtime.dll, with 130 defines and 205 references
processors: Unity.Jobs.CodeGen.JobsILPostProcessor, zzzUnity.Burst.CodeGen.BurstILPostProcessor
running Unity.Jobs.CodeGen.JobsILPostProcessor
running zzzUnity.Burst.CodeGen.BurstILPostProcessor
[858/964    0s] CopyFiles Library/Bee/PlayerScriptAssemblies/Unity.RenderPipelines.Universal.Runtime.pdb
[859/964    0s] CopyFiles Library/Bee/PlayerScriptAssemblies/Unity.RenderPipelines.Universal.Runtime.dll
[860/964    0s] Csc Library/Bee/artifacts/1300b0aP.dag/Unity.XR.OpenXR.dll (+2 others)
[           0s] Csc Library/Bee/artifacts/1300b0aP.dag/Unity.XR.OpenXR.dll (+2 others) [CacheWrite 00000000000000000000000000000004]
[861/964    0s] Csc Library/Bee/artifacts/1300b0aP.dag/Unity.RenderPipelines.Universal.2D.Runtime.dll (+2 others)
[           0s] Csc Library/Bee/artifacts/1300b0aP.dag/Unity.RenderPipelines.Universal.2D.Runtime.dll (+2 others) [CacheWrite 00000000000000000000000000000004]
[864/964    0s] ILPostProcess Library/Bee/artifacts/1300b0aP.dag/post-processed/Unity.XR.OpenXR.dll (+pdb)
Processing assembly Library/Bee/artifacts/1300b0aP.dag/Unity.XR.OpenXR.dll, with 129 defines and 201 references
processors: Unity.Jobs.CodeGen.JobsILPostProcessor, zzzUnity.Burst.CodeGen.BurstILPostProcessor
running Unity.Jobs.CodeGen.JobsILPostProcessor
running zzzUnity.Burst.CodeGen.BurstILPostProcessor
[865/964    0s] CopyFiles Library/Bee/PlayerScriptAssemblies/Unity.XR.OpenXR.pdb
[866/964    0s] CopyFiles Library/Bee/PlayerScriptAssemblies/Unity.XR.OpenXR.dll
[867/964    0s] MovedFromExtractor-Combine Library/Bee/artifacts/1300b0aP.dag/Unity.XR.OpenXR.Features.ConformanceAutomation.dll.mvfrm
[868/964    0s] MovedFromExtractor-Combine Library/Bee/artifacts/1300b0aP.dag/Oculus.VR.dll.mvfrm
[869/964    0s] MovedFromExtractor-Combine Library/Bee/artifacts/1300b0aP.dag/Oculus.Haptics.dll.mvfrm
[870/964    0s] MovedFromExtractor-Combine Library/Bee/artifacts/1300b0aP.dag/Unity.XR.OpenXR.Features.MetaQuestSupport.dll.mvfrm
[871/964    0s] MovedFromExtractor-Combine Library/Bee/artifacts/1300b0aP.dag/Unity.XR.OpenXR.Features.RuntimeDebugger.dll.mvfrm
[872/964    0s] MovedFromExtractor-Combine Library/Bee/artifacts/1300b0aP.dag/Unity.XR.OpenXR.Features.MockRuntime.dll.mvfrm
[873/964    0s] ILPostProcess Library/Bee/artifacts/1300b0aP.dag/post-processed/Unity.RenderPipelines.Universal.2D.Runtime.dll (+pdb)
Processing assembly Library/Bee/artifacts/1300b0aP.dag/Unity.RenderPipelines.Universal.2D.Runtime.dll, with 127 defines and 203 references
processors: Unity.Jobs.CodeGen.JobsILPostProcessor, zzzUnity.Burst.CodeGen.BurstILPostProcessor
running Unity.Jobs.CodeGen.JobsILPostProcessor
running zzzUnity.Burst.CodeGen.BurstILPostProcessor
[874/964    0s] CopyFiles Library/Bee/PlayerScriptAssemblies/Unity.RenderPipelines.Universal.2D.Runtime.dll
[875/964    0s] CopyFiles Library/Bee/PlayerScriptAssemblies/Unity.RenderPipelines.Universal.2D.Runtime.pdb
[876/964    0s] Csc Library/Bee/artifacts/1300b0aP.dag/Unity.XR.OpenXR.Features.ConformanceAutomation.dll (+2 others)
[           0s] Csc Library/Bee/artifacts/1300b0aP.dag/Unity.XR.OpenXR.Features.ConformanceAutomation.dll (+2 others) [CacheWrite 00000000000000000000000000000004]
[878/964    0s] Csc Library/Bee/artifacts/1300b0aP.dag/Unity.XR.OpenXR.Features.MetaQuestSupport.dll (+2 others)
[           0s] Csc Library/Bee/artifacts/1300b0aP.dag/Unity.XR.OpenXR.Features.MetaQuestSupport.dll (+2 others) [CacheWrite 00000000000000000000000000000004]
[880/964    0s] Csc Library/Bee/artifacts/1300b0aP.dag/Unity.XR.OpenXR.Features.RuntimeDebugger.dll (+2 others)
[           0s] Csc Library/Bee/artifacts/1300b0aP.dag/Unity.XR.OpenXR.Features.RuntimeDebugger.dll (+2 others) [CacheWrite 00000000000000000000000000000004]
[881/964    0s] ILPostProcess Library/Bee/artifacts/1300b0aP.dag/post-processed/Unity.XR.OpenXR.Features.ConformanceAutomation.dll (+pdb)
Processing assembly Library/Bee/artifacts/1300b0aP.dag/Unity.XR.OpenXR.Features.ConformanceAutomation.dll, with 124 defines and 199 references
processors: Unity.Jobs.CodeGen.JobsILPostProcessor, zzzUnity.Burst.CodeGen.BurstILPostProcessor
running Unity.Jobs.CodeGen.JobsILPostProcessor
running zzzUnity.Burst.CodeGen.BurstILPostProcessor
[882/964    0s] CopyFiles Library/Bee/PlayerScriptAssemblies/Unity.XR.OpenXR.Features.ConformanceAutomation.pdb
[883/964    0s] CopyFiles Library/Bee/PlayerScriptAssemblies/Unity.XR.OpenXR.Features.ConformanceAutomation.dll
[884/964    0s] ILPostProcess Library/Bee/artifacts/1300b0aP.dag/post-processed/Unity.XR.OpenXR.Features.MetaQuestSupport.dll (+pdb)
Processing assembly Library/Bee/artifacts/1300b0aP.dag/Unity.XR.OpenXR.Features.MetaQuestSupport.dll, with 124 defines and 200 references
processors: Unity.Jobs.CodeGen.JobsILPostProcessor, zzzUnity.Burst.CodeGen.BurstILPostProcessor
running Unity.Jobs.CodeGen.JobsILPostProcessor
running zzzUnity.Burst.CodeGen.BurstILPostProcessor
[885/964    0s] CopyFiles Library/Bee/PlayerScriptAssemblies/Unity.XR.OpenXR.Features.MetaQuestSupport.pdb
[886/964    0s] CopyFiles Library/Bee/PlayerScriptAssemblies/Unity.XR.OpenXR.Features.MetaQuestSupport.dll
[887/964    0s] ILPostProcess Library/Bee/artifacts/1300b0aP.dag/post-processed/Unity.XR.OpenXR.Features.RuntimeDebugger.dll (+pdb)
Processing assembly Library/Bee/artifacts/1300b0aP.dag/Unity.XR.OpenXR.Features.RuntimeDebugger.dll, with 124 defines and 193 references
processors: Unity.Jobs.CodeGen.JobsILPostProcessor, zzzUnity.Burst.CodeGen.BurstILPostProcessor
running Unity.Jobs.CodeGen.JobsILPostProcessor
running zzzUnity.Burst.CodeGen.BurstILPostProcessor
[888/964    0s] CopyFiles Library/Bee/PlayerScriptAssemblies/Unity.XR.OpenXR.Features.RuntimeDebugger.dll
[889/964    0s] CopyFiles Library/Bee/PlayerScriptAssemblies/Unity.XR.OpenXR.Features.RuntimeDebugger.pdb
[890/964    0s] Csc Library/Bee/artifacts/1300b0aP.dag/Oculus.Haptics.dll (+2 others)
[           0s] Csc Library/Bee/artifacts/1300b0aP.dag/Oculus.Haptics.dll (+2 others) [CacheWrite 00000000000000000000000000000004]
[891/964    0s] Csc Library/Bee/artifacts/1300b0aP.dag/Unity.XR.OpenXR.Features.MockRuntime.dll (+2 others)
[           0s] Csc Library/Bee/artifacts/1300b0aP.dag/Unity.XR.OpenXR.Features.MockRuntime.dll (+2 others) [CacheWrite 00000000000000000000000000000004]
[892/964    0s] ILPostProcess Library/Bee/artifacts/1300b0aP.dag/post-processed/Oculus.Haptics.dll (+pdb)
Processing assembly Library/Bee/artifacts/1300b0aP.dag/Oculus.Haptics.dll, with 126 defines and 199 references
processors: Unity.Jobs.CodeGen.JobsILPostProcessor, zzzUnity.Burst.CodeGen.BurstILPostProcessor
running Unity.Jobs.CodeGen.JobsILPostProcessor
running zzzUnity.Burst.CodeGen.BurstILPostProcessor
[894/964    0s] MovedFromExtractor-Combine Library/Bee/artifacts/1300b0aP.dag/Unity.XR.OpenXR.Features.OculusQuestSupport.dll.mvfrm
[895/964    0s] CopyFiles Library/Bee/PlayerScriptAssemblies/Oculus.Haptics.dll
[896/964    0s] CopyFiles Library/Bee/PlayerScriptAssemblies/Oculus.Haptics.pdb
[897/964    0s] ILPostProcess Library/Bee/artifacts/1300b0aP.dag/post-processed/Unity.XR.OpenXR.Features.MockRuntime.dll (+pdb)
Processing assembly Library/Bee/artifacts/1300b0aP.dag/Unity.XR.OpenXR.Features.MockRuntime.dll, with 124 defines and 194 references
processors: Unity.Jobs.CodeGen.JobsILPostProcessor, zzzUnity.Burst.CodeGen.BurstILPostProcessor
running Unity.Jobs.CodeGen.JobsILPostProcessor
running zzzUnity.Burst.CodeGen.BurstILPostProcessor
[898/964    0s] CopyFiles Library/Bee/PlayerScriptAssemblies/Unity.XR.OpenXR.Features.MockRuntime.dll
[899/964    0s] CopyFiles Library/Bee/PlayerScriptAssemblies/Unity.XR.OpenXR.Features.MockRuntime.pdb
[900/964    0s] MovedFromExtractor-Combine Library/Bee/artifacts/1300b0aP.dag/Unity.XR.OpenXR.TestTooling.dll.mvfrm
[901/964    0s] Csc Library/Bee/artifacts/1300b0aP.dag/Unity.XR.OpenXR.Features.OculusQuestSupport.dll (+2 others)
[           0s] Csc Library/Bee/artifacts/1300b0aP.dag/Unity.XR.OpenXR.Features.OculusQuestSupport.dll (+2 others) [CacheWrite 00000000000000000000000000000004]
[903/964    0s] Csc Library/Bee/artifacts/1300b0aP.dag/Unity.XR.OpenXR.TestTooling.dll (+2 others)
[           0s] Csc Library/Bee/artifacts/1300b0aP.dag/Unity.XR.OpenXR.TestTooling.dll (+2 others) [CacheWrite 00000000000000000000000000000004]
[904/964    0s] ILPostProcess Library/Bee/artifacts/1300b0aP.dag/post-processed/Unity.XR.OpenXR.Features.OculusQuestSupport.dll (+pdb)
Processing assembly Library/Bee/artifacts/1300b0aP.dag/Unity.XR.OpenXR.Features.OculusQuestSupport.dll, with 124 defines and 200 references
processors: Unity.Jobs.CodeGen.JobsILPostProcessor, zzzUnity.Burst.CodeGen.BurstILPostProcessor
running Unity.Jobs.CodeGen.JobsILPostProcessor
running zzzUnity.Burst.CodeGen.BurstILPostProcessor
[905/964    0s] CopyFiles Library/Bee/PlayerScriptAssemblies/Unity.XR.OpenXR.Features.OculusQuestSupport.dll
[906/964    0s] CopyFiles Library/Bee/PlayerScriptAssemblies/Unity.XR.OpenXR.Features.OculusQuestSupport.pdb
[907/964    0s] ILPostProcess Library/Bee/artifacts/1300b0aP.dag/post-processed/Unity.XR.OpenXR.TestTooling.dll (+pdb)
Processing assembly Library/Bee/artifacts/1300b0aP.dag/Unity.XR.OpenXR.TestTooling.dll, with 124 defines and 195 references
processors: Unity.Jobs.CodeGen.JobsILPostProcessor, zzzUnity.Burst.CodeGen.BurstILPostProcessor
running Unity.Jobs.CodeGen.JobsILPostProcessor
running zzzUnity.Burst.CodeGen.BurstILPostProcessor
[908/964    0s] CopyFiles Library/Bee/PlayerScriptAssemblies/Unity.XR.OpenXR.TestTooling.pdb
[909/964    0s] CopyFiles Library/Bee/PlayerScriptAssemblies/Unity.XR.OpenXR.TestTooling.dll
[910/964    0s] MovedFromExtractor-Combine Library/Bee/artifacts/1300b0aP.dag/Unity.XR.Hands.dll.mvfrm
[911/964    0s] Csc Library/Bee/artifacts/1300b0aP.dag/Unity.XR.Hands.dll (+2 others)
[           0s] Csc Library/Bee/artifacts/1300b0aP.dag/Unity.XR.Hands.dll (+2 others) [CacheWrite 00000000000000000000000000000004]
[913/964    0s] Csc Library/Bee/artifacts/1300b0aP.dag/Oculus.VR.dll (+2 others)
[914/964    0s] MovedFromExtractor-Combine Library/Bee/artifacts/1300b0aP.dag/Assembly-CSharp.dll.mvfrm
[           0s] Csc Library/Bee/artifacts/1300b0aP.dag/Oculus.VR.dll (+2 others) [CacheWrite 00000000000000000000000000000004]
[915/964    0s] ILPostProcess Library/Bee/artifacts/1300b0aP.dag/post-processed/Oculus.VR.dll (+pdb)
Processing assembly Library/Bee/artifacts/1300b0aP.dag/Oculus.VR.dll, with 134 defines and 202 references
processors: Unity.Jobs.CodeGen.JobsILPostProcessor, zzzUnity.Burst.CodeGen.BurstILPostProcessor
running Unity.Jobs.CodeGen.JobsILPostProcessor
running zzzUnity.Burst.CodeGen.BurstILPostProcessor
[916/964    0s] ILPostProcess Library/Bee/artifacts/1300b0aP.dag/post-processed/Unity.XR.Hands.dll (+pdb)
Processing assembly Library/Bee/artifacts/1300b0aP.dag/Unity.XR.Hands.dll, with 129 defines and 205 references
processors: Unity.Jobs.CodeGen.JobsILPostProcessor, zzzUnity.Burst.CodeGen.BurstILPostProcessor
running Unity.Jobs.CodeGen.JobsILPostProcessor
running zzzUnity.Burst.CodeGen.BurstILPostProcessor
[917/964    0s] MovedFromExtractor-Combine Library/Bee/artifacts/1300b0aP.dag/Oculus.Interaction.UnityXR.dll.mvfrm
[918/964    0s] CopyFiles Library/Bee/PlayerScriptAssemblies/Oculus.VR.pdb
[919/964    0s] CopyFiles Library/Bee/PlayerScriptAssemblies/Unity.XR.Hands.pdb
[920/964    0s] CopyFiles Library/Bee/PlayerScriptAssemblies/Unity.XR.Hands.dll
[921/964    0s] CopyFiles Library/Bee/PlayerScriptAssemblies/Oculus.VR.dll
[922/964    0s] Csc Library/Bee/artifacts/1300b0aP.dag/Oculus.Interaction.OVR.Samples.dll (+2 others)
[           0s] Csc Library/Bee/artifacts/1300b0aP.dag/Oculus.Interaction.OVR.Samples.dll (+2 others) [CacheWrite 00000000000000000000000000000004]
[923/964    0s] Csc Library/Bee/artifacts/1300b0aP.dag/Meta.XR.EnvironmentDepth.dll (+2 others)
[           0s] Csc Library/Bee/artifacts/1300b0aP.dag/Meta.XR.EnvironmentDepth.dll (+2 others) [CacheWrite 00000000000000000000000000000004]
[924/964    0s] Csc Library/Bee/artifacts/1300b0aP.dag/Meta.XR.BuildingBlocks.dll (+2 others)
[           0s] Csc Library/Bee/artifacts/1300b0aP.dag/Meta.XR.BuildingBlocks.dll (+2 others) [CacheWrite 00000000000000000000000000000004]
[925/964    0s] Csc Library/Bee/artifacts/1300b0aP.dag/Oculus.Interaction.UnityXR.dll (+2 others)
[926/964    0s] Csc Library/Bee/artifacts/1300b0aP.dag/Oculus.Interaction.OVR.dll (+2 others)
[927/964    0s] ILPostProcess Library/Bee/artifacts/1300b0aP.dag/post-processed/Oculus.Interaction.OVR.Samples.dll (+pdb)
Processing assembly Library/Bee/artifacts/1300b0aP.dag/Oculus.Interaction.OVR.Samples.dll, with 125 defines and 202 references
processors: Unity.Jobs.CodeGen.JobsILPostProcessor, zzzUnity.Burst.CodeGen.BurstILPostProcessor
running Unity.Jobs.CodeGen.JobsILPostProcessor
running zzzUnity.Burst.CodeGen.BurstILPostProcessor
[928/964    0s] ILPostProcess Library/Bee/artifacts/1300b0aP.dag/post-processed/Meta.XR.EnvironmentDepth.dll (+pdb)
Processing assembly Library/Bee/artifacts/1300b0aP.dag/Meta.XR.EnvironmentDepth.dll, with 125 defines and 199 references
processors: Unity.Jobs.CodeGen.JobsILPostProcessor, zzzUnity.Burst.CodeGen.BurstILPostProcessor
running Unity.Jobs.CodeGen.JobsILPostProcessor
running zzzUnity.Burst.CodeGen.BurstILPostProcessor
[929/964    0s] CopyFiles Library/Bee/PlayerScriptAssemblies/Oculus.Interaction.OVR.Samples.pdb
[930/964    0s] CopyFiles Library/Bee/PlayerScriptAssemblies/Oculus.Interaction.OVR.Samples.dll
[931/964    0s] CopyFiles Library/Bee/PlayerScriptAssemblies/Meta.XR.EnvironmentDepth.dll
[932/964    0s] CopyFiles Library/Bee/PlayerScriptAssemblies/Meta.XR.EnvironmentDepth.pdb
[           0s] Csc Library/Bee/artifacts/1300b0aP.dag/Oculus.Interaction.OVR.dll (+2 others) [CacheWrite 00000000000000000000000000000004]
[933/964    0s] ILPostProcess Library/Bee/artifacts/1300b0aP.dag/post-processed/Meta.XR.BuildingBlocks.dll (+pdb)
Processing assembly Library/Bee/artifacts/1300b0aP.dag/Meta.XR.BuildingBlocks.dll, with 126 defines and 201 references
processors: Unity.Jobs.CodeGen.JobsILPostProcessor, zzzUnity.Burst.CodeGen.BurstILPostProcessor
running Unity.Jobs.CodeGen.JobsILPostProcessor
running zzzUnity.Burst.CodeGen.BurstILPostProcessor
[           0s] Csc Library/Bee/artifacts/1300b0aP.dag/Oculus.Interaction.UnityXR.dll (+2 others) [CacheWrite 00000000000000000000000000000004]
[934/964    0s] CopyFiles Library/Bee/PlayerScriptAssemblies/Meta.XR.BuildingBlocks.dll
[935/964    0s] CopyFiles Library/Bee/PlayerScriptAssemblies/Meta.XR.BuildingBlocks.pdb
[936/964    0s] Csc Library/Bee/artifacts/1300b0aP.dag/Meta.XR.ImmersiveDebugger.dll (+2 others)
[937/964    0s] ILPostProcess Library/Bee/artifacts/1300b0aP.dag/post-processed/Oculus.Interaction.UnityXR.dll (+pdb)
Processing assembly Library/Bee/artifacts/1300b0aP.dag/Oculus.Interaction.UnityXR.dll, with 127 defines and 203 references
processors: Unity.Jobs.CodeGen.JobsILPostProcessor, zzzUnity.Burst.CodeGen.BurstILPostProcessor
running Unity.Jobs.CodeGen.JobsILPostProcessor
running zzzUnity.Burst.CodeGen.BurstILPostProcessor
[           0s] Csc Library/Bee/artifacts/1300b0aP.dag/Meta.XR.ImmersiveDebugger.dll (+2 others) [CacheWrite 00000000000000000000000000000004]
[938/964    0s] ILPostProcess Library/Bee/artifacts/1300b0aP.dag/post-processed/Oculus.Interaction.OVR.dll (+pdb)
Processing assembly Library/Bee/artifacts/1300b0aP.dag/Oculus.Interaction.OVR.dll, with 125 defines and 200 references
processors: Unity.Jobs.CodeGen.JobsILPostProcessor, zzzUnity.Burst.CodeGen.BurstILPostProcessor
running Unity.Jobs.CodeGen.JobsILPostProcessor
running zzzUnity.Burst.CodeGen.BurstILPostProcessor
[939/964    0s] CopyFiles Library/Bee/PlayerScriptAssemblies/Oculus.Interaction.OVR.pdb
[940/964    0s] CopyFiles Library/Bee/PlayerScriptAssemblies/Oculus.Interaction.UnityXR.pdb
[941/964    0s] CopyFiles Library/Bee/PlayerScriptAssemblies/Oculus.Interaction.UnityXR.dll
[942/964    0s] CopyFiles Library/Bee/PlayerScriptAssemblies/Oculus.Interaction.OVR.dll
[943/964    0s] ILPostProcess Library/Bee/artifacts/1300b0aP.dag/post-processed/Meta.XR.ImmersiveDebugger.dll (+pdb)
Processing assembly Library/Bee/artifacts/1300b0aP.dag/Meta.XR.ImmersiveDebugger.dll, with 125 defines and 200 references
processors: Unity.Jobs.CodeGen.JobsILPostProcessor, zzzUnity.Burst.CodeGen.BurstILPostProcessor
running Unity.Jobs.CodeGen.JobsILPostProcessor
running zzzUnity.Burst.CodeGen.BurstILPostProcessor
[944/964    0s] CopyFiles Library/Bee/PlayerScriptAssemblies/Meta.XR.ImmersiveDebugger.pdb
[945/964    0s] CopyFiles Library/Bee/PlayerScriptAssemblies/Meta.XR.ImmersiveDebugger.dll
[946/964    0s] Csc Library/Bee/artifacts/1300b0aP.dag/Meta.XR.BuildingBlocks.DepthAPI.dll (+2 others)
[           0s] Csc Library/Bee/artifacts/1300b0aP.dag/Meta.XR.BuildingBlocks.DepthAPI.dll (+2 others) [CacheWrite 00000000000000000000000000000004]
[947/964    0s] ILPostProcess Library/Bee/artifacts/1300b0aP.dag/post-processed/Meta.XR.BuildingBlocks.DepthAPI.dll (+pdb)
Processing assembly Library/Bee/artifacts/1300b0aP.dag/Meta.XR.BuildingBlocks.DepthAPI.dll, with 125 defines and 202 references
processors: Unity.Jobs.CodeGen.JobsILPostProcessor, zzzUnity.Burst.CodeGen.BurstILPostProcessor
running Unity.Jobs.CodeGen.JobsILPostProcessor
running zzzUnity.Burst.CodeGen.BurstILPostProcessor
[948/964    0s] CopyFiles Library/Bee/PlayerScriptAssemblies/Meta.XR.BuildingBlocks.DepthAPI.dll
[949/964    0s] CopyFiles Library/Bee/PlayerScriptAssemblies/Meta.XR.BuildingBlocks.DepthAPI.pdb
[950/964    0s] Csc Library/Bee/artifacts/1300b0aP.dag/meta.xr.mrutilitykit.dll (+2 others)
[           0s] Csc Library/Bee/artifacts/1300b0aP.dag/meta.xr.mrutilitykit.dll (+2 others) [CacheWrite 00000000000000000000000000000004]
[951/964    0s] ILPostProcess Library/Bee/artifacts/1300b0aP.dag/post-processed/meta.xr.mrutilitykit.dll (+pdb)
Processing assembly Library/Bee/artifacts/1300b0aP.dag/meta.xr.mrutilitykit.dll, with 125 defines and 202 references
processors: Unity.Jobs.CodeGen.JobsILPostProcessor, zzzUnity.Burst.CodeGen.BurstILPostProcessor
running Unity.Jobs.CodeGen.JobsILPostProcessor
running zzzUnity.Burst.CodeGen.BurstILPostProcessor
[952/964    0s] CopyFiles Library/Bee/PlayerScriptAssemblies/meta.xr.mrutilitykit.dll
[953/964    0s] CopyFiles Library/Bee/PlayerScriptAssemblies/meta.xr.mrutilitykit.pdb
[954/964    0s] Csc Library/Bee/artifacts/1300b0aP.dag/Meta.XR.MultiplayerBlocks.Shared.dll (+2 others)
[           0s] Csc Library/Bee/artifacts/1300b0aP.dag/Meta.XR.MultiplayerBlocks.Shared.dll (+2 others) [CacheWrite 00000000000000000000000000000004]
[955/964    0s] ILPostProcess Library/Bee/artifacts/1300b0aP.dag/post-processed/Meta.XR.MultiplayerBlocks.Shared.dll (+pdb)
Processing assembly Library/Bee/artifacts/1300b0aP.dag/Meta.XR.MultiplayerBlocks.Shared.dll, with 128 defines and 204 references
processors: Unity.Jobs.CodeGen.JobsILPostProcessor, zzzUnity.Burst.CodeGen.BurstILPostProcessor
running Unity.Jobs.CodeGen.JobsILPostProcessor
running zzzUnity.Burst.CodeGen.BurstILPostProcessor
[956/964    0s] CopyFiles Library/Bee/PlayerScriptAssemblies/Meta.XR.MultiplayerBlocks.Shared.dll
[957/964    0s] CopyFiles Library/Bee/PlayerScriptAssemblies/Meta.XR.MultiplayerBlocks.Shared.pdb
[958/964    0s] Csc Library/Bee/artifacts/1300b0aP.dag/Assembly-CSharp.dll (+2 others)
[959/964    0s] ILPostProcess Library/Bee/artifacts/1300b0aP.dag/post-processed/Assembly-CSharp.dll (+pdb)
Processing assembly Library/Bee/artifacts/1300b0aP.dag/Assembly-CSharp.dll, with 124 defines and 265 references
processors: Unity.Jobs.CodeGen.JobsILPostProcessor, zzzUnity.Burst.CodeGen.BurstILPostProcessor
running Unity.Jobs.CodeGen.JobsILPostProcessor
running zzzUnity.Burst.CodeGen.BurstILPostProcessor
[960/964    0s] CopyFiles Library/Bee/PlayerScriptAssemblies/Assembly-CSharp.pdb
[961/964    0s] CopyFiles Library/Bee/PlayerScriptAssemblies/Assembly-CSharp.dll
[963/964    1s] BuildPlayerDataGenerator Library/BuildPlayerData/Player/RuntimeInitializeOnLoads.json (+1 other)
*** Tundra build success (8.05 seconds), 544 items updated, 964 evaluated
Total cache size 287491164
Total cache size after purge 268045692, took 00:00:00.1787026
Rebuilding Data files because Assets/Scenes/Scene.unity is dirty (hash)
Opening scene 'Assets/Scenes/Scene.unity'
Unloading 4 Unused Serialized files (Serialized files now loaded: 0)
Your project uses a scriptable render pipeline. You can use Camera.stereoTargetEye only with the built-in renderer.
UnityEngine.Debug:ExtractStackTraceNoAlloc (byte*,int,string)
UnityEngine.StackTraceUtility:ExtractStackTrace () (at /home/bokken/build/output/unity/unity/Runtime/Export/Scripting/StackTrace.cs:35)
UnityEngine.DebugLogHandler:Internal_Log (UnityEngine.LogType,UnityEngine.LogOption,string,UnityEngine.Object)
UnityEngine.DebugLogHandler:LogFormat (UnityEngine.LogType,UnityEngine.Object,string,object[])
UnityEngine.Logger:Log (UnityEngine.LogType,object)
UnityEngine.Debug:LogWarning (object)
UnityEngine.Camera:set_stereoTargetEye (UnityEngine.StereoTargetEyeMask) (at /home/bokken/build/output/unity/unity/Runtime/Export/Camera/Camera.bindings.cs:291)
OVRCameraRig:EnsureGameObjectIntegrity () (at ./Library/PackageCache/com.meta.xr.sdk.core@e9f929748630/Scripts/OVRCameraRig.cs:609)
OVRCameraRig:Awake () (at ./Library/PackageCache/com.meta.xr.sdk.core@e9f929748630/Scripts/OVRCameraRig.cs:196)
UnityEditor.BuildPipeline:BuildPlayerInternalNoCheck (string[],string,string,UnityEditor.BuildTargetGroup,UnityEditor.BuildTarget,int,UnityEditor.BuildOptions,string[],bool)
UnityEditor.BuildPipeline:BuildPlayerInternal (string[],string,string,UnityEditor.BuildTargetGroup,UnityEditor.BuildTarget,int,UnityEditor.BuildOptions,string[]) (at /home/bokken/build/output/unity/unity/Editor/Mono/BuildPipeline.bindings.cs:534)
UnityEditor.BuildPipeline:BuildPlayer (string[],string,string,UnityEditor.BuildTargetGroup,UnityEditor.BuildTarget,int,UnityEditor.BuildOptions,string[]) (at /home/bokken/build/output/unity/unity/Editor/Mono/BuildPipeline.bindings.cs:418)
UnityEditor.BuildPipeline:BuildPlayer (UnityEditor.BuildPlayerOptions) (at /home/bokken/build/output/unity/unity/Editor/Mono/BuildPipeline.bindings.cs:364)
CodexAndroidBuild:BuildApk () (at Assets/Editor/CodexAndroidBuild.cs:42)

(Filename: /home/bokken/build/output/unity/unity/Runtime/Export/Camera/Camera.bindings.cs Line: 291)

Your project uses a scriptable render pipeline. You can use Camera.stereoTargetEye only with the built-in renderer.
UnityEngine.Debug:ExtractStackTraceNoAlloc (byte*,int,string)
UnityEngine.StackTraceUtility:ExtractStackTrace () (at /home/bokken/build/output/unity/unity/Runtime/Export/Scripting/StackTrace.cs:35)
UnityEngine.DebugLogHandler:Internal_Log (UnityEngine.LogType,UnityEngine.LogOption,string,UnityEngine.Object)
UnityEngine.DebugLogHandler:LogFormat (UnityEngine.LogType,UnityEngine.Object,string,object[])
UnityEngine.Logger:Log (UnityEngine.LogType,object)
UnityEngine.Debug:LogWarning (object)
UnityEngine.Camera:set_stereoTargetEye (UnityEngine.StereoTargetEyeMask) (at /home/bokken/build/output/unity/unity/Runtime/Export/Camera/Camera.bindings.cs:291)
OVRCameraRig:EnsureGameObjectIntegrity () (at ./Library/PackageCache/com.meta.xr.sdk.core@e9f929748630/Scripts/OVRCameraRig.cs:610)
OVRCameraRig:Awake () (at ./Library/PackageCache/com.meta.xr.sdk.core@e9f929748630/Scripts/OVRCameraRig.cs:196)
UnityEditor.BuildPipeline:BuildPlayerInternalNoCheck (string[],string,string,UnityEditor.BuildTargetGroup,UnityEditor.BuildTarget,int,UnityEditor.BuildOptions,string[],bool)
UnityEditor.BuildPipeline:BuildPlayerInternal (string[],string,string,UnityEditor.BuildTargetGroup,UnityEditor.BuildTarget,int,UnityEditor.BuildOptions,string[]) (at /home/bokken/build/output/unity/unity/Editor/Mono/BuildPipeline.bindings.cs:534)
UnityEditor.BuildPipeline:BuildPlayer (string[],string,string,UnityEditor.BuildTargetGroup,UnityEditor.BuildTarget,int,UnityEditor.BuildOptions,string[]) (at /home/bokken/build/output/unity/unity/Editor/Mono/BuildPipeline.bindings.cs:418)
UnityEditor.BuildPipeline:BuildPlayer (UnityEditor.BuildPlayerOptions) (at /home/bokken/build/output/unity/unity/Editor/Mono/BuildPipeline.bindings.cs:364)
CodexAndroidBuild:BuildApk () (at Assets/Editor/CodexAndroidBuild.cs:42)

(Filename: /home/bokken/build/output/unity/unity/Runtime/Export/Camera/Camera.bindings.cs Line: 291)

Your project uses a scriptable render pipeline. You can use Camera.stereoTargetEye only with the built-in renderer.
UnityEngine.Debug:ExtractStackTraceNoAlloc (byte*,int,string)
UnityEngine.StackTraceUtility:ExtractStackTrace () (at /home/bokken/build/output/unity/unity/Runtime/Export/Scripting/StackTrace.cs:35)
UnityEngine.DebugLogHandler:Internal_Log (UnityEngine.LogType,UnityEngine.LogOption,string,UnityEngine.Object)
UnityEngine.DebugLogHandler:LogFormat (UnityEngine.LogType,UnityEngine.Object,string,object[])
UnityEngine.Logger:Log (UnityEngine.LogType,object)
UnityEngine.Debug:LogWarning (object)
UnityEngine.Camera:set_stereoTargetEye (UnityEngine.StereoTargetEyeMask) (at /home/bokken/build/output/unity/unity/Runtime/Export/Camera/Camera.bindings.cs:291)
OVRCameraRig:EnsureGameObjectIntegrity () (at ./Library/PackageCache/com.meta.xr.sdk.core@e9f929748630/Scripts/OVRCameraRig.cs:611)
OVRCameraRig:Awake () (at ./Library/PackageCache/com.meta.xr.sdk.core@e9f929748630/Scripts/OVRCameraRig.cs:196)
UnityEditor.BuildPipeline:BuildPlayerInternalNoCheck (string[],string,string,UnityEditor.BuildTargetGroup,UnityEditor.BuildTarget,int,UnityEditor.BuildOptions,string[],bool)
UnityEditor.BuildPipeline:BuildPlayerInternal (string[],string,string,UnityEditor.BuildTargetGroup,UnityEditor.BuildTarget,int,UnityEditor.BuildOptions,string[]) (at /home/bokken/build/output/unity/unity/Editor/Mono/BuildPipeline.bindings.cs:534)
UnityEditor.BuildPipeline:BuildPlayer (string[],string,string,UnityEditor.BuildTargetGroup,UnityEditor.BuildTarget,int,UnityEditor.BuildOptions,string[]) (at /home/bokken/build/output/unity/unity/Editor/Mono/BuildPipeline.bindings.cs:418)
UnityEditor.BuildPipeline:BuildPlayer (UnityEditor.BuildPlayerOptions) (at /home/bokken/build/output/unity/unity/Editor/Mono/BuildPipeline.bindings.cs:364)
CodexAndroidBuild:BuildApk () (at Assets/Editor/CodexAndroidBuild.cs:42)

(Filename: /home/bokken/build/output/unity/unity/Runtime/Export/Camera/Camera.bindings.cs Line: 291)

Loaded scene 'Assets/Scenes/Scene.unity'
	Deserialize:            30.406 ms
	Integration:            458.266 ms
	Integration of assets:  0.372 ms
	Thread Wait Time:       -0.009 ms
	Total Operation Time:   489.035 ms
Unloading 137 unused Assets / (0.7 MB). Loaded Objects now: 15018.
Memory consumption went from 233.6 MB to 232.9 MB.
Total: 22.024585 ms (FindLiveObjects: 0.779214 ms CreateObjectMapping: 0.480159 ms MarkObjects: 20.021614 ms  DeleteObjects: 0.742906 ms)

Created GICache directory at /home/wdy/.cache/unity3d/GiCache. Took: 0.002s, timestamps: [28.076 - 28.078]
Shader 'Oculus/OVRMRCameraFrameLit': fallback shader 'Alpha-Diffuse' not found


Mono dependencies included in the build
Dependency assembly - Meta.XR.ImmersiveDebugger.dll
Dependency assembly - System.Security.Cryptography.Hashing.dll
Dependency assembly - Meta.WitAi.Lib.dll
Dependency assembly - Meta.XR.MultiplayerBlocks.Shared.dll
Dependency assembly - Oculus.Platform.dll
Dependency assembly - System.IO.FileSystem.AccessControl.dll
Dependency assembly - System.EnterpriseServices.dll
Dependency assembly - Unity.RenderPipelines.Core.ShaderLibrary.dll
Dependency assembly - System.Reflection.Emit.dll
Dependency assembly - System.Security.Cryptography.Hashing.Algorithms.dll
Dependency assembly - System.Transactions.dll
Dependency assembly - Unity.RenderPipeline.Universal.ShaderLibrary.dll
Dependency assembly - Unity.Timeline.dll
Dependency assembly - System.Diagnostics.Contracts.dll
Dependency assembly - System.Security.Cryptography.Cng.dll
Dependency assembly - System.ServiceModel.Routing.dll
Dependency assembly - System.ObjectModel.dll
Dependency assembly - System.Runtime.Handles.dll
Dependency assembly - I18N.Rare.dll
Dependency assembly - System.Runtime.CompilerServices.Unsafe.dll
Dependency assembly - System.Runtime.Serialization.Formatters.dll
Dependency assembly - Unity.RenderPipelines.GPUDriven.Runtime.dll
Dependency assembly - System.Xml.Xsl.Primitives.dll
Dependency assembly - System.Threading.Tasks.Parallel.dll
Dependency assembly - System.Collections.dll
Dependency assembly - VoiceSDK.Dictation.Runtime.dll
Dependency assembly - System.Drawing.Design.dll
Dependency assembly - System.Configuration.dll
Dependency assembly - System.IO.Hashing.dll
Dependency assembly - Meta.Voice.NLayer.dll
Dependency assembly - Oculus.VR.dll
Dependency assembly - System.Net.Sockets.dll
Dependency assembly - System.Runtime.DurableInstancing.dll
Dependency assembly - System.Runtime.InteropServices.RuntimeInformation.dll
Dependency assembly - Assembly-CSharp.dll
Dependency assembly - System.IO.FileSystem.dll
Dependency assembly - System.Linq.dll
Dependency assembly - System.Runtime.InteropServices.WindowsRuntime.dll
Dependency assembly - System.ComponentModel.DataAnnotations.dll
Dependency assembly - System.Xml.XPath.dll
Dependency assembly - System.Numerics.Vectors.dll
Dependency assembly - System.DirectoryServices.dll
Dependency assembly - System.Security.SecureString.dll
Dependency assembly - Unity.XR.OpenXR.dll
Dependency assembly - System.Security.dll
Dependency assembly - System.ComponentModel.EventBasedAsync.dll
Dependency assembly - System.Diagnostics.StackTrace.dll
Dependency assembly - System.Security.Cryptography.ProtectedData.dll
Dependency assembly - System.Resources.ResourceManager.dll
Dependency assembly - System.Net.AuthenticationManager.dll
Dependency assembly - System.Security.Cryptography.Algorithms.dll
Dependency assembly - Oculus.Interaction.OVR.Samples.dll
Dependency assembly - Unity.XR.OpenXR.Features.OculusQuestSupport.dll
Dependency assembly - Meta.VoiceSDK.Mic.Other.dll
Dependency assembly - Meta.Wit.Dictation.dll
Dependency assembly - System.Security.Principal.Windows.dll
Dependency assembly - System.Xml.XmlDocument.dll
Dependency assembly - System.Drawing.dll
Dependency assembly - Meta.Net.endel.nativewebsocket.dll
Dependency assembly - System.ServiceModel.Web.dll
Dependency assembly - System.ComponentModel.Primitives.dll
Dependency assembly - System.Data.Services.Client.dll
Dependency assembly - Meta.XR.EnvironmentDepth.dll
Dependency assembly - System.Linq.Queryable.dll
Dependency assembly - System.Runtime.Loader.dll
Dependency assembly - System.Security.Cryptography.Encryption.dll
Dependency assembly - Unity.VisualScripting.DocCodeExamples.dll
Dependency assembly - VoiceSDK.Runtime.dll
Dependency assembly - System.Resources.Reader.dll
Dependency assembly - System.Net.Cache.dll
Dependency assembly - System.Net.WebSockets.dll
Dependency assembly - System.Xml.ReaderWriter.dll
Dependency assembly - Microsoft.Win32.Registry.dll
Dependency assembly - Meta.XR.ImmersiveDebugger.Interface.dll
Dependency assembly - System.Collections.Concurrent.dll
Dependency assembly - System.Diagnostics.TextWriterTraceListener.dll
Dependency assembly - System.Security.Cryptography.Encryption.ECDsa.dll
Dependency assembly - System.Security.Cryptography.Encryption.Aes.dll
Dependency assembly - Mono.Data.Tds.dll
Dependency assembly - System.ComponentModel.dll
Dependency assembly - System.Linq.Expressions.dll
Dependency assembly - System.Net.WebHeaderCollection.dll
Dependency assembly - System.Data.Common.dll
Dependency assembly - System.ServiceModel.Security.dll
Dependency assembly - System.Runtime.InteropServices.dll
Dependency assembly - System.Security.AccessControl.dll
Dependency assembly - Oculus.Interaction.OVR.dll
Dependency assembly - Meta.WitAi.TTS.dll
Dependency assembly - System.Core.dll
Dependency assembly - System.Collections.NonGeneric.dll
Dependency assembly - System.Security.Cryptography.OpenSsl.dll
Dependency assembly - System.Json.dll
Dependency assembly - System.Runtime.Caching.dll
Dependency assembly - System.IO.FileSystem.Primitives.dll
Dependency assembly - Unity.RenderPipelines.Core.Runtime.Shared.dll
Dependency assembly - Unity.RenderPipelines.Universal.Runtime.dll
Dependency assembly - System.Memory.dll
Dependency assembly - System.Threading.AccessControl.dll
Dependency assembly - System.AppContext.dll
Dependency assembly - Meta.VoiceSDK.Mic.Common.dll
Dependency assembly - Mono.Security.dll
Dependency assembly - Unity.XR.OpenXR.Features.MetaQuestSupport.dll
Dependency assembly - System.ServiceProcess.ServiceController.dll
Dependency assembly - System.Web.dll
Dependency assembly - System.Net.NameResolution.dll
Dependency assembly - Unity.RenderPipelines.Universal.Shaders.dll
Dependency assembly - System.Console.dll
Dependency assembly - System.dll
Dependency assembly - System.Reflection.Primitives.dll
Dependency assembly - Unity.XR.Hands.dll
Dependency assembly - System.Runtime.Numerics.dll
Dependency assembly - Unity.RenderPipelines.ShaderGraph.ShaderGraphLibrary.dll
Dependency assembly - System.Threading.Thread.dll
Dependency assembly - UnityEngine.XR.LegacyInputHelpers.dll
Dependency assembly - Unity.XR.OpenXR.Features.ConformanceAutomation.dll
Dependency assembly - System.Data.Services.dll
Dependency assembly - System.IO.Compression.ZipFile.dll
Dependency assembly - System.Net.ServicePoint.dll
Dependency assembly - I18N.dll
Dependency assembly - Unity.Burst.Unsafe.dll
Dependency assembly - System.ComponentModel.Annotations.dll
Dependency assembly - System.Design.dll
Dependency assembly - System.Windows.Forms.dll
Dependency assembly - Unity.Rendering.LightTransport.Runtime.dll
Dependency assembly - Oculus.Interaction.UnityXR.dll
Dependency assembly - System.Configuration.Install.dll
Dependency assembly - System.Diagnostics.Tracing.dll
Dependency assembly - System.Security.Claims.dll
Dependency assembly - System.Buffers.dll
Dependency assembly - System.Windows.dll
Dependency assembly - Meta.XR.BuildingBlocks.dll
Dependency assembly - System.ServiceModel.Duplex.dll
Dependency assembly - System.Runtime.Serialization.dll
Dependency assembly - System.IO.Compression.dll
Dependency assembly - System.Reflection.dll
Dependency assembly - System.Reflection.Emit.Lightweight.dll
Dependency assembly - System.Net.Security.dll
Dependency assembly - System.Diagnostics.Debug.dll
Dependency assembly - System.IO.MemoryMappedFiles.dll
Dependency assembly - System.Reflection.Context.dll
Dependency assembly - System.ComponentModel.TypeConverter.dll
Dependency assembly - System.Web.Services.dll
Dependency assembly - System.Net.Utilities.dll
Dependency assembly - System.Windows.Forms.DataVisualization.dll
Dependency assembly - Meta.XR.Audio.dll
Dependency assembly - System.Net.WebSockets.Client.dll
Dependency assembly - System.Resources.ReaderWriter.dll
Dependency assembly - System.Web.RegularExpressions.dll
Dependency assembly - System.IdentityModel.Selectors.dll
Dependency assembly - System.Threading.Tasks.Extensions.dll
Dependency assembly - System.Messaging.dll
Dependency assembly - netstandard.dll
Dependency assembly - System.Security.Cryptography.Pkcs.dll
Dependency assembly - System.Diagnostics.TraceSource.dll
Dependency assembly - System.Reflection.Emit.ILGeneration.dll
Dependency assembly - Meta.Voice.Hub.Runtime.dll
Dependency assembly - System.Management.dll
Dependency assembly - Unity.Multiplayer.Center.Common.dll
Dependency assembly - System.Security.Cryptography.X509Certificates.dll
Dependency assembly - System.Runtime.Serialization.Formatters.Soap.dll
Dependency assembly - Unity.XR.OpenXR.TestTooling.dll
Dependency assembly - System.Globalization.Calendars.dll
Dependency assembly - System.Xml.XPath.XDocument.dll
Dependency assembly - System.Collections.Specialized.dll
Dependency assembly - System.ValueTuple.dll
Dependency assembly - System.ServiceModel.Discovery.dll
Dependency assembly - System.ServiceModel.Primitives.dll
Dependency assembly - System.Threading.Overlapped.dll
Dependency assembly - System.Linq.Parallel.dll
Dependency assembly - System.Globalization.dll
Dependency assembly - System.Web.Extensions.Design.dll
Dependency assembly - Oculus.Interaction.dll
Dependency assembly - System.Xml.Serialization.dll
Dependency assembly - System.Text.Encoding.Extensions.dll
Dependency assembly - System.Reflection.TypeExtensions.dll
Dependency assembly - System.Threading.dll
Dependency assembly - System.Data.SqlClient.dll
Dependency assembly - AssistantVoiceCommandCommon.dll
Dependency assembly - UnityEngine.UI.dll
Dependency assembly - System.Xml.XmlSerializer.dll
Dependency assembly - meta.xr.mrutilitykit.dll
Dependency assembly - System.Data.DataSetExtensions.dll
Dependency assembly - System.Data.Linq.dll
Dependency assembly - System.Data.OracleClient.dll
Dependency assembly - System.ServiceModel.dll
Dependency assembly - Unity.Collections.dll
Dependency assembly - System.IO.dll
Dependency assembly - System.Threading.Timer.dll
Dependency assembly - System.Security.Principal.dll
Dependency assembly - System.Dynamic.Runtime.dll
Dependency assembly - System.Security.Cryptography.Primitives.dll
Dependency assembly - System.ServiceModel.NetTcp.dll
Dependency assembly - System.Diagnostics.FileVersionInfo.dll
Dependency assembly - System.Net.Ping.dll
Dependency assembly - Unity.VisualScripting.State.dll
Dependency assembly - System.IdentityModel.dll
Dependency assembly - Meta.Wit.Composer.dll
Dependency assembly - Unity.RenderPipelines.Universal.Config.Runtime.dll
Dependency assembly - System.Runtime.dll
Dependency assembly - System.Security.Cryptography.Encryption.ECDiffieHellman.dll
Dependency assembly - Mono.Data.Sqlite.dll
Dependency assembly - I18N.CJK.dll
Dependency assembly - System.Xaml.dll
Dependency assembly - System.IO.Compression.FileSystem.dll
Dependency assembly - System.ServiceModel.Http.dll
Dependency assembly - VoiceSDK.Telemetry.Runtime.dll
Dependency assembly - System.Security.Cryptography.DeriveBytes.dll
Dependency assembly - I18N.West.dll
Dependency assembly - System.Diagnostics.Tools.dll
Dependency assembly - Unity.TextMeshPro.dll
Dependency assembly - mscorlib.dll
Dependency assembly - System.Data.dll
Dependency assembly - System.Numerics.dll
Dependency assembly - Meta.WitAi.Conduit.dll
Dependency assembly - Accessibility.dll
Dependency assembly - Unity.InputSystem.ForUI.dll
Dependency assembly - System.Security.Cryptography.RandomNumberGenerator.dll
Dependency assembly - System.Xml.Linq.dll
Dependency assembly - System.Net.Primitives.dll
Dependency assembly - System.Diagnostics.TraceEvent.dll
Dependency assembly - System.Xml.XDocument.dll
Dependency assembly - AssistantCoreSDKRuntime.dll
Dependency assembly - Unity.VisualScripting.Flow.dll
Dependency assembly - Unity.XR.OpenXR.Features.RuntimeDebugger.dll
Dependency assembly - System.Security.Cryptography.Csp.dll
Dependency assembly - Unity.AI.Navigation.dll
Dependency assembly - I18N.Other.dll
Dependency assembly - System.Reflection.Extensions.dll
Dependency assembly - System.Resources.Writer.dll
Dependency assembly - System.Web.DynamicData.dll
Dependency assembly - System.ComponentModel.Composition.dll
Dependency assembly - Meta.XR.BuildingBlocks.DepthAPI.dll
Dependency assembly - Unity.XR.CoreUtils.dll
Dependency assembly - System.ServiceModel.Activation.dll
Dependency assembly - UnityEngine.SpatialTracking.dll
Dependency assembly - Unity.Burst.dll
Dependency assembly - System.Xml.dll
Dependency assembly - System.IO.Pipes.dll
Dependency assembly - Unity.XR.Management.dll
Dependency assembly - System.Threading.ThreadPool.dll
Dependency assembly - Unity.RenderPipelines.Universal.2D.Runtime.dll
Dependency assembly - Unity.VisualScripting.Core.dll
Dependency assembly - System.Data.Entity.dll
Dependency assembly - System.Threading.Tasks.dll
Dependency assembly - System.Security.Cryptography.Encoding.dll
Dependency assembly - Unity.XR.OpenXR.Features.MockRuntime.dll
Dependency assembly - System.IO.FileSystem.Watcher.dll
Dependency assembly - System.Net.dll
Dependency assembly - Oculus.Haptics.dll
Dependency assembly - System.Net.HttpListener.dll
Dependency assembly - System.Web.ApplicationServices.dll
Dependency assembly - Microsoft.Win32.Registry.AccessControl.dll
Dependency assembly - System.Text.Encoding.CodePages.dll
Dependency assembly - System.IO.IsolatedStorage.dll
Dependency assembly - Unity.Collections.LowLevel.ILSupport.dll
Dependency assembly - System.Text.Encoding.dll
Dependency assembly - System.Net.Mail.dll
Dependency assembly - Meta.WitAi.dll
Dependency assembly - System.IO.FileSystem.DriveInfo.dll
Dependency assembly - System.Net.Http.WebRequest.dll
Dependency assembly - System.Drawing.Primitives.dll
Dependency assembly - System.Security.Cryptography.RSA.dll
Dependency assembly - System.Diagnostics.Process.dll
Dependency assembly - Unity.RenderPipelines.Core.Runtime.dll
Dependency assembly - Unity.Mathematics.dll
Dependency assembly - System.Reflection.DispatchProxy.dll
Dependency assembly - System.ServiceProcess.dll
Dependency assembly - System.Runtime.Serialization.Xml.dll
Dependency assembly - Microsoft.Win32.Primitives.dll
Dependency assembly - System.Net.Requests.dll
Dependency assembly - System.Xml.XPath.XmlDocument.dll
Dependency assembly - I18N.MidEast.dll
Dependency assembly - Newtonsoft.Json.dll
Dependency assembly - System.Runtime.Serialization.Json.dll
Dependency assembly - System.Text.RegularExpressions.dll
Dependency assembly - VoiceSDK.Runtime.Composer.dll
Dependency assembly - Oculus.Interaction.Samples.dll
Dependency assembly - System.Net.Http.dll
Dependency assembly - System.Runtime.Remoting.dll
Dependency assembly - System.IO.UnmanagedMemoryStream.dll
Dependency assembly - System.Runtime.CompilerServices.VisualC.dll
Dependency assembly - System.Globalization.Extensions.dll
Dependency assembly - Microsoft.CSharp.dll
Dependency assembly - Meta.Voice.Opus.dll
Dependency assembly - Unity.InputSystem.dll
Dependency assembly - Unity.WebRTC.dll
Dependency assembly - Unity.VisualScripting.Antlr3.Runtime.dll
Dependency assembly - System.Runtime.Serialization.Primitives.dll
Dependency assembly - System.Net.NetworkInformation.dll
Dependency assembly - System.DirectoryServices.Protocols.dll
Dependency assembly - System.Web.Extensions.dll
Dependency assembly - System.Runtime.Extensions.dll
Dependency assembly - System.ServiceModel.Internals.dll

DisplayProgressbar: Fetching assembly references
Unloading 285 Unused Serialized files (Serialized files now loaded: 0)
Unloading 2266 unused Assets / (10.2 MB). Loaded Objects now: 13702.
Memory consumption went from 301.7 MB to 291.4 MB.
Total: 18.814949 ms (FindLiveObjects: 0.665256 ms CreateObjectMapping: 0.401801 ms MarkObjects: 15.245464 ms  DeleteObjects: 2.501909 ms)

Unloading 0 Unused Serialized files (Serialized files now loaded: 0)
Unloading 0 unused Assets / (3.9 KB). Loaded Objects now: 13702.
Memory consumption went from 291.4 MB to 291.4 MB.
Total: 14.286078 ms (FindLiveObjects: 0.782604 ms CreateObjectMapping: 0.624896 ms MarkObjects: 12.854524 ms  DeleteObjects: 0.023483 ms)

Unloading 4 Unused Serialized files (Serialized files now loaded: 0)
Unloading 171 unused Assets / (136.5 MB). Loaded Objects now: 13702.
Memory consumption went from 407.1 MB to 270.7 MB.
Total: 32.716849 ms (FindLiveObjects: 0.513720 ms CreateObjectMapping: 0.346608 ms MarkObjects: 22.094314 ms  DeleteObjects: 9.760987 ms)

Compiling shader "Legacy Shaders/Transparent/VertexLit" pass "" (vp)
    Full variant space:         24
    After settings filtering:   24
    After built-in stripping:   12
    After scriptable stripping: 12
    Processed in 0.67 seconds
    starting compilation...
    finished in 0.00 seconds. Local cache hits 12 (0.01s CPU time), remote cache hits 0 (0.00s CPU time), compiled 0 variants (0.00s CPU time), skipped 0 variants
    Prepared data for serialisation in 0.00s
Compiling shader "Legacy Shaders/Transparent/VertexLit" pass "" (vp)
    Full variant space:         8
    After settings filtering:   8
    After built-in stripping:   4
    After scriptable stripping: 4
    Processed in 0.00 seconds
    starting compilation...
    finished in 0.00 seconds. Local cache hits 4 (0.00s CPU time), remote cache hits 0 (0.00s CPU time), compiled 0 variants (0.00s CPU time), skipped 0 variants
    Prepared data for serialisation in 0.00s
Serialized binary data for shader Legacy Shaders/Transparent/VertexLit in 0.00s
    gles3 (total internal programs: 8, unique: 8)
    vulkan (total internal programs: 8, unique: 8)
Compiling shader "Hidden/Imposter_AlphaBlended" pass "" (vp)
    Full variant space:         2
    After settings filtering:   2
    After built-in stripping:   4
    After scriptable stripping: 4
    Processed in 0.00 seconds
    starting compilation...
    finished in 0.00 seconds. Local cache hits 4 (0.00s CPU time), remote cache hits 0 (0.00s CPU time), compiled 0 variants (0.00s CPU time), skipped 0 variants
    Prepared data for serialisation in 0.00s
Serialized binary data for shader Hidden/Imposter_AlphaBlended in 0.00s
    gles3 (total internal programs: 2, unique: 2)
    vulkan (total internal programs: 2, unique: 2)
Compiling shader "Hidden/UnderlayTransparentOccluderImposter" pass "" (vp)
    Full variant space:         2
    After settings filtering:   2
    After built-in stripping:   4
    After scriptable stripping: 4
    Processed in 0.00 seconds
    starting compilation...
    finished in 0.00 seconds. Local cache hits 4 (0.00s CPU time), remote cache hits 0 (0.00s CPU time), compiled 0 variants (0.00s CPU time), skipped 0 variants
    Prepared data for serialisation in 0.00s
Serialized binary data for shader Hidden/UnderlayTransparentOccluderImposter in 0.00s
    gles3 (total internal programs: 2, unique: 2)
    vulkan (total internal programs: 2, unique: 2)
Compiling shader "Hidden/Imposter_AlphaCutout" pass "" (vp)
    Full variant space:         2
    After settings filtering:   2
    After built-in stripping:   4
    After scriptable stripping: 4
    Processed in 0.00 seconds
    starting compilation...
    finished in 0.00 seconds. Local cache hits 4 (0.00s CPU time), remote cache hits 0 (0.00s CPU time), compiled 0 variants (0.00s CPU time), skipped 0 variants
    Prepared data for serialisation in 0.00s
Serialized binary data for shader Hidden/Imposter_AlphaCutout in 0.00s
    gles3 (total internal programs: 2, unique: 2)
    vulkan (total internal programs: 2, unique: 2)
Compiling shader "Hidden/Imposter_AlphaToMask" pass "" (vp)
    Full variant space:         2
    After settings filtering:   2
    After built-in stripping:   4
    After scriptable stripping: 4
    Processed in 0.00 seconds
    starting compilation...
    finished in 0.00 seconds. Local cache hits 4 (0.00s CPU time), remote cache hits 0 (0.00s CPU time), compiled 0 variants (0.00s CPU time), skipped 0 variants
    Prepared data for serialisation in 0.00s
Serialized binary data for shader Hidden/Imposter_AlphaToMask in 0.00s
    gles3 (total internal programs: 2, unique: 2)
    vulkan (total internal programs: 2, unique: 2)
Compiling shader "Oculus/OVRMRCameraFrame" pass "" (vp)
    Full variant space:         2
    After settings filtering:   2
    After built-in stripping:   4
    After scriptable stripping: 4
    Processed in 0.00 seconds
    starting compilation...
    finished in 0.00 seconds. Local cache hits 4 (0.00s CPU time), remote cache hits 0 (0.00s CPU time), compiled 0 variants (0.00s CPU time), skipped 0 variants
    Prepared data for serialisation in 0.00s
Serialized binary data for shader Oculus/OVRMRCameraFrame in 0.00s
    gles3 (total internal programs: 2, unique: 2)
    vulkan (total internal programs: 2, unique: 2)
Compiling shader "Oculus/UnlitTransparent" pass "" (vp)
    Full variant space:         8
    After settings filtering:   8
    After built-in stripping:   4
    After scriptable stripping: 4
    Processed in 0.00 seconds
    starting compilation...
    finished in 0.00 seconds. Local cache hits 4 (0.00s CPU time), remote cache hits 0 (0.00s CPU time), compiled 0 variants (0.00s CPU time), skipped 0 variants
    Prepared data for serialisation in 0.00s
Serialized binary data for shader Oculus/UnlitTransparent in 0.00s
    gles3 (total internal programs: 2, unique: 2)
    vulkan (total internal programs: 2, unique: 2)
Compiling shader "Oculus/Cubemap Blit" pass "" (vp)
    Full variant space:         2
    After settings filtering:   2
    After built-in stripping:   4
    After scriptable stripping: 4
    Processed in 0.00 seconds
    starting compilation...
    finished in 0.00 seconds. Local cache hits 4 (0.00s CPU time), remote cache hits 0 (0.00s CPU time), compiled 0 variants (0.00s CPU time), skipped 0 variants
    Prepared data for serialisation in 0.00s
Serialized binary data for shader Oculus/Cubemap Blit in 0.00s
    gles3 (total internal programs: 2, unique: 2)
    vulkan (total internal programs: 2, unique: 2)
Compiling shader "Meta/EnvironmentDepth/DepthMask" pass "Pass 0" (vp)
    Full variant space:         2
    After settings filtering:   2
    After built-in stripping:   4
    After scriptable stripping: 4
    Processed in 0.00 seconds
    starting compilation...
    finished in 0.00 seconds. Local cache hits 4 (0.00s CPU time), remote cache hits 0 (0.00s CPU time), compiled 0 variants (0.00s CPU time), skipped 0 variants
    Prepared data for serialisation in 0.00s
Compiling shader "Meta/EnvironmentDepth/DepthMask" pass "Pass 1" (vp)
    Full variant space:         2
    After settings filtering:   2
    After built-in stripping:   4
    After scriptable stripping: 4
    Processed in 0.00 seconds
    starting compilation...
    finished in 0.00 seconds. Local cache hits 4 (0.00s CPU time), remote cache hits 0 (0.00s CPU time), compiled 0 variants (0.00s CPU time), skipped 0 variants
    Prepared data for serialisation in 0.00s
Serialized binary data for shader Meta/EnvironmentDepth/DepthMask in 0.00s
    gles3 (total internal programs: 4, unique: 4)
    vulkan (total internal programs: 4, unique: 4)
Compiling shader "Hidden/DepthOverwrite" pass "" (vp)
    Full variant space:         2
    After settings filtering:   2
    After built-in stripping:   4
    After scriptable stripping: 4
    Processed in 0.00 seconds
    starting compilation...
    finished in 0.00 seconds. Local cache hits 4 (0.00s CPU time), remote cache hits 0 (0.00s CPU time), compiled 0 variants (0.00s CPU time), skipped 0 variants
    Prepared data for serialisation in 0.00s
Serialized binary data for shader Hidden/DepthOverwrite in 0.00s
    gles3 (total internal programs: 2, unique: 2)
    vulkan (total internal programs: 2, unique: 2)
Compiling shader "UI/IDF Prerendered" pass "" (vp)
    Full variant space:         4
    After settings filtering:   4
    After built-in stripping:   8
    After scriptable stripping: 8
    Processed in 0.00 seconds
    starting compilation...
    finished in 0.00 seconds. Local cache hits 8 (0.00s CPU time), remote cache hits 0 (0.00s CPU time), compiled 0 variants (0.00s CPU time), skipped 0 variants
    Prepared data for serialisation in 0.00s
Serialized binary data for shader UI/IDF Prerendered in 0.00s
    gles3 (total internal programs: 4, unique: 4)
    vulkan (total internal programs: 4, unique: 4)
Compiling shader "UI/Default (Overlay)" pass "Default" (vp)
    Full variant space:         8
    After settings filtering:   8
    After built-in stripping:   16
    After scriptable stripping: 16
    Processed in 0.00 seconds
    starting compilation...
    finished in 0.00 seconds. Local cache hits 16 (0.00s CPU time), remote cache hits 0 (0.00s CPU time), compiled 0 variants (0.00s CPU time), skipped 0 variants
    Prepared data for serialisation in 0.00s
Serialized binary data for shader UI/Default (Overlay) in 0.00s
    gles3 (total internal programs: 8, unique: 8)
    vulkan (total internal programs: 8, unique: 8)
Compiling shader "Oculus/Unlit" pass "" (vp)
    Full variant space:         8
    After settings filtering:   8
    After built-in stripping:   4
    After scriptable stripping: 4
    Processed in 0.00 seconds
    starting compilation...
    finished in 0.00 seconds. Local cache hits 4 (0.00s CPU time), remote cache hits 0 (0.00s CPU time), compiled 0 variants (0.00s CPU time), skipped 0 variants
    Prepared data for serialisation in 0.00s
Serialized binary data for shader Oculus/Unlit in 0.00s
    gles3 (total internal programs: 2, unique: 2)
    vulkan (total internal programs: 2, unique: 2)
Compiling shader "Oculus/Texture2D Blit" pass "" (vp)
    Full variant space:         2
    After settings filtering:   2
    After built-in stripping:   4
    After scriptable stripping: 4
    Processed in 0.00 seconds
    starting compilation...
    finished in 0.00 seconds. Local cache hits 4 (0.00s CPU time), remote cache hits 0 (0.00s CPU time), compiled 0 variants (0.00s CPU time), skipped 0 variants
    Prepared data for serialisation in 0.00s
Serialized binary data for shader Oculus/Texture2D Blit in 0.00s
    gles3 (total internal programs: 2, unique: 2)
    vulkan (total internal programs: 2, unique: 2)
Shader 'Oculus/OVRMRCameraFrameLit': fallback shader 'Alpha-Diffuse' not found
Compiling shader "Oculus/OVRMRCameraFrameLit" pass "FORWARD" (vp)
    Full variant space:         304
    After settings filtering:   304
    After built-in stripping:   12
    After scriptable stripping: 12
    Processed in 0.00 seconds
    starting compilation...
    finished in 0.00 seconds. Local cache hits 12 (0.00s CPU time), remote cache hits 0 (0.00s CPU time), compiled 0 variants (0.00s CPU time), skipped 0 variants
    Prepared data for serialisation in 0.00s
Compiling shader "Oculus/OVRMRCameraFrameLit" pass "FORWARD" (vp)
    Full variant space:         40
    After settings filtering:   40
    After built-in stripping:   20
    After scriptable stripping: 20
    Processed in 0.00 seconds
    starting compilation...
    finished in 0.00 seconds. Local cache hits 20 (0.00s CPU time), remote cache hits 0 (0.00s CPU time), compiled 0 variants (0.00s CPU time), skipped 0 variants
    Prepared data for serialisation in 0.00s
Serialized binary data for shader Oculus/OVRMRCameraFrameLit in 0.00s
    gles3 (total internal programs: 16, unique: 16)
    vulkan (total internal programs: 16, unique: 16)
Compiling shader "Custom/PolylineUnlit" pass "" (vp)
    Full variant space:         16
    After settings filtering:   16
    After built-in stripping:   16
    After scriptable stripping: 16
    Processed in 0.00 seconds
    starting compilation...
    finished in 0.00 seconds. Local cache hits 16 (0.00s CPU time), remote cache hits 0 (0.00s CPU time), compiled 0 variants (0.00s CPU time), skipped 0 variants
    Prepared data for serialisation in 0.00s
Serialized binary data for shader Custom/PolylineUnlit in 0.00s
    gles3 (total internal programs: 8, unique: 8)
    vulkan (total internal programs: 8, unique: 8)
Compiling shader "Hidden/Imposter_Opaque" pass "" (vp)
    Full variant space:         2
    After settings filtering:   2
    After built-in stripping:   4
    After scriptable stripping: 4
    Processed in 0.00 seconds
    starting compilation...
    finished in 0.00 seconds. Local cache hits 4 (0.00s CPU time), remote cache hits 0 (0.00s CPU time), compiled 0 variants (0.00s CPU time), skipped 0 variants
    Prepared data for serialisation in 0.00s
Serialized binary data for shader Hidden/Imposter_Opaque in 0.00s
    gles3 (total internal programs: 2, unique: 2)
    vulkan (total internal programs: 2, unique: 2)
Compiling shader "Oculus/Unlit Transparent Color" pass "" (vp)
    Full variant space:         2
    After settings filtering:   2
    After built-in stripping:   4
    After scriptable stripping: 4
    Processed in 0.00 seconds
    starting compilation...
    finished in 0.00 seconds. Local cache hits 4 (0.00s CPU time), remote cache hits 0 (0.00s CPU time), compiled 0 variants (0.00s CPU time), skipped 0 variants
    Prepared data for serialisation in 0.00s
Serialized binary data for shader Oculus/Unlit Transparent Color in 0.00s
    gles3 (total internal programs: 2, unique: 2)
    vulkan (total internal programs: 2, unique: 2)
Compiling shader "TextMeshPro/Sprite" pass "Default" (vp)
    Full variant space:         8
    After settings filtering:   8
    After built-in stripping:   16
    After scriptable stripping: 16
    Processed in 0.00 seconds
    starting compilation...
    finished in 0.00 seconds. Local cache hits 16 (0.00s CPU time), remote cache hits 0 (0.00s CPU time), compiled 0 variants (0.00s CPU time), skipped 0 variants
    Prepared data for serialisation in 0.00s
Serialized binary data for shader TextMeshPro/Sprite in 0.00s
    gles3 (total internal programs: 8, unique: 8)
    vulkan (total internal programs: 8, unique: 8)
Compiling shader "Hidden/Imposter_Underlay_AA" pass "" (vp)
    Full variant space:         2
    After settings filtering:   2
    After built-in stripping:   4
    After scriptable stripping: 4
    Processed in 0.00 seconds
    starting compilation...
    finished in 0.00 seconds. Local cache hits 4 (0.00s CPU time), remote cache hits 0 (0.00s CPU time), compiled 0 variants (0.00s CPU time), skipped 0 variants
    Prepared data for serialisation in 0.00s
Serialized binary data for shader Hidden/Imposter_Underlay_AA in 0.00s
    gles3 (total internal programs: 2, unique: 2)
    vulkan (total internal programs: 2, unique: 2)
Compiling shader "Oculus/Underlay Transparent Occluder" pass "" (vp)
    Full variant space:         8
    After settings filtering:   8
    After built-in stripping:   4
    After scriptable stripping: 4
    Processed in 0.00 seconds
    starting compilation...
    finished in 0.00 seconds. Local cache hits 4 (0.00s CPU time), remote cache hits 0 (0.00s CPU time), compiled 0 variants (0.00s CPU time), skipped 0 variants
    Prepared data for serialisation in 0.00s
Compiling shader "Oculus/Underlay Transparent Occluder" pass "FORWARD" (vp)
    Full variant space:         1328
    After settings filtering:   1328
    After built-in stripping:   32
    After scriptable stripping: 32
    Processed in 0.00 seconds
    starting compilation...
    finished in 0.00 seconds. Local cache hits 32 (0.01s CPU time), remote cache hits 0 (0.00s CPU time), compiled 0 variants (0.00s CPU time), skipped 0 variants
    Prepared data for serialisation in 0.00s
Compiling shader "Oculus/Underlay Transparent Occluder" pass "FORWARD" (vp)
    Full variant space:         40
    After settings filtering:   40
    After built-in stripping:   20
    After scriptable stripping: 20
    Processed in 0.00 seconds
    starting compilation...
    finished in 0.00 seconds. Local cache hits 20 (0.01s CPU time), remote cache hits 0 (0.00s CPU time), compiled 0 variants (0.00s CPU time), skipped 0 variants
    Prepared data for serialisation in 0.00s
Compiling shader "Oculus/Underlay Transparent Occluder" pass "DEFERRED" (vp)
    Full variant space:         152
    After settings filtering:   152
    After built-in stripping:   16
    After scriptable stripping: 16
    Processed in 0.00 seconds
    starting compilation...
    finished in 0.00 seconds. Local cache hits 16 (0.00s CPU time), remote cache hits 0 (0.00s CPU time), compiled 0 variants (0.00s CPU time), skipped 0 variants
    Prepared data for serialisation in 0.00s
Serialized binary data for shader Oculus/Underlay Transparent Occluder in 0.00s
    gles3 (total internal programs: 36, unique: 36)
    vulkan (total internal programs: 36, unique: 36)
Compiling compute shader "CopyDepthTexture"
    starting stripping...
    finished in 0.00 seconds. 2 of 2 variants left
    2 variants, starting compilation...
    finished in 0.00 seconds. Local cache hits 2, remote cache hits 0, compiled 0 variants
Compiling shader "Oculus/Underlay Impostor" pass "FORWARD" (vp)
    Full variant space:         1328
    After settings filtering:   1328
    After built-in stripping:   32
    After scriptable stripping: 32
    Processed in 0.00 seconds
    starting compilation...
    finished in 0.00 seconds. Local cache hits 32 (0.01s CPU time), remote cache hits 0 (0.00s CPU time), compiled 0 variants (0.00s CPU time), skipped 0 variants
    Prepared data for serialisation in 0.00s
Compiling shader "Oculus/Underlay Impostor" pass "FORWARD" (vp)
    Full variant space:         376
    After settings filtering:   376
    After built-in stripping:   52
    After scriptable stripping: 52
    Processed in 0.00 seconds
    starting compilation...
    finished in 0.00 seconds. Local cache hits 52 (0.02s CPU time), remote cache hits 0 (0.00s CPU time), compiled 0 variants (0.00s CPU time), skipped 0 variants
    Prepared data for serialisation in 0.00s
Compiling shader "Oculus/Underlay Impostor" pass "DEFERRED" (vp)
    Full variant space:         152
    After settings filtering:   152
    After built-in stripping:   16
    After scriptable stripping: 16
    Processed in 0.00 seconds
    starting compilation...
    finished in 0.00 seconds. Local cache hits 16 (0.00s CPU time), remote cache hits 0 (0.00s CPU time), compiled 0 variants (0.00s CPU time), skipped 0 variants
    Prepared data for serialisation in 0.00s
Serialized binary data for shader Oculus/Underlay Impostor in 0.00s
    gles3 (total internal programs: 50, unique: 50)
    vulkan (total internal programs: 50, unique: 50)
Compiling shader "Hidden/Imposter_Underlay" pass "" (vp)
    Full variant space:         2
    After settings filtering:   2
    After built-in stripping:   4
    After scriptable stripping: 4
    Processed in 0.00 seconds
    starting compilation...
    finished in 0.00 seconds. Local cache hits 4 (0.00s CPU time), remote cache hits 0 (0.00s CPU time), compiled 0 variants (0.00s CPU time), skipped 0 variants
    Prepared data for serialisation in 0.00s
Serialized binary data for shader Hidden/Imposter_Underlay in 0.00s
    gles3 (total internal programs: 2, unique: 2)
    vulkan (total internal programs: 2, unique: 2)
Compiling shader "Meta/EnvironmentDepth/Preprocessing" pass "Environment Depth Preprocessing Pass" (vp)
    Full variant space:         2
    After settings filtering:   2
    After built-in stripping:   4
    After scriptable stripping: 4
    Processed in 0.00 seconds
    starting compilation...
    finished in 0.00 seconds. Local cache hits 4 (0.00s CPU time), remote cache hits 0 (0.00s CPU time), compiled 0 variants (0.00s CPU time), skipped 0 variants
    Prepared data for serialisation in 0.00s
Serialized binary data for shader Meta/EnvironmentDepth/Preprocessing in 0.00s
    gles3 (total internal programs: 2, unique: 2)
    vulkan (total internal programs: 2, unique: 2)
Compiling shader "Hidden/Universal Render Pipeline/Sampling" pass "BoxDownsample" (vp)
    Full variant space:         2
    After settings filtering:   2
    After built-in stripping:   4
    After scriptable stripping: 4
    Processed in 0.00 seconds
    starting compilation...
    finished in 0.00 seconds. Local cache hits 4 (0.00s CPU time), remote cache hits 0 (0.00s CPU time), compiled 0 variants (0.00s CPU time), skipped 0 variants
    Prepared data for serialisation in 0.00s
Serialized binary data for shader Hidden/Universal Render Pipeline/Sampling in 0.00s
    gles3 (total internal programs: 2, unique: 2)
    vulkan (total internal programs: 2, unique: 2)
Compiling shader "Hidden/Universal Render Pipeline/Stop NaN" pass "Stop NaN" (vp)
    Full variant space:         2
    After settings filtering:   2
    After built-in stripping:   4
    After scriptable stripping: 4
    Processed in 0.00 seconds
    starting compilation...
    finished in 0.00 seconds. Local cache hits 4 (0.00s CPU time), remote cache hits 0 (0.00s CPU time), compiled 0 variants (0.00s CPU time), skipped 0 variants
    Prepared data for serialisation in 0.00s
Serialized binary data for shader Hidden/Universal Render Pipeline/Stop NaN in 0.00s
    gles3 (total internal programs: 2, unique: 2)
    vulkan (total internal programs: 2, unique: 2)
Compiling shader "Hidden/CoreSRP/CoreCopy" pass "Copy" (vp)
    Full variant space:         4
    After settings filtering:   4
    After built-in stripping:   8
    After scriptable stripping: 8
    Processed in 0.00 seconds
    starting compilation...
    finished in 0.00 seconds. Local cache hits 8 (0.00s CPU time), remote cache hits 0 (0.00s CPU time), compiled 0 variants (0.00s CPU time), skipped 0 variants
    Prepared data for serialisation in 0.00s
Compiling shader "Hidden/CoreSRP/CoreCopy" pass "CopyMS" (vp)
    Full variant space:         4
    After settings filtering:   4
    After built-in stripping:   8
    After scriptable stripping: 8
    Processed in 0.00 seconds
    starting compilation...
    finished in 0.00 seconds. Local cache hits 8 (0.00s CPU time), remote cache hits 0 (0.00s CPU time), compiled 0 variants (0.00s CPU time), skipped 0 variants
    Prepared data for serialisation in 0.00s
Serialized binary data for shader Hidden/CoreSRP/CoreCopy in 0.00s
    gles3 (total internal programs: 8, unique: 8)
    vulkan (total internal programs: 8, unique: 8)
Compiling shader "Hidden/Universal Render Pipeline/CameraMotionBlur" pass "Camera Motion Blur - Low Quality" (vp)
    Full variant space:         4
    After settings filtering:   2
    After built-in stripping:   4
    After scriptable stripping: 4
    Processed in 0.00 seconds
    starting compilation...
    finished in 0.00 seconds. Local cache hits 4 (0.00s CPU time), remote cache hits 0 (0.00s CPU time), compiled 0 variants (0.00s CPU time), skipped 0 variants
    Prepared data for serialisation in 0.00s
Compiling shader "Hidden/Universal Render Pipeline/CameraMotionBlur" pass "Camera Motion Blur - Medium Quality" (vp)
    Full variant space:         4
    After settings filtering:   2
    After built-in stripping:   4
    After scriptable stripping: 4
    Processed in 0.00 seconds
    starting compilation...
    finished in 0.00 seconds. Local cache hits 4 (0.00s CPU time), remote cache hits 0 (0.00s CPU time), compiled 0 variants (0.00s CPU time), skipped 0 variants
    Prepared data for serialisation in 0.00s
Compiling shader "Hidden/Universal Render Pipeline/CameraMotionBlur" pass "Camera Motion Blur - High Quality" (vp)
    Full variant space:         4
    After settings filtering:   2
    After built-in stripping:   4
    After scriptable stripping: 4
    Processed in 0.00 seconds
    starting compilation...
    finished in 0.00 seconds. Local cache hits 4 (0.00s CPU time), remote cache hits 0 (0.00s CPU time), compiled 0 variants (0.00s CPU time), skipped 0 variants
    Prepared data for serialisation in 0.00s
Compiling shader "Hidden/Universal Render Pipeline/CameraMotionBlur" pass "Camera And Object Motion Blur - Low Quality" (vp)
    Full variant space:         4
    After settings filtering:   2
    After built-in stripping:   4
    After scriptable stripping: 4
    Processed in 0.00 seconds
    starting compilation...
    finished in 0.00 seconds. Local cache hits 4 (0.00s CPU time), remote cache hits 0 (0.00s CPU time), compiled 0 variants (0.00s CPU time), skipped 0 variants
    Prepared data for serialisation in 0.00s
Compiling shader "Hidden/Universal Render Pipeline/CameraMotionBlur" pass "Camera And Object Motion Blur - Medium Quality" (vp)
    Full variant space:         4
    After settings filtering:   2
    After built-in stripping:   4
    After scriptable stripping: 4
    Processed in 0.00 seconds
    starting compilation...
    finished in 0.00 seconds. Local cache hits 4 (0.00s CPU time), remote cache hits 0 (0.00s CPU time), compiled 0 variants (0.00s CPU time), skipped 0 variants
    Prepared data for serialisation in 0.00s
Compiling shader "Hidden/Universal Render Pipeline/CameraMotionBlur" pass "Camera And Object Motion Blur - High Quality" (vp)
    Full variant space:         4
    After settings filtering:   2
    After built-in stripping:   4
    After scriptable stripping: 4
    Processed in 0.00 seconds
    starting compilation...
    finished in 0.00 seconds. Local cache hits 4 (0.00s CPU time), remote cache hits 0 (0.00s CPU time), compiled 0 variants (0.00s CPU time), skipped 0 variants
    Prepared data for serialisation in 0.00s
Serialized binary data for shader Hidden/Universal Render Pipeline/CameraMotionBlur in 0.00s
    gles3 (total internal programs: 12, unique: 12)
    vulkan (total internal programs: 12, unique: 12)
Compiling shader "Hidden/TerrainEngine/Details/UniversalPipeline/BillboardWavingDoublePass" pass "ForwardLit" (vp)
    Full variant space:         122880
    After settings filtering:   512
    After built-in stripping:   8
    After scriptable stripping: 8
    Processed in 0.00 seconds
    starting compilation...
Launched and connected shader compiler UnityShaderCompiler after 0.04 seconds
Launched and connected shader compiler UnityShaderCompiler after 0.05 seconds
Launched and connected shader compiler UnityShaderCompiler after 0.05 seconds
Launched and connected shader compiler UnityShaderCompiler after 0.06 seconds
Launched and connected shader compiler UnityShaderCompiler after 0.07 seconds
Launched and connected shader compiler UnityShaderCompiler after 0.05 seconds
Launched and connected shader compiler UnityShaderCompiler after 0.06 seconds
    finished in 1.18 seconds. Local cache hits 0 (0.00s CPU time), remote cache hits 0 (0.00s CPU time), compiled 8 variants (6.25s CPU time), skipped 0 variants
    Prepared data for serialisation in 0.00s
Compiling shader "Hidden/TerrainEngine/Details/UniversalPipeline/BillboardWavingDoublePass" pass "GBuffer" (vp)
    Full variant space:         640
    After settings filtering:   16
    After built-in stripping:   4
    After scriptable stripping: 0
    Processed in 0.00 seconds
    Prepared data for serialisation in 0.00s
Compiling shader "Hidden/TerrainEngine/Details/UniversalPipeline/BillboardWavingDoublePass" pass "DepthOnly" (vp)
    Full variant space:         4
    After settings filtering:   4
    After built-in stripping:   4
    After scriptable stripping: 4
    Processed in 0.00 seconds
    starting compilation...
    finished in 0.00 seconds. Local cache hits 4 (0.01s CPU time), remote cache hits 0 (0.00s CPU time), compiled 0 variants (0.00s CPU time), skipped 0 variants
    Prepared data for serialisation in 0.00s
Compiling shader "Hidden/TerrainEngine/Details/UniversalPipeline/BillboardWavingDoublePass" pass "DepthNormals" (vp)
    Full variant space:         4
    After settings filtering:   4
    After built-in stripping:   4
    After scriptable stripping: 4
    Processed in 0.00 seconds
    starting compilation...
    finished in 0.00 seconds. Local cache hits 4 (0.00s CPU time), remote cache hits 0 (0.00s CPU time), compiled 0 variants (0.00s CPU time), skipped 0 variants
    Prepared data for serialisation in 0.00s
Serialized binary data for shader Hidden/TerrainEngine/Details/UniversalPipeline/BillboardWavingDoublePass in 0.00s
    gles3 (total internal programs: 8, unique: 8)
    vulkan (total internal programs: 8, unique: 8)
Compiling shader "Hidden/Universal Render Pipeline/BokehDepthOfField" pass "Bokeh Depth Of Field CoC" (vp)
    Full variant space:         4
    After settings filtering:   2
    After built-in stripping:   4
    After scriptable stripping: 4
    Processed in 0.00 seconds
    starting compilation...
Launched and connected shader compiler UnityShaderCompiler after 0.05 seconds
    finished in 0.19 seconds. Local cache hits 0 (0.00s CPU time), remote cache hits 0 (0.00s CPU time), compiled 4 variants (0.37s CPU time), skipped 0 variants
    Prepared data for serialisation in 0.00s
Compiling shader "Hidden/Universal Render Pipeline/BokehDepthOfField" pass "Bokeh Depth Of Field Prefilter" (vp)
    Full variant space:         4
    After settings filtering:   2
    After built-in stripping:   4
    After scriptable stripping: 4
    Processed in 0.00 seconds
    starting compilation...
Launched and connected shader compiler UnityShaderCompiler after 0.05 seconds
    finished in 0.16 seconds. Local cache hits 0 (0.00s CPU time), remote cache hits 0 (0.00s CPU time), compiled 4 variants (0.34s CPU time), skipped 0 variants
    Prepared data for serialisation in 0.00s
Compiling shader "Hidden/Universal Render Pipeline/BokehDepthOfField" pass "Bokeh Depth Of Field Blur" (vp)
    Full variant space:         4
    After settings filtering:   2
    After built-in stripping:   4
    After scriptable stripping: 4
    Processed in 0.00 seconds
    starting compilation...
Launched and connected shader compiler UnityShaderCompiler after 0.05 seconds
    finished in 0.19 seconds. Local cache hits 0 (0.00s CPU time), remote cache hits 0 (0.00s CPU time), compiled 4 variants (0.41s CPU time), skipped 0 variants
    Prepared data for serialisation in 0.00s
Compiling shader "Hidden/Universal Render Pipeline/BokehDepthOfField" pass "Bokeh Depth Of Field Post Blur" (vp)
    Full variant space:         4
    After settings filtering:   2
    After built-in stripping:   4
    After scriptable stripping: 4
    Processed in 0.00 seconds
    starting compilation...
Launched and connected shader compiler UnityShaderCompiler after 0.05 seconds
Launched and connected shader compiler UnityShaderCompiler after 0.05 seconds
    finished in 0.28 seconds. Local cache hits 0 (0.00s CPU time), remote cache hits 0 (0.00s CPU time), compiled 4 variants (0.56s CPU time), skipped 0 variants
    Prepared data for serialisation in 0.00s
Compiling shader "Hidden/Universal Render Pipeline/BokehDepthOfField" pass "Bokeh Depth Of Field Composite" (vp)
    Full variant space:         8
    After settings filtering:   2
    After built-in stripping:   4
    After scriptable stripping: 4
    Processed in 0.00 seconds
    starting compilation...
    finished in 0.08 seconds. Local cache hits 0 (0.00s CPU time), remote cache hits 0 (0.00s CPU time), compiled 4 variants (0.28s CPU time), skipped 0 variants
    Prepared data for serialisation in 0.00s
Compiling shader "Hidden/Universal Render Pipeline/BokehDepthOfField" pass "Bokeh Depth Of Field CoC" (vp)
    Full variant space:         4
    After settings filtering:   2
    After built-in stripping:   4
    After scriptable stripping: 4
    Processed in 0.00 seconds
    starting compilation...
    finished in 0.06 seconds. Local cache hits 0 (0.00s CPU time), remote cache hits 0 (0.00s CPU time), compiled 4 variants (0.21s CPU time), skipped 0 variants
    Prepared data for serialisation in 0.00s
Compiling shader "Hidden/Universal Render Pipeline/BokehDepthOfField" pass "Bokeh Depth Of Field Prefilter" (vp)
    Full variant space:         4
    After settings filtering:   2
    After built-in stripping:   4
    After scriptable stripping: 4
    Processed in 0.00 seconds
    starting compilation...
    finished in 0.06 seconds. Local cache hits 0 (0.00s CPU time), remote cache hits 0 (0.00s CPU time), compiled 4 variants (0.23s CPU time), skipped 0 variants
    Prepared data for serialisation in 0.00s
Compiling shader "Hidden/Universal Render Pipeline/BokehDepthOfField" pass "Bokeh Depth Of Field Blur" (vp)
    Full variant space:         4
    After settings filtering:   2
    After built-in stripping:   4
    After scriptable stripping: 4
    Processed in 0.00 seconds
    starting compilation...
    finished in 0.08 seconds. Local cache hits 0 (0.00s CPU time), remote cache hits 0 (0.00s CPU time), compiled 4 variants (0.28s CPU time), skipped 0 variants
    Prepared data for serialisation in 0.00s
Compiling shader "Hidden/Universal Render Pipeline/BokehDepthOfField" pass "Bokeh Depth Of Field Post Blur" (vp)
    Full variant space:         4
    After settings filtering:   2
    After built-in stripping:   4
    After scriptable stripping: 4
    Processed in 0.00 seconds
    starting compilation...
    finished in 0.05 seconds. Local cache hits 0 (0.00s CPU time), remote cache hits 0 (0.00s CPU time), compiled 4 variants (0.20s CPU time), skipped 0 variants
    Prepared data for serialisation in 0.00s
Compiling shader "Hidden/Universal Render Pipeline/BokehDepthOfField" pass "Bokeh Depth Of Field Composite" (vp)
    Full variant space:         8
    After settings filtering:   2
    After built-in stripping:   4
    After scriptable stripping: 4
    Processed in 0.00 seconds
    starting compilation...
    finished in 0.05 seconds. Local cache hits 0 (0.00s CPU time), remote cache hits 0 (0.00s CPU time), compiled 4 variants (0.21s CPU time), skipped 0 variants
    Prepared data for serialisation in 0.00s
Serialized binary data for shader Hidden/Universal Render Pipeline/BokehDepthOfField in 0.00s
    gles3 (total internal programs: 20, unique: 20)
    vulkan (total internal programs: 20, unique: 12)
Compiling shader "Hidden/Core/FallbackError" pass "" (vp)
    Full variant space:         6
    After settings filtering:   6
    After built-in stripping:   4
    After scriptable stripping: 4
    Processed in 0.00 seconds
    starting compilation...
    finished in 0.00 seconds. Local cache hits 4 (0.00s CPU time), remote cache hits 0 (0.00s CPU time), compiled 0 variants (0.00s CPU time), skipped 0 variants
    Prepared data for serialisation in 0.00s
Serialized binary data for shader Hidden/Core/FallbackError in 0.00s
    gles3 (total internal programs: 2, unique: 2)
    vulkan (total internal programs: 2, unique: 2)
Compiling shader "Hidden/Universal Render Pipeline/XR/XROcclusionMesh" pass "" (vp)
    Full variant space:         4
    After settings filtering:   4
    After built-in stripping:   8
    After scriptable stripping: 8
    Processed in 0.00 seconds
    starting compilation...
    finished in 0.00 seconds. Local cache hits 8 (0.00s CPU time), remote cache hits 0 (0.00s CPU time), compiled 0 variants (0.00s CPU time), skipped 0 variants
    Prepared data for serialisation in 0.00s
Serialized binary data for shader Hidden/Universal Render Pipeline/XR/XROcclusionMesh in 0.00s
    gles3 (total internal programs: 4, unique: 4)
    vulkan (total internal programs: 4, unique: 4)
Compiling shader "Hidden/Universal Render Pipeline/Edge Adaptive Spatial Upsampling" pass "EASU" (vp)
    Full variant space:         4
    After settings filtering:   2
    After built-in stripping:   4
    After scriptable stripping: 4
    Processed in 0.00 seconds
    starting compilation...
    finished in 0.00 seconds. Local cache hits 4 (0.00s CPU time), remote cache hits 0 (0.00s CPU time), compiled 0 variants (0.00s CPU time), skipped 0 variants
    Prepared data for serialisation in 0.00s
Serialized binary data for shader Hidden/Universal Render Pipeline/Edge Adaptive Spatial Upsampling in 0.00s
    gles3 (total internal programs: 2, unique: 2)
    vulkan (total internal programs: 2, unique: 2)
Compiling shader "Hidden/Universal/HDRDebugView" pass "" (vp)
    Full variant space:         8
    After settings filtering:   2
    After built-in stripping:   4
    After scriptable stripping: 4
    Processed in 0.00 seconds
    starting compilation...
    finished in 0.00 seconds. Local cache hits 4 (0.00s CPU time), remote cache hits 0 (0.00s CPU time), compiled 0 variants (0.00s CPU time), skipped 0 variants
    Prepared data for serialisation in 0.00s
Compiling shader "Hidden/Universal/HDRDebugView" pass "" (vp)
    Full variant space:         8
    After settings filtering:   2
    After built-in stripping:   4
    After scriptable stripping: 4
    Processed in 0.00 seconds
    starting compilation...
    finished in 0.00 seconds. Local cache hits 4 (0.00s CPU time), remote cache hits 0 (0.00s CPU time), compiled 0 variants (0.00s CPU time), skipped 0 variants
    Prepared data for serialisation in 0.00s
Serialized binary data for shader Hidden/Universal/HDRDebugView in 0.00s
    gles3 (total internal programs: 4, unique: 4)
    vulkan (total internal programs: 4, unique: 4)
Compiling shader "Hidden/Universal Render Pipeline/GaussianDepthOfField" pass "Gaussian Depth Of Field CoC" (vp)
    Full variant space:         2
    After settings filtering:   2
    After built-in stripping:   4
    After scriptable stripping: 4
    Processed in 0.00 seconds
    starting compilation...
    finished in 0.00 seconds. Local cache hits 4 (0.00s CPU time), remote cache hits 0 (0.00s CPU time), compiled 0 variants (0.00s CPU time), skipped 0 variants
    Prepared data for serialisation in 0.00s
Compiling shader "Hidden/Universal Render Pipeline/GaussianDepthOfField" pass "Gaussian Depth Of Field Prefilter" (vp)
    Full variant space:         8
    After settings filtering:   4
    After built-in stripping:   8
    After scriptable stripping: 8
    Processed in 0.00 seconds
    starting compilation...
    finished in 0.02 seconds. Local cache hits 8 (0.06s CPU time), remote cache hits 0 (0.00s CPU time), compiled 0 variants (0.00s CPU time), skipped 0 variants
    Prepared data for serialisation in 0.00s
Compiling shader "Hidden/Universal Render Pipeline/GaussianDepthOfField" pass "Gaussian Depth Of Field Blur Horizontal" (vp)
    Full variant space:         4
    After settings filtering:   2
    After built-in stripping:   4
    After scriptable stripping: 4
    Processed in 0.00 seconds
    starting compilation...
    finished in 0.00 seconds. Local cache hits 4 (0.00s CPU time), remote cache hits 0 (0.00s CPU time), compiled 0 variants (0.00s CPU time), skipped 0 variants
    Prepared data for serialisation in 0.00s
Compiling shader "Hidden/Universal Render Pipeline/GaussianDepthOfField" pass "Gaussian Depth Of Field Blur Vertical" (vp)
    Full variant space:         4
    After settings filtering:   2
    After built-in stripping:   4
    After scriptable stripping: 4
    Processed in 0.00 seconds
    starting compilation...
    finished in 0.00 seconds. Local cache hits 4 (0.00s CPU time), remote cache hits 0 (0.00s CPU time), compiled 0 variants (0.00s CPU time), skipped 0 variants
    Prepared data for serialisation in 0.00s
Compiling shader "Hidden/Universal Render Pipeline/GaussianDepthOfField" pass "Gaussian Depth Of Field Composite" (vp)
    Full variant space:         8
    After settings filtering:   4
    After built-in stripping:   8
    After scriptable stripping: 8
    Processed in 0.00 seconds
    starting compilation...
    finished in 0.00 seconds. Local cache hits 8 (0.00s CPU time), remote cache hits 0 (0.00s CPU time), compiled 0 variants (0.00s CPU time), skipped 0 variants
    Prepared data for serialisation in 0.00s
Serialized binary data for shader Hidden/Universal Render Pipeline/GaussianDepthOfField in 0.00s
    gles3 (total internal programs: 14, unique: 14)
    vulkan (total internal programs: 14, unique: 14)
Compiling shader "Hidden/Universal Render Pipeline/Bloom" pass "Bloom Prefilter" (vp)
    Full variant space:         8
    After settings filtering:   4
    After built-in stripping:   8
    After scriptable stripping: 8
    Processed in 0.00 seconds
    starting compilation...
    finished in 0.00 seconds. Local cache hits 8 (0.00s CPU time), remote cache hits 0 (0.00s CPU time), compiled 0 variants (0.00s CPU time), skipped 0 variants
    Prepared data for serialisation in 0.00s
Compiling shader "Hidden/Universal Render Pipeline/Bloom" pass "Bloom Blur Horizontal" (vp)
    Full variant space:         2
    After settings filtering:   2
    After built-in stripping:   4
    After scriptable stripping: 4
    Processed in 0.00 seconds
    starting compilation...
    finished in 0.00 seconds. Local cache hits 4 (0.00s CPU time), remote cache hits 0 (0.00s CPU time), compiled 0 variants (0.00s CPU time), skipped 0 variants
    Prepared data for serialisation in 0.00s
Compiling shader "Hidden/Universal Render Pipeline/Bloom" pass "Bloom Blur Vertical" (vp)
    Full variant space:         2
    After settings filtering:   2
    After built-in stripping:   4
    After scriptable stripping: 4
    Processed in 0.00 seconds
    starting compilation...
    finished in 0.00 seconds. Local cache hits 4 (0.00s CPU time), remote cache hits 0 (0.00s CPU time), compiled 0 variants (0.00s CPU time), skipped 0 variants
    Prepared data for serialisation in 0.00s
Compiling shader "Hidden/Universal Render Pipeline/Bloom" pass "Bloom Upsample" (vp)
    Full variant space:         4
    After settings filtering:   4
    After built-in stripping:   8
    After scriptable stripping: 8
    Processed in 0.00 seconds
    starting compilation...
    finished in 0.00 seconds. Local cache hits 8 (0.00s CPU time), remote cache hits 0 (0.00s CPU time), compiled 0 variants (0.00s CPU time), skipped 0 variants
    Prepared data for serialisation in 0.00s
Serialized binary data for shader Hidden/Universal Render Pipeline/Bloom in 0.00s
    gles3 (total internal programs: 12, unique: 12)
    vulkan (total internal programs: 12, unique: 12)
Compiling shader "Hidden/Universal Render Pipeline/SubpixelMorphologicalAntialiasing" pass "" (vp)
    Full variant space:         6
    After settings filtering:   6
    After built-in stripping:   12
    After scriptable stripping: 12
    Processed in 0.00 seconds
    starting compilation...
    finished in 0.00 seconds. Local cache hits 12 (0.00s CPU time), remote cache hits 0 (0.00s CPU time), compiled 0 variants (0.00s CPU time), skipped 0 variants
    Prepared data for serialisation in 0.00s
Compiling shader "Hidden/Universal Render Pipeline/SubpixelMorphologicalAntialiasing" pass "" (vp)
    Full variant space:         6
    After settings filtering:   6
    After built-in stripping:   12
    After scriptable stripping: 12
    Processed in 0.00 seconds
    starting compilation...
    finished in 0.00 seconds. Local cache hits 12 (0.00s CPU time), remote cache hits 0 (0.00s CPU time), compiled 0 variants (0.00s CPU time), skipped 0 variants
    Prepared data for serialisation in 0.00s
Compiling shader "Hidden/Universal Render Pipeline/SubpixelMorphologicalAntialiasing" pass "" (vp)
    Full variant space:         6
    After settings filtering:   6
    After built-in stripping:   12
    After scriptable stripping: 12
    Processed in 0.00 seconds
    starting compilation...
    finished in 0.00 seconds. Local cache hits 12 (0.00s CPU time), remote cache hits 0 (0.00s CPU time), compiled 0 variants (0.00s CPU time), skipped 0 variants
    Prepared data for serialisation in 0.00s
Serialized binary data for shader Hidden/Universal Render Pipeline/SubpixelMorphologicalAntialiasing in 0.00s
    gles3 (total internal programs: 18, unique: 18)
    vulkan (total internal programs: 18, unique: 18)
Compiling shader "Hidden/Universal Render Pipeline/LutBuilderLdr" pass "LutBuilderLdr" (vp)
    Full variant space:         2
    After settings filtering:   2
    After built-in stripping:   4
    After scriptable stripping: 4
    Processed in 0.00 seconds
    starting compilation...
    finished in 0.00 seconds. Local cache hits 4 (0.00s CPU time), remote cache hits 0 (0.00s CPU time), compiled 0 variants (0.00s CPU time), skipped 0 variants
    Prepared data for serialisation in 0.00s
Serialized binary data for shader Hidden/Universal Render Pipeline/LutBuilderLdr in 0.00s
    gles3 (total internal programs: 2, unique: 2)
    vulkan (total internal programs: 2, unique: 2)
Compiling shader "Hidden/Universal Render Pipeline/LensFlareDataDriven" pass "LensFlareAdditive" (vp)
    Full variant space:         16
    After settings filtering:   16
    After built-in stripping:   32
    After scriptable stripping: 32
    Processed in 0.00 seconds
    starting compilation...
    finished in 0.00 seconds. Local cache hits 32 (0.01s CPU time), remote cache hits 0 (0.00s CPU time), compiled 0 variants (0.00s CPU time), skipped 0 variants
    Prepared data for serialisation in 0.00s
Compiling shader "Hidden/Universal Render Pipeline/LensFlareDataDriven" pass "LensFlareScreen" (vp)
    Full variant space:         16
    After settings filtering:   16
    After built-in stripping:   32
    After scriptable stripping: 32
    Processed in 0.00 seconds
    starting compilation...
    finished in 0.00 seconds. Local cache hits 32 (0.01s CPU time), remote cache hits 0 (0.00s CPU time), compiled 0 variants (0.00s CPU time), skipped 0 variants
    Prepared data for serialisation in 0.00s
Compiling shader "Hidden/Universal Render Pipeline/LensFlareDataDriven" pass "LensFlarePremultiply" (vp)
    Full variant space:         16
    After settings filtering:   16
    After built-in stripping:   32
    After scriptable stripping: 32
    Processed in 0.00 seconds
    starting compilation...
    finished in 0.00 seconds. Local cache hits 32 (0.01s CPU time), remote cache hits 0 (0.00s CPU time), compiled 0 variants (0.00s CPU time), skipped 0 variants
    Prepared data for serialisation in 0.00s
Compiling shader "Hidden/Universal Render Pipeline/LensFlareDataDriven" pass "LensFlareLerp" (vp)
    Full variant space:         16
    After settings filtering:   16
    After built-in stripping:   32
    After scriptable stripping: 32
    Processed in 0.00 seconds
    starting compilation...
    finished in 0.00 seconds. Local cache hits 32 (0.01s CPU time), remote cache hits 0 (0.00s CPU time), compiled 0 variants (0.00s CPU time), skipped 0 variants
    Prepared data for serialisation in 0.00s
Compiling shader "Hidden/Universal Render Pipeline/LensFlareDataDriven" pass "LensFlareOcclusion" (vp)
    Full variant space:         2
    After settings filtering:   2
    After built-in stripping:   4
    After scriptable stripping: 4
    Processed in 0.00 seconds
    starting compilation...
    finished in 0.00 seconds. Local cache hits 4 (0.00s CPU time), remote cache hits 0 (0.00s CPU time), compiled 0 variants (0.00s CPU time), skipped 0 variants
    Prepared data for serialisation in 0.00s
Serialized binary data for shader Hidden/Universal Render Pipeline/LensFlareDataDriven in 0.00s
    gles3 (total internal programs: 66, unique: 34)
    vulkan (total internal programs: 66, unique: 34)
Compiling shader "Hidden/Universal Render Pipeline/LensFlareScreenSpace" pass "LensFlareScreenSpac Prefilter" (vp)
    Full variant space:         2
    After settings filtering:   2
    After built-in stripping:   4
    After scriptable stripping: 4
    Processed in 0.00 seconds
    starting compilation...
    finished in 0.00 seconds. Local cache hits 4 (0.00s CPU time), remote cache hits 0 (0.00s CPU time), compiled 0 variants (0.00s CPU time), skipped 0 variants
    Prepared data for serialisation in 0.00s
Compiling shader "Hidden/Universal Render Pipeline/LensFlareScreenSpace" pass "LensFlareScreenSpace Downsample" (vp)
    Full variant space:         2
    After settings filtering:   2
    After built-in stripping:   4
    After scriptable stripping: 4
    Processed in 0.00 seconds
    starting compilation...
    finished in 0.00 seconds. Local cache hits 4 (0.00s CPU time), remote cache hits 0 (0.00s CPU time), compiled 0 variants (0.00s CPU time), skipped 0 variants
    Prepared data for serialisation in 0.00s
Compiling shader "Hidden/Universal Render Pipeline/LensFlareScreenSpace" pass "LensFlareScreenSpace Upsample" (vp)
    Full variant space:         2
    After settings filtering:   2
    After built-in stripping:   4
    After scriptable stripping: 4
    Processed in 0.00 seconds
    starting compilation...
    finished in 0.00 seconds. Local cache hits 4 (0.00s CPU time), remote cache hits 0 (0.00s CPU time), compiled 0 variants (0.00s CPU time), skipped 0 variants
    Prepared data for serialisation in 0.00s
Compiling shader "Hidden/Universal Render Pipeline/LensFlareScreenSpace" pass "LensFlareScreenSpace Composition" (vp)
    Full variant space:         2
    After settings filtering:   2
    After built-in stripping:   4
    After scriptable stripping: 4
    Processed in 0.00 seconds
    starting compilation...
    finished in 0.00 seconds. Local cache hits 4 (0.00s CPU time), remote cache hits 0 (0.00s CPU time), compiled 0 variants (0.00s CPU time), skipped 0 variants
    Prepared data for serialisation in 0.00s
Compiling shader "Hidden/Universal Render Pipeline/LensFlareScreenSpace" pass "LensFlareScreenSpace Write to BloomTexture" (vp)
    Full variant space:         2
    After settings filtering:   2
    After built-in stripping:   4
    After scriptable stripping: 4
    Processed in 0.00 seconds
    starting compilation...
    finished in 0.00 seconds. Local cache hits 4 (0.00s CPU time), remote cache hits 0 (0.00s CPU time), compiled 0 variants (0.00s CPU time), skipped 0 variants
    Prepared data for serialisation in 0.00s
Serialized binary data for shader Hidden/Universal Render Pipeline/LensFlareScreenSpace in 0.00s
    gles3 (total internal programs: 10, unique: 10)
    vulkan (total internal programs: 10, unique: 10)
Compiling shader "Hidden/Universal/CoreBlit" pass "Nearest" (vp)
    Full variant space:         2
    After settings filtering:   2
    After built-in stripping:   4
    After scriptable stripping: 4
    Processed in 0.00 seconds
    starting compilation...
    finished in 0.00 seconds. Local cache hits 4 (0.00s CPU time), remote cache hits 0 (0.00s CPU time), compiled 0 variants (0.00s CPU time), skipped 0 variants
    Prepared data for serialisation in 0.00s
Compiling shader "Hidden/Universal/CoreBlit" pass "Bilinear" (vp)
    Full variant space:         2
    After settings filtering:   2
    After built-in stripping:   4
    After scriptable stripping: 4
    Processed in 0.00 seconds
    starting compilation...
    finished in 0.00 seconds. Local cache hits 4 (0.00s CPU time), remote cache hits 0 (0.00s CPU time), compiled 0 variants (0.00s CPU time), skipped 0 variants
    Prepared data for serialisation in 0.00s
Compiling shader "Hidden/Universal/CoreBlit" pass "NearestQuad" (vp)
    Full variant space:         2
    After settings filtering:   2
    After built-in stripping:   4
    After scriptable stripping: 4
    Processed in 0.00 seconds
    starting compilation...
    finished in 0.00 seconds. Local cache hits 4 (0.00s CPU time), remote cache hits 0 (0.00s CPU time), compiled 0 variants (0.00s CPU time), skipped 0 variants
    Prepared data for serialisation in 0.00s
Compiling shader "Hidden/Universal/CoreBlit" pass "BilinearQuad" (vp)
    Full variant space:         2
    After settings filtering:   2
    After built-in stripping:   4
    After scriptable stripping: 4
    Processed in 0.00 seconds
    starting compilation...
    finished in 0.00 seconds. Local cache hits 4 (0.00s CPU time), remote cache hits 0 (0.00s CPU time), compiled 0 variants (0.00s CPU time), skipped 0 variants
    Prepared data for serialisation in 0.00s
Compiling shader "Hidden/Universal/CoreBlit" pass "NearestQuadPadding" (vp)
    Full variant space:         2
    After settings filtering:   2
    After built-in stripping:   4
    After scriptable stripping: 4
    Processed in 0.00 seconds
    starting compilation...
    finished in 0.00 seconds. Local cache hits 4 (0.00s CPU time), remote cache hits 0 (0.00s CPU time), compiled 0 variants (0.00s CPU time), skipped 0 variants
    Prepared data for serialisation in 0.00s
Compiling shader "Hidden/Universal/CoreBlit" pass "BilinearQuadPadding" (vp)
    Full variant space:         2
    After settings filtering:   2
    After built-in stripping:   4
    After scriptable stripping: 4
    Processed in 0.00 seconds
    starting compilation...
    finished in 0.00 seconds. Local cache hits 4 (0.00s CPU time), remote cache hits 0 (0.00s CPU time), compiled 0 variants (0.00s CPU time), skipped 0 variants
    Prepared data for serialisation in 0.00s
Compiling shader "Hidden/Universal/CoreBlit" pass "NearestQuadPaddingRepeat" (vp)
    Full variant space:         2
    After settings filtering:   2
    After built-in stripping:   4
    After scriptable stripping: 4
    Processed in 0.00 seconds
    starting compilation...
    finished in 0.00 seconds. Local cache hits 4 (0.00s CPU time), remote cache hits 0 (0.00s CPU time), compiled 0 variants (0.00s CPU time), skipped 0 variants
    Prepared data for serialisation in 0.00s
Compiling shader "Hidden/Universal/CoreBlit" pass "BilinearQuadPaddingRepeat" (vp)
    Full variant space:         2
    After settings filtering:   2
    After built-in stripping:   4
    After scriptable stripping: 4
    Processed in 0.00 seconds
    starting compilation...
    finished in 0.00 seconds. Local cache hits 4 (0.00s CPU time), remote cache hits 0 (0.00s CPU time), compiled 0 variants (0.00s CPU time), skipped 0 variants
    Prepared data for serialisation in 0.00s
Compiling shader "Hidden/Universal/CoreBlit" pass "BilinearQuadPaddingOctahedral" (vp)
    Full variant space:         2
    After settings filtering:   2
    After built-in stripping:   4
    After scriptable stripping: 4
    Processed in 0.00 seconds
    starting compilation...
    finished in 0.00 seconds. Local cache hits 4 (0.00s CPU time), remote cache hits 0 (0.00s CPU time), compiled 0 variants (0.00s CPU time), skipped 0 variants
    Prepared data for serialisation in 0.00s
Compiling shader "Hidden/Universal/CoreBlit" pass "NearestQuadPaddingAlphaBlend" (vp)
    Full variant space:         2
    After settings filtering:   2
    After built-in stripping:   4
    After scriptable stripping: 4
    Processed in 0.00 seconds
    starting compilation...
    finished in 0.00 seconds. Local cache hits 4 (0.00s CPU time), remote cache hits 0 (0.00s CPU time), compiled 0 variants (0.00s CPU time), skipped 0 variants
    Prepared data for serialisation in 0.00s
Compiling shader "Hidden/Universal/CoreBlit" pass "BilinearQuadPaddingAlphaBlend" (vp)
    Full variant space:         2
    After settings filtering:   2
    After built-in stripping:   4
    After scriptable stripping: 4
    Processed in 0.00 seconds
    starting compilation...
    finished in 0.00 seconds. Local cache hits 4 (0.00s CPU time), remote cache hits 0 (0.00s CPU time), compiled 0 variants (0.00s CPU time), skipped 0 variants
    Prepared data for serialisation in 0.00s
Compiling shader "Hidden/Universal/CoreBlit" pass "NearestQuadPaddingAlphaBlendRepeat" (vp)
    Full variant space:         2
    After settings filtering:   2
    After built-in stripping:   4
    After scriptable stripping: 4
    Processed in 0.00 seconds
    starting compilation...
    finished in 0.00 seconds. Local cache hits 4 (0.00s CPU time), remote cache hits 0 (0.00s CPU time), compiled 0 variants (0.00s CPU time), skipped 0 variants
    Prepared data for serialisation in 0.00s
Compiling shader "Hidden/Universal/CoreBlit" pass "BilinearQuadPaddingAlphaBlendRepeat" (vp)
    Full variant space:         2
    After settings filtering:   2
    After built-in stripping:   4
    After scriptable stripping: 4
    Processed in 0.00 seconds
    starting compilation...
    finished in 0.00 seconds. Local cache hits 4 (0.00s CPU time), remote cache hits 0 (0.00s CPU time), compiled 0 variants (0.00s CPU time), skipped 0 variants
    Prepared data for serialisation in 0.00s
Compiling shader "Hidden/Universal/CoreBlit" pass "BilinearQuadPaddingAlphaBlendOctahedral" (vp)
    Full variant space:         2
    After settings filtering:   2
    After built-in stripping:   4
    After scriptable stripping: 4
    Processed in 0.00 seconds
    starting compilation...
    finished in 0.00 seconds. Local cache hits 4 (0.00s CPU time), remote cache hits 0 (0.00s CPU time), compiled 0 variants (0.00s CPU time), skipped 0 variants
    Prepared data for serialisation in 0.00s
Compiling shader "Hidden/Universal/CoreBlit" pass "CubeToOctahedral" (vp)
    Full variant space:         2
    After settings filtering:   2
    After built-in stripping:   4
    After scriptable stripping: 4
    Processed in 0.00 seconds
    starting compilation...
    finished in 0.00 seconds. Local cache hits 4 (0.00s CPU time), remote cache hits 0 (0.00s CPU time), compiled 0 variants (0.00s CPU time), skipped 0 variants
    Prepared data for serialisation in 0.00s
Compiling shader "Hidden/Universal/CoreBlit" pass "CubeToOctahedralLuminance" (vp)
    Full variant space:         2
    After settings filtering:   2
    After built-in stripping:   4
    After scriptable stripping: 4
    Processed in 0.00 seconds
    starting compilation...
    finished in 0.00 seconds. Local cache hits 4 (0.00s CPU time), remote cache hits 0 (0.00s CPU time), compiled 0 variants (0.00s CPU time), skipped 0 variants
    Prepared data for serialisation in 0.00s
Compiling shader "Hidden/Universal/CoreBlit" pass "CubeToOctahedralAlpha" (vp)
    Full variant space:         2
    After settings filtering:   2
    After built-in stripping:   4
    After scriptable stripping: 4
    Processed in 0.00 seconds
    starting compilation...
    finished in 0.00 seconds. Local cache hits 4 (0.00s CPU time), remote cache hits 0 (0.00s CPU time), compiled 0 variants (0.00s CPU time), skipped 0 variants
    Prepared data for serialisation in 0.00s
Compiling shader "Hidden/Universal/CoreBlit" pass "CubeToOctahedralRed" (vp)
    Full variant space:         2
    After settings filtering:   2
    After built-in stripping:   4
    After scriptable stripping: 4
    Processed in 0.00 seconds
    starting compilation...
    finished in 0.00 seconds. Local cache hits 4 (0.00s CPU time), remote cache hits 0 (0.00s CPU time), compiled 0 variants (0.00s CPU time), skipped 0 variants
    Prepared data for serialisation in 0.00s
Compiling shader "Hidden/Universal/CoreBlit" pass "BilinearQuadLuminance" (vp)
    Full variant space:         2
    After settings filtering:   2
    After built-in stripping:   4
    After scriptable stripping: 4
    Processed in 0.00 seconds
    starting compilation...
    finished in 0.00 seconds. Local cache hits 4 (0.00s CPU time), remote cache hits 0 (0.00s CPU time), compiled 0 variants (0.00s CPU time), skipped 0 variants
    Prepared data for serialisation in 0.00s
Compiling shader "Hidden/Universal/CoreBlit" pass "BilinearQuadAlpha" (vp)
    Full variant space:         2
    After settings filtering:   2
    After built-in stripping:   4
    After scriptable stripping: 4
    Processed in 0.00 seconds
    starting compilation...
    finished in 0.00 seconds. Local cache hits 4 (0.00s CPU time), remote cache hits 0 (0.00s CPU time), compiled 0 variants (0.00s CPU time), skipped 0 variants
    Prepared data for serialisation in 0.00s
Compiling shader "Hidden/Universal/CoreBlit" pass "BilinearQuadRed" (vp)
    Full variant space:         2
    After settings filtering:   2
    After built-in stripping:   4
    After scriptable stripping: 4
    Processed in 0.00 seconds
    starting compilation...
    finished in 0.00 seconds. Local cache hits 4 (0.00s CPU time), remote cache hits 0 (0.00s CPU time), compiled 0 variants (0.00s CPU time), skipped 0 variants
    Prepared data for serialisation in 0.00s
Compiling shader "Hidden/Universal/CoreBlit" pass "NearestCubeToOctahedralPadding" (vp)
    Full variant space:         4
    After settings filtering:   4
    After built-in stripping:   8
    After scriptable stripping: 8
    Processed in 0.00 seconds
    starting compilation...
    finished in 0.00 seconds. Local cache hits 8 (0.00s CPU time), remote cache hits 0 (0.00s CPU time), compiled 0 variants (0.00s CPU time), skipped 0 variants
    Prepared data for serialisation in 0.00s
Compiling shader "Hidden/Universal/CoreBlit" pass "BilinearCubeToOctahedralPadding" (vp)
    Full variant space:         4
    After settings filtering:   4
    After built-in stripping:   8
    After scriptable stripping: 8
    Processed in 0.00 seconds
    starting compilation...
    finished in 0.00 seconds. Local cache hits 8 (0.01s CPU time), remote cache hits 0 (0.00s CPU time), compiled 0 variants (0.00s CPU time), skipped 0 variants
    Prepared data for serialisation in 0.00s
Compiling shader "Hidden/Universal/CoreBlit" pass "BilinearDebugDraw" (vp)
    Full variant space:         8
    After settings filtering:   4
    After built-in stripping:   8
    After scriptable stripping: 8
    Processed in 0.00 seconds
    starting compilation...
    finished in 0.00 seconds. Local cache hits 8 (0.00s CPU time), remote cache hits 0 (0.00s CPU time), compiled 0 variants (0.00s CPU time), skipped 0 variants
    Prepared data for serialisation in 0.00s
Compiling shader "Hidden/Universal/CoreBlit" pass "NearestDebugDraw" (vp)
    Full variant space:         8
    After settings filtering:   4
    After built-in stripping:   8
    After scriptable stripping: 8
    Processed in 0.00 seconds
    starting compilation...
    finished in 0.00 seconds. Local cache hits 8 (0.00s CPU time), remote cache hits 0 (0.00s CPU time), compiled 0 variants (0.00s CPU time), skipped 0 variants
    Prepared data for serialisation in 0.00s
Serialized binary data for shader Hidden/Universal/CoreBlit in 0.00s
    gles3 (total internal programs: 58, unique: 30)
    vulkan (total internal programs: 58, unique: 48)
Compiling shader "Hidden/Universal Render Pipeline/TemporalAA" pass "TemporalAA - Accumulate - Quality Very Low" (vp)
    Full variant space:         4
    After settings filtering:   2
    After built-in stripping:   4
    After scriptable stripping: 4
    Processed in 0.00 seconds
    starting compilation...
    finished in 0.00 seconds. Local cache hits 4 (0.00s CPU time), remote cache hits 0 (0.00s CPU time), compiled 0 variants (0.00s CPU time), skipped 0 variants
    Prepared data for serialisation in 0.00s
Compiling shader "Hidden/Universal Render Pipeline/TemporalAA" pass "TemporalAA - Accumulate - Quality Low" (vp)
    Full variant space:         4
    After settings filtering:   2
    After built-in stripping:   4
    After scriptable stripping: 4
    Processed in 0.00 seconds
    starting compilation...
    finished in 0.00 seconds. Local cache hits 4 (0.00s CPU time), remote cache hits 0 (0.00s CPU time), compiled 0 variants (0.00s CPU time), skipped 0 variants
    Prepared data for serialisation in 0.00s
Compiling shader "Hidden/Universal Render Pipeline/TemporalAA" pass "TemporalAA - Accumulate - Quality Medium" (vp)
    Full variant space:         4
    After settings filtering:   2
    After built-in stripping:   4
    After scriptable stripping: 4
    Processed in 0.00 seconds
    starting compilation...
    finished in 0.00 seconds. Local cache hits 4 (0.00s CPU time), remote cache hits 0 (0.00s CPU time), compiled 0 variants (0.00s CPU time), skipped 0 variants
    Prepared data for serialisation in 0.00s
Compiling shader "Hidden/Universal Render Pipeline/TemporalAA" pass "TemporalAA - Accumulate - Quality High" (vp)
    Full variant space:         4
    After settings filtering:   2
    After built-in stripping:   4
    After scriptable stripping: 4
    Processed in 0.00 seconds
    starting compilation...
    finished in 0.00 seconds. Local cache hits 4 (0.00s CPU time), remote cache hits 0 (0.00s CPU time), compiled 0 variants (0.00s CPU time), skipped 0 variants
    Prepared data for serialisation in 0.00s
Compiling shader "Hidden/Universal Render Pipeline/TemporalAA" pass "TemporalAA - Accumulate - Quality Very High" (vp)
    Full variant space:         8
    After settings filtering:   4
    After built-in stripping:   8
    After scriptable stripping: 8
    Processed in 0.00 seconds
    starting compilation...
    finished in 0.00 seconds. Local cache hits 8 (0.00s CPU time), remote cache hits 0 (0.00s CPU time), compiled 0 variants (0.00s CPU time), skipped 0 variants
    Prepared data for serialisation in 0.00s
Compiling shader "Hidden/Universal Render Pipeline/TemporalAA" pass "TemporalAA - Copy History" (vp)
    Full variant space:         4
    After settings filtering:   2
    After built-in stripping:   4
    After scriptable stripping: 4
    Processed in 0.00 seconds
    starting compilation...
    finished in 0.00 seconds. Local cache hits 4 (0.00s CPU time), remote cache hits 0 (0.00s CPU time), compiled 0 variants (0.00s CPU time), skipped 0 variants
    Prepared data for serialisation in 0.00s
Serialized binary data for shader Hidden/Universal Render Pipeline/TemporalAA in 0.00s
    gles3 (total internal programs: 14, unique: 14)
    vulkan (total internal programs: 14, unique: 14)
Compiling shader "Hidden/Universal Render Pipeline/PaniniProjection" pass "Panini Projection" (vp)
    Full variant space:         4
    After settings filtering:   4
    After built-in stripping:   8
    After scriptable stripping: 8
    Processed in 0.00 seconds
    starting compilation...
    finished in 0.00 seconds. Local cache hits 8 (0.00s CPU time), remote cache hits 0 (0.00s CPU time), compiled 0 variants (0.00s CPU time), skipped 0 variants
    Prepared data for serialisation in 0.00s
Serialized binary data for shader Hidden/Universal Render Pipeline/PaniniProjection in 0.00s
    gles3 (total internal programs: 4, unique: 4)
    vulkan (total internal programs: 4, unique: 4)
Compiling shader "Hidden/Universal/BlitHDROverlay" pass "BilinearDebugDraw" (vp)
    Full variant space:         16
    After settings filtering:   2
    After built-in stripping:   4
    After scriptable stripping: 0
    Processed in 0.00 seconds
    Prepared data for serialisation in 0.00s
Compiling shader "Hidden/Universal/BlitHDROverlay" pass "NearestDebugDraw" (vp)
    Full variant space:         16
    After settings filtering:   2
    After built-in stripping:   4
    After scriptable stripping: 0
    Processed in 0.00 seconds
    Prepared data for serialisation in 0.00s
Serialized binary data for shader Hidden/Universal/BlitHDROverlay in 0.00s
    gles3 (total internal programs: 0, unique: 0)
    vulkan (total internal programs: 0, unique: 0)
Compiling shader "Hidden/Universal Render Pipeline/FinalPost" pass "FinalPost" (vp)
    Full variant space:         5120
    After settings filtering:   128
    After built-in stripping:   256
    After scriptable stripping: 192
    Processed in 0.01 seconds
    starting compilation...
    finished in 0.00 seconds. Local cache hits 192 (0.03s CPU time), remote cache hits 0 (0.00s CPU time), compiled 0 variants (0.00s CPU time), skipped 0 variants
    Prepared data for serialisation in 0.00s
Compiling shader "Hidden/Universal Render Pipeline/FinalPost" pass "FinalPost" (vp)
    Full variant space:         5120
    After settings filtering:   128
    After built-in stripping:   256
    After scriptable stripping: 192
    Processed in 0.00 seconds
    starting compilation...
    finished in 0.00 seconds. Local cache hits 192 (0.05s CPU time), remote cache hits 0 (0.00s CPU time), compiled 0 variants (0.00s CPU time), skipped 0 variants
    Prepared data for serialisation in 0.00s
Serialized binary data for shader Hidden/Universal Render Pipeline/FinalPost in 0.00s
    gles3 (total internal programs: 192, unique: 192)
    vulkan (total internal programs: 192, unique: 128)
Compressed shader 'Hidden/Universal Render Pipeline/FinalPost' on gles3 from 1.95MB to 0.10MB
Compressed shader 'Hidden/Universal Render Pipeline/FinalPost' on vulkan from 1.00MB to 0.11MB
Compressed shader 'Hidden/Universal Render Pipeline/FinalPost' in 0.02s
Compiling shader "Hidden/Universal Render Pipeline/CameraMotionVectors" pass "Camera Motion Vectors" (vp)
    Full variant space:         2
    After settings filtering:   2
    After built-in stripping:   4
    After scriptable stripping: 4
    Processed in 0.00 seconds
    starting compilation...
    finished in 0.00 seconds. Local cache hits 4 (0.00s CPU time), remote cache hits 0 (0.00s CPU time), compiled 0 variants (0.00s CPU time), skipped 0 variants
    Prepared data for serialisation in 0.00s
Serialized binary data for shader Hidden/Universal Render Pipeline/CameraMotionVectors in 0.00s
    gles3 (total internal programs: 2, unique: 2)
    vulkan (total internal programs: 2, unique: 2)
Compiling shader "Hidden/Universal Render Pipeline/Debug/DebugReplacement" pass "Vertex Attributes" (vp)
    Full variant space:         4
    After settings filtering:   4
    After built-in stripping:   4
    After scriptable stripping: 4
    Processed in 0.00 seconds
    starting compilation...
    finished in 0.00 seconds. Local cache hits 4 (0.00s CPU time), remote cache hits 0 (0.00s CPU time), compiled 0 variants (0.00s CPU time), skipped 0 variants
    Prepared data for serialisation in 0.00s
Serialized binary data for shader Hidden/Universal Render Pipeline/Debug/DebugReplacement in 0.00s
    gles3 (total internal programs: 2, unique: 2)
    vulkan (total internal programs: 2, unique: 2)
Compiling shader "Hidden/Universal/CoreBlitColorAndDepth" pass "ColorOnly" (vp)
    Full variant space:         2
    After settings filtering:   2
    After built-in stripping:   4
    After scriptable stripping: 4
    Processed in 0.00 seconds
    starting compilation...
    finished in 0.00 seconds. Local cache hits 4 (0.00s CPU time), remote cache hits 0 (0.00s CPU time), compiled 0 variants (0.00s CPU time), skipped 0 variants
    Prepared data for serialisation in 0.00s
Compiling shader "Hidden/Universal/CoreBlitColorAndDepth" pass "ColorAndDepth" (vp)
    Full variant space:         2
    After settings filtering:   2
    After built-in stripping:   4
    After scriptable stripping: 4
    Processed in 0.00 seconds
    starting compilation...
    finished in 0.00 seconds. Local cache hits 4 (0.00s CPU time), remote cache hits 0 (0.00s CPU time), compiled 0 variants (0.00s CPU time), skipped 0 variants
    Prepared data for serialisation in 0.00s
Serialized binary data for shader Hidden/Universal/CoreBlitColorAndDepth in 0.00s
    gles3 (total internal programs: 4, unique: 4)
    vulkan (total internal programs: 4, unique: 4)
Compiling shader "Hidden/Universal Render Pipeline/XR/XRMirrorView" pass "" (vp)
    Full variant space:         8
    After settings filtering:   4
    After built-in stripping:   8
    After scriptable stripping: 8
    Processed in 0.00 seconds
    starting compilation...
    finished in 0.00 seconds. Local cache hits 8 (0.00s CPU time), remote cache hits 0 (0.00s CPU time), compiled 0 variants (0.00s CPU time), skipped 0 variants
    Prepared data for serialisation in 0.00s
Serialized binary data for shader Hidden/Universal Render Pipeline/XR/XRMirrorView in 0.00s
    gles3 (total internal programs: 4, unique: 4)
    vulkan (total internal programs: 4, unique: 4)
Compiling shader "Hidden/Universal Render Pipeline/CopyDepth" pass "CopyDepth" (vp)
    Full variant space:         16
    After settings filtering:   16
    After built-in stripping:   32
    After scriptable stripping: 32
    Processed in 0.00 seconds
    starting compilation...
    finished in 0.00 seconds. Local cache hits 32 (0.00s CPU time), remote cache hits 0 (0.00s CPU time), compiled 0 variants (0.00s CPU time), skipped 0 variants
    Prepared data for serialisation in 0.00s
Serialized binary data for shader Hidden/Universal Render Pipeline/CopyDepth in 0.00s
    gles3 (total internal programs: 16, unique: 16)
    vulkan (total internal programs: 16, unique: 16)
Compiling shader "Hidden/TerrainEngine/Details/UniversalPipeline/WavingDoublePass" pass "ForwardLit" (vp)
    Full variant space:         8847360
    After settings filtering:   3072
    After built-in stripping:   48
    After scriptable stripping: 16
    Processed in 0.00 seconds
    starting compilation...
Launched and connected shader compiler UnityShaderCompiler after 0.18 seconds
Launched and connected shader compiler UnityShaderCompiler after 0.15 seconds
Launched and connected shader compiler UnityShaderCompiler after 0.08 seconds
Launched and connected shader compiler UnityShaderCompiler after 0.07 seconds
Launched and connected shader compiler UnityShaderCompiler after 0.06 seconds
Launched and connected shader compiler UnityShaderCompiler after 0.05 seconds
    finished in 1.66 seconds. Local cache hits 0 (0.00s CPU time), remote cache hits 0 (0.00s CPU time), compiled 16 variants (16.42s CPU time), skipped 0 variants
    Prepared data for serialisation in 0.00s
Compiling shader "Hidden/TerrainEngine/Details/UniversalPipeline/WavingDoublePass" pass "GBuffer" (vp)
    Full variant space:         92160
    After settings filtering:   384
    After built-in stripping:   24
    After scriptable stripping: 0
    Processed in 0.00 seconds
    Prepared data for serialisation in 0.00s
Compiling shader "Hidden/TerrainEngine/Details/UniversalPipeline/WavingDoublePass" pass "DepthOnly" (vp)
    Full variant space:         4
    After settings filtering:   4
    After built-in stripping:   4
    After scriptable stripping: 4
    Processed in 0.00 seconds
    starting compilation...
    finished in 0.00 seconds. Local cache hits 4 (0.00s CPU time), remote cache hits 0 (0.00s CPU time), compiled 0 variants (0.00s CPU time), skipped 0 variants
    Prepared data for serialisation in 0.00s
Compiling shader "Hidden/TerrainEngine/Details/UniversalPipeline/WavingDoublePass" pass "DepthNormalsOnly" (vp)
    Full variant space:         16
    After settings filtering:   4
    After built-in stripping:   4
    After scriptable stripping: 4
    Processed in 0.00 seconds
    starting compilation...
    finished in 0.00 seconds. Local cache hits 4 (0.00s CPU time), remote cache hits 0 (0.00s CPU time), compiled 0 variants (0.00s CPU time), skipped 0 variants
    Prepared data for serialisation in 0.00s
Serialized binary data for shader Hidden/TerrainEngine/Details/UniversalPipeline/WavingDoublePass in 0.00s
    gles3 (total internal programs: 12, unique: 12)
    vulkan (total internal programs: 12, unique: 12)
Compiling shader "Hidden/Universal Render Pipeline/FallbackError" pass "" (vp)
    Full variant space:         12
    After settings filtering:   12
    After built-in stripping:   4
    After scriptable stripping: 4
    Processed in 0.00 seconds
    starting compilation...
    finished in 0.00 seconds. Local cache hits 4 (0.00s CPU time), remote cache hits 0 (0.00s CPU time), compiled 0 variants (0.00s CPU time), skipped 0 variants
    Prepared data for serialisation in 0.00s
Serialized binary data for shader Hidden/Universal Render Pipeline/FallbackError in 0.00s
    gles3 (total internal programs: 2, unique: 2)
    vulkan (total internal programs: 2, unique: 2)
Compiling shader "Hidden/Universal Render Pipeline/UberPost" pass "UberPost" (vp)
    Full variant space:         92160
    After settings filtering:   1920
    After built-in stripping:   3840
    After scriptable stripping: 1728
    Processed in 0.04 seconds
    starting compilation...
Launched and connected shader compiler UnityShaderCompiler after 0.11 seconds
[40m[32minfo[39m[22m[49m: Microsoft.Hosting.Lifetime[0]
      Application is shutting down...
[40m[32minfo[39m[22m[49m: Unity.ILPP.Runner.PostProcessingAssemblyLoadContext[0]
      ALC ILPP context 3 is unloading
