Unity Editor version:    6000.0.65f1 (a18e2220bd50)
Branch:                  6000.0/staging
Build type:              Release
Batch mode:              YES
System name:             Linux
Distro version:          #124~22.04.1-Ubuntu SMP PREEMPT_DYNAMIC Tue May 26 21:05:19 UTC 
Kernel version:          6.8.0-124-generic
Architecture:            x86_64
Available memory:        15414 MB
[Licensing::Module] Trying to connect to existing licensing client channel...
Initialize udev device monitor.
[Licensing::IpcConnector] Channel LicenseClient-wdy doesn't exist
[Licensing::Module] Successfully launched the LicensingClient (PId: 747226)

COMMAND LINE ARGUMENTS:
/home/wdy/Unity/Hub/Editor/6000.0.65f1/Editor/Unity
-batchmode
-nographics
-quit
-projectPath
/home/wdy/wang_dy/hand-tracking-streamer-main/hand_tracking_streamer
-executeMethod
CodexAndroidBuild.BuildApk
-apkPath
/home/wdy/wang_dy/hand-tracking-streamer-main/hand_tracking_streamer.apk
-logFile
/home/wdy/wang_dy/hand-tracking-streamer-main/unity_android_build_lowmem.log
Successfully changed project path to: /home/wdy/wang_dy/hand-tracking-streamer-main/hand_tracking_streamer

(process:747202): Gtk-CRITICAL **: 15:36:18.629: gtk_label_set_text: assertion 'GTK_IS_LABEL (label)' failed

(process:747202): Gtk-CRITICAL **: 15:36:18.629: gtk_label_set_text: assertion 'GTK_IS_LABEL (label)' failed
/home/wdy/wang_dy/hand-tracking-streamer-main/hand_tracking_streamer
[UnityMemory] Configuration Parameters - Can be set up in boot.config
    "memorysetup-bucket-allocator-granularity=16"
    "memorysetup-bucket-allocator-bucket-count=8"
    "memorysetup-bucket-allocator-block-size=33554432"
    "memorysetup-bucket-allocator-block-count=8"
    "memorysetup-main-allocator-block-size=16777216"
    "memorysetup-thread-allocator-block-size=16777216"
    "memorysetup-gfx-main-allocator-block-size=16777216"
    "memorysetup-gfx-thread-allocator-block-size=16777216"
    "memorysetup-cache-allocator-block-size=4194304"
    "memorysetup-typetree-allocator-block-size=2097152"
    "memorysetup-profiler-bucket-allocator-granularity=16"
    "memorysetup-profiler-bucket-allocator-bucket-count=8"
    "memorysetup-profiler-bucket-allocator-block-size=33554432"
    "memorysetup-profiler-bucket-allocator-block-count=8"
    "memorysetup-profiler-allocator-block-size=16777216"
    "memorysetup-profiler-editor-allocator-block-size=1048576"
    "memorysetup-temp-allocator-size-main=16777216"
    "memorysetup-job-temp-allocator-block-size=2097152"
    "memorysetup-job-temp-allocator-block-size-background=1048576"
    "memorysetup-job-temp-allocator-reduction-small-platforms=262144"
    "memorysetup-allocator-temp-initial-block-size-main=262144"
    "memorysetup-allocator-temp-initial-block-size-worker=262144"
    "memorysetup-temp-allocator-size-background-worker=32768"
    "memorysetup-temp-allocator-size-job-worker=262144"
    "memorysetup-temp-allocator-size-preload-manager=33554432"
    "memorysetup-temp-allocator-size-nav-mesh-worker=65536"
    "memorysetup-temp-allocator-size-audio-worker=65536"
    "memorysetup-temp-allocator-size-cloud-worker=32768"
    "memorysetup-temp-allocator-size-gi-baking-worker=262144"
    "memorysetup-temp-allocator-size-gi-baking-worker=262144"
    "memorysetup-temp-allocator-size-gi-baking-worker=262144"
    "memorysetup-temp-allocator-size-gi-baking-worker=262144"
    "memorysetup-temp-allocator-size-gi-baking-worker=262144"
    "memorysetup-temp-allocator-size-gfx=262144"
Player connection [140268003632448]  Target information:

Player connection [140268003632448]  * "[IP] 192.168.3.2 [Port] 55504 [Flags] 2 [Guid] 1870904930 [EditorId] 1870904930 [Version] 1048832 [Id] LinuxEditor(16,192.168.3.2) [Debug] 1 [PackageName] LinuxEditor [ProjectName] Editor" 

Player connection [140268003632448] Host joined multi-casting on [225.0.0.222:54997]...
Player connection [140268003632448] Host joined alternative multi-casting on [225.0.0.222:34997]...
Input System module state changed to: Initialized.
[Physics::Module] Initialized fallback backend.
[Physics::Module] Id: 0xdecafbad
[Package Manager] Connected to IPC stream "Upm-747202" after 0.1 seconds.
Library Redirect Path: Library/
[Physics::Module] Selected backend.
[Physics::Module] Name: PhysX
[Physics::Module] Id: 0xf2b8ea05
[Physics::Module] SDK Version: 4.1.2
[Physics::Module] Integration Version: 1.0.0
[Physics::Module] Threading Mode: Multi-Threaded
[Licensing::IpcConnector] Successfully connected to: "LicenseClient-wdy" at "2026-07-31T07:36:19.004607Z"
[SignatureVerifier] Application signature verification not supported on this platform.
[Licensing::Module] Licensing is not yet initialized.
[Licensing::Client] Handshaking with LicensingClient:
  Version:                 1.17.4+4293ba1
  Session Id:              4a1770fee86f4576af391da9fe2b4d82
  Correlation Id:          046fe87172a1a99b84a294224d5be2b5
  External correlation Id: 4122562075880356162
  Machine Id:              OxSGSM7lei3Vlys4c7XMuFOFg4E=
[Licensing::Module] Successfully connected to LicensingClient on channel: "LicenseClient-wdy" (connect: 0.38s, validation: 0.04s, handshake: 0.00s)
[Licensing::IpcConnector] Successfully connected to: "LicenseClient-wdy-notifications" at "2026-07-31T07:36:19.048726Z"
[Licensing::Module] Connected to LicensingClient (PId: 747226, launch time: 0.00, total connection time: 0.42s)
[Licensing::Module] Error: Access token is unavailable; failed to update
[Licensing::Client] Successfully resolved entitlement details
[Licensing::Module] License group:
  Id: 15669740420231-UnityPersXXXX
  Product: Unity Personal
  Type: Assigned
  Expiration: Unlimited
[Licensing::Client] Successfully updated license, isAsync: True, time: 0.00
[Licensing::Client] Successfully resolved entitlement details
[Licensing::Module] Licensing Background thread has ended after 0.44s
[Licensing::Module] Licensing is initialized (took 0.03s).
[Licensing::Client] Successfully resolved entitlement details
Refreshing native plugins compatible for Editor in 1.16 ms, found 0 plugins.
Preloading 0 native plugins for Editor in 0.00 ms.
Initialize engine version: 6000.0.65f1 (a18e2220bd50)
[Subsystems] Discovering subsystems at path /home/wdy/Unity/Hub/Editor/6000.0.65f1/Editor/Data/Resources/UnitySubsystems
[Subsystems] Discovering subsystems at path /home/wdy/wang_dy/hand-tracking-streamer-main/hand_tracking_streamer/Assets
Forcing GfxDevice: Null
GfxDevice: creating device client; kGfxThreadingModeNonThreaded
NullGfxDevice:
    Version:  NULL 1.0 [1.0]
    Renderer: Null Device
    Vendor:   Unity Technologies
Shader Hidden/ProbeVolume/VoxelizeScene is not supported: GPU does not support conservative rasterization
Shader 'Meta/MRUK/Scene/HighlightsAndShadows': fallback shader 'Off' not found
Initialize mono
Mono path[0] = '/home/wdy/Unity/Hub/Editor/6000.0.65f1/Editor/Data/Managed'
Mono path[1] = '/home/wdy/Unity/Hub/Editor/6000.0.65f1/Editor/Data/MonoBleedingEdge/lib/mono/unityjit-linux'
Mono config path = '/home/wdy/Unity/Hub/Editor/6000.0.65f1/Editor/Data/MonoBleedingEdge/etc'
Using monoOptions --debugger-agent=transport=dt_socket,embedding=1,server=y,suspend=n,address=127.0.0.1:56202
Using cacheserver namespaces - metadata:defaultmetadata, artifacts:defaultartifacts
Using cacheserver namespaces - metadata:defaultmetadata, artifacts:defaultartifacts
ImportWorker Server TCP listen port: 0
AcceleratorClientConnectionCallback - disconnected - :0
Begin MonoManager ReloadAssembly
Registering precompiled unity dll's ...
Register platform support module: /home/wdy/Unity/Hub/Editor/6000.0.65f1/Editor/Data/PlaybackEngines/AndroidPlayer/UnityEditor.Android.Extensions.dll
Register platform support module: /home/wdy/Unity/Hub/Editor/6000.0.65f1/Editor/Data/PlaybackEngines/LinuxStandaloneSupport/UnityEditor.LinuxStandalone.Extensions.dll
Registered in 0.001845 seconds.
- Loaded All Assemblies, in  0.262 seconds
Native extension for LinuxStandalone target not found
Native extension for Android target not found
Android Extension - Scanning For ADB Devices 158 ms
Mono: successfully reloaded assembly
- Finished resetting the current domain, in  0.367 seconds
Domain Reload Profiling: 629ms
	BeginReloadAssembly (101ms)
		ExecutionOrderSort (0ms)
		DisableScriptedObjects (0ms)
		BackupInstance (0ms)
		ReleaseScriptingObjects (0ms)
		CreateAndSetChildDomain (1ms)
	RebuildCommonClasses (25ms)
	RebuildNativeTypeToScriptingClass (5ms)
	initialDomainReloadingComplete (33ms)
	LoadAllAssembliesAndSetupDomain (97ms)
		LoadAssemblies (102ms)
		RebuildTransferFunctionScriptingTraits (0ms)
		AnalyzeDomain (94ms)
			TypeCache.Refresh (93ms)
				TypeCache.ScanAssembly (84ms)
			BuildScriptInfoCaches (0ms)
			ResolveRequiredComponents (0ms)
	FinalizeReload (367ms)
		ReleaseScriptCaches (0ms)
		RebuildScriptCaches (0ms)
		SetupLoadedEditorAssemblies (348ms)
			LogAssemblyErrors (0ms)
			InitializePlatformSupportModulesInManaged (213ms)
			SetLoadedEditorAssemblies (3ms)
			BeforeProcessingInitializeOnLoad (40ms)
			ProcessInitializeOnLoadAttributes (63ms)
			ProcessInitializeOnLoadMethodAttributes (29ms)
			AfterProcessingInitializeOnLoad (0ms)
			EditorAssembliesLoaded (0ms)
		ExecutionOrderSort2 (0ms)
		AwakeInstancesAfterBackupRestoration (0ms)
[Licensing::Client] Successfully resolved entitlement details
[Licensing::Client] Successfully resolved entitlement details
Application.AssetDatabase Initial Refresh Start
Package Manager log level set to [2]
[Package Manager] Restoring resolved packages state from cache
[Licensing::Client] Successfully resolved entitlement details
[Package Manager] Registered 76 packages:
  Packages from [https://packages.unity.com]:
    com.meta.xr.sdk.all@72.0.0 (location: /home/wdy/wang_dy/hand-tracking-streamer-main/hand_tracking_streamer/Library/PackageCache/com.meta.xr.sdk.all@ce6efd8df4dc)
    com.unity.ai.navigation@2.0.14 (location: /home/wdy/wang_dy/hand-tracking-streamer-main/hand_tracking_streamer/Library/PackageCache/com.unity.ai.navigation@134dd6a3b97b)
    com.unity.collab-proxy@2.13.3 (location: /home/wdy/wang_dy/hand-tracking-streamer-main/hand_tracking_streamer/Library/PackageCache/com.unity.collab-proxy@4f3be89e8675)
    com.unity.ide.rider@3.0.38 (location: /home/wdy/wang_dy/hand-tracking-streamer-main/hand_tracking_streamer/Library/PackageCache/com.unity.ide.rider@1f60b3138684)
    com.unity.ide.visualstudio@2.0.26 (location: /home/wdy/wang_dy/hand-tracking-streamer-main/hand_tracking_streamer/Library/PackageCache/com.unity.ide.visualstudio@a99d56dec63f)
    com.unity.inputsystem@1.19.0 (location: /home/wdy/wang_dy/hand-tracking-streamer-main/hand_tracking_streamer/Library/PackageCache/com.unity.inputsystem@21a28c3a6c83)
    com.unity.nuget.newtonsoft-json@3.2.2 (location: /home/wdy/wang_dy/hand-tracking-streamer-main/hand_tracking_streamer/Library/PackageCache/com.unity.nuget.newtonsoft-json@4dfd81071c64)
    com.unity.timeline@1.8.12 (location: /home/wdy/wang_dy/hand-tracking-streamer-main/hand_tracking_streamer/Library/PackageCache/com.unity.timeline@8cd8509afae5)
    com.unity.visualscripting@1.9.11 (location: /home/wdy/wang_dy/hand-tracking-streamer-main/hand_tracking_streamer/Library/PackageCache/com.unity.visualscripting@8bed5ad90189)
    com.unity.webrtc@3.0.0-pre.8 (location: /home/wdy/wang_dy/hand-tracking-streamer-main/hand_tracking_streamer/Library/PackageCache/com.unity.webrtc@cd5330803ce2)
    com.unity.xr.hands@1.8.0 (location: /home/wdy/wang_dy/hand-tracking-streamer-main/hand_tracking_streamer/Library/PackageCache/com.unity.xr.hands@ed65bce01132)
    com.unity.xr.openxr@1.17.1 (location: /home/wdy/wang_dy/hand-tracking-streamer-main/hand_tracking_streamer/Library/PackageCache/com.unity.xr.openxr@58837b2992e0)
    com.unity.xr.core-utils@2.5.3 (location: /home/wdy/wang_dy/hand-tracking-streamer-main/hand_tracking_streamer/Library/PackageCache/com.unity.xr.core-utils@f0450cbac8d6)
    com.unity.xr.management@4.5.3 (location: /home/wdy/wang_dy/hand-tracking-streamer-main/hand_tracking_streamer/Library/PackageCache/com.unity.xr.management@574ebfb1e976)
    com.unity.xr.legacyinputhelpers@2.1.12 (location: /home/wdy/wang_dy/hand-tracking-streamer-main/hand_tracking_streamer/Library/PackageCache/com.unity.xr.legacyinputhelpers@b7579e86f3b4)
    com.unity.mathematics@1.3.2 (location: /home/wdy/wang_dy/hand-tracking-streamer-main/hand_tracking_streamer/Library/PackageCache/com.unity.mathematics@8017b507cc74)
    com.unity.editorcoroutines@1.0.0 (location: /home/wdy/wang_dy/hand-tracking-streamer-main/hand_tracking_streamer/Library/PackageCache/com.unity.editorcoroutines@7d48783e7b8c)
    com.unity.collections@2.6.2 (location: /home/wdy/wang_dy/hand-tracking-streamer-main/hand_tracking_streamer/Library/PackageCache/com.unity.collections@aea9d3bd5e19)
    com.meta.xr.sdk.core@72.0.0 (location: /home/wdy/wang_dy/hand-tracking-streamer-main/hand_tracking_streamer/Library/PackageCache/com.meta.xr.sdk.core@e9f929748630)
    com.meta.xr.sdk.audio@72.0.0 (location: /home/wdy/wang_dy/hand-tracking-streamer-main/hand_tracking_streamer/Library/PackageCache/com.meta.xr.sdk.audio@2d4a62e92bfb)
    com.meta.xr.sdk.voice@71.0.0 (location: /home/wdy/wang_dy/hand-tracking-streamer-main/hand_tracking_streamer/Library/PackageCache/com.meta.xr.sdk.voice@b496f38703e7)
    com.meta.xr.simulator@72.0.0 (location: /home/wdy/wang_dy/hand-tracking-streamer-main/hand_tracking_streamer/Library/PackageCache/com.meta.xr.simulator@dd003f206ffc)
    com.meta.xr.sdk.haptics@72.0.0 (location: /home/wdy/wang_dy/hand-tracking-streamer-main/hand_tracking_streamer/Library/PackageCache/com.meta.xr.sdk.haptics@8756922b2427)
    com.meta.xr.mrutilitykit@72.0.0 (location: /home/wdy/wang_dy/hand-tracking-streamer-main/hand_tracking_streamer/Library/PackageCache/com.meta.xr.mrutilitykit@25f9a1a2fd4d)
    com.meta.xr.sdk.platform@72.0.0 (location: /home/wdy/wang_dy/hand-tracking-streamer-main/hand_tracking_streamer/Library/PackageCache/com.meta.xr.sdk.platform@b512726bfcf7)
    com.meta.xr.sdk.interaction@72.0.0 (location: /home/wdy/wang_dy/hand-tracking-streamer-main/hand_tracking_streamer/Library/PackageCache/com.meta.xr.sdk.interaction@0b18fe126659)
    com.meta.xr.sdk.interaction.ovr@72.0.0 (location: /home/wdy/wang_dy/hand-tracking-streamer-main/hand_tracking_streamer/Library/PackageCache/com.meta.xr.sdk.interaction.ovr@1f082c58882e)
    com.unity.searcher@4.9.3 (location: /home/wdy/wang_dy/hand-tracking-streamer-main/hand_tracking_streamer/Library/PackageCache/com.unity.searcher@1e17ce91558d)
    com.unity.burst@1.8.27 (location: /home/wdy/wang_dy/hand-tracking-streamer-main/hand_tracking_streamer/Library/PackageCache/com.unity.burst@973857688024)
    com.unity.nuget.mono-cecil@1.11.5 (location: /home/wdy/wang_dy/hand-tracking-streamer-main/hand_tracking_streamer/Library/PackageCache/com.unity.nuget.mono-cecil@d78732e851eb)
    com.unity.test-framework.performance@3.2.0 (location: /home/wdy/wang_dy/hand-tracking-streamer-main/hand_tracking_streamer/Library/PackageCache/com.unity.test-framework.performance@0840f58e4562)
  Built-in packages:
    com.unity.2d.sprite@1.0.0 (location: /home/wdy/wang_dy/hand-tracking-streamer-main/hand_tracking_streamer/Library/PackageCache/com.unity.2d.sprite@ca6f53efbb87)
    com.unity.multiplayer.center@1.0.0 (location: /home/wdy/wang_dy/hand-tracking-streamer-main/hand_tracking_streamer/Library/PackageCache/com.unity.multiplayer.center@f5e57a8bed06)
    com.unity.render-pipelines.universal@17.0.4 (location: /home/wdy/wang_dy/hand-tracking-streamer-main/hand_tracking_streamer/Library/PackageCache/com.unity.render-pipelines.universal@b774104533b8)
    com.unity.test-framework@1.6.0 (location: /home/wdy/wang_dy/hand-tracking-streamer-main/hand_tracking_streamer/Library/PackageCache/com.unity.test-framework@e1842c748223)
    com.unity.ugui@2.0.0 (location: /home/wdy/wang_dy/hand-tracking-streamer-main/hand_tracking_streamer/Library/PackageCache/com.unity.ugui@4ec1b5e949c1)
    com.unity.modules.accessibility@1.0.0 (location: /home/wdy/Unity/Hub/Editor/6000.0.65f1/Editor/Data/Resources/PackageManager/BuiltInPackages/com.unity.modules.accessibility)
    com.unity.modules.ai@1.0.0 (location: /home/wdy/Unity/Hub/Editor/6000.0.65f1/Editor/Data/Resources/PackageManager/BuiltInPackages/com.unity.modules.ai)
    com.unity.modules.androidjni@1.0.0 (location: /home/wdy/Unity/Hub/Editor/6000.0.65f1/Editor/Data/Resources/PackageManager/BuiltInPackages/com.unity.modules.androidjni)
    com.unity.modules.animation@1.0.0 (location: /home/wdy/Unity/Hub/Editor/6000.0.65f1/Editor/Data/Resources/PackageManager/BuiltInPackages/com.unity.modules.animation)
    com.unity.modules.assetbundle@1.0.0 (location: /home/wdy/Unity/Hub/Editor/6000.0.65f1/Editor/Data/Resources/PackageManager/BuiltInPackages/com.unity.modules.assetbundle)
    com.unity.modules.audio@1.0.0 (location: /home/wdy/Unity/Hub/Editor/6000.0.65f1/Editor/Data/Resources/PackageManager/BuiltInPackages/com.unity.modules.audio)
    com.unity.modules.cloth@1.0.0 (location: /home/wdy/Unity/Hub/Editor/6000.0.65f1/Editor/Data/Resources/PackageManager/BuiltInPackages/com.unity.modules.cloth)
    com.unity.modules.director@1.0.0 (location: /home/wdy/Unity/Hub/Editor/6000.0.65f1/Editor/Data/Resources/PackageManager/BuiltInPackages/com.unity.modules.director)
    com.unity.modules.imageconversion@1.0.0 (location: /home/wdy/Unity/Hub/Editor/6000.0.65f1/Editor/Data/Resources/PackageManager/BuiltInPackages/com.unity.modules.imageconversion)
    com.unity.modules.imgui@1.0.0 (location: /home/wdy/Unity/Hub/Editor/6000.0.65f1/Editor/Data/Resources/PackageManager/BuiltInPackages/com.unity.modules.imgui)
    com.unity.modules.jsonserialize@1.0.0 (location: /home/wdy/Unity/Hub/Editor/6000.0.65f1/Editor/Data/Resources/PackageManager/BuiltInPackages/com.unity.modules.jsonserialize)
    com.unity.modules.particlesystem@1.0.0 (location: /home/wdy/Unity/Hub/Editor/6000.0.65f1/Editor/Data/Resources/PackageManager/BuiltInPackages/com.unity.modules.particlesystem)
    com.unity.modules.physics@1.0.0 (location: /home/wdy/Unity/Hub/Editor/6000.0.65f1/Editor/Data/Resources/PackageManager/BuiltInPackages/com.unity.modules.physics)
    com.unity.modules.physics2d@1.0.0 (location: /home/wdy/Unity/Hub/Editor/6000.0.65f1/Editor/Data/Resources/PackageManager/BuiltInPackages/com.unity.modules.physics2d)
    com.unity.modules.screencapture@1.0.0 (location: /home/wdy/Unity/Hub/Editor/6000.0.65f1/Editor/Data/Resources/PackageManager/BuiltInPackages/com.unity.modules.screencapture)
    com.unity.modules.terrain@1.0.0 (location: /home/wdy/Unity/Hub/Editor/6000.0.65f1/Editor/Data/Resources/PackageManager/BuiltInPackages/com.unity.modules.terrain)
    com.unity.modules.terrainphysics@1.0.0 (location: /home/wdy/Unity/Hub/Editor/6000.0.65f1/Editor/Data/Resources/PackageManager/BuiltInPackages/com.unity.modules.terrainphysics)
    com.unity.modules.tilemap@1.0.0 (location: /home/wdy/Unity/Hub/Editor/6000.0.65f1/Editor/Data/Resources/PackageManager/BuiltInPackages/com.unity.modules.tilemap)
    com.unity.modules.ui@1.0.0 (location: /home/wdy/Unity/Hub/Editor/6000.0.65f1/Editor/Data/Resources/PackageManager/BuiltInPackages/com.unity.modules.ui)
    com.unity.modules.uielements@1.0.0 (location: /home/wdy/Unity/Hub/Editor/6000.0.65f1/Editor/Data/Resources/PackageManager/BuiltInPackages/com.unity.modules.uielements)
    com.unity.modules.umbra@1.0.0 (location: /home/wdy/Unity/Hub/Editor/6000.0.65f1/Editor/Data/Resources/PackageManager/BuiltInPackages/com.unity.modules.umbra)
    com.unity.modules.unityanalytics@1.0.0 (location: /home/wdy/Unity/Hub/Editor/6000.0.65f1/Editor/Data/Resources/PackageManager/BuiltInPackages/com.unity.modules.unityanalytics)
    com.unity.modules.unitywebrequest@1.0.0 (location: /home/wdy/Unity/Hub/Editor/6000.0.65f1/Editor/Data/Resources/PackageManager/BuiltInPackages/com.unity.modules.unitywebrequest)
    com.unity.modules.unitywebrequestassetbundle@1.0.0 (location: /home/wdy/Unity/Hub/Editor/6000.0.65f1/Editor/Data/Resources/PackageManager/BuiltInPackages/com.unity.modules.unitywebrequestassetbundle)
    com.unity.modules.unitywebrequestaudio@1.0.0 (location: /home/wdy/Unity/Hub/Editor/6000.0.65f1/Editor/Data/Resources/PackageManager/BuiltInPackages/com.unity.modules.unitywebrequestaudio)
    com.unity.modules.unitywebrequesttexture@1.0.0 (location: /home/wdy/Unity/Hub/Editor/6000.0.65f1/Editor/Data/Resources/PackageManager/BuiltInPackages/com.unity.modules.unitywebrequesttexture)
    com.unity.modules.unitywebrequestwww@1.0.0 (location: /home/wdy/Unity/Hub/Editor/6000.0.65f1/Editor/Data/Resources/PackageManager/BuiltInPackages/com.unity.modules.unitywebrequestwww)
    com.unity.modules.vehicles@1.0.0 (location: /home/wdy/Unity/Hub/Editor/6000.0.65f1/Editor/Data/Resources/PackageManager/BuiltInPackages/com.unity.modules.vehicles)
    com.unity.modules.video@1.0.0 (location: /home/wdy/Unity/Hub/Editor/6000.0.65f1/Editor/Data/Resources/PackageManager/BuiltInPackages/com.unity.modules.video)
    com.unity.modules.wind@1.0.0 (location: /home/wdy/Unity/Hub/Editor/6000.0.65f1/Editor/Data/Resources/PackageManager/BuiltInPackages/com.unity.modules.wind)
    com.unity.modules.xr@1.0.0 (location: /home/wdy/Unity/Hub/Editor/6000.0.65f1/Editor/Data/Resources/PackageManager/BuiltInPackages/com.unity.modules.xr)
    com.unity.modules.subsystems@1.0.0 (location: /home/wdy/Unity/Hub/Editor/6000.0.65f1/Editor/Data/Resources/PackageManager/BuiltInPackages/com.unity.modules.subsystems)
    com.unity.modules.hierarchycore@1.0.0 (location: /home/wdy/Unity/Hub/Editor/6000.0.65f1/Editor/Data/Resources/PackageManager/BuiltInPackages/com.unity.modules.hierarchycore)
    com.unity.ext.nunit@2.0.5 (location: /home/wdy/wang_dy/hand-tracking-streamer-main/hand_tracking_streamer/Library/PackageCache/com.unity.ext.nunit@b16e6d09cd93)
    com.unity.render-pipelines.core@17.0.4 (location: /home/wdy/wang_dy/hand-tracking-streamer-main/hand_tracking_streamer/Library/PackageCache/com.unity.render-pipelines.core@fe2e6aaf4466)
    com.unity.shadergraph@17.0.4 (location: /home/wdy/wang_dy/hand-tracking-streamer-main/hand_tracking_streamer/Library/PackageCache/com.unity.shadergraph@75fb85f8858e)
    com.unity.render-pipelines.universal-config@17.0.3 (location: /home/wdy/wang_dy/hand-tracking-streamer-main/hand_tracking_streamer/Library/PackageCache/com.unity.render-pipelines.universal-config@e48fefd716b5)
    com.unity.modules.vr@1.0.0 (location: /home/wdy/Unity/Hub/Editor/6000.0.65f1/Editor/Data/Resources/PackageManager/BuiltInPackages/com.unity.modules.vr)
    com.unity.rendering.light-transport@1.0.1 (location: /home/wdy/wang_dy/hand-tracking-streamer-main/hand_tracking_streamer/Library/PackageCache/com.unity.rendering.light-transport@fd597d1a9e15)
    com.unity.textmeshpro@5.0.0 (location: /home/wdy/wang_dy/hand-tracking-streamer-main/hand_tracking_streamer/Library/PackageCache/com.unity.textmeshpro@53f43edfd2e0)
[Subsystems] Looking for new subsystems at path /home/wdy/wang_dy/hand-tracking-streamer-main/hand_tracking_streamer/Library/PackageCache/com.unity.xr.openxr@58837b2992e0
[Subsystems] Novel subsystem found at Library/PackageCache/com.unity.xr.openxr@58837b2992e0/Runtime/UnitySubsystemsManifest.json
[Subsystems] Discovering subsystems at path /home/wdy/Unity/Hub/Editor/6000.0.65f1/Editor/Data/Resources/UnitySubsystems
[Subsystems] Discovering subsystems at path /home/wdy/wang_dy/hand-tracking-streamer-main/hand_tracking_streamer/Assets
[Subsystems] Discovering subsystems at path /home/wdy/wang_dy/hand-tracking-streamer-main/hand_tracking_streamer/Library/PackageCache/com.unity.xr.openxr@58837b2992e0
[Subsystems] No descriptors matched for  examples in Library/PackageCache/com.unity.xr.openxr@58837b2992e0/Runtime/UnitySubsystemsManifest.json.
[Subsystems] 1 'inputs' descriptors matched in Library/PackageCache/com.unity.xr.openxr@58837b2992e0/Runtime/UnitySubsystemsManifest.json
[Subsystems] 1 'displays' descriptors matched in Library/PackageCache/com.unity.xr.openxr@58837b2992e0/Runtime/UnitySubsystemsManifest.json
[Subsystems] No descriptors matched for  meshings in Library/PackageCache/com.unity.xr.openxr@58837b2992e0/Runtime/UnitySubsystemsManifest.json.
[Package Manager] Done registering packages in 0.01 seconds
[ScriptCompilation] Requested script compilation because: Assetdatabase observed changes in script compilation related files
[40m[32minfo[39m[22m[49m: Microsoft.Hosting.Lifetime[14]
      Now listening on: http://unix:/tmp/ilpp.sock-52833c86374855dc9e4c14882ddabe0c
[40m[32minfo[39m[22m[49m: Microsoft.Hosting.Lifetime[0]
      Application started. Press Ctrl+C to shut down.
[40m[32minfo[39m[22m[49m: Microsoft.Hosting.Lifetime[0]
      Hosting environment: Production
[40m[32minfo[39m[22m[49m: Microsoft.Hosting.Lifetime[0]
      Content root path: /home/wdy/wang_dy/hand-tracking-streamer-main/hand_tracking_streamer/
[40m[32minfo[39m[22m[49m: Microsoft.AspNetCore.Hosting.Diagnostics[1]
      Request starting HTTP/2 POST http://ilpp/UnityILPP.PostProcessing/Ping application/grpc -
[40m[32minfo[39m[22m[49m: Microsoft.AspNetCore.Routing.EndpointMiddleware[0]
      Executing endpoint 'gRPC - /UnityILPP.PostProcessing/Ping'
[40m[32minfo[39m[22m[49m: Microsoft.AspNetCore.Routing.EndpointMiddleware[1]
      Executed endpoint 'gRPC - /UnityILPP.PostProcessing/Ping'
[40m[32minfo[39m[22m[49m: Microsoft.AspNetCore.Hosting.Diagnostics[2]
      Request finished HTTP/2 POST http://ilpp/UnityILPP.PostProcessing/Ping application/grpc - - 200 - application/grpc 29.7754ms
Starting: /home/wdy/Unity/Hub/Editor/6000.0.65f1/Editor/Data/bee_backend --ipc --defer-dag-verification --dagfile="Library/Bee/1300b0aE.dag" --continue-on-failure --profile="Library/Bee/backend1.traceevents" ScriptAssemblies
WorkingDir: /home/wdy/wang_dy/hand-tracking-streamer-main/hand_tracking_streamer
ExitCode: 4 Duration: 0s20ms
[             ] Require frontend run.  Library/Bee/1300b0aE.dag couldn't be loaded
DisplayProgressbar: Compiling Scripts
Starting: /home/wdy/Unity/Hub/Editor/6000.0.65f1/Editor/Data/Tools/netcorerun/netcorerun "/home/wdy/Unity/Hub/Editor/6000.0.65f1/Editor/Data/Tools/BuildPipeline/ScriptCompilationBuildProgram.exe" "Library/Bee/1300b0aE.dag.json" "Library/Bee/1300b0aE-inputdata.json" "Library/Bee/buildprogram0.traceevents"
WorkingDir: /home/wdy/wang_dy/hand-tracking-streamer-main/hand_tracking_streamer
ExitCode: 0 Duration: 1s160ms
Starting: /home/wdy/Unity/Hub/Editor/6000.0.65f1/Editor/Data/bee_backend --ipc --defer-dag-verification --dagfile="Library/Bee/1300b0aE.dag" --continue-on-failure --dagfilejson="Library/Bee/1300b0aE.dag.json" --profile="Library/Bee/backend2.traceevents" ScriptAssemblies
WorkingDir: /home/wdy/wang_dy/hand-tracking-streamer-main/hand_tracking_streamer
[40m[32minfo[39m[22m[49m: Microsoft.AspNetCore.Hosting.Diagnostics[1]
      Request starting HTTP/2 POST http://ilpp/UnityILPP.PostProcessing/ConfigurePostProcessors application/grpc -
[40m[32minfo[39m[22m[49m: Microsoft.AspNetCore.Routing.EndpointMiddleware[0]
      Executing endpoint 'gRPC - /UnityILPP.PostProcessing/ConfigurePostProcessors'
[40m[1m[33mwarn[39m[22m[49m: Unity.ILPP.Runner.PostProcessingAssemblyLoadContext[0]
      Assembly system.runtime.interopservices.windowsruntime has duplicate hint path. Ignoring "/home/wdy/Unity/Hub/Editor/6000.0.65f1/Editor/Data/UnityReferenceAssemblies/unity-4.8-api/Facades/System.Runtime.InteropServices.WindowsRuntime.dll" in favor of "/home/wdy/Unity/Hub/Editor/6000.0.65f1/Editor/Data/NetStandard/Extensions/2.0.0/System.Runtime.InteropServices.WindowsRuntime.dll"
[40m[1m[33mwarn[39m[22m[49m: Unity.ILPP.Runner.PostProcessingAssemblyLoadContext[0]
      Assembly system.componentmodel.composition has duplicate hint path. Ignoring "/home/wdy/Unity/Hub/Editor/6000.0.65f1/Editor/Data/UnityReferenceAssemblies/unity-4.8-api/System.ComponentModel.Composition.dll" in favor of "/home/wdy/Unity/Hub/Editor/6000.0.65f1/Editor/Data/NetStandard/compat/2.1.0/shims/netfx/System.ComponentModel.Composition.dll"
[40m[32minfo[39m[22m[49m: Unity.ILPP.Runner.PostProcessingAssemblyLoadContext[0]
      Resolved Unity.Burst.Cecil, Version=0.11.4.0, Culture=neutral, PublicKeyToken=50cebf1cceb9d05e with Library/PackageCache/com.unity.burst@973857688024/Unity.Burst.CodeGen/Unity.Burst.Cecil.dll
[40m[32minfo[39m[22m[49m: Unity.ILPP.Runner.PostProcessingAssemblyLoadContext[0]
      Resolved Mono.Cecil, Version=0.11.5.0, Culture=neutral, PublicKeyToken=50cebf1cceb9d05e with Library/PackageCache/com.unity.nuget.mono-cecil@d78732e851eb/Mono.Cecil.dll
[40m[32minfo[39m[22m[49m: Microsoft.AspNetCore.Routing.EndpointMiddleware[1]
      Executed endpoint 'gRPC - /UnityILPP.PostProcessing/ConfigurePostProcessors'
[40m[32minfo[39m[22m[49m: Microsoft.AspNetCore.Hosting.Diagnostics[2]
      Request finished HTTP/2 POST http://ilpp/UnityILPP.PostProcessing/ConfigurePostProcessors application/grpc - - 200 - application/grpc 36.4850ms
[40m[32minfo[39m[22m[49m: Microsoft.AspNetCore.Hosting.Diagnostics[1]
      Request starting HTTP/2 POST http://ilpp/UnityILPP.PostProcessing/PostProcessAssembly application/grpc -
[40m[32minfo[39m[22m[49m: Microsoft.AspNetCore.Routing.EndpointMiddleware[0]
      Executing endpoint 'gRPC - /UnityILPP.PostProcessing/PostProcessAssembly'
[40m[32minfo[39m[22m[49m: Microsoft.AspNetCore.Hosting.Diagnostics[1]
      Request starting HTTP/2 POST http://ilpp/UnityILPP.PostProcessing/PostProcessAssembly application/grpc -
[40m[32minfo[39m[22m[49m: Microsoft.AspNetCore.Routing.EndpointMiddleware[0]
      Executing endpoint 'gRPC - /UnityILPP.PostProcessing/PostProcessAssembly'
[40m[32minfo[39m[22m[49m: Microsoft.AspNetCore.Hosting.Diagnostics[1]
      Request starting HTTP/2 POST http://ilpp/UnityILPP.PostProcessing/PostProcessAssembly application/grpc -
[40m[32minfo[39m[22m[49m: Microsoft.AspNetCore.Hosting.Diagnostics[1]
      Request starting HTTP/2 POST http://ilpp/UnityILPP.PostProcessing/PostProcessAssembly application/grpc -
[40m[32minfo[39m[22m[49m: Microsoft.AspNetCore.Routing.EndpointMiddleware[0]
      Executing endpoint 'gRPC - /UnityILPP.PostProcessing/PostProcessAssembly'
[40m[32minfo[39m[22m[49m: Microsoft.AspNetCore.Routing.EndpointMiddleware[0]
      Executing endpoint 'gRPC - /UnityILPP.PostProcessing/PostProcessAssembly'
[40m[32minfo[39m[22m[49m: Microsoft.AspNetCore.Hosting.Diagnostics[1]
      Request starting HTTP/2 POST http://ilpp/UnityILPP.PostProcessing/PostProcessAssembly application/grpc -
[40m[32minfo[39m[22m[49m: Microsoft.AspNetCore.Routing.EndpointMiddleware[0]
      Executing endpoint 'gRPC - /UnityILPP.PostProcessing/PostProcessAssembly'
[40m[32minfo[39m[22m[49m: Microsoft.AspNetCore.Hosting.Diagnostics[1]
      Request starting HTTP/2 POST http://ilpp/UnityILPP.PostProcessing/PostProcessAssembly application/grpc -
[40m[32minfo[39m[22m[49m: Microsoft.AspNetCore.Routing.EndpointMiddleware[0]
      Executing endpoint 'gRPC - /UnityILPP.PostProcessing/PostProcessAssembly'
[40m[32minfo[39m[22m[49m: Microsoft.AspNetCore.Hosting.Diagnostics[1]
      Request starting HTTP/2 POST http://ilpp/UnityILPP.PostProcessing/PostProcessAssembly application/grpc -
[40m[32minfo[39m[22m[49m: Microsoft.AspNetCore.Routing.EndpointMiddleware[0]
      Executing endpoint 'gRPC - /UnityILPP.PostProcessing/PostProcessAssembly'
[40m[32minfo[39m[22m[49m: Microsoft.AspNetCore.Hosting.Diagnostics[1]
      Request starting HTTP/2 POST http://ilpp/UnityILPP.PostProcessing/PostProcessAssembly application/grpc -
[40m[32minfo[39m[22m[49m: Microsoft.AspNetCore.Routing.EndpointMiddleware[0]
      Executing endpoint 'gRPC - /UnityILPP.PostProcessing/PostProcessAssembly'
[40m[32minfo[39m[22m[49m: Microsoft.AspNetCore.Hosting.Diagnostics[1]
      Request starting HTTP/2 POST http://ilpp/UnityILPP.PostProcessing/PostProcessAssembly application/grpc -
[40m[32minfo[39m[22m[49m: Microsoft.AspNetCore.Routing.EndpointMiddleware[0]
      Executing endpoint 'gRPC - /UnityILPP.PostProcessing/PostProcessAssembly'
[40m[32minfo[39m[22m[49m: Microsoft.AspNetCore.Hosting.Diagnostics[1]
      Request starting HTTP/2 POST http://ilpp/UnityILPP.PostProcessing/PostProcessAssembly application/grpc -
[40m[32minfo[39m[22m[49m: Microsoft.AspNetCore.Hosting.Diagnostics[1]
      Request starting HTTP/2 POST http://ilpp/UnityILPP.PostProcessing/PostProcessAssembly application/grpc -
[40m[32minfo[39m[22m[49m: Microsoft.AspNetCore.Routing.EndpointMiddleware[0]
      Executing endpoint 'gRPC - /UnityILPP.PostProcessing/PostProcessAssembly'
[40m[32minfo[39m[22m[49m: Microsoft.AspNetCore.Routing.EndpointMiddleware[0]
      Executing endpoint 'gRPC - /UnityILPP.PostProcessing/PostProcessAssembly'
[40m[32minfo[39m[22m[49m: Microsoft.AspNetCore.Hosting.Diagnostics[1]
      Request starting HTTP/2 POST http://ilpp/UnityILPP.PostProcessing/PostProcessAssembly application/grpc -
[40m[32minfo[39m[22m[49m: Microsoft.AspNetCore.Routing.EndpointMiddleware[0]
      Executing endpoint 'gRPC - /UnityILPP.PostProcessing/PostProcessAssembly'
[40m[32minfo[39m[22m[49m: Microsoft.AspNetCore.Hosting.Diagnostics[1]
      Request starting HTTP/2 POST http://ilpp/UnityILPP.PostProcessing/PostProcessAssembly application/grpc -
[40m[32minfo[39m[22m[49m: Microsoft.AspNetCore.Routing.EndpointMiddleware[0]
      Executing endpoint 'gRPC - /UnityILPP.PostProcessing/PostProcessAssembly'
[40m[32minfo[39m[22m[49m: Microsoft.AspNetCore.Hosting.Diagnostics[1]
      Request starting HTTP/2 POST http://ilpp/UnityILPP.PostProcessing/PostProcessAssembly application/grpc -
[40m[32minfo[39m[22m[49m: Microsoft.AspNetCore.Routing.EndpointMiddleware[0]
      Executing endpoint 'gRPC - /UnityILPP.PostProcessing/PostProcessAssembly'
[40m[32minfo[39m[22m[49m: Microsoft.AspNetCore.Hosting.Diagnostics[1]
      Request starting HTTP/2 POST http://ilpp/UnityILPP.PostProcessing/PostProcessAssembly application/grpc -
[40m[32minfo[39m[22m[49m: Microsoft.AspNetCore.Routing.EndpointMiddleware[0]
      Executing endpoint 'gRPC - /UnityILPP.PostProcessing/PostProcessAssembly'
[40m[32minfo[39m[22m[49m: Unity.ILPP.Runner.PostProcessingPipeline[0]
      Processing assembly Library/Bee/artifacts/1300b0aE.dag/Unity.TextMeshPro.dll, with 136 defines and 261 references
[40m[32minfo[39m[22m[49m: Unity.ILPP.Runner.PostProcessingPipeline[0]
      Processing assembly Library/Bee/artifacts/1300b0aE.dag/Meta.Wit.Dictation.dll, with 136 defines and 263 references
[40m[32minfo[39m[22m[49m: Unity.ILPP.Runner.PostProcessingPipeline[0]
      Processing assembly Library/Bee/artifacts/1300b0aE.dag/Unity.Timeline.dll, with 136 defines and 261 references
[40m[32minfo[39m[22m[49m: Unity.ILPP.Runner.PostProcessingPipeline[0]
      Processing assembly Library/Bee/artifacts/1300b0aE.dag/Unity.RenderPipelines.Core.ShaderLibrary.dll, with 135 defines and 261 references
[40m[32minfo[39m[22m[49m: Unity.ILPP.Runner.PostProcessingPipeline[0]
      Processing assembly Library/Bee/artifacts/1300b0aE.dag/Oculus.Interaction.dll, with 136 defines and 262 references
[40m[32minfo[39m[22m[49m: Unity.ILPP.Runner.PostProcessingPipeline[0]
      Processing assembly Library/Bee/artifacts/1300b0aE.dag/Unity.Mathematics.dll, with 135 defines and 261 references
[40m[32minfo[39m[22m[49m: Unity.ILPP.Runner.PostProcessingPipeline[0]
      Processing assembly Library/Bee/artifacts/1300b0aE.dag/Meta.Net.endel.nativewebsocket.dll, with 136 defines and 261 references
[40m[32minfo[39m[22m[49m: Unity.ILPP.Runner.PostProcessingPipeline[0]
      processors: Unity.Jobs.CodeGen.JobsILPostProcessor, zzzUnity.Burst.CodeGen.BurstILPostProcessor
[40m[32minfo[39m[22m[49m: Unity.ILPP.Runner.PostProcessingPipeline[0]
      Processing assembly Library/Bee/artifacts/1300b0aE.dag/UnityEngine.UI.dll, with 141 defines and 259 references
[40m[32minfo[39m[22m[49m: Unity.ILPP.Runner.PostProcessingPipeline[0]
      Processing assembly Library/Bee/artifacts/1300b0aE.dag/Unity.InputSystem.dll, with 143 defines and 261 references
[40m[32minfo[39m[22m[49m: Unity.ILPP.Runner.PostProcessingPipeline[0]
      processors: Unity.Jobs.CodeGen.JobsILPostProcessor, zzzUnity.Burst.CodeGen.BurstILPostProcessor
[40m[32minfo[39m[22m[49m: Unity.ILPP.Runner.PostProcessingPipeline[0]
      processors: Unity.Jobs.CodeGen.JobsILPostProcessor, zzzUnity.Burst.CodeGen.BurstILPostProcessor
[40m[32minfo[39m[22m[49m: Unity.ILPP.Runner.PostProcessingPipeline[0]
      processors: Unity.Jobs.CodeGen.JobsILPostProcessor, zzzUnity.Burst.CodeGen.BurstILPostProcessor
[40m[32minfo[39m[22m[49m: Unity.ILPP.Runner.PostProcessingPipeline[0]
      processors: Unity.Jobs.CodeGen.JobsILPostProcessor, zzzUnity.Burst.CodeGen.BurstILPostProcessor
[40m[32minfo[39m[22m[49m: Unity.ILPP.Runner.PostProcessingPipeline[0]
      processors: Unity.Jobs.CodeGen.JobsILPostProcessor, zzzUnity.Burst.CodeGen.BurstILPostProcessor
[40m[32minfo[39m[22m[49m: Unity.ILPP.Runner.PostProcessingPipeline[0]
      Processing assembly Library/Bee/artifacts/1300b0aE.dag/Unity.Collections.dll, with 137 defines and 263 references
[40m[32minfo[39m[22m[49m: Unity.ILPP.Runner.PostProcessingPipeline[0]
      processors: Unity.Jobs.CodeGen.JobsILPostProcessor, zzzUnity.Burst.CodeGen.BurstILPostProcessor
[40m[32minfo[39m[22m[49m: Unity.ILPP.Runner.PostProcessingPipeline[0]
      Processing assembly Library/Bee/artifacts/1300b0aE.dag/Meta.Voice.NLayer.dll, with 136 defines and 261 references
[40m[32minfo[39m[22m[49m: Unity.ILPP.Runner.PostProcessingPipeline[0]
      processors: Unity.Jobs.CodeGen.JobsILPostProcessor, zzzUnity.Burst.CodeGen.BurstILPostProcessor
[40m[32minfo[39m[22m[49m: Unity.ILPP.Runner.PostProcessingPipeline[0]
      processors: Unity.Jobs.CodeGen.JobsILPostProcessor, zzzUnity.Burst.CodeGen.BurstILPostProcessor
[40m[32minfo[39m[22m[49m: Unity.ILPP.Runner.PostProcessingPipeline[0]
      processors: Unity.Jobs.CodeGen.JobsILPostProcessor, zzzUnity.Burst.CodeGen.BurstILPostProcessor
[40m[32minfo[39m[22m[49m: Unity.ILPP.Runner.PostProcessingPipeline[0]
      Processing assembly Library/Bee/artifacts/1300b0aE.dag/Meta.WitAi.Lib.dll, with 136 defines and 266 references
[40m[32minfo[39m[22m[49m: Unity.ILPP.Runner.PostProcessingPipeline[0]
      Processing assembly Library/Bee/artifacts/1300b0aE.dag/Meta.WitAi.TTS.dll, with 136 defines and 263 references
[40m[32minfo[39m[22m[49m: Unity.ILPP.Runner.PostProcessingPipeline[0]
      processors: Unity.Jobs.CodeGen.JobsILPostProcessor, zzzUnity.Burst.CodeGen.BurstILPostProcessor
[40m[32minfo[39m[22m[49m: Unity.ILPP.Runner.PostProcessingPipeline[0]
      processors: Unity.Jobs.CodeGen.JobsILPostProcessor, zzzUnity.Burst.CodeGen.BurstILPostProcessor
[40m[32minfo[39m[22m[49m: Unity.ILPP.Runner.PostProcessingPipeline[0]
      Processing assembly Library/Bee/artifacts/1300b0aE.dag/VoiceSDK.Runtime.dll, with 136 defines and 267 references
[40m[32minfo[39m[22m[49m: Unity.ILPP.Runner.PostProcessingPipeline[0]
      processors: Unity.Jobs.CodeGen.JobsILPostProcessor, zzzUnity.Burst.CodeGen.BurstILPostProcessor
[40m[32minfo[39m[22m[49m: Microsoft.AspNetCore.Hosting.Diagnostics[1]
      Request starting HTTP/2 POST http://ilpp/UnityILPP.PostProcessing/PostProcessAssembly application/grpc -
[40m[32minfo[39m[22m[49m: Unity.ILPP.Runner.PostProcessingPipeline[0]
      processors: Unity.Jobs.CodeGen.JobsILPostProcessor, zzzUnity.Burst.CodeGen.BurstILPostProcessor
[40m[32minfo[39m[22m[49m: Microsoft.AspNetCore.Routing.EndpointMiddleware[0]
      Executing endpoint 'gRPC - /UnityILPP.PostProcessing/PostProcessAssembly'
[40m[32minfo[39m[22m[49m: Unity.ILPP.Runner.PostProcessingPipeline[0]
      Processing assembly Library/Bee/artifacts/1300b0aE.dag/Meta.Wit.Composer.dll, with 136 defines and 266 references
[40m[32minfo[39m[22m[49m: Unity.ILPP.Runner.PostProcessingPipeline[0]
      processors: Unity.Jobs.CodeGen.JobsILPostProcessor, zzzUnity.Burst.CodeGen.BurstILPostProcessor
[40m[32minfo[39m[22m[49m: Unity.ILPP.Runner.PostProcessingPipeline[0]
      Processing assembly Library/Bee/artifacts/1300b0aE.dag/Unity.XR.CoreUtils.dll, with 141 defines and 263 references
[40m[32minfo[39m[22m[49m: Unity.ILPP.Runner.PostProcessingPipeline[0]
      processors: Unity.Jobs.CodeGen.JobsILPostProcessor, zzzUnity.Burst.CodeGen.BurstILPostProcessor
[40m[32minfo[39m[22m[49m: Unity.ILPP.Runner.PostProcessingPipeline[0]
      running Unity.Jobs.CodeGen.JobsILPostProcessor
[40m[32minfo[39m[22m[49m: Unity.ILPP.Runner.PostProcessingPipeline[0]
      running Unity.Jobs.CodeGen.JobsILPostProcessor
[40m[32minfo[39m[22m[49m: Unity.ILPP.Runner.PostProcessingPipeline[0]
      running Unity.Jobs.CodeGen.JobsILPostProcessor
[40m[32minfo[39m[22m[49m: Unity.ILPP.Runner.PostProcessingPipeline[0]
      running Unity.Jobs.CodeGen.JobsILPostProcessor
[40m[32minfo[39m[22m[49m: Unity.ILPP.Runner.PostProcessingPipeline[0]
      running Unity.Jobs.CodeGen.JobsILPostProcessor
[40m[32minfo[39m[22m[49m: Microsoft.AspNetCore.Hosting.Diagnostics[1]
      Request starting HTTP/2 POST http://ilpp/UnityILPP.PostProcessing/PostProcessAssembly application/grpc -
[40m[32minfo[39m[22m[49m: Unity.ILPP.Runner.PostProcessingPipeline[0]
      running Unity.Jobs.CodeGen.JobsILPostProcessor
[40m[32minfo[39m[22m[49m: Microsoft.AspNetCore.Routing.EndpointMiddleware[0]
      Executing endpoint 'gRPC - /UnityILPP.PostProcessing/PostProcessAssembly'
[40m[32minfo[39m[22m[49m: Unity.ILPP.Runner.PostProcessingPipeline[0]
      running Unity.Jobs.CodeGen.JobsILPostProcessor
[40m[32minfo[39m[22m[49m: Unity.ILPP.Runner.PostProcessingPipeline[0]
      running Unity.Jobs.CodeGen.JobsILPostProcessor
[40m[32minfo[39m[22m[49m: Unity.ILPP.Runner.PostProcessingPipeline[0]
      running Unity.Jobs.CodeGen.JobsILPostProcessor
[40m[32minfo[39m[22m[49m: Unity.ILPP.Runner.PostProcessingPipeline[0]
      Processing assembly Library/Bee/artifacts/1300b0aE.dag/Meta.WitAi.Conduit.dll, with 136 defines and 262 references
[40m[32minfo[39m[22m[49m: Unity.ILPP.Runner.PostProcessingPipeline[0]
      processors: Unity.Jobs.CodeGen.JobsILPostProcessor, zzzUnity.Burst.CodeGen.BurstILPostProcessor
[40m[32minfo[39m[22m[49m: Unity.ILPP.Runner.PostProcessingPipeline[0]
      running Unity.Jobs.CodeGen.JobsILPostProcessor
[40m[32minfo[39m[22m[49m: Unity.ILPP.Runner.PostProcessingPipeline[0]
      running Unity.Jobs.CodeGen.JobsILPostProcessor
[40m[32minfo[39m[22m[49m: Unity.ILPP.Runner.PostProcessingPipeline[0]
      running Unity.Jobs.CodeGen.JobsILPostProcessor
[40m[32minfo[39m[22m[49m: Unity.ILPP.Runner.PostProcessingPipeline[0]
      running Unity.Jobs.CodeGen.JobsILPostProcessor
[40m[32minfo[39m[22m[49m: Unity.ILPP.Runner.PostProcessingPipeline[0]
      running Unity.Jobs.CodeGen.JobsILPostProcessor
[40m[32minfo[39m[22m[49m: Unity.ILPP.Runner.PostProcessingPipeline[0]
      running Unity.Jobs.CodeGen.JobsILPostProcessor
[40m[32minfo[39m[22m[49m: Unity.ILPP.Runner.PostProcessingPipeline[0]
      running Unity.Jobs.CodeGen.JobsILPostProcessor
[40m[32minfo[39m[22m[49m: Unity.ILPP.Runner.PostProcessingPipeline[0]
      running zzzUnity.Burst.CodeGen.BurstILPostProcessor
[40m[32minfo[39m[22m[49m: Unity.ILPP.Runner.PostProcessingPipeline[0]
      running zzzUnity.Burst.CodeGen.BurstILPostProcessor
[40m[32minfo[39m[22m[49m: Unity.ILPP.Runner.PostProcessingPipeline[0]
      running zzzUnity.Burst.CodeGen.BurstILPostProcessor
[40m[32minfo[39m[22m[49m: Unity.ILPP.Runner.PostProcessingPipeline[0]
      running Unity.Jobs.CodeGen.JobsILPostProcessor
[40m[32minfo[39m[22m[49m: Unity.ILPP.Runner.PostProcessingPipeline[0]
      running zzzUnity.Burst.CodeGen.BurstILPostProcessor
[40m[32minfo[39m[22m[49m: Unity.ILPP.Runner.PostProcessingPipeline[0]
      running zzzUnity.Burst.CodeGen.BurstILPostProcessor
[40m[32minfo[39m[22m[49m: Unity.ILPP.Runner.PostProcessingPipeline[0]
      running zzzUnity.Burst.CodeGen.BurstILPostProcessor
[40m[32minfo[39m[22m[49m: Unity.ILPP.Runner.PostProcessingPipeline[0]
      running zzzUnity.Burst.CodeGen.BurstILPostProcessor
[40m[32minfo[39m[22m[49m: Unity.ILPP.Runner.PostProcessingPipeline[0]
      running zzzUnity.Burst.CodeGen.BurstILPostProcessor
[40m[32minfo[39m[22m[49m: Unity.ILPP.Runner.PostProcessingPipeline[0]
      running zzzUnity.Burst.CodeGen.BurstILPostProcessor
[40m[32minfo[39m[22m[49m: Unity.ILPP.Runner.PostProcessingPipeline[0]
      running zzzUnity.Burst.CodeGen.BurstILPostProcessor
[40m[32minfo[39m[22m[49m: Unity.ILPP.Runner.PostProcessingPipeline[0]
      running zzzUnity.Burst.CodeGen.BurstILPostProcessor
[40m[32minfo[39m[22m[49m: Unity.ILPP.Runner.PostProcessingPipeline[0]
      running zzzUnity.Burst.CodeGen.BurstILPostProcessor
[40m[32minfo[39m[22m[49m: Unity.ILPP.Runner.PostProcessingPipeline[0]
      running zzzUnity.Burst.CodeGen.BurstILPostProcessor
[40m[32minfo[39m[22m[49m: Unity.ILPP.Runner.PostProcessingPipeline[0]
      running zzzUnity.Burst.CodeGen.BurstILPostProcessor
[40m[32minfo[39m[22m[49m: Unity.ILPP.Runner.PostProcessingPipeline[0]
      running zzzUnity.Burst.CodeGen.BurstILPostProcessor
[40m[32minfo[39m[22m[49m: Unity.ILPP.Runner.PostProcessingAssemblyLoadContext[0]
      Resolved Unity.Collections, Version=0.0.0.0, Culture=neutral, PublicKeyToken=null with Library/Bee/artifacts/1300b0aE.dag/Unity.Collections.dll
[40m[32minfo[39m[22m[49m: Unity.ILPP.Runner.PostProcessingPipeline[0]
      running zzzUnity.Burst.CodeGen.BurstILPostProcessor
[40m[32minfo[39m[22m[49m: Microsoft.AspNetCore.Routing.EndpointMiddleware[1]
      Executed endpoint 'gRPC - /UnityILPP.PostProcessing/PostProcessAssembly'
[40m[32minfo[39m[22m[49m: Microsoft.AspNetCore.Routing.EndpointMiddleware[1]
      Executed endpoint 'gRPC - /UnityILPP.PostProcessing/PostProcessAssembly'
[40m[32minfo[39m[22m[49m: Microsoft.AspNetCore.Routing.EndpointMiddleware[1]
      Executed endpoint 'gRPC - /UnityILPP.PostProcessing/PostProcessAssembly'
[40m[32minfo[39m[22m[49m: Microsoft.AspNetCore.Routing.EndpointMiddleware[1]
      Executed endpoint 'gRPC - /UnityILPP.PostProcessing/PostProcessAssembly'
[40m[32minfo[39m[22m[49m: Microsoft.AspNetCore.Routing.EndpointMiddleware[1]
      Executed endpoint 'gRPC - /UnityILPP.PostProcessing/PostProcessAssembly'
[40m[32minfo[39m[22m[49m: Microsoft.AspNetCore.Routing.EndpointMiddleware[1]
      Executed endpoint 'gRPC - /UnityILPP.PostProcessing/PostProcessAssembly'
[40m[32minfo[39m[22m[49m: Microsoft.AspNetCore.Routing.EndpointMiddleware[1]
      Executed endpoint 'gRPC - /UnityILPP.PostProcessing/PostProcessAssembly'
[40m[32minfo[39m[22m[49m: Microsoft.AspNetCore.Routing.EndpointMiddleware[1]
      Executed endpoint 'gRPC - /UnityILPP.PostProcessing/PostProcessAssembly'
[40m[32minfo[39m[22m[49m: Microsoft.AspNetCore.Routing.EndpointMiddleware[1]
      Executed endpoint 'gRPC - /UnityILPP.PostProcessing/PostProcessAssembly'
[40m[32minfo[39m[22m[49m: Microsoft.AspNetCore.Routing.EndpointMiddleware[1]
      Executed endpoint 'gRPC - /UnityILPP.PostProcessing/PostProcessAssembly'
[40m[32minfo[39m[22m[49m: Microsoft.AspNetCore.Routing.EndpointMiddleware[1]
      Executed endpoint 'gRPC - /UnityILPP.PostProcessing/PostProcessAssembly'
[40m[32minfo[39m[22m[49m: Microsoft.AspNetCore.Routing.EndpointMiddleware[1]
      Executed endpoint 'gRPC - /UnityILPP.PostProcessing/PostProcessAssembly'
[40m[32minfo[39m[22m[49m: Microsoft.AspNetCore.Hosting.Diagnostics[2]
      Request finished HTTP/2 POST http://ilpp/UnityILPP.PostProcessing/PostProcessAssembly application/grpc - - 200 - application/grpc 47.6062ms
[40m[32minfo[39m[22m[49m: Microsoft.AspNetCore.Hosting.Diagnostics[2]
      Request finished HTTP/2 POST http://ilpp/UnityILPP.PostProcessing/PostProcessAssembly application/grpc - - 200 - application/grpc 46.6977ms
[40m[32minfo[39m[22m[49m: Microsoft.AspNetCore.Hosting.Diagnostics[2]
      Request finished HTTP/2 POST http://ilpp/UnityILPP.PostProcessing/PostProcessAssembly application/grpc - - 200 - application/grpc 45.4096ms
[40m[32minfo[39m[22m[49m: Microsoft.AspNetCore.Hosting.Diagnostics[2]
      Request finished HTTP/2 POST http://ilpp/UnityILPP.PostProcessing/PostProcessAssembly application/grpc - - 200 - application/grpc 9.7980ms
[40m[32minfo[39m[22m[49m: Microsoft.AspNetCore.Routing.EndpointMiddleware[1]
      Executed endpoint 'gRPC - /UnityILPP.PostProcessing/PostProcessAssembly'
[40m[32minfo[39m[22m[49m: Microsoft.AspNetCore.Routing.EndpointMiddleware[1]
      Executed endpoint 'gRPC - /UnityILPP.PostProcessing/PostProcessAssembly'
[40m[32minfo[39m[22m[49m: Microsoft.AspNetCore.Hosting.Diagnostics[2]
      Request finished HTTP/2 POST http://ilpp/UnityILPP.PostProcessing/PostProcessAssembly application/grpc - - 200 - application/grpc 46.7520ms
[40m[32minfo[39m[22m[49m: Microsoft.AspNetCore.Hosting.Diagnostics[2]
      Request finished HTTP/2 POST http://ilpp/UnityILPP.PostProcessing/PostProcessAssembly application/grpc - - 200 - application/grpc 48.8182ms
[40m[32minfo[39m[22m[49m: Microsoft.AspNetCore.Hosting.Diagnostics[2]
      Request finished HTTP/2 POST http://ilpp/UnityILPP.PostProcessing/PostProcessAssembly application/grpc - - 200 - application/grpc 46.8103ms
[40m[32minfo[39m[22m[49m: Microsoft.AspNetCore.Hosting.Diagnostics[2]
      Request finished HTTP/2 POST http://ilpp/UnityILPP.PostProcessing/PostProcessAssembly application/grpc - - 200 - application/grpc 45.0911ms
[40m[32minfo[39m[22m[49m: Microsoft.AspNetCore.Routing.EndpointMiddleware[1]
      Executed endpoint 'gRPC - /UnityILPP.PostProcessing/PostProcessAssembly'
[40m[32minfo[39m[22m[49m: Microsoft.AspNetCore.Hosting.Diagnostics[2]
      Request finished HTTP/2 POST http://ilpp/UnityILPP.PostProcessing/PostProcessAssembly application/grpc - - 200 - application/grpc 15.0414ms
[40m[32minfo[39m[22m[49m: Microsoft.AspNetCore.Routing.EndpointMiddleware[1]
      Executed endpoint 'gRPC - /UnityILPP.PostProcessing/PostProcessAssembly'
[40m[32minfo[39m[22m[49m: Microsoft.AspNetCore.Hosting.Diagnostics[2]
      Request finished HTTP/2 POST http://ilpp/UnityILPP.PostProcessing/PostProcessAssembly application/grpc - - 200 - application/grpc 47.8457ms
[40m[32minfo[39m[22m[49m: Microsoft.AspNetCore.Hosting.Diagnostics[2]
      Request finished HTTP/2 POST http://ilpp/UnityILPP.PostProcessing/PostProcessAssembly application/grpc - - 200 - application/grpc 47.5162ms
[40m[32minfo[39m[22m[49m: Microsoft.AspNetCore.Hosting.Diagnostics[2]
      Request finished HTTP/2 POST http://ilpp/UnityILPP.PostProcessing/PostProcessAssembly application/grpc - - 200 - application/grpc 49.0240ms
[40m[32minfo[39m[22m[49m: Microsoft.AspNetCore.Hosting.Diagnostics[2]
      Request finished HTTP/2 POST http://ilpp/UnityILPP.PostProcessing/PostProcessAssembly application/grpc - - 200 - application/grpc 47.1556ms
[40m[32minfo[39m[22m[49m: Microsoft.AspNetCore.Hosting.Diagnostics[2]
      Request finished HTTP/2 POST http://ilpp/UnityILPP.PostProcessing/PostProcessAssembly application/grpc - - 200 - application/grpc 48.4613ms
[40m[32minfo[39m[22m[49m: Microsoft.AspNetCore.Hosting.Diagnostics[2]
      Request finished HTTP/2 POST http://ilpp/UnityILPP.PostProcessing/PostProcessAssembly application/grpc - - 200 - application/grpc 50.1590ms
[40m[32minfo[39m[22m[49m: Microsoft.AspNetCore.Hosting.Diagnostics[2]
      Request finished HTTP/2 POST http://ilpp/UnityILPP.PostProcessing/PostProcessAssembly application/grpc - - 200 - application/grpc 50.2503ms
[40m[32minfo[39m[22m[49m: Microsoft.AspNetCore.Hosting.Diagnostics[1]
      Request starting HTTP/2 POST http://ilpp/UnityILPP.PostProcessing/PostProcessAssembly application/grpc -
[40m[32minfo[39m[22m[49m: Microsoft.AspNetCore.Routing.EndpointMiddleware[0]
      Executing endpoint 'gRPC - /UnityILPP.PostProcessing/PostProcessAssembly'
[40m[32minfo[39m[22m[49m: Unity.ILPP.Runner.PostProcessingPipeline[0]
      Processing assembly Library/Bee/artifacts/1300b0aE.dag/Oculus.Interaction.Samples.dll, with 136 defines and 263 references
[40m[32minfo[39m[22m[49m: Unity.ILPP.Runner.PostProcessingPipeline[0]
      processors: Unity.Jobs.CodeGen.JobsILPostProcessor, zzzUnity.Burst.CodeGen.BurstILPostProcessor
[40m[32minfo[39m[22m[49m: Unity.ILPP.Runner.PostProcessingPipeline[0]
      running Unity.Jobs.CodeGen.JobsILPostProcessor
[40m[32minfo[39m[22m[49m: Unity.ILPP.Runner.PostProcessingPipeline[0]
      running zzzUnity.Burst.CodeGen.BurstILPostProcessor
[40m[32minfo[39m[22m[49m: Microsoft.AspNetCore.Routing.EndpointMiddleware[1]
      Executed endpoint 'gRPC - /UnityILPP.PostProcessing/PostProcessAssembly'
[40m[32minfo[39m[22m[49m: Microsoft.AspNetCore.Hosting.Diagnostics[2]
      Request finished HTTP/2 POST http://ilpp/UnityILPP.PostProcessing/PostProcessAssembly application/grpc - - 200 - application/grpc 1.3083ms
[40m[32minfo[39m[22m[49m: Microsoft.AspNetCore.Hosting.Diagnostics[1]
      Request starting HTTP/2 POST http://ilpp/UnityILPP.PostProcessing/PostProcessAssembly application/grpc -
[40m[32minfo[39m[22m[49m: Microsoft.AspNetCore.Routing.EndpointMiddleware[0]
      Executing endpoint 'gRPC - /UnityILPP.PostProcessing/PostProcessAssembly'
[40m[32minfo[39m[22m[49m: Unity.ILPP.Runner.PostProcessingPipeline[0]
      Processing assembly Library/Bee/artifacts/1300b0aE.dag/VoiceSDK.Telemetry.Runtime.dll, with 136 defines and 261 references
[40m[32minfo[39m[22m[49m: Unity.ILPP.Runner.PostProcessingPipeline[0]
      processors: Unity.Jobs.CodeGen.JobsILPostProcessor, zzzUnity.Burst.CodeGen.BurstILPostProcessor
[40m[32minfo[39m[22m[49m: Unity.ILPP.Runner.PostProcessingPipeline[0]
      running Unity.Jobs.CodeGen.JobsILPostProcessor
[40m[32minfo[39m[22m[49m: Unity.ILPP.Runner.PostProcessingPipeline[0]
      running zzzUnity.Burst.CodeGen.BurstILPostProcessor
[40m[32minfo[39m[22m[49m: Microsoft.AspNetCore.Routing.EndpointMiddleware[1]
      Executed endpoint 'gRPC - /UnityILPP.PostProcessing/PostProcessAssembly'
[40m[32minfo[39m[22m[49m: Microsoft.AspNetCore.Hosting.Diagnostics[2]
      Request finished HTTP/2 POST http://ilpp/UnityILPP.PostProcessing/PostProcessAssembly application/grpc - - 200 - application/grpc 0.6496ms
[40m[32minfo[39m[22m[49m: Microsoft.AspNetCore.Hosting.Diagnostics[1]
      Request starting HTTP/2 POST http://ilpp/UnityILPP.PostProcessing/PostProcessAssembly application/grpc -
[40m[32minfo[39m[22m[49m: Microsoft.AspNetCore.Routing.EndpointMiddleware[0]
      Executing endpoint 'gRPC - /UnityILPP.PostProcessing/PostProcessAssembly'
[40m[32minfo[39m[22m[49m: Unity.ILPP.Runner.PostProcessingPipeline[0]
      Processing assembly Library/Bee/artifacts/1300b0aE.dag/Meta.WitAi.dll, with 136 defines and 268 references
[40m[32minfo[39m[22m[49m: Unity.ILPP.Runner.PostProcessingPipeline[0]
      processors: Unity.Jobs.CodeGen.JobsILPostProcessor, zzzUnity.Burst.CodeGen.BurstILPostProcessor
[40m[32minfo[39m[22m[49m: Unity.ILPP.Runner.PostProcessingPipeline[0]
      running Unity.Jobs.CodeGen.JobsILPostProcessor
[40m[32minfo[39m[22m[49m: Unity.ILPP.Runner.PostProcessingPipeline[0]
      running zzzUnity.Burst.CodeGen.BurstILPostProcessor
[40m[32minfo[39m[22m[49m: Microsoft.AspNetCore.Routing.EndpointMiddleware[1]
      Executed endpoint 'gRPC - /UnityILPP.PostProcessing/PostProcessAssembly'
[40m[32minfo[39m[22m[49m: Microsoft.AspNetCore.Hosting.Diagnostics[2]
      Request finished HTTP/2 POST http://ilpp/UnityILPP.PostProcessing/PostProcessAssembly application/grpc - - 200 - application/grpc 4.1498ms
[40m[32minfo[39m[22m[49m: Microsoft.AspNetCore.Hosting.Diagnostics[1]
      Request starting HTTP/2 POST http://ilpp/UnityILPP.PostProcessing/PostProcessAssembly application/grpc -
[40m[32minfo[39m[22m[49m: Microsoft.AspNetCore.Routing.EndpointMiddleware[0]
      Executing endpoint 'gRPC - /UnityILPP.PostProcessing/PostProcessAssembly'
[40m[32minfo[39m[22m[49m: Unity.ILPP.Runner.PostProcessingPipeline[0]
      Processing assembly Library/Bee/artifacts/1300b0aE.dag/Unity.RenderPipelines.ShaderGraph.ShaderGraphLibrary.dll, with 135 defines and 261 references
[40m[32minfo[39m[22m[49m: Unity.ILPP.Runner.PostProcessingPipeline[0]
      processors: Unity.Jobs.CodeGen.JobsILPostProcessor, zzzUnity.Burst.CodeGen.BurstILPostProcessor
[40m[32minfo[39m[22m[49m: Unity.ILPP.Runner.PostProcessingPipeline[0]
      running Unity.Jobs.CodeGen.JobsILPostProcessor
[40m[32minfo[39m[22m[49m: Unity.ILPP.Runner.PostProcessingPipeline[0]
      running zzzUnity.Burst.CodeGen.BurstILPostProcessor
[40m[32minfo[39m[22m[49m: Microsoft.AspNetCore.Routing.EndpointMiddleware[1]
      Executed endpoint 'gRPC - /UnityILPP.PostProcessing/PostProcessAssembly'
[40m[32minfo[39m[22m[49m: Microsoft.AspNetCore.Hosting.Diagnostics[2]
      Request finished HTTP/2 POST http://ilpp/UnityILPP.PostProcessing/PostProcessAssembly application/grpc - - 200 - application/grpc 0.6953ms
[40m[32minfo[39m[22m[49m: Microsoft.AspNetCore.Hosting.Diagnostics[1]
      Request starting HTTP/2 POST http://ilpp/UnityILPP.PostProcessing/PostProcessAssembly application/grpc -
[40m[32minfo[39m[22m[49m: Microsoft.AspNetCore.Routing.EndpointMiddleware[0]
      Executing endpoint 'gRPC - /UnityILPP.PostProcessing/PostProcessAssembly'
[40m[32minfo[39m[22m[49m: Unity.ILPP.Runner.PostProcessingPipeline[0]
      Processing assembly Library/Bee/artifacts/1300b0aE.dag/Meta.VoiceSDK.Mic.WebGL.dll, with 136 defines and 263 references
[40m[32minfo[39m[22m[49m: Unity.ILPP.Runner.PostProcessingPipeline[0]
      processors: Unity.Jobs.CodeGen.JobsILPostProcessor, zzzUnity.Burst.CodeGen.BurstILPostProcessor
[40m[32minfo[39m[22m[49m: Unity.ILPP.Runner.PostProcessingPipeline[0]
      running Unity.Jobs.CodeGen.JobsILPostProcessor
[40m[32minfo[39m[22m[49m: Unity.ILPP.Runner.PostProcessingPipeline[0]
      running zzzUnity.Burst.CodeGen.BurstILPostProcessor
[40m[32minfo[39m[22m[49m: Microsoft.AspNetCore.Hosting.Diagnostics[1]
      Request starting HTTP/2 POST http://ilpp/UnityILPP.PostProcessing/PostProcessAssembly application/grpc -
[40m[32minfo[39m[22m[49m: Microsoft.AspNetCore.Routing.EndpointMiddleware[0]
      Executing endpoint 'gRPC - /UnityILPP.PostProcessing/PostProcessAssembly'
[40m[32minfo[39m[22m[49m: Unity.ILPP.Runner.PostProcessingPipeline[0]
      Processing assembly Library/Bee/artifacts/1300b0aE.dag/Unity.VisualScripting.Core.dll, with 140 defines and 262 references
[40m[32minfo[39m[22m[49m: Unity.ILPP.Runner.PostProcessingPipeline[0]
      processors: Unity.Jobs.CodeGen.JobsILPostProcessor, zzzUnity.Burst.CodeGen.BurstILPostProcessor
[40m[32minfo[39m[22m[49m: Microsoft.AspNetCore.Hosting.Diagnostics[1]
      Request starting HTTP/2 POST http://ilpp/UnityILPP.PostProcessing/PostProcessAssembly application/grpc -
[40m[32minfo[39m[22m[49m: Microsoft.AspNetCore.Routing.EndpointMiddleware[0]
      Executing endpoint 'gRPC - /UnityILPP.PostProcessing/PostProcessAssembly'
[40m[32minfo[39m[22m[49m: Unity.ILPP.Runner.PostProcessingPipeline[0]
      Processing assembly Library/Bee/artifacts/1300b0aE.dag/Meta.Voice.Hub.Runtime.dll, with 136 defines and 261 references
[40m[32minfo[39m[22m[49m: Unity.ILPP.Runner.PostProcessingPipeline[0]
      processors: Unity.Jobs.CodeGen.JobsILPostProcessor, zzzUnity.Burst.CodeGen.BurstILPostProcessor
[40m[32minfo[39m[22m[49m: Unity.ILPP.Runner.PostProcessingPipeline[0]
      running Unity.Jobs.CodeGen.JobsILPostProcessor
[40m[32minfo[39m[22m[49m: Unity.ILPP.Runner.PostProcessingPipeline[0]
      running zzzUnity.Burst.CodeGen.BurstILPostProcessor
[40m[32minfo[39m[22m[49m: Microsoft.AspNetCore.Routing.EndpointMiddleware[1]
      Executed endpoint 'gRPC - /UnityILPP.PostProcessing/PostProcessAssembly'
[40m[32minfo[39m[22m[49m: Microsoft.AspNetCore.Hosting.Diagnostics[2]
      Request finished HTTP/2 POST http://ilpp/UnityILPP.PostProcessing/PostProcessAssembly application/grpc - - 200 - application/grpc 0.8888ms
[40m[32minfo[39m[22m[49m: Unity.ILPP.Runner.PostProcessingPipeline[0]
      running Unity.Jobs.CodeGen.JobsILPostProcessor
[40m[32minfo[39m[22m[49m: Microsoft.AspNetCore.Routing.EndpointMiddleware[1]
      Executed endpoint 'gRPC - /UnityILPP.PostProcessing/PostProcessAssembly'
[40m[32minfo[39m[22m[49m: Microsoft.AspNetCore.Hosting.Diagnostics[2]
      Request finished HTTP/2 POST http://ilpp/UnityILPP.PostProcessing/PostProcessAssembly application/grpc - - 200 - application/grpc 0.4800ms
[40m[32minfo[39m[22m[49m: Unity.ILPP.Runner.PostProcessingPipeline[0]
      running zzzUnity.Burst.CodeGen.BurstILPostProcessor
[40m[32minfo[39m[22m[49m: Microsoft.AspNetCore.Hosting.Diagnostics[1]
      Request starting HTTP/2 POST http://ilpp/UnityILPP.PostProcessing/PostProcessAssembly application/grpc -
[40m[32minfo[39m[22m[49m: Microsoft.AspNetCore.Routing.EndpointMiddleware[0]
      Executing endpoint 'gRPC - /UnityILPP.PostProcessing/PostProcessAssembly'
[40m[32minfo[39m[22m[49m: Microsoft.AspNetCore.Routing.EndpointMiddleware[1]
      Executed endpoint 'gRPC - /UnityILPP.PostProcessing/PostProcessAssembly'
[40m[32minfo[39m[22m[49m: Microsoft.AspNetCore.Hosting.Diagnostics[2]
      Request finished HTTP/2 POST http://ilpp/UnityILPP.PostProcessing/PostProcessAssembly application/grpc - - 200 - application/grpc 1.5120ms
[40m[32minfo[39m[22m[49m: Unity.ILPP.Runner.PostProcessingPipeline[0]
      Processing assembly Library/Bee/artifacts/1300b0aE.dag/Oculus.Platform.dll, with 137 defines and 261 references
[40m[32minfo[39m[22m[49m: Unity.ILPP.Runner.PostProcessingPipeline[0]
      processors: Unity.Jobs.CodeGen.JobsILPostProcessor, zzzUnity.Burst.CodeGen.BurstILPostProcessor
[40m[32minfo[39m[22m[49m: Microsoft.AspNetCore.Hosting.Diagnostics[1]
      Request starting HTTP/2 POST http://ilpp/UnityILPP.PostProcessing/PostProcessAssembly application/grpc -
[40m[32minfo[39m[22m[49m: Unity.ILPP.Runner.PostProcessingPipeline[0]
      running Unity.Jobs.CodeGen.JobsILPostProcessor
[40m[32minfo[39m[22m[49m: Microsoft.AspNetCore.Routing.EndpointMiddleware[0]
      Executing endpoint 'gRPC - /UnityILPP.PostProcessing/PostProcessAssembly'
[40m[32minfo[39m[22m[49m: Unity.ILPP.Runner.PostProcessingPipeline[0]
      running zzzUnity.Burst.CodeGen.BurstILPostProcessor
[40m[32minfo[39m[22m[49m: Unity.ILPP.Runner.PostProcessingPipeline[0]
      Processing assembly Library/Bee/artifacts/1300b0aE.dag/Unity.InputSystem.TestFramework.dll, with 136 defines and 245 references
[40m[32minfo[39m[22m[49m: Unity.ILPP.Runner.PostProcessingPipeline[0]
      processors: Unity.Jobs.CodeGen.JobsILPostProcessor, zzzUnity.Burst.CodeGen.BurstILPostProcessor
[40m[32minfo[39m[22m[49m: Unity.ILPP.Runner.PostProcessingPipeline[0]
      running Unity.Jobs.CodeGen.JobsILPostProcessor
[40m[32minfo[39m[22m[49m: Unity.ILPP.Runner.PostProcessingPipeline[0]
      running zzzUnity.Burst.CodeGen.BurstILPostProcessor
[40m[32minfo[39m[22m[49m: Microsoft.AspNetCore.Routing.EndpointMiddleware[1]
      Executed endpoint 'gRPC - /UnityILPP.PostProcessing/PostProcessAssembly'
[40m[32minfo[39m[22m[49m: Microsoft.AspNetCore.Hosting.Diagnostics[2]
      Request finished HTTP/2 POST http://ilpp/UnityILPP.PostProcessing/PostProcessAssembly application/grpc - - 200 - application/grpc 2.8387ms
[40m[32minfo[39m[22m[49m: Microsoft.AspNetCore.Routing.EndpointMiddleware[1]
      Executed endpoint 'gRPC - /UnityILPP.PostProcessing/PostProcessAssembly'
[40m[32minfo[39m[22m[49m: Microsoft.AspNetCore.Hosting.Diagnostics[2]
      Request finished HTTP/2 POST http://ilpp/UnityILPP.PostProcessing/PostProcessAssembly application/grpc - - 200 - application/grpc 0.5012ms
[40m[32minfo[39m[22m[49m: Microsoft.AspNetCore.Hosting.Diagnostics[1]
      Request starting HTTP/2 POST http://ilpp/UnityILPP.PostProcessing/PostProcessAssembly application/grpc -
[40m[32minfo[39m[22m[49m: Microsoft.AspNetCore.Routing.EndpointMiddleware[0]
      Executing endpoint 'gRPC - /UnityILPP.PostProcessing/PostProcessAssembly'
[40m[32minfo[39m[22m[49m: Unity.ILPP.Runner.PostProcessingPipeline[0]
      Processing assembly Library/Bee/artifacts/1300b0aE.dag/Unity.WebRTC.dll, with 135 defines and 261 references
[40m[32minfo[39m[22m[49m: Unity.ILPP.Runner.PostProcessingPipeline[0]
      processors: Unity.Jobs.CodeGen.JobsILPostProcessor, zzzUnity.Burst.CodeGen.BurstILPostProcessor
[40m[32minfo[39m[22m[49m: Microsoft.AspNetCore.Hosting.Diagnostics[1]
      Request starting HTTP/2 POST http://ilpp/UnityILPP.PostProcessing/PostProcessAssembly application/grpc -
[40m[32minfo[39m[22m[49m: Microsoft.AspNetCore.Routing.EndpointMiddleware[0]
      Executing endpoint 'gRPC - /UnityILPP.PostProcessing/PostProcessAssembly'
[40m[32minfo[39m[22m[49m: Unity.ILPP.Runner.PostProcessingPipeline[0]
      Processing assembly Library/Bee/artifacts/1300b0aE.dag/Meta.Voice.Opus.dll, with 136 defines and 261 references
[40m[32minfo[39m[22m[49m: Unity.ILPP.Runner.PostProcessingPipeline[0]
      processors: Unity.Jobs.CodeGen.JobsILPostProcessor, zzzUnity.Burst.CodeGen.BurstILPostProcessor
[40m[32minfo[39m[22m[49m: Unity.ILPP.Runner.PostProcessingPipeline[0]
      running Unity.Jobs.CodeGen.JobsILPostProcessor
[40m[32minfo[39m[22m[49m: Unity.ILPP.Runner.PostProcessingPipeline[0]
      running zzzUnity.Burst.CodeGen.BurstILPostProcessor
[40m[32minfo[39m[22m[49m: Unity.ILPP.Runner.PostProcessingPipeline[0]
      running Unity.Jobs.CodeGen.JobsILPostProcessor
[40m[32minfo[39m[22m[49m: Unity.ILPP.Runner.PostProcessingPipeline[0]
      running zzzUnity.Burst.CodeGen.BurstILPostProcessor
[40m[32minfo[39m[22m[49m: Microsoft.AspNetCore.Routing.EndpointMiddleware[1]
      Executed endpoint 'gRPC - /UnityILPP.PostProcessing/PostProcessAssembly'
[40m[32minfo[39m[22m[49m: Microsoft.AspNetCore.Hosting.Diagnostics[2]
      Request finished HTTP/2 POST http://ilpp/UnityILPP.PostProcessing/PostProcessAssembly application/grpc - - 200 - application/grpc 0.4626ms
[40m[32minfo[39m[22m[49m: Microsoft.AspNetCore.Routing.EndpointMiddleware[1]
      Executed endpoint 'gRPC - /UnityILPP.PostProcessing/PostProcessAssembly'
[40m[32minfo[39m[22m[49m: Microsoft.AspNetCore.Hosting.Diagnostics[2]
      Request finished HTTP/2 POST http://ilpp/UnityILPP.PostProcessing/PostProcessAssembly application/grpc - - 200 - application/grpc 0.7738ms
[40m[32minfo[39m[22m[49m: Microsoft.AspNetCore.Hosting.Diagnostics[1]
      Request starting HTTP/2 POST http://ilpp/UnityILPP.PostProcessing/PostProcessAssembly application/grpc -
[40m[32minfo[39m[22m[49m: Microsoft.AspNetCore.Routing.EndpointMiddleware[0]
      Executing endpoint 'gRPC - /UnityILPP.PostProcessing/PostProcessAssembly'
[40m[32minfo[39m[22m[49m: Unity.ILPP.Runner.PostProcessingPipeline[0]
      Processing assembly Library/Bee/artifacts/1300b0aE.dag/Unity.XR.Management.dll, with 136 defines and 261 references
[40m[32minfo[39m[22m[49m: Unity.ILPP.Runner.PostProcessingPipeline[0]
      processors: Unity.Jobs.CodeGen.JobsILPostProcessor, zzzUnity.Burst.CodeGen.BurstILPostProcessor
[40m[32minfo[39m[22m[49m: Unity.ILPP.Runner.PostProcessingPipeline[0]
      running Unity.Jobs.CodeGen.JobsILPostProcessor
[40m[32minfo[39m[22m[49m: Unity.ILPP.Runner.PostProcessingPipeline[0]
      running zzzUnity.Burst.CodeGen.BurstILPostProcessor
[40m[32minfo[39m[22m[49m: Microsoft.AspNetCore.Routing.EndpointMiddleware[1]
      Executed endpoint 'gRPC - /UnityILPP.PostProcessing/PostProcessAssembly'
[40m[32minfo[39m[22m[49m: Microsoft.AspNetCore.Hosting.Diagnostics[2]
      Request finished HTTP/2 POST http://ilpp/UnityILPP.PostProcessing/PostProcessAssembly application/grpc - - 200 - application/grpc 1.6042ms
[40m[32minfo[39m[22m[49m: Microsoft.AspNetCore.Hosting.Diagnostics[1]
      Request starting HTTP/2 POST http://ilpp/UnityILPP.PostProcessing/PostProcessAssembly application/grpc -
[40m[32minfo[39m[22m[49m: Microsoft.AspNetCore.Routing.EndpointMiddleware[0]
      Executing endpoint 'gRPC - /UnityILPP.PostProcessing/PostProcessAssembly'
[40m[32minfo[39m[22m[49m: Unity.ILPP.Runner.PostProcessingPipeline[0]
      Processing assembly Library/Bee/artifacts/1300b0aE.dag/UnityEngine.XR.LegacyInputHelpers.dll, with 135 defines and 262 references
[40m[32minfo[39m[22m[49m: Unity.ILPP.Runner.PostProcessingPipeline[0]
      processors: Unity.Jobs.CodeGen.JobsILPostProcessor, zzzUnity.Burst.CodeGen.BurstILPostProcessor
[40m[32minfo[39m[22m[49m: Unity.ILPP.Runner.PostProcessingPipeline[0]
      running Unity.Jobs.CodeGen.JobsILPostProcessor
[40m[32minfo[39m[22m[49m: Unity.ILPP.Runner.PostProcessingPipeline[0]
      running zzzUnity.Burst.CodeGen.BurstILPostProcessor
[40m[32minfo[39m[22m[49m: Microsoft.AspNetCore.Hosting.Diagnostics[1]
      Request starting HTTP/2 POST http://ilpp/UnityILPP.PostProcessing/PostProcessAssembly application/grpc -
[40m[32minfo[39m[22m[49m: Microsoft.AspNetCore.Routing.EndpointMiddleware[0]
      Executing endpoint 'gRPC - /UnityILPP.PostProcessing/PostProcessAssembly'
[40m[32minfo[39m[22m[49m: Unity.ILPP.Runner.PostProcessingPipeline[0]
      Processing assembly Library/Bee/artifacts/1300b0aE.dag/Unity.RenderPipelines.Universal.Shaders.dll, with 135 defines and 261 references
[40m[32minfo[39m[22m[49m: Unity.ILPP.Runner.PostProcessingPipeline[0]
      processors: Unity.Jobs.CodeGen.JobsILPostProcessor, zzzUnity.Burst.CodeGen.BurstILPostProcessor
[40m[32minfo[39m[22m[49m: Unity.ILPP.Runner.PostProcessingPipeline[0]
      running Unity.Jobs.CodeGen.JobsILPostProcessor
[40m[32minfo[39m[22m[49m: Unity.ILPP.Runner.PostProcessingPipeline[0]
      running zzzUnity.Burst.CodeGen.BurstILPostProcessor
[40m[32minfo[39m[22m[49m: Microsoft.AspNetCore.Hosting.Diagnostics[1]
      Request starting HTTP/2 POST http://ilpp/UnityILPP.PostProcessing/PostProcessAssembly application/grpc -
[40m[32minfo[39m[22m[49m: Microsoft.AspNetCore.Routing.EndpointMiddleware[0]
      Executing endpoint 'gRPC - /UnityILPP.PostProcessing/PostProcessAssembly'
[40m[32minfo[39m[22m[49m: Unity.ILPP.Runner.PostProcessingPipeline[0]
      Processing assembly Library/Bee/artifacts/1300b0aE.dag/Unity.Multiplayer.Center.Common.dll, with 135 defines and 261 references
[40m[32minfo[39m[22m[49m: Unity.ILPP.Runner.PostProcessingPipeline[0]
      processors: Unity.Jobs.CodeGen.JobsILPostProcessor, zzzUnity.Burst.CodeGen.BurstILPostProcessor
[40m[32minfo[39m[22m[49m: Microsoft.AspNetCore.Routing.EndpointMiddleware[1]
      Executed endpoint 'gRPC - /UnityILPP.PostProcessing/PostProcessAssembly'
[40m[32minfo[39m[22m[49m: Microsoft.AspNetCore.Routing.EndpointMiddleware[1]
      Executed endpoint 'gRPC - /UnityILPP.PostProcessing/PostProcessAssembly'
[40m[32minfo[39m[22m[49m: Unity.ILPP.Runner.PostProcessingPipeline[0]
      running Unity.Jobs.CodeGen.JobsILPostProcessor
[40m[32minfo[39m[22m[49m: Unity.ILPP.Runner.PostProcessingPipeline[0]
      running zzzUnity.Burst.CodeGen.BurstILPostProcessor
[40m[32minfo[39m[22m[49m: Microsoft.AspNetCore.Hosting.Diagnostics[2]
      Request finished HTTP/2 POST http://ilpp/UnityILPP.PostProcessing/PostProcessAssembly application/grpc - - 200 - application/grpc 0.5635ms
[40m[32minfo[39m[22m[49m: Microsoft.AspNetCore.Hosting.Diagnostics[2]
      Request finished HTTP/2 POST http://ilpp/UnityILPP.PostProcessing/PostProcessAssembly application/grpc - - 200 - application/grpc 0.9221ms
[40m[32minfo[39m[22m[49m: Microsoft.AspNetCore.Routing.EndpointMiddleware[1]
      Executed endpoint 'gRPC - /UnityILPP.PostProcessing/PostProcessAssembly'
[40m[32minfo[39m[22m[49m: Microsoft.AspNetCore.Hosting.Diagnostics[2]
      Request finished HTTP/2 POST http://ilpp/UnityILPP.PostProcessing/PostProcessAssembly application/grpc - - 200 - application/grpc 0.3000ms
[40m[32minfo[39m[22m[49m: Microsoft.AspNetCore.Hosting.Diagnostics[1]
      Request starting HTTP/2 POST http://ilpp/UnityILPP.PostProcessing/PostProcessAssembly application/grpc -
[40m[32minfo[39m[22m[49m: Microsoft.AspNetCore.Routing.EndpointMiddleware[0]
      Executing endpoint 'gRPC - /UnityILPP.PostProcessing/PostProcessAssembly'
[40m[32minfo[39m[22m[49m: Unity.ILPP.Runner.PostProcessingPipeline[0]
      Processing assembly Library/Bee/artifacts/1300b0aE.dag/Meta.VoiceSDK.Mic.Common.dll, with 136 defines and 262 references
[40m[32minfo[39m[22m[49m: Unity.ILPP.Runner.PostProcessingPipeline[0]
      processors: Unity.Jobs.CodeGen.JobsILPostProcessor, zzzUnity.Burst.CodeGen.BurstILPostProcessor
[40m[32minfo[39m[22m[49m: Unity.ILPP.Runner.PostProcessingPipeline[0]
      running Unity.Jobs.CodeGen.JobsILPostProcessor
[40m[32minfo[39m[22m[49m: Unity.ILPP.Runner.PostProcessingPipeline[0]
      running zzzUnity.Burst.CodeGen.BurstILPostProcessor
[40m[32minfo[39m[22m[49m: Microsoft.AspNetCore.Routing.EndpointMiddleware[1]
      Executed endpoint 'gRPC - /UnityILPP.PostProcessing/PostProcessAssembly'
[40m[32minfo[39m[22m[49m: Microsoft.AspNetCore.Hosting.Diagnostics[2]
      Request finished HTTP/2 POST http://ilpp/UnityILPP.PostProcessing/PostProcessAssembly application/grpc - - 200 - application/grpc 0.4620ms
[40m[32minfo[39m[22m[49m: Microsoft.AspNetCore.Hosting.Diagnostics[1]
      Request starting HTTP/2 POST http://ilpp/UnityILPP.PostProcessing/PostProcessAssembly application/grpc -
[40m[32minfo[39m[22m[49m: Microsoft.AspNetCore.Routing.EndpointMiddleware[0]
      Executing endpoint 'gRPC - /UnityILPP.PostProcessing/PostProcessAssembly'
[40m[32minfo[39m[22m[49m: Unity.ILPP.Runner.PostProcessingPipeline[0]
      Processing assembly Library/Bee/artifacts/1300b0aE.dag/VoiceSDK.Dictation.Runtime.dll, with 136 defines and 266 references
[40m[32minfo[39m[22m[49m: Unity.ILPP.Runner.PostProcessingPipeline[0]
      processors: Unity.Jobs.CodeGen.JobsILPostProcessor, zzzUnity.Burst.CodeGen.BurstILPostProcessor
[40m[32minfo[39m[22m[49m: Unity.ILPP.Runner.PostProcessingPipeline[0]
      running Unity.Jobs.CodeGen.JobsILPostProcessor
[40m[32minfo[39m[22m[49m: Unity.ILPP.Runner.PostProcessingPipeline[0]
      running zzzUnity.Burst.CodeGen.BurstILPostProcessor
[40m[32minfo[39m[22m[49m: Microsoft.AspNetCore.Routing.EndpointMiddleware[1]
      Executed endpoint 'gRPC - /UnityILPP.PostProcessing/PostProcessAssembly'
[40m[32minfo[39m[22m[49m: Microsoft.AspNetCore.Hosting.Diagnostics[2]
      Request finished HTTP/2 POST http://ilpp/UnityILPP.PostProcessing/PostProcessAssembly application/grpc - - 200 - application/grpc 0.6635ms
[40m[32minfo[39m[22m[49m: Microsoft.AspNetCore.Hosting.Diagnostics[1]
      Request starting HTTP/2 POST http://ilpp/UnityILPP.PostProcessing/PostProcessAssembly application/grpc -
[40m[32minfo[39m[22m[49m: Microsoft.AspNetCore.Routing.EndpointMiddleware[0]
      Executing endpoint 'gRPC - /UnityILPP.PostProcessing/PostProcessAssembly'
[40m[32minfo[39m[22m[49m: Unity.ILPP.Runner.PostProcessingPipeline[0]
      Processing assembly Library/Bee/artifacts/1300b0aE.dag/Meta.XR.Audio.dll, with 137 defines and 261 references
[40m[32minfo[39m[22m[49m: Unity.ILPP.Runner.PostProcessingPipeline[0]
      processors: Unity.Jobs.CodeGen.JobsILPostProcessor, zzzUnity.Burst.CodeGen.BurstILPostProcessor
[40m[32minfo[39m[22m[49m: Unity.ILPP.Runner.PostProcessingPipeline[0]
      running Unity.Jobs.CodeGen.JobsILPostProcessor
[40m[32minfo[39m[22m[49m: Unity.ILPP.Runner.PostProcessingPipeline[0]
      running zzzUnity.Burst.CodeGen.BurstILPostProcessor
[40m[32minfo[39m[22m[49m: Microsoft.AspNetCore.Routing.EndpointMiddleware[1]
      Executed endpoint 'gRPC - /UnityILPP.PostProcessing/PostProcessAssembly'
[40m[32minfo[39m[22m[49m: Microsoft.AspNetCore.Hosting.Diagnostics[2]
      Request finished HTTP/2 POST http://ilpp/UnityILPP.PostProcessing/PostProcessAssembly application/grpc - - 200 - application/grpc 1.2138ms
[40m[32minfo[39m[22m[49m: Microsoft.AspNetCore.Hosting.Diagnostics[1]
      Request starting HTTP/2 POST http://ilpp/UnityILPP.PostProcessing/PostProcessAssembly application/grpc -
[40m[32minfo[39m[22m[49m: Microsoft.AspNetCore.Routing.EndpointMiddleware[0]
      Executing endpoint 'gRPC - /UnityILPP.PostProcessing/PostProcessAssembly'
[40m[32minfo[39m[22m[49m: Unity.ILPP.Runner.PostProcessingPipeline[0]
      Processing assembly Library/Bee/artifacts/1300b0aE.dag/VoiceSDK.Runtime.Composer.dll, with 136 defines and 269 references
[40m[32minfo[39m[22m[49m: Unity.ILPP.Runner.PostProcessingPipeline[0]
      processors: Unity.Jobs.CodeGen.JobsILPostProcessor, zzzUnity.Burst.CodeGen.BurstILPostProcessor
[40m[32minfo[39m[22m[49m: Unity.ILPP.Runner.PostProcessingPipeline[0]
      running Unity.Jobs.CodeGen.JobsILPostProcessor
[40m[32minfo[39m[22m[49m: Unity.ILPP.Runner.PostProcessingPipeline[0]
      running zzzUnity.Burst.CodeGen.BurstILPostProcessor
[40m[32minfo[39m[22m[49m: Microsoft.AspNetCore.Routing.EndpointMiddleware[1]
      Executed endpoint 'gRPC - /UnityILPP.PostProcessing/PostProcessAssembly'
[40m[32minfo[39m[22m[49m: Microsoft.AspNetCore.Hosting.Diagnostics[2]
      Request finished HTTP/2 POST http://ilpp/UnityILPP.PostProcessing/PostProcessAssembly application/grpc - - 200 - application/grpc 0.9953ms
[40m[32minfo[39m[22m[49m: Microsoft.AspNetCore.Hosting.Diagnostics[1]
      Request starting HTTP/2 POST http://ilpp/UnityILPP.PostProcessing/PostProcessAssembly application/grpc -
[40m[32minfo[39m[22m[49m: Microsoft.AspNetCore.Routing.EndpointMiddleware[0]
      Executing endpoint 'gRPC - /UnityILPP.PostProcessing/PostProcessAssembly'
[40m[32minfo[39m[22m[49m: Unity.ILPP.Runner.PostProcessingPipeline[0]
      Processing assembly Library/Bee/artifacts/1300b0aE.dag/Unity.VisualScripting.Flow.dll, with 143 defines and 263 references
[40m[32minfo[39m[22m[49m: Unity.ILPP.Runner.PostProcessingPipeline[0]
      processors: Unity.Jobs.CodeGen.JobsILPostProcessor, zzzUnity.Burst.CodeGen.BurstILPostProcessor
[40m[32minfo[39m[22m[49m: Unity.ILPP.Runner.PostProcessingPipeline[0]
      running Unity.Jobs.CodeGen.JobsILPostProcessor
[40m[32minfo[39m[22m[49m: Unity.ILPP.Runner.PostProcessingPipeline[0]
      running zzzUnity.Burst.CodeGen.BurstILPostProcessor
[40m[32minfo[39m[22m[49m: Microsoft.AspNetCore.Routing.EndpointMiddleware[1]
      Executed endpoint 'gRPC - /UnityILPP.PostProcessing/PostProcessAssembly'
[40m[32minfo[39m[22m[49m: Microsoft.AspNetCore.Hosting.Diagnostics[2]
      Request finished HTTP/2 POST http://ilpp/UnityILPP.PostProcessing/PostProcessAssembly application/grpc - - 200 - application/grpc 1.1857ms
[40m[32minfo[39m[22m[49m: Microsoft.AspNetCore.Hosting.Diagnostics[1]
      Request starting HTTP/2 POST http://ilpp/UnityILPP.PostProcessing/PostProcessAssembly application/grpc -
[40m[32minfo[39m[22m[49m: Microsoft.AspNetCore.Routing.EndpointMiddleware[0]
      Executing endpoint 'gRPC - /UnityILPP.PostProcessing/PostProcessAssembly'
[40m[32minfo[39m[22m[49m: Unity.ILPP.Runner.PostProcessingPipeline[0]
      Processing assembly Library/Bee/artifacts/1300b0aE.dag/AssistantCoreSDKRuntime.dll, with 136 defines and 261 references
[40m[32minfo[39m[22m[49m: Unity.ILPP.Runner.PostProcessingPipeline[0]
      processors: Unity.Jobs.CodeGen.JobsILPostProcessor, zzzUnity.Burst.CodeGen.BurstILPostProcessor
[40m[32minfo[39m[22m[49m: Unity.ILPP.Runner.PostProcessingPipeline[0]
      running Unity.Jobs.CodeGen.JobsILPostProcessor
[40m[32minfo[39m[22m[49m: Unity.ILPP.Runner.PostProcessingPipeline[0]
      running zzzUnity.Burst.CodeGen.BurstILPostProcessor
[40m[32minfo[39m[22m[49m: Microsoft.AspNetCore.Routing.EndpointMiddleware[1]
      Executed endpoint 'gRPC - /UnityILPP.PostProcessing/PostProcessAssembly'
[40m[32minfo[39m[22m[49m: Microsoft.AspNetCore.Hosting.Diagnostics[2]
      Request finished HTTP/2 POST http://ilpp/UnityILPP.PostProcessing/PostProcessAssembly application/grpc - - 200 - application/grpc 1.0295ms
[40m[32minfo[39m[22m[49m: Microsoft.AspNetCore.Hosting.Diagnostics[1]
      Request starting HTTP/2 POST http://ilpp/UnityILPP.PostProcessing/PostProcessAssembly application/grpc -
[40m[32minfo[39m[22m[49m: Microsoft.AspNetCore.Routing.EndpointMiddleware[0]
      Executing endpoint 'gRPC - /UnityILPP.PostProcessing/PostProcessAssembly'
[40m[32minfo[39m[22m[49m: Unity.ILPP.Runner.PostProcessingPipeline[0]
      Processing assembly Library/Bee/artifacts/1300b0aE.dag/Meta.VoiceSDK.Mic.Other.dll, with 136 defines and 263 references
[40m[32minfo[39m[22m[49m: Unity.ILPP.Runner.PostProcessingPipeline[0]
      processors: Unity.Jobs.CodeGen.JobsILPostProcessor, zzzUnity.Burst.CodeGen.BurstILPostProcessor
[40m[32minfo[39m[22m[49m: Unity.ILPP.Runner.PostProcessingPipeline[0]
      running Unity.Jobs.CodeGen.JobsILPostProcessor
[40m[32minfo[39m[22m[49m: Unity.ILPP.Runner.PostProcessingPipeline[0]
      running zzzUnity.Burst.CodeGen.BurstILPostProcessor
[40m[32minfo[39m[22m[49m: Microsoft.AspNetCore.Routing.EndpointMiddleware[1]
      Executed endpoint 'gRPC - /UnityILPP.PostProcessing/PostProcessAssembly'
[40m[32minfo[39m[22m[49m: Microsoft.AspNetCore.Hosting.Diagnostics[2]
      Request finished HTTP/2 POST http://ilpp/UnityILPP.PostProcessing/PostProcessAssembly application/grpc - - 200 - application/grpc 7.1463ms
[40m[32minfo[39m[22m[49m: Microsoft.AspNetCore.Hosting.Diagnostics[1]
      Request starting HTTP/2 POST http://ilpp/UnityILPP.PostProcessing/PostProcessAssembly application/grpc -
[40m[32minfo[39m[22m[49m: Microsoft.AspNetCore.Routing.EndpointMiddleware[0]
      Executing endpoint 'gRPC - /UnityILPP.PostProcessing/PostProcessAssembly'
[40m[32minfo[39m[22m[49m: Microsoft.AspNetCore.Hosting.Diagnostics[1]
      Request starting HTTP/2 POST http://ilpp/UnityILPP.PostProcessing/PostProcessAssembly application/grpc -
[40m[32minfo[39m[22m[49m: Microsoft.AspNetCore.Routing.EndpointMiddleware[0]
      Executing endpoint 'gRPC - /UnityILPP.PostProcessing/PostProcessAssembly'
[40m[32minfo[39m[22m[49m: Unity.ILPP.Runner.PostProcessingPipeline[0]
      Processing assembly Library/Bee/artifacts/1300b0aE.dag/Meta.XR.ImmersiveDebugger.Interface.dll, with 136 defines and 261 references
[40m[32minfo[39m[22m[49m: Unity.ILPP.Runner.PostProcessingPipeline[0]
      Processing assembly Library/Bee/artifacts/1300b0aE.dag/Unity.PerformanceTesting.dll, with 136 defines and 243 references
[40m[32minfo[39m[22m[49m: Unity.ILPP.Runner.PostProcessingPipeline[0]
      processors: Unity.Jobs.CodeGen.JobsILPostProcessor, zzzUnity.Burst.CodeGen.BurstILPostProcessor
[40m[32minfo[39m[22m[49m: Unity.ILPP.Runner.PostProcessingPipeline[0]
      processors: Unity.Jobs.CodeGen.JobsILPostProcessor, zzzUnity.Burst.CodeGen.BurstILPostProcessor
[40m[32minfo[39m[22m[49m: Unity.ILPP.Runner.PostProcessingPipeline[0]
      running Unity.Jobs.CodeGen.JobsILPostProcessor
[40m[32minfo[39m[22m[49m: Unity.ILPP.Runner.PostProcessingPipeline[0]
      running zzzUnity.Burst.CodeGen.BurstILPostProcessor
[40m[32minfo[39m[22m[49m: Microsoft.AspNetCore.Routing.EndpointMiddleware[1]
      Executed endpoint 'gRPC - /UnityILPP.PostProcessing/PostProcessAssembly'
[40m[32minfo[39m[22m[49m: Microsoft.AspNetCore.Hosting.Diagnostics[2]
      Request finished HTTP/2 POST http://ilpp/UnityILPP.PostProcessing/PostProcessAssembly application/grpc - - 200 - application/grpc 0.6029ms
[40m[32minfo[39m[22m[49m: Unity.ILPP.Runner.PostProcessingPipeline[0]
      running Unity.Jobs.CodeGen.JobsILPostProcessor
[40m[32minfo[39m[22m[49m: Unity.ILPP.Runner.PostProcessingPipeline[0]
      running zzzUnity.Burst.CodeGen.BurstILPostProcessor
[40m[32minfo[39m[22m[49m: Microsoft.AspNetCore.Hosting.Diagnostics[1]
      Request starting HTTP/2 POST http://ilpp/UnityILPP.PostProcessing/PostProcessAssembly application/grpc -
[40m[32minfo[39m[22m[49m: Microsoft.AspNetCore.Hosting.Diagnostics[1]
      Request starting HTTP/2 POST http://ilpp/UnityILPP.PostProcessing/PostProcessAssembly application/grpc -
[40m[32minfo[39m[22m[49m: Microsoft.AspNetCore.Routing.EndpointMiddleware[0]
      Executing endpoint 'gRPC - /UnityILPP.PostProcessing/PostProcessAssembly'
[40m[32minfo[39m[22m[49m: Microsoft.AspNetCore.Routing.EndpointMiddleware[0]
      Executing endpoint 'gRPC - /UnityILPP.PostProcessing/PostProcessAssembly'
[40m[32minfo[39m[22m[49m: Unity.ILPP.Runner.PostProcessingPipeline[0]
      Processing assembly Library/Bee/artifacts/1300b0aE.dag/Unity.VisualScripting.State.dll, with 135 defines and 263 references
[40m[32minfo[39m[22m[49m: Unity.ILPP.Runner.PostProcessingPipeline[0]
      processors: Unity.Jobs.CodeGen.JobsILPostProcessor, zzzUnity.Burst.CodeGen.BurstILPostProcessor
[40m[32minfo[39m[22m[49m: Unity.ILPP.Runner.PostProcessingPipeline[0]
      running Unity.Jobs.CodeGen.JobsILPostProcessor
[40m[32minfo[39m[22m[49m: Unity.ILPP.Runner.PostProcessingPipeline[0]
      running zzzUnity.Burst.CodeGen.BurstILPostProcessor
[40m[32minfo[39m[22m[49m: Microsoft.AspNetCore.Routing.EndpointMiddleware[1]
      Executed endpoint 'gRPC - /UnityILPP.PostProcessing/PostProcessAssembly'
[40m[32minfo[39m[22m[49m: Microsoft.AspNetCore.Hosting.Diagnostics[2]
      Request finished HTTP/2 POST http://ilpp/UnityILPP.PostProcessing/PostProcessAssembly application/grpc - - 200 - application/grpc 6.3541ms
[40m[32minfo[39m[22m[49m: Unity.ILPP.Runner.PostProcessingPipeline[0]
      Processing assembly Library/Bee/artifacts/1300b0aE.dag/Unity.VisualScripting.DocCodeExamples.dll, with 135 defines and 246 references
[40m[32minfo[39m[22m[49m: Unity.ILPP.Runner.PostProcessingPipeline[0]
      processors: Unity.Jobs.CodeGen.JobsILPostProcessor, zzzUnity.Burst.CodeGen.BurstILPostProcessor
[40m[32minfo[39m[22m[49m: Unity.ILPP.Runner.PostProcessingPipeline[0]
      running Unity.Jobs.CodeGen.JobsILPostProcessor
[40m[32minfo[39m[22m[49m: Unity.ILPP.Runner.PostProcessingPipeline[0]
      running zzzUnity.Burst.CodeGen.BurstILPostProcessor
[40m[32minfo[39m[22m[49m: Microsoft.AspNetCore.Routing.EndpointMiddleware[1]
      Executed endpoint 'gRPC - /UnityILPP.PostProcessing/PostProcessAssembly'
[40m[32minfo[39m[22m[49m: Microsoft.AspNetCore.Hosting.Diagnostics[2]
      Request finished HTTP/2 POST http://ilpp/UnityILPP.PostProcessing/PostProcessAssembly application/grpc - - 200 - application/grpc 1.5730ms
[40m[32minfo[39m[22m[49m: Microsoft.AspNetCore.Routing.EndpointMiddleware[1]
      Executed endpoint 'gRPC - /UnityILPP.PostProcessing/PostProcessAssembly'
[40m[32minfo[39m[22m[49m: Microsoft.AspNetCore.Hosting.Diagnostics[2]
      Request finished HTTP/2 POST http://ilpp/UnityILPP.PostProcessing/PostProcessAssembly application/grpc - - 200 - application/grpc 2.4305ms
[40m[32minfo[39m[22m[49m: Microsoft.AspNetCore.Hosting.Diagnostics[1]
      Request starting HTTP/2 POST http://ilpp/UnityILPP.PostProcessing/PostProcessAssembly application/grpc -
[40m[32minfo[39m[22m[49m: Microsoft.AspNetCore.Routing.EndpointMiddleware[0]
      Executing endpoint 'gRPC - /UnityILPP.PostProcessing/PostProcessAssembly'
[40m[32minfo[39m[22m[49m: Unity.ILPP.Runner.PostProcessingPipeline[0]
      Processing assembly Library/Bee/artifacts/1300b0aE.dag/Unity.AI.Navigation.dll, with 136 defines and 261 references
[40m[32minfo[39m[22m[49m: Unity.ILPP.Runner.PostProcessingPipeline[0]
      processors: Unity.Jobs.CodeGen.JobsILPostProcessor, zzzUnity.Burst.CodeGen.BurstILPostProcessor
[40m[32minfo[39m[22m[49m: Unity.ILPP.Runner.PostProcessingPipeline[0]
      running Unity.Jobs.CodeGen.JobsILPostProcessor
[40m[32minfo[39m[22m[49m: Unity.ILPP.Runner.PostProcessingPipeline[0]
      running zzzUnity.Burst.CodeGen.BurstILPostProcessor
[40m[32minfo[39m[22m[49m: Microsoft.AspNetCore.Routing.EndpointMiddleware[1]
      Executed endpoint 'gRPC - /UnityILPP.PostProcessing/PostProcessAssembly'
[40m[32minfo[39m[22m[49m: Microsoft.AspNetCore.Hosting.Diagnostics[2]
      Request finished HTTP/2 POST http://ilpp/UnityILPP.PostProcessing/PostProcessAssembly application/grpc - - 200 - application/grpc 0.8865ms
[40m[32minfo[39m[22m[49m: Microsoft.AspNetCore.Hosting.Diagnostics[1]
      Request starting HTTP/2 POST http://ilpp/UnityILPP.PostProcessing/PostProcessAssembly application/grpc -
[40m[32minfo[39m[22m[49m: Microsoft.AspNetCore.Routing.EndpointMiddleware[0]
      Executing endpoint 'gRPC - /UnityILPP.PostProcessing/PostProcessAssembly'
[40m[32minfo[39m[22m[49m: Unity.ILPP.Runner.PostProcessingPipeline[0]
      Processing assembly Library/Bee/artifacts/1300b0aE.dag/AssistantVoiceCommandCommon.dll, with 136 defines and 262 references
[40m[32minfo[39m[22m[49m: Unity.ILPP.Runner.PostProcessingPipeline[0]
      processors: Unity.Jobs.CodeGen.JobsILPostProcessor, zzzUnity.Burst.CodeGen.BurstILPostProcessor
[40m[32minfo[39m[22m[49m: Unity.ILPP.Runner.PostProcessingPipeline[0]
      running Unity.Jobs.CodeGen.JobsILPostProcessor
[40m[32minfo[39m[22m[49m: Unity.ILPP.Runner.PostProcessingPipeline[0]
      running zzzUnity.Burst.CodeGen.BurstILPostProcessor
[40m[32minfo[39m[22m[49m: Microsoft.AspNetCore.Routing.EndpointMiddleware[1]
      Executed endpoint 'gRPC - /UnityILPP.PostProcessing/PostProcessAssembly'
[40m[32minfo[39m[22m[49m: Microsoft.AspNetCore.Hosting.Diagnostics[2]
      Request finished HTTP/2 POST http://ilpp/UnityILPP.PostProcessing/PostProcessAssembly application/grpc - - 200 - application/grpc 0.6162ms
[40m[32minfo[39m[22m[49m: Microsoft.AspNetCore.Hosting.Diagnostics[1]
      Request starting HTTP/2 POST http://ilpp/UnityILPP.PostProcessing/PostProcessAssembly application/grpc -
[40m[32minfo[39m[22m[49m: Microsoft.AspNetCore.Routing.EndpointMiddleware[0]
      Executing endpoint 'gRPC - /UnityILPP.PostProcessing/PostProcessAssembly'
[40m[32minfo[39m[22m[49m: Unity.ILPP.Runner.PostProcessingPipeline[0]
      Processing assembly Library/Bee/artifacts/1300b0aE.dag/Unity.Rendering.LightTransport.Runtime.dll, with 135 defines and 264 references
[40m[32minfo[39m[22m[49m: Unity.ILPP.Runner.PostProcessingPipeline[0]
      processors: Unity.Jobs.CodeGen.JobsILPostProcessor, zzzUnity.Burst.CodeGen.BurstILPostProcessor
[40m[32minfo[39m[22m[49m: Unity.ILPP.Runner.PostProcessingPipeline[0]
      running Unity.Jobs.CodeGen.JobsILPostProcessor
[40m[32minfo[39m[22m[49m: Microsoft.AspNetCore.Hosting.Diagnostics[1]
      Request starting HTTP/2 POST http://ilpp/UnityILPP.PostProcessing/PostProcessAssembly application/grpc -
[40m[32minfo[39m[22m[49m: Microsoft.AspNetCore.Routing.EndpointMiddleware[0]
      Executing endpoint 'gRPC - /UnityILPP.PostProcessing/PostProcessAssembly'
[40m[32minfo[39m[22m[49m: Unity.ILPP.Runner.PostProcessingPipeline[0]
      Processing assembly Library/Bee/artifacts/1300b0aE.dag/UnityEngine.SpatialTracking.dll, with 135 defines and 261 references
[40m[32minfo[39m[22m[49m: Unity.ILPP.Runner.PostProcessingPipeline[0]
      processors: Unity.Jobs.CodeGen.JobsILPostProcessor, zzzUnity.Burst.CodeGen.BurstILPostProcessor
[40m[32minfo[39m[22m[49m: Unity.ILPP.Runner.PostProcessingPipeline[0]
      running Unity.Jobs.CodeGen.JobsILPostProcessor
[40m[32minfo[39m[22m[49m: Unity.ILPP.Runner.PostProcessingPipeline[0]
      running zzzUnity.Burst.CodeGen.BurstILPostProcessor
[40m[32minfo[39m[22m[49m: Microsoft.AspNetCore.Routing.EndpointMiddleware[1]
      Executed endpoint 'gRPC - /UnityILPP.PostProcessing/PostProcessAssembly'
[40m[32minfo[39m[22m[49m: Microsoft.AspNetCore.Hosting.Diagnostics[2]
      Request finished HTTP/2 POST http://ilpp/UnityILPP.PostProcessing/PostProcessAssembly application/grpc - - 200 - application/grpc 0.6990ms
[40m[32minfo[39m[22m[49m: Microsoft.AspNetCore.Hosting.Diagnostics[1]
      Request starting HTTP/2 POST http://ilpp/UnityILPP.PostProcessing/PostProcessAssembly application/grpc -
[40m[32minfo[39m[22m[49m: Microsoft.AspNetCore.Routing.EndpointMiddleware[0]
      Executing endpoint 'gRPC - /UnityILPP.PostProcessing/PostProcessAssembly'
[40m[32minfo[39m[22m[49m: Unity.ILPP.Runner.PostProcessingPipeline[0]
      Processing assembly Library/Bee/artifacts/1300b0aE.dag/Unity.Burst.dll, with 135 defines and 245 references
[40m[32minfo[39m[22m[49m: Unity.ILPP.Runner.PostProcessingPipeline[0]
      processors: Unity.Jobs.CodeGen.JobsILPostProcessor, zzzUnity.Burst.CodeGen.BurstILPostProcessor
[40m[32minfo[39m[22m[49m: Unity.ILPP.Runner.PostProcessingPipeline[0]
      running Unity.Jobs.CodeGen.JobsILPostProcessor
[40m[32minfo[39m[22m[49m: Unity.ILPP.Runner.PostProcessingPipeline[0]
      running zzzUnity.Burst.CodeGen.BurstILPostProcessor
[40m[32minfo[39m[22m[49m: Microsoft.AspNetCore.Hosting.Diagnostics[1]
      Request starting HTTP/2 POST http://ilpp/UnityILPP.PostProcessing/PostProcessAssembly application/grpc -
[40m[32minfo[39m[22m[49m: Microsoft.AspNetCore.Hosting.Diagnostics[1]
      Request starting HTTP/2 POST http://ilpp/UnityILPP.PostProcessing/PostProcessAssembly application/grpc -
[40m[32minfo[39m[22m[49m: Microsoft.AspNetCore.Hosting.Diagnostics[1]
      Request starting HTTP/2 POST http://ilpp/UnityILPP.PostProcessing/PostProcessAssembly application/grpc -
[40m[32minfo[39m[22m[49m: Microsoft.AspNetCore.Routing.EndpointMiddleware[0]
      Executing endpoint 'gRPC - /UnityILPP.PostProcessing/PostProcessAssembly'
[40m[32minfo[39m[22m[49m: Microsoft.AspNetCore.Routing.EndpointMiddleware[0]
      Executing endpoint 'gRPC - /UnityILPP.PostProcessing/PostProcessAssembly'
[40m[32minfo[39m[22m[49m: Microsoft.AspNetCore.Routing.EndpointMiddleware[0]
      Executing endpoint 'gRPC - /UnityILPP.PostProcessing/PostProcessAssembly'
[40m[32minfo[39m[22m[49m: Unity.ILPP.Runner.PostProcessingPipeline[0]
      Processing assembly Library/Bee/artifacts/1300b0aE.dag/Unity.InputSystem.ForUI.dll, with 135 defines and 262 references
[40m[32minfo[39m[22m[49m: Unity.ILPP.Runner.PostProcessingPipeline[0]
      Processing assembly Library/Bee/artifacts/1300b0aE.dag/Unity.RenderPipelines.Core.Runtime.dll, with 138 defines and 265 references
[40m[32minfo[39m[22m[49m: Unity.ILPP.Runner.PostProcessingPipeline[0]
      processors: Unity.Jobs.CodeGen.JobsILPostProcessor, zzzUnity.Burst.CodeGen.BurstILPostProcessor
[40m[32minfo[39m[22m[49m: Unity.ILPP.Runner.PostProcessingPipeline[0]
      processors: Unity.Jobs.CodeGen.JobsILPostProcessor, zzzUnity.Burst.CodeGen.BurstILPostProcessor
[40m[32minfo[39m[22m[49m: Unity.ILPP.Runner.PostProcessingPipeline[0]
      Processing assembly Library/Bee/artifacts/1300b0aE.dag/Unity.Rendering.LightTransport.Editor.dll, with 133 defines and 272 references
[40m[32minfo[39m[22m[49m: Unity.ILPP.Runner.PostProcessingPipeline[0]
      processors: Unity.Jobs.CodeGen.JobsILPostProcessor, zzzUnity.Burst.CodeGen.BurstILPostProcessor
[40m[32minfo[39m[22m[49m: Unity.ILPP.Runner.PostProcessingPipeline[0]
      running Unity.Jobs.CodeGen.JobsILPostProcessor
[40m[32minfo[39m[22m[49m: Unity.ILPP.Runner.PostProcessingPipeline[0]
      running zzzUnity.Burst.CodeGen.BurstILPostProcessor
[40m[32minfo[39m[22m[49m: Unity.ILPP.Runner.PostProcessingPipeline[0]
      running Unity.Jobs.CodeGen.JobsILPostProcessor
[40m[32minfo[39m[22m[49m: Unity.ILPP.Runner.PostProcessingPipeline[0]
      running zzzUnity.Burst.CodeGen.BurstILPostProcessor
[40m[32minfo[39m[22m[49m: Microsoft.AspNetCore.Routing.EndpointMiddleware[1]
      Executed endpoint 'gRPC - /UnityILPP.PostProcessing/PostProcessAssembly'
[40m[32minfo[39m[22m[49m: Microsoft.AspNetCore.Hosting.Diagnostics[2]
      Request finished HTTP/2 POST http://ilpp/UnityILPP.PostProcessing/PostProcessAssembly application/grpc - - 200 - application/grpc 0.9170ms
[40m[32minfo[39m[22m[49m: Unity.ILPP.Runner.PostProcessingPipeline[0]
      running Unity.Jobs.CodeGen.JobsILPostProcessor
[40m[32minfo[39m[22m[49m: Microsoft.AspNetCore.Routing.EndpointMiddleware[1]
      Executed endpoint 'gRPC - /UnityILPP.PostProcessing/PostProcessAssembly'
[40m[32minfo[39m[22m[49m: Microsoft.AspNetCore.Hosting.Diagnostics[2]
      Request finished HTTP/2 POST http://ilpp/UnityILPP.PostProcessing/PostProcessAssembly application/grpc - - 200 - application/grpc 3.0351ms
[40m[32minfo[39m[22m[49m: Microsoft.AspNetCore.Hosting.Diagnostics[1]
      Request starting HTTP/2 POST http://ilpp/UnityILPP.PostProcessing/PostProcessAssembly application/grpc -
[40m[32minfo[39m[22m[49m: Microsoft.AspNetCore.Hosting.Diagnostics[1]
      Request starting HTTP/2 POST http://ilpp/UnityILPP.PostProcessing/PostProcessAssembly application/grpc -
[40m[32minfo[39m[22m[49m: Microsoft.AspNetCore.Hosting.Diagnostics[1]
      Request starting HTTP/2 POST http://ilpp/UnityILPP.PostProcessing/PostProcessAssembly application/grpc -
[40m[32minfo[39m[22m[49m: Microsoft.AspNetCore.Routing.EndpointMiddleware[0]
      Executing endpoint 'gRPC - /UnityILPP.PostProcessing/PostProcessAssembly'
[40m[32minfo[39m[22m[49m: Microsoft.AspNetCore.Routing.EndpointMiddleware[0]
      Executing endpoint 'gRPC - /UnityILPP.PostProcessing/PostProcessAssembly'
[40m[32minfo[39m[22m[49m: Microsoft.AspNetCore.Routing.EndpointMiddleware[0]
      Executing endpoint 'gRPC - /UnityILPP.PostProcessing/PostProcessAssembly'
[40m[32minfo[39m[22m[49m: Unity.ILPP.Runner.PostProcessingPipeline[0]
      Processing assembly Library/Bee/artifacts/1300b0aE.dag/Unity.AI.Navigation.Editor.ConversionSystem.dll, with 133 defines and 272 references
[40m[32minfo[39m[22m[49m: Unity.ILPP.Runner.PostProcessingPipeline[0]
      Processing assembly Library/Bee/artifacts/1300b0aE.dag/Unity.XR.CoreUtils.Editor.dll, with 135 defines and 274 references
[40m[32minfo[39m[22m[49m: Unity.ILPP.Runner.PostProcessingPipeline[0]
      processors: Unity.Jobs.CodeGen.JobsILPostProcessor, zzzUnity.Burst.CodeGen.BurstILPostProcessor
[40m[32minfo[39m[22m[49m: Unity.ILPP.Runner.PostProcessingPipeline[0]
      processors: Unity.Jobs.CodeGen.JobsILPostProcessor, zzzUnity.Burst.CodeGen.BurstILPostProcessor
[40m[32minfo[39m[22m[49m: Unity.ILPP.Runner.PostProcessingPipeline[0]
      running Unity.Jobs.CodeGen.JobsILPostProcessor
[40m[32minfo[39m[22m[49m: Unity.ILPP.Runner.PostProcessingPipeline[0]
      running Unity.Jobs.CodeGen.JobsILPostProcessor
[40m[32minfo[39m[22m[49m: Unity.ILPP.Runner.PostProcessingPipeline[0]
      running zzzUnity.Burst.CodeGen.BurstILPostProcessor
[40m[32minfo[39m[22m[49m: Unity.ILPP.Runner.PostProcessingPipeline[0]
      running zzzUnity.Burst.CodeGen.BurstILPostProcessor
[40m[32minfo[39m[22m[49m: Unity.ILPP.Runner.PostProcessingPipeline[0]
      Processing assembly Library/Bee/artifacts/1300b0aE.dag/UnityEditor.SpatialTracking.dll, with 134 defines and 273 references
[40m[32minfo[39m[22m[49m: Unity.ILPP.Runner.PostProcessingPipeline[0]
      processors: Unity.Jobs.CodeGen.JobsILPostProcessor, zzzUnity.Burst.CodeGen.BurstILPostProcessor
[40m[32minfo[39m[22m[49m: Unity.ILPP.Runner.PostProcessingPipeline[0]
      running Unity.Jobs.CodeGen.JobsILPostProcessor
[40m[32minfo[39m[22m[49m: Unity.ILPP.Runner.PostProcessingPipeline[0]
      running zzzUnity.Burst.CodeGen.BurstILPostProcessor
[40m[32minfo[39m[22m[49m: Microsoft.AspNetCore.Routing.EndpointMiddleware[1]
      Executed endpoint 'gRPC - /UnityILPP.PostProcessing/PostProcessAssembly'
[40m[32minfo[39m[22m[49m: Microsoft.AspNetCore.Hosting.Diagnostics[2]
      Request finished HTTP/2 POST http://ilpp/UnityILPP.PostProcessing/PostProcessAssembly application/grpc - - 200 - application/grpc 1.2180ms
[40m[32minfo[39m[22m[49m: Microsoft.AspNetCore.Routing.EndpointMiddleware[1]
      Executed endpoint 'gRPC - /UnityILPP.PostProcessing/PostProcessAssembly'
[40m[32minfo[39m[22m[49m: Microsoft.AspNetCore.Hosting.Diagnostics[2]
      Request finished HTTP/2 POST http://ilpp/UnityILPP.PostProcessing/PostProcessAssembly application/grpc - - 200 - application/grpc 1.3018ms
[40m[32minfo[39m[22m[49m: Microsoft.AspNetCore.Routing.EndpointMiddleware[1]
      Executed endpoint 'gRPC - /UnityILPP.PostProcessing/PostProcessAssembly'
[40m[32minfo[39m[22m[49m: Microsoft.AspNetCore.Hosting.Diagnostics[2]
      Request finished HTTP/2 POST http://ilpp/UnityILPP.PostProcessing/PostProcessAssembly application/grpc - - 200 - application/grpc 1.3351ms
[40m[32minfo[39m[22m[49m: Microsoft.AspNetCore.Hosting.Diagnostics[1]
      Request starting HTTP/2 POST http://ilpp/UnityILPP.PostProcessing/PostProcessAssembly application/grpc -
[40m[32minfo[39m[22m[49m: Microsoft.AspNetCore.Routing.EndpointMiddleware[0]
      Executing endpoint 'gRPC - /UnityILPP.PostProcessing/PostProcessAssembly'
[40m[32minfo[39m[22m[49m: Unity.ILPP.Runner.PostProcessingPipeline[0]
      Processing assembly Library/Bee/artifacts/1300b0aE.dag/Unity.EditorCoroutines.Editor.dll, with 133 defines and 272 references
[40m[32minfo[39m[22m[49m: Unity.ILPP.Runner.PostProcessingPipeline[0]
      processors: Unity.Jobs.CodeGen.JobsILPostProcessor, zzzUnity.Burst.CodeGen.BurstILPostProcessor
[40m[32minfo[39m[22m[49m: Unity.ILPP.Runner.PostProcessingPipeline[0]
      running Unity.Jobs.CodeGen.JobsILPostProcessor
[40m[32minfo[39m[22m[49m: Unity.ILPP.Runner.PostProcessingPipeline[0]
      running zzzUnity.Burst.CodeGen.BurstILPostProcessor
[40m[32minfo[39m[22m[49m: Microsoft.AspNetCore.Routing.EndpointMiddleware[1]
      Executed endpoint 'gRPC - /UnityILPP.PostProcessing/PostProcessAssembly'
[40m[32minfo[39m[22m[49m: Microsoft.AspNetCore.Hosting.Diagnostics[2]
      Request finished HTTP/2 POST http://ilpp/UnityILPP.PostProcessing/PostProcessAssembly application/grpc - - 200 - application/grpc 0.7085ms
[40m[32minfo[39m[22m[49m: Microsoft.AspNetCore.Hosting.Diagnostics[1]
      Request starting HTTP/2 POST http://ilpp/UnityILPP.PostProcessing/PostProcessAssembly application/grpc -
[40m[32minfo[39m[22m[49m: Microsoft.AspNetCore.Routing.EndpointMiddleware[0]
      Executing endpoint 'gRPC - /UnityILPP.PostProcessing/PostProcessAssembly'
[40m[32minfo[39m[22m[49m: Unity.ILPP.Runner.PostProcessingPipeline[0]
      Processing assembly Library/Bee/artifacts/1300b0aE.dag/Meta.XR.Editor.Callbacks.dll, with 134 defines and 272 references
[40m[32minfo[39m[22m[49m: Unity.ILPP.Runner.PostProcessingPipeline[0]
      processors: Unity.Jobs.CodeGen.JobsILPostProcessor, zzzUnity.Burst.CodeGen.BurstILPostProcessor
[40m[32minfo[39m[22m[49m: Unity.ILPP.Runner.PostProcessingPipeline[0]
      running Unity.Jobs.CodeGen.JobsILPostProcessor
[40m[32minfo[39m[22m[49m: Unity.ILPP.Runner.PostProcessingPipeline[0]
      running zzzUnity.Burst.CodeGen.BurstILPostProcessor
[40m[32minfo[39m[22m[49m: Unity.ILPP.Runner.PostProcessingAssemblyLoadContext[0]
      Resolved UnityEditor.CoreModule, Version=0.0.0.0, Culture=neutral, PublicKeyToken=null with /home/wdy/Unity/Hub/Editor/6000.0.65f1/Editor/Data/Managed/UnityEngine/UnityEditor.CoreModule.dll
[40m[32minfo[39m[22m[49m: Unity.ILPP.Runner.PostProcessingAssemblyLoadContext[0]
      Resolved UnityEngine.CoreModule, Version=0.0.0.0, Culture=neutral, PublicKeyToken=null with /home/wdy/Unity/Hub/Editor/6000.0.65f1/Editor/Data/Managed/UnityEngine/UnityEngine.CoreModule.dll
[40m[32minfo[39m[22m[49m: Microsoft.AspNetCore.Routing.EndpointMiddleware[1]
      Executed endpoint 'gRPC - /UnityILPP.PostProcessing/PostProcessAssembly'
[40m[32minfo[39m[22m[49m: Microsoft.AspNetCore.Hosting.Diagnostics[2]
      Request finished HTTP/2 POST http://ilpp/UnityILPP.PostProcessing/PostProcessAssembly application/grpc - - 200 - application/grpc 3.9525ms
[40m[32minfo[39m[22m[49m: Microsoft.AspNetCore.Hosting.Diagnostics[1]
      Request starting HTTP/2 POST http://ilpp/UnityILPP.PostProcessing/PostProcessAssembly application/grpc -
[40m[32minfo[39m[22m[49m: Microsoft.AspNetCore.Routing.EndpointMiddleware[0]
      Executing endpoint 'gRPC - /UnityILPP.PostProcessing/PostProcessAssembly'
[40m[32minfo[39m[22m[49m: Unity.ILPP.Runner.PostProcessingPipeline[0]
      Processing assembly Library/Bee/artifacts/1300b0aE.dag/Meta.XR.Editor.Reflection.dll, with 134 defines and 272 references
[40m[32minfo[39m[22m[49m: Unity.ILPP.Runner.PostProcessingPipeline[0]
      processors: Unity.Jobs.CodeGen.JobsILPostProcessor, zzzUnity.Burst.CodeGen.BurstILPostProcessor
[40m[32minfo[39m[22m[49m: Unity.ILPP.Runner.PostProcessingPipeline[0]
      running Unity.Jobs.CodeGen.JobsILPostProcessor
[40m[32minfo[39m[22m[49m: Unity.ILPP.Runner.PostProcessingPipeline[0]
      running zzzUnity.Burst.CodeGen.BurstILPostProcessor
[40m[32minfo[39m[22m[49m: Microsoft.AspNetCore.Routing.EndpointMiddleware[1]
      Executed endpoint 'gRPC - /UnityILPP.PostProcessing/PostProcessAssembly'
[40m[32minfo[39m[22m[49m: Microsoft.AspNetCore.Hosting.Diagnostics[2]
      Request finished HTTP/2 POST http://ilpp/UnityILPP.PostProcessing/PostProcessAssembly application/grpc - - 200 - application/grpc 13.5454ms
[40m[32minfo[39m[22m[49m: Microsoft.AspNetCore.Hosting.Diagnostics[1]
      Request starting HTTP/2 POST http://ilpp/UnityILPP.PostProcessing/PostProcessAssembly application/grpc -
[40m[32minfo[39m[22m[49m: Microsoft.AspNetCore.Routing.EndpointMiddleware[0]
      Executing endpoint 'gRPC - /UnityILPP.PostProcessing/PostProcessAssembly'
[40m[32minfo[39m[22m[49m: Unity.ILPP.Runner.PostProcessingPipeline[0]
      Processing assembly Library/Bee/artifacts/1300b0aE.dag/Meta.Voice.Hub.Editor.dll, with 134 defines and 275 references
[40m[32minfo[39m[22m[49m: Unity.ILPP.Runner.PostProcessingPipeline[0]
      processors: Unity.Jobs.CodeGen.JobsILPostProcessor, zzzUnity.Burst.CodeGen.BurstILPostProcessor
[40m[32minfo[39m[22m[49m: Unity.ILPP.Runner.PostProcessingPipeline[0]
      running Unity.Jobs.CodeGen.JobsILPostProcessor
[40m[32minfo[39m[22m[49m: Unity.ILPP.Runner.PostProcessingPipeline[0]
      running zzzUnity.Burst.CodeGen.BurstILPostProcessor
[40m[32minfo[39m[22m[49m: Microsoft.AspNetCore.Hosting.Diagnostics[1]
      Request starting HTTP/2 POST http://ilpp/UnityILPP.PostProcessing/PostProcessAssembly application/grpc -
[40m[32minfo[39m[22m[49m: Microsoft.AspNetCore.Hosting.Diagnostics[1]
      Request starting HTTP/2 POST http://ilpp/UnityILPP.PostProcessing/PostProcessAssembly application/grpc -
[40m[32minfo[39m[22m[49m: Microsoft.AspNetCore.Routing.EndpointMiddleware[0]
      Executing endpoint 'gRPC - /UnityILPP.PostProcessing/PostProcessAssembly'
[40m[32minfo[39m[22m[49m: Microsoft.AspNetCore.Routing.EndpointMiddleware[0]
      Executing endpoint 'gRPC - /UnityILPP.PostProcessing/PostProcessAssembly'
[40m[32minfo[39m[22m[49m: Unity.ILPP.Runner.PostProcessingPipeline[0]
      Processing assembly Library/Bee/artifacts/1300b0aE.dag/Oculus.Interaction.Samples.Editor.dll, with 134 defines and 275 references
[40m[32minfo[39m[22m[49m: Unity.ILPP.Runner.PostProcessingPipeline[0]
      processors: Unity.Jobs.CodeGen.JobsILPostProcessor, zzzUnity.Burst.CodeGen.BurstILPostProcessor
[40m[32minfo[39m[22m[49m: Unity.ILPP.Runner.PostProcessingPipeline[0]
      running Unity.Jobs.CodeGen.JobsILPostProcessor
[40m[32minfo[39m[22m[49m: Unity.ILPP.Runner.PostProcessingPipeline[0]
      running zzzUnity.Burst.CodeGen.BurstILPostProcessor
[40m[32minfo[39m[22m[49m: Microsoft.AspNetCore.Routing.EndpointMiddleware[1]
      Executed endpoint 'gRPC - /UnityILPP.PostProcessing/PostProcessAssembly'
[40m[32minfo[39m[22m[49m: Microsoft.AspNetCore.Hosting.Diagnostics[2]
      Request finished HTTP/2 POST http://ilpp/UnityILPP.PostProcessing/PostProcessAssembly application/grpc - - 200 - application/grpc 7.3682ms
[40m[32minfo[39m[22m[49m: Microsoft.AspNetCore.Routing.EndpointMiddleware[1]
      Executed endpoint 'gRPC - /UnityILPP.PostProcessing/PostProcessAssembly'
[40m[32minfo[39m[22m[49m: Microsoft.AspNetCore.Hosting.Diagnostics[2]
      Request finished HTTP/2 POST http://ilpp/UnityILPP.PostProcessing/PostProcessAssembly application/grpc - - 200 - application/grpc 48.8779ms
[40m[32minfo[39m[22m[49m: Unity.ILPP.Runner.PostProcessingPipeline[0]
      Processing assembly Library/Bee/artifacts/1300b0aE.dag/UnityEditor.UI.dll, with 136 defines and 271 references
[40m[32minfo[39m[22m[49m: Unity.ILPP.Runner.PostProcessingPipeline[0]
      processors: Unity.Jobs.CodeGen.JobsILPostProcessor, zzzUnity.Burst.CodeGen.BurstILPostProcessor
[40m[32minfo[39m[22m[49m: Unity.ILPP.Runner.PostProcessingPipeline[0]
      running Unity.Jobs.CodeGen.JobsILPostProcessor
[40m[32minfo[39m[22m[49m: Unity.ILPP.Runner.PostProcessingPipeline[0]
      running zzzUnity.Burst.CodeGen.BurstILPostProcessor
[40m[32minfo[39m[22m[49m: Microsoft.AspNetCore.Routing.EndpointMiddleware[1]
      Executed endpoint 'gRPC - /UnityILPP.PostProcessing/PostProcessAssembly'
[40m[32minfo[39m[22m[49m: Microsoft.AspNetCore.Hosting.Diagnostics[2]
      Request finished HTTP/2 POST http://ilpp/UnityILPP.PostProcessing/PostProcessAssembly application/grpc - - 200 - application/grpc 12.9879ms
[40m[32minfo[39m[22m[49m: Microsoft.AspNetCore.Hosting.Diagnostics[1]
      Request starting HTTP/2 POST http://ilpp/UnityILPP.PostProcessing/PostProcessAssembly application/grpc -
[40m[32minfo[39m[22m[49m: Microsoft.AspNetCore.Routing.EndpointMiddleware[0]
      Executing endpoint 'gRPC - /UnityILPP.PostProcessing/PostProcessAssembly'
[40m[32minfo[39m[22m[49m: Microsoft.AspNetCore.Hosting.Diagnostics[1]
      Request starting HTTP/2 POST http://ilpp/UnityILPP.PostProcessing/PostProcessAssembly application/grpc -
[40m[32minfo[39m[22m[49m: Microsoft.AspNetCore.Routing.EndpointMiddleware[0]
      Executing endpoint 'gRPC - /UnityILPP.PostProcessing/PostProcessAssembly'
[40m[32minfo[39m[22m[49m: Unity.ILPP.Runner.PostProcessingPipeline[0]
      Processing assembly Library/Bee/artifacts/1300b0aE.dag/Oculus.Interaction.Editor.dll, with 134 defines and 273 references
[40m[32minfo[39m[22m[49m: Unity.ILPP.Runner.PostProcessingPipeline[0]
      processors: Unity.Jobs.CodeGen.JobsILPostProcessor, zzzUnity.Burst.CodeGen.BurstILPostProcessor
[40m[32minfo[39m[22m[49m: Microsoft.AspNetCore.Hosting.Diagnostics[1]
      Request starting HTTP/2 POST http://ilpp/UnityILPP.PostProcessing/PostProcessAssembly application/grpc -
[40m[32minfo[39m[22m[49m: Microsoft.AspNetCore.Routing.EndpointMiddleware[0]
      Executing endpoint 'gRPC - /UnityILPP.PostProcessing/PostProcessAssembly'
[40m[32minfo[39m[22m[49m: Unity.ILPP.Runner.PostProcessingPipeline[0]
      Processing assembly Library/Bee/artifacts/1300b0aE.dag/Unity.PerformanceTesting.Editor.dll, with 134 defines and 256 references
[40m[32minfo[39m[22m[49m: Unity.ILPP.Runner.PostProcessingPipeline[0]
      processors: Unity.Jobs.CodeGen.JobsILPostProcessor, zzzUnity.Burst.CodeGen.BurstILPostProcessor
[40m[32minfo[39m[22m[49m: Unity.ILPP.Runner.PostProcessingPipeline[0]
      running Unity.Jobs.CodeGen.JobsILPostProcessor
[40m[32minfo[39m[22m[49m: Unity.ILPP.Runner.PostProcessingPipeline[0]
      running zzzUnity.Burst.CodeGen.BurstILPostProcessor
[40m[32minfo[39m[22m[49m: Microsoft.AspNetCore.Routing.EndpointMiddleware[1]
      Executed endpoint 'gRPC - /UnityILPP.PostProcessing/PostProcessAssembly'
[40m[32minfo[39m[22m[49m: Microsoft.AspNetCore.Hosting.Diagnostics[2]
      Request finished HTTP/2 POST http://ilpp/UnityILPP.PostProcessing/PostProcessAssembly application/grpc - - 200 - application/grpc 0.8086ms
[40m[32minfo[39m[22m[49m: Unity.ILPP.Runner.PostProcessingPipeline[0]
      Processing assembly Library/Bee/artifacts/1300b0aE.dag/VoiceSDK.Editor.dll, with 134 defines and 282 references
[40m[32minfo[39m[22m[49m: Unity.ILPP.Runner.PostProcessingPipeline[0]
      processors: Unity.Jobs.CodeGen.JobsILPostProcessor, zzzUnity.Burst.CodeGen.BurstILPostProcessor
[40m[32minfo[39m[22m[49m: Unity.ILPP.Runner.PostProcessingPipeline[0]
      running Unity.Jobs.CodeGen.JobsILPostProcessor
[40m[32minfo[39m[22m[49m: Unity.ILPP.Runner.PostProcessingPipeline[0]
      running zzzUnity.Burst.CodeGen.BurstILPostProcessor
[40m[32minfo[39m[22m[49m: Microsoft.AspNetCore.Routing.EndpointMiddleware[1]
      Executed endpoint 'gRPC - /UnityILPP.PostProcessing/PostProcessAssembly'
[40m[32minfo[39m[22m[49m: Microsoft.AspNetCore.Hosting.Diagnostics[2]
      Request finished HTTP/2 POST http://ilpp/UnityILPP.PostProcessing/PostProcessAssembly application/grpc - - 200 - application/grpc 13.9749ms
[40m[32minfo[39m[22m[49m: Unity.ILPP.Runner.PostProcessingAssemblyLoadContext[0]
      Resolved Mono.Cecil.Rocks, Version=0.11.5.0, Culture=neutral, PublicKeyToken=50cebf1cceb9d05e with Library/PackageCache/com.unity.nuget.mono-cecil@d78732e851eb/Mono.Cecil.Rocks.dll
[40m[32minfo[39m[22m[49m: Unity.ILPP.Runner.PostProcessingPipeline[0]
      running Unity.Jobs.CodeGen.JobsILPostProcessor
[40m[32minfo[39m[22m[49m: Unity.ILPP.Runner.PostProcessingPipeline[0]
      running zzzUnity.Burst.CodeGen.BurstILPostProcessor
[40m[32minfo[39m[22m[49m: Microsoft.AspNetCore.Routing.EndpointMiddleware[1]
      Executed endpoint 'gRPC - /UnityILPP.PostProcessing/PostProcessAssembly'
[40m[32minfo[39m[22m[49m: Microsoft.AspNetCore.Hosting.Diagnostics[2]
      Request finished HTTP/2 POST http://ilpp/UnityILPP.PostProcessing/PostProcessAssembly application/grpc - - 200 - application/grpc 30.0231ms
[40m[32minfo[39m[22m[49m: Unity.ILPP.Runner.PostProcessingPipeline[0]
      running zzzUnity.Burst.CodeGen.BurstILPostProcessor
[40m[32minfo[39m[22m[49m: Microsoft.AspNetCore.Hosting.Diagnostics[1]
      Request starting HTTP/2 POST http://ilpp/UnityILPP.PostProcessing/PostProcessAssembly application/grpc -
[40m[32minfo[39m[22m[49m: Microsoft.AspNetCore.Routing.EndpointMiddleware[0]
      Executing endpoint 'gRPC - /UnityILPP.PostProcessing/PostProcessAssembly'
[40m[32minfo[39m[22m[49m: Unity.ILPP.Runner.PostProcessingPipeline[0]
      Processing assembly Library/Bee/artifacts/1300b0aE.dag/Meta.WitAi.TTS.Editor.dll, with 134 defines and 277 references
[40m[32minfo[39m[22m[49m: Unity.ILPP.Runner.PostProcessingPipeline[0]
      processors: Unity.Jobs.CodeGen.JobsILPostProcessor, zzzUnity.Burst.CodeGen.BurstILPostProcessor
[40m[32minfo[39m[22m[49m: Unity.ILPP.Runner.PostProcessingPipeline[0]
      running Unity.Jobs.CodeGen.JobsILPostProcessor
[40m[32minfo[39m[22m[49m: Unity.ILPP.Runner.PostProcessingPipeline[0]
      running zzzUnity.Burst.CodeGen.BurstILPostProcessor
[40m[32minfo[39m[22m[49m: Microsoft.AspNetCore.Hosting.Diagnostics[1]
      Request starting HTTP/2 POST http://ilpp/UnityILPP.PostProcessing/PostProcessAssembly application/grpc -
[40m[32minfo[39m[22m[49m: Microsoft.AspNetCore.Routing.EndpointMiddleware[0]
      Executing endpoint 'gRPC - /UnityILPP.PostProcessing/PostProcessAssembly'
[40m[32minfo[39m[22m[49m: Unity.ILPP.Runner.PostProcessingPipeline[0]
      Processing assembly Library/Bee/artifacts/1300b0aE.dag/AssistantCoreSDKEditor.dll, with 134 defines and 273 references
[40m[32minfo[39m[22m[49m: Unity.ILPP.Runner.PostProcessingPipeline[0]
      processors: Unity.Jobs.CodeGen.JobsILPostProcessor, zzzUnity.Burst.CodeGen.BurstILPostProcessor
[40m[32minfo[39m[22m[49m: Unity.ILPP.Runner.PostProcessingPipeline[0]
      running Unity.Jobs.CodeGen.JobsILPostProcessor
[40m[32minfo[39m[22m[49m: Microsoft.AspNetCore.Routing.EndpointMiddleware[1]
      Executed endpoint 'gRPC - /UnityILPP.PostProcessing/PostProcessAssembly'
[40m[32minfo[39m[22m[49m: Microsoft.AspNetCore.Hosting.Diagnostics[2]
      Request finished HTTP/2 POST http://ilpp/UnityILPP.PostProcessing/PostProcessAssembly application/grpc - - 200 - application/grpc 1.2274ms
[40m[32minfo[39m[22m[49m: Unity.ILPP.Runner.PostProcessingPipeline[0]
      running zzzUnity.Burst.CodeGen.BurstILPostProcessor
[40m[32minfo[39m[22m[49m: Microsoft.AspNetCore.Hosting.Diagnostics[1]
      Request starting HTTP/2 POST http://ilpp/UnityILPP.PostProcessing/PostProcessAssembly application/grpc -
[40m[32minfo[39m[22m[49m: Microsoft.AspNetCore.Routing.EndpointMiddleware[0]
      Executing endpoint 'gRPC - /UnityILPP.PostProcessing/PostProcessAssembly'
[40m[32minfo[39m[22m[49m: Unity.ILPP.Runner.PostProcessingPipeline[0]
      Processing assembly Library/Bee/artifacts/1300b0aE.dag/Unity.Burst.Editor.dll, with 133 defines and 273 references
[40m[32minfo[39m[22m[49m: Unity.ILPP.Runner.PostProcessingPipeline[0]
      processors: Unity.Jobs.CodeGen.JobsILPostProcessor, zzzUnity.Burst.CodeGen.BurstILPostProcessor
[40m[32minfo[39m[22m[49m: Unity.ILPP.Runner.PostProcessingPipeline[0]
      running Unity.Jobs.CodeGen.JobsILPostProcessor
[40m[32minfo[39m[22m[49m: Unity.ILPP.Runner.PostProcessingPipeline[0]
      running zzzUnity.Burst.CodeGen.BurstILPostProcessor
[40m[32minfo[39m[22m[49m: Microsoft.AspNetCore.Hosting.Diagnostics[1]
      Request starting HTTP/2 POST http://ilpp/UnityILPP.PostProcessing/PostProcessAssembly application/grpc -
[40m[32minfo[39m[22m[49m: Microsoft.AspNetCore.Routing.EndpointMiddleware[0]
      Executing endpoint 'gRPC - /UnityILPP.PostProcessing/PostProcessAssembly'
[40m[32minfo[39m[22m[49m: Unity.ILPP.Runner.PostProcessingPipeline[0]
      Processing assembly Library/Bee/artifacts/1300b0aE.dag/Unity.XR.Management.Editor.dll, with 135 defines and 275 references
[40m[32minfo[39m[22m[49m: Unity.ILPP.Runner.PostProcessingPipeline[0]
      processors: Unity.Jobs.CodeGen.JobsILPostProcessor, zzzUnity.Burst.CodeGen.BurstILPostProcessor
[40m[32minfo[39m[22m[49m: Unity.ILPP.Runner.PostProcessingPipeline[0]
      running Unity.Jobs.CodeGen.JobsILPostProcessor
[40m[32minfo[39m[22m[49m: Unity.ILPP.Runner.PostProcessingPipeline[0]
      running zzzUnity.Burst.CodeGen.BurstILPostProcessor
[40m[32minfo[39m[22m[49m: Microsoft.AspNetCore.Routing.EndpointMiddleware[1]
      Executed endpoint 'gRPC - /UnityILPP.PostProcessing/PostProcessAssembly'
[40m[32minfo[39m[22m[49m: Microsoft.AspNetCore.Routing.EndpointMiddleware[1]
      Executed endpoint 'gRPC - /UnityILPP.PostProcessing/PostProcessAssembly'
[40m[32minfo[39m[22m[49m: Microsoft.AspNetCore.Hosting.Diagnostics[2]
      Request finished HTTP/2 POST http://ilpp/UnityILPP.PostProcessing/PostProcessAssembly application/grpc - - 200 - application/grpc 4.2614ms
[40m[32minfo[39m[22m[49m: Microsoft.AspNetCore.Hosting.Diagnostics[2]
      Request finished HTTP/2 POST http://ilpp/UnityILPP.PostProcessing/PostProcessAssembly application/grpc - - 200 - application/grpc 1.6439ms
[40m[32minfo[39m[22m[49m: Microsoft.AspNetCore.Hosting.Diagnostics[1]
      Request starting HTTP/2 POST http://ilpp/UnityILPP.PostProcessing/PostProcessAssembly application/grpc -
[40m[32minfo[39m[22m[49m: Microsoft.AspNetCore.Routing.EndpointMiddleware[0]
      Executing endpoint 'gRPC - /UnityILPP.PostProcessing/PostProcessAssembly'
[40m[32minfo[39m[22m[49m: Unity.ILPP.Runner.PostProcessingPipeline[0]
      Processing assembly Library/Bee/artifacts/1300b0aE.dag/Meta.XR.Audio.Editor.dll, with 135 defines and 273 references
[40m[32minfo[39m[22m[49m: Unity.ILPP.Runner.PostProcessingPipeline[0]
      processors: Unity.Jobs.CodeGen.JobsILPostProcessor, zzzUnity.Burst.CodeGen.BurstILPostProcessor
[40m[32minfo[39m[22m[49m: Unity.ILPP.Runner.PostProcessingPipeline[0]
      running Unity.Jobs.CodeGen.JobsILPostProcessor
[40m[32minfo[39m[22m[49m: Unity.ILPP.Runner.PostProcessingPipeline[0]
      running zzzUnity.Burst.CodeGen.BurstILPostProcessor
[40m[32minfo[39m[22m[49m: Microsoft.AspNetCore.Routing.EndpointMiddleware[1]
      Executed endpoint 'gRPC - /UnityILPP.PostProcessing/PostProcessAssembly'
[40m[32minfo[39m[22m[49m: Microsoft.AspNetCore.Hosting.Diagnostics[2]
      Request finished HTTP/2 POST http://ilpp/UnityILPP.PostProcessing/PostProcessAssembly application/grpc - - 200 - application/grpc 0.9118ms
[40m[32minfo[39m[22m[49m: Unity.ILPP.Runner.PostProcessingAssemblyLoadContext[0]
      Resolved Unity.Burst.Cecil.Rocks, Version=0.11.4.0, Culture=neutral, PublicKeyToken=50cebf1cceb9d05e with Library/PackageCache/com.unity.burst@973857688024/Unity.Burst.CodeGen/Unity.Burst.Cecil.Rocks.dll
[40m[32minfo[39m[22m[49m: Microsoft.AspNetCore.Hosting.Diagnostics[1]
      Request starting HTTP/2 POST http://ilpp/UnityILPP.PostProcessing/PostProcessAssembly application/grpc -
[40m[32minfo[39m[22m[49m: Microsoft.AspNetCore.Routing.EndpointMiddleware[0]
      Executing endpoint 'gRPC - /UnityILPP.PostProcessing/PostProcessAssembly'
[40m[32minfo[39m[22m[49m: Unity.ILPP.Runner.PostProcessingPipeline[0]
      Processing assembly Library/Bee/artifacts/1300b0aE.dag/Unity.Multiplayer.Center.Editor.dll, with 133 defines and 273 references
[40m[32minfo[39m[22m[49m: Unity.ILPP.Runner.PostProcessingPipeline[0]
      processors: Unity.Jobs.CodeGen.JobsILPostProcessor, zzzUnity.Burst.CodeGen.BurstILPostProcessor
[40m[32minfo[39m[22m[49m: Unity.ILPP.Runner.PostProcessingPipeline[0]
      running Unity.Jobs.CodeGen.JobsILPostProcessor
[40m[32minfo[39m[22m[49m: Unity.ILPP.Runner.PostProcessingPipeline[0]
      running zzzUnity.Burst.CodeGen.BurstILPostProcessor
[40m[32minfo[39m[22m[49m: Microsoft.AspNetCore.Routing.EndpointMiddleware[1]
      Executed endpoint 'gRPC - /UnityILPP.PostProcessing/PostProcessAssembly'
[40m[32minfo[39m[22m[49m: Microsoft.AspNetCore.Hosting.Diagnostics[2]
      Request finished HTTP/2 POST http://ilpp/UnityILPP.PostProcessing/PostProcessAssembly application/grpc - - 200 - application/grpc 1.2884ms
[40m[32minfo[39m[22m[49m: Microsoft.AspNetCore.Hosting.Diagnostics[1]
      Request starting HTTP/2 POST http://ilpp/UnityILPP.PostProcessing/PostProcessAssembly application/grpc -
[40m[32minfo[39m[22m[49m: Microsoft.AspNetCore.Routing.EndpointMiddleware[0]
      Executing endpoint 'gRPC - /UnityILPP.PostProcessing/PostProcessAssembly'
[40m[32minfo[39m[22m[49m: Unity.ILPP.Runner.PostProcessingPipeline[0]
      Processing assembly Library/Bee/artifacts/1300b0aE.dag/Unity.Mathematics.Editor.dll, with 133 defines and 273 references
[40m[32minfo[39m[22m[49m: Unity.ILPP.Runner.PostProcessingPipeline[0]
      processors: Unity.Jobs.CodeGen.JobsILPostProcessor, zzzUnity.Burst.CodeGen.BurstILPostProcessor
[40m[32minfo[39m[22m[49m: Unity.ILPP.Runner.PostProcessingPipeline[0]
      running Unity.Jobs.CodeGen.JobsILPostProcessor
[40m[32minfo[39m[22m[49m: Unity.ILPP.Runner.PostProcessingPipeline[0]
      running zzzUnity.Burst.CodeGen.BurstILPostProcessor
[40m[32minfo[39m[22m[49m: Microsoft.AspNetCore.Routing.EndpointMiddleware[1]
      Executed endpoint 'gRPC - /UnityILPP.PostProcessing/PostProcessAssembly'
[40m[32minfo[39m[22m[49m: Microsoft.AspNetCore.Hosting.Diagnostics[2]
      Request finished HTTP/2 POST http://ilpp/UnityILPP.PostProcessing/PostProcessAssembly application/grpc - - 200 - application/grpc 0.8902ms
[40m[32minfo[39m[22m[49m: Microsoft.AspNetCore.Hosting.Diagnostics[1]
      Request starting HTTP/2 POST http://ilpp/UnityILPP.PostProcessing/PostProcessAssembly application/grpc -
[40m[32minfo[39m[22m[49m: Microsoft.AspNetCore.Routing.EndpointMiddleware[0]
      Executing endpoint 'gRPC - /UnityILPP.PostProcessing/PostProcessAssembly'
[40m[32minfo[39m[22m[49m: Unity.ILPP.Runner.PostProcessingPipeline[0]
      Processing assembly Library/Bee/artifacts/1300b0aE.dag/VoiceSDK.Editor.Composer.dll, with 134 defines and 281 references
[40m[32minfo[39m[22m[49m: Unity.ILPP.Runner.PostProcessingPipeline[0]
      processors: Unity.Jobs.CodeGen.JobsILPostProcessor, zzzUnity.Burst.CodeGen.BurstILPostProcessor
[40m[32minfo[39m[22m[49m: Unity.ILPP.Runner.PostProcessingPipeline[0]
      running Unity.Jobs.CodeGen.JobsILPostProcessor
[40m[32minfo[39m[22m[49m: Unity.ILPP.Runner.PostProcessingPipeline[0]
      running zzzUnity.Burst.CodeGen.BurstILPostProcessor
[40m[32minfo[39m[22m[49m: Microsoft.AspNetCore.Routing.EndpointMiddleware[1]
      Executed endpoint 'gRPC - /UnityILPP.PostProcessing/PostProcessAssembly'
[40m[32minfo[39m[22m[49m: Microsoft.AspNetCore.Hosting.Diagnostics[2]
      Request finished HTTP/2 POST http://ilpp/UnityILPP.PostProcessing/PostProcessAssembly application/grpc - - 200 - application/grpc 1.6981ms
[40m[32minfo[39m[22m[49m: Microsoft.AspNetCore.Hosting.Diagnostics[1]
      Request starting HTTP/2 POST http://ilpp/UnityILPP.PostProcessing/PostProcessAssembly application/grpc -
[40m[32minfo[39m[22m[49m: Microsoft.AspNetCore.Hosting.Diagnostics[1]
      Request starting HTTP/2 POST http://ilpp/UnityILPP.PostProcessing/PostProcessAssembly application/grpc -
[40m[32minfo[39m[22m[49m: Microsoft.AspNetCore.Routing.EndpointMiddleware[0]
      Executing endpoint 'gRPC - /UnityILPP.PostProcessing/PostProcessAssembly'
[40m[32minfo[39m[22m[49m: Microsoft.AspNetCore.Routing.EndpointMiddleware[0]
      Executing endpoint 'gRPC - /UnityILPP.PostProcessing/PostProcessAssembly'
[40m[32minfo[39m[22m[49m: Unity.ILPP.Runner.PostProcessingPipeline[0]
      Processing assembly Library/Bee/artifacts/1300b0aE.dag/VoiceSDK.Telemetry.dll, with 134 defines and 275 references
[40m[32minfo[39m[22m[49m: Unity.ILPP.Runner.PostProcessingPipeline[0]
      processors: Unity.Jobs.CodeGen.JobsILPostProcessor, zzzUnity.Burst.CodeGen.BurstILPostProcessor
[40m[32minfo[39m[22m[49m: Unity.ILPP.Runner.PostProcessingPipeline[0]
      running Unity.Jobs.CodeGen.JobsILPostProcessor
[40m[32minfo[39m[22m[49m: Unity.ILPP.Runner.PostProcessingPipeline[0]
      running zzzUnity.Burst.CodeGen.BurstILPostProcessor
[40m[32minfo[39m[22m[49m: Microsoft.AspNetCore.Hosting.Diagnostics[1]
      Request starting HTTP/2 POST http://ilpp/UnityILPP.PostProcessing/PostProcessAssembly application/grpc -
[40m[32minfo[39m[22m[49m: Microsoft.AspNetCore.Hosting.Diagnostics[1]
      Request starting HTTP/2 POST http://ilpp/UnityILPP.PostProcessing/PostProcessAssembly application/grpc -
[40m[32minfo[39m[22m[49m: Microsoft.AspNetCore.Routing.EndpointMiddleware[0]
      Executing endpoint 'gRPC - /UnityILPP.PostProcessing/PostProcessAssembly'
[40m[32minfo[39m[22m[49m: Microsoft.AspNetCore.Routing.EndpointMiddleware[0]
      Executing endpoint 'gRPC - /UnityILPP.PostProcessing/PostProcessAssembly'
[40m[32minfo[39m[22m[49m: Unity.ILPP.Runner.PostProcessingPipeline[0]
      Processing assembly Library/Bee/artifacts/1300b0aE.dag/Meta.Voice.VSDKHub.Editor.dll, with 134 defines and 276 references
[40m[32minfo[39m[22m[49m: Unity.ILPP.Runner.PostProcessingPipeline[0]
      processors: Unity.Jobs.CodeGen.JobsILPostProcessor, zzzUnity.Burst.CodeGen.BurstILPostProcessor
[40m[32minfo[39m[22m[49m: Unity.ILPP.Runner.PostProcessingPipeline[0]
      Processing assembly Library/Bee/artifacts/1300b0aE.dag/Unity.Searcher.Editor.dll, with 133 defines and 272 references
[40m[32minfo[39m[22m[49m: Unity.ILPP.Runner.PostProcessingPipeline[0]
      processors: Unity.Jobs.CodeGen.JobsILPostProcessor, zzzUnity.Burst.CodeGen.BurstILPostProcessor
[40m[32minfo[39m[22m[49m: Microsoft.AspNetCore.Hosting.Diagnostics[1]
      Request starting HTTP/2 POST http://ilpp/UnityILPP.PostProcessing/PostProcessAssembly application/grpc -
[40m[32minfo[39m[22m[49m: Unity.ILPP.Runner.PostProcessingPipeline[0]
      running Unity.Jobs.CodeGen.JobsILPostProcessor
[40m[32minfo[39m[22m[49m: Microsoft.AspNetCore.Routing.EndpointMiddleware[0]
      Executing endpoint 'gRPC - /UnityILPP.PostProcessing/PostProcessAssembly'
[40m[32minfo[39m[22m[49m: Unity.ILPP.Runner.PostProcessingPipeline[0]
      running zzzUnity.Burst.CodeGen.BurstILPostProcessor
[40m[32minfo[39m[22m[49m: Unity.ILPP.Runner.PostProcessingPipeline[0]
      running Unity.Jobs.CodeGen.JobsILPostProcessor
[40m[32minfo[39m[22m[49m: Unity.ILPP.Runner.PostProcessingPipeline[0]
      running zzzUnity.Burst.CodeGen.BurstILPostProcessor
[40m[32minfo[39m[22m[49m: Unity.ILPP.Runner.PostProcessingPipeline[0]
      Processing assembly Library/Bee/artifacts/1300b0aE.dag/Unity.Collections.Editor.dll, with 134 defines and 273 references
[40m[32minfo[39m[22m[49m: Unity.ILPP.Runner.PostProcessingPipeline[0]
      processors: Unity.Jobs.CodeGen.JobsILPostProcessor, zzzUnity.Burst.CodeGen.BurstILPostProcessor
[40m[32minfo[39m[22m[49m: Microsoft.AspNetCore.Routing.EndpointMiddleware[1]
      Executed endpoint 'gRPC - /UnityILPP.PostProcessing/PostProcessAssembly'
[40m[32minfo[39m[22m[49m: Microsoft.AspNetCore.Hosting.Diagnostics[2]
      Request finished HTTP/2 POST http://ilpp/UnityILPP.PostProcessing/PostProcessAssembly application/grpc - - 200 - application/grpc 23.0123ms
[40m[32minfo[39m[22m[49m: Unity.ILPP.Runner.PostProcessingPipeline[0]
      running Unity.Jobs.CodeGen.JobsILPostProcessor
[40m[32minfo[39m[22m[49m: Microsoft.AspNetCore.Routing.EndpointMiddleware[1]
      Executed endpoint 'gRPC - /UnityILPP.PostProcessing/PostProcessAssembly'
[40m[32minfo[39m[22m[49m: Microsoft.AspNetCore.Hosting.Diagnostics[2]
      Request finished HTTP/2 POST http://ilpp/UnityILPP.PostProcessing/PostProcessAssembly application/grpc - - 200 - application/grpc 1.4995ms
[40m[32minfo[39m[22m[49m: Microsoft.AspNetCore.Routing.EndpointMiddleware[1]
      Executed endpoint 'gRPC - /UnityILPP.PostProcessing/PostProcessAssembly'
[40m[32minfo[39m[22m[49m: Microsoft.AspNetCore.Hosting.Diagnostics[2]
      Request finished HTTP/2 POST http://ilpp/UnityILPP.PostProcessing/PostProcessAssembly application/grpc - - 200 - application/grpc 1.9937ms
[40m[32minfo[39m[22m[49m: Unity.ILPP.Runner.PostProcessingPipeline[0]
      Processing assembly Library/Bee/artifacts/1300b0aE.dag/Meta.Wit.Composer.Editor.dll, with 134 defines and 279 references
[40m[32minfo[39m[22m[49m: Unity.ILPP.Runner.PostProcessingPipeline[0]
      processors: Unity.Jobs.CodeGen.JobsILPostProcessor, zzzUnity.Burst.CodeGen.BurstILPostProcessor
[40m[32minfo[39m[22m[49m: Unity.ILPP.Runner.PostProcessingPipeline[0]
      running Unity.Jobs.CodeGen.JobsILPostProcessor
[40m[32minfo[39m[22m[49m: Unity.ILPP.Runner.PostProcessingPipeline[0]
      running zzzUnity.Burst.CodeGen.BurstILPostProcessor
[40m[32minfo[39m[22m[49m: Microsoft.AspNetCore.Routing.EndpointMiddleware[1]
      Executed endpoint 'gRPC - /UnityILPP.PostProcessing/PostProcessAssembly'
[40m[32minfo[39m[22m[49m: Microsoft.AspNetCore.Hosting.Diagnostics[2]
      Request finished HTTP/2 POST http://ilpp/UnityILPP.PostProcessing/PostProcessAssembly application/grpc - - 200 - application/grpc 27.3448ms
[40m[32minfo[39m[22m[49m: Unity.ILPP.Runner.PostProcessingPipeline[0]
      running zzzUnity.Burst.CodeGen.BurstILPostProcessor
[40m[32minfo[39m[22m[49m: Microsoft.AspNetCore.Routing.EndpointMiddleware[1]
      Executed endpoint 'gRPC - /UnityILPP.PostProcessing/PostProcessAssembly'
[40m[32minfo[39m[22m[49m: Microsoft.AspNetCore.Hosting.Diagnostics[2]
      Request finished HTTP/2 POST http://ilpp/UnityILPP.PostProcessing/PostProcessAssembly application/grpc - - 200 - application/grpc 7.1202ms
[40m[32minfo[39m[22m[49m: Microsoft.AspNetCore.Hosting.Diagnostics[1]
      Request starting HTTP/2 POST http://ilpp/UnityILPP.PostProcessing/PostProcessAssembly application/grpc -
[40m[32minfo[39m[22m[49m: Microsoft.AspNetCore.Routing.EndpointMiddleware[0]
      Executing endpoint 'gRPC - /UnityILPP.PostProcessing/PostProcessAssembly'
[40m[32minfo[39m[22m[49m: Unity.ILPP.Runner.PostProcessingPipeline[0]
      Processing assembly Library/Bee/artifacts/1300b0aE.dag/Unity.Timeline.Editor.dll, with 134 defines and 273 references
[40m[32minfo[39m[22m[49m: Unity.ILPP.Runner.PostProcessingPipeline[0]
      processors: Unity.Jobs.CodeGen.JobsILPostProcessor, zzzUnity.Burst.CodeGen.BurstILPostProcessor
[40m[32minfo[39m[22m[49m: Unity.ILPP.Runner.PostProcessingPipeline[0]
      running Unity.Jobs.CodeGen.JobsILPostProcessor
[40m[32minfo[39m[22m[49m: Unity.ILPP.Runner.PostProcessingPipeline[0]
      running zzzUnity.Burst.CodeGen.BurstILPostProcessor
[40m[32minfo[39m[22m[49m: Microsoft.AspNetCore.Routing.EndpointMiddleware[1]
      Executed endpoint 'gRPC - /UnityILPP.PostProcessing/PostProcessAssembly'
[40m[32minfo[39m[22m[49m: Microsoft.AspNetCore.Hosting.Diagnostics[2]
      Request finished HTTP/2 POST http://ilpp/UnityILPP.PostProcessing/PostProcessAssembly application/grpc - - 200 - application/grpc 2.0425ms
[40m[32minfo[39m[22m[49m: Microsoft.AspNetCore.Hosting.Diagnostics[1]
      Request starting HTTP/2 POST http://ilpp/UnityILPP.PostProcessing/PostProcessAssembly application/grpc -
[40m[32minfo[39m[22m[49m: Microsoft.AspNetCore.Hosting.Diagnostics[1]
      Request starting HTTP/2 POST http://ilpp/UnityILPP.PostProcessing/PostProcessAssembly application/grpc -
[40m[32minfo[39m[22m[49m: Microsoft.AspNetCore.Hosting.Diagnostics[1]
      Request starting HTTP/2 POST http://ilpp/UnityILPP.PostProcessing/PostProcessAssembly application/grpc -
[40m[32minfo[39m[22m[49m: Microsoft.AspNetCore.Hosting.Diagnostics[1]
      Request starting HTTP/2 POST http://ilpp/UnityILPP.PostProcessing/PostProcessAssembly application/grpc -
[40m[32minfo[39m[22m[49m: Microsoft.AspNetCore.Routing.EndpointMiddleware[0]
      Executing endpoint 'gRPC - /UnityILPP.PostProcessing/PostProcessAssembly'
[40m[32minfo[39m[22m[49m: Microsoft.AspNetCore.Routing.EndpointMiddleware[0]
      Executing endpoint 'gRPC - /UnityILPP.PostProcessing/PostProcessAssembly'
[40m[32minfo[39m[22m[49m: Microsoft.AspNetCore.Routing.EndpointMiddleware[0]
      Executing endpoint 'gRPC - /UnityILPP.PostProcessing/PostProcessAssembly'
[40m[32minfo[39m[22m[49m: Microsoft.AspNetCore.Routing.EndpointMiddleware[0]
      Executing endpoint 'gRPC - /UnityILPP.PostProcessing/PostProcessAssembly'
[40m[32minfo[39m[22m[49m: Unity.ILPP.Runner.PostProcessingPipeline[0]
      Processing assembly Library/Bee/artifacts/1300b0aE.dag/NewAssembly.dll, with 134 defines and 274 references
[40m[32minfo[39m[22m[49m: Unity.ILPP.Runner.PostProcessingPipeline[0]
      Processing assembly Library/Bee/artifacts/1300b0aE.dag/VoiceSDK.Dictation.Editor.dll, with 134 defines and 277 references
[40m[32minfo[39m[22m[49m: Unity.ILPP.Runner.PostProcessingPipeline[0]
      Processing assembly Library/Bee/artifacts/1300b0aE.dag/Unity.AI.Navigation.Editor.dll, with 134 defines and 274 references
[40m[32minfo[39m[22m[49m: Unity.ILPP.Runner.PostProcessingPipeline[0]
      processors: Unity.Jobs.CodeGen.JobsILPostProcessor, zzzUnity.Burst.CodeGen.BurstILPostProcessor
[40m[32minfo[39m[22m[49m: Unity.ILPP.Runner.PostProcessingPipeline[0]
      processors: Unity.Jobs.CodeGen.JobsILPostProcessor, zzzUnity.Burst.CodeGen.BurstILPostProcessor
[40m[32minfo[39m[22m[49m: Unity.ILPP.Runner.PostProcessingPipeline[0]
      processors: Unity.Jobs.CodeGen.JobsILPostProcessor, zzzUnity.Burst.CodeGen.BurstILPostProcessor
[40m[32minfo[39m[22m[49m: Unity.ILPP.Runner.PostProcessingPipeline[0]
      running Unity.Jobs.CodeGen.JobsILPostProcessor
[40m[32minfo[39m[22m[49m: Unity.ILPP.Runner.PostProcessingPipeline[0]
      running Unity.Jobs.CodeGen.JobsILPostProcessor
[40m[32minfo[39m[22m[49m: Unity.ILPP.Runner.PostProcessingPipeline[0]
      running zzzUnity.Burst.CodeGen.BurstILPostProcessor
[40m[32minfo[39m[22m[49m: Unity.ILPP.Runner.PostProcessingPipeline[0]
      running zzzUnity.Burst.CodeGen.BurstILPostProcessor
[40m[32minfo[39m[22m[49m: Microsoft.AspNetCore.Routing.EndpointMiddleware[1]
      Executed endpoint 'gRPC - /UnityILPP.PostProcessing/PostProcessAssembly'
[40m[32minfo[39m[22m[49m: Microsoft.AspNetCore.Routing.EndpointMiddleware[1]
      Executed endpoint 'gRPC - /UnityILPP.PostProcessing/PostProcessAssembly'
[40m[32minfo[39m[22m[49m: Microsoft.AspNetCore.Hosting.Diagnostics[2]
      Request finished HTTP/2 POST http://ilpp/UnityILPP.PostProcessing/PostProcessAssembly application/grpc - - 200 - application/grpc 0.8300ms
[40m[32minfo[39m[22m[49m: Microsoft.AspNetCore.Hosting.Diagnostics[2]
      Request finished HTTP/2 POST http://ilpp/UnityILPP.PostProcessing/PostProcessAssembly application/grpc - - 200 - application/grpc 0.8770ms
[40m[32minfo[39m[22m[49m: Unity.ILPP.Runner.PostProcessingPipeline[0]
      running Unity.Jobs.CodeGen.JobsILPostProcessor
[40m[32minfo[39m[22m[49m: Unity.ILPP.Runner.PostProcessingPipeline[0]
      running zzzUnity.Burst.CodeGen.BurstILPostProcessor
[40m[32minfo[39m[22m[49m: Unity.ILPP.Runner.PostProcessingPipeline[0]
      Processing assembly Library/Bee/artifacts/1300b0aE.dag/Oculus.Interaction.InterfaceSupport.dll, with 134 defines and 273 references
[40m[32minfo[39m[22m[49m: Unity.ILPP.Runner.PostProcessingPipeline[0]
      processors: Unity.Jobs.CodeGen.JobsILPostProcessor, zzzUnity.Burst.CodeGen.BurstILPostProcessor
[40m[32minfo[39m[22m[49m: Unity.ILPP.Runner.PostProcessingPipeline[0]
      running Unity.Jobs.CodeGen.JobsILPostProcessor
[40m[32minfo[39m[22m[49m: Unity.ILPP.Runner.PostProcessingPipeline[0]
      running zzzUnity.Burst.CodeGen.BurstILPostProcessor
[40m[32minfo[39m[22m[49m: Microsoft.AspNetCore.Hosting.Diagnostics[1]
      Request starting HTTP/2 POST http://ilpp/UnityILPP.PostProcessing/PostProcessAssembly application/grpc -
[40m[32minfo[39m[22m[49m: Microsoft.AspNetCore.Routing.EndpointMiddleware[0]
      Executing endpoint 'gRPC - /UnityILPP.PostProcessing/PostProcessAssembly'
[40m[32minfo[39m[22m[49m: Microsoft.AspNetCore.Routing.EndpointMiddleware[1]
      Executed endpoint 'gRPC - /UnityILPP.PostProcessing/PostProcessAssembly'
[40m[32minfo[39m[22m[49m: Microsoft.AspNetCore.Hosting.Diagnostics[2]
      Request finished HTTP/2 POST http://ilpp/UnityILPP.PostProcessing/PostProcessAssembly application/grpc - - 200 - application/grpc 1.3600ms
[40m[32minfo[39m[22m[49m: Unity.ILPP.Runner.PostProcessingPipeline[0]
      Processing assembly Library/Bee/artifacts/1300b0aE.dag/Unity.VisualScripting.Flow.Editor.dll, with 135 defines and 276 references
[40m[32minfo[39m[22m[49m: Unity.ILPP.Runner.PostProcessingPipeline[0]
      processors: Unity.Jobs.CodeGen.JobsILPostProcessor, zzzUnity.Burst.CodeGen.BurstILPostProcessor
[40m[32minfo[39m[22m[49m: Microsoft.AspNetCore.Routing.EndpointMiddleware[1]
      Executed endpoint 'gRPC - /UnityILPP.PostProcessing/PostProcessAssembly'
[40m[32minfo[39m[22m[49m: Microsoft.AspNetCore.Hosting.Diagnostics[2]
      Request finished HTTP/2 POST http://ilpp/UnityILPP.PostProcessing/PostProcessAssembly application/grpc - - 200 - application/grpc 1.3994ms
[40m[32minfo[39m[22m[49m: Unity.ILPP.Runner.PostProcessingPipeline[0]
      running Unity.Jobs.CodeGen.JobsILPostProcessor
[40m[32minfo[39m[22m[49m: Unity.ILPP.Runner.PostProcessingPipeline[0]
      running zzzUnity.Burst.CodeGen.BurstILPostProcessor
[40m[32minfo[39m[22m[49m: Microsoft.AspNetCore.Routing.EndpointMiddleware[1]
      Executed endpoint 'gRPC - /UnityILPP.PostProcessing/PostProcessAssembly'
[40m[32minfo[39m[22m[49m: Microsoft.AspNetCore.Hosting.Diagnostics[2]
      Request finished HTTP/2 POST http://ilpp/UnityILPP.PostProcessing/PostProcessAssembly application/grpc - - 200 - application/grpc 1.2636ms
[40m[32minfo[39m[22m[49m: Microsoft.AspNetCore.Hosting.Diagnostics[1]
      Request starting HTTP/2 POST http://ilpp/UnityILPP.PostProcessing/PostProcessAssembly application/grpc -
[40m[32minfo[39m[22m[49m: Microsoft.AspNetCore.Hosting.Diagnostics[1]
      Request starting HTTP/2 POST http://ilpp/UnityILPP.PostProcessing/PostProcessAssembly application/grpc -
[40m[32minfo[39m[22m[49m: Microsoft.AspNetCore.Hosting.Diagnostics[1]
      Request starting HTTP/2 POST http://ilpp/UnityILPP.PostProcessing/PostProcessAssembly application/grpc -
[40m[32minfo[39m[22m[49m: Microsoft.AspNetCore.Hosting.Diagnostics[1]
      Request starting HTTP/2 POST http://ilpp/UnityILPP.PostProcessing/PostProcessAssembly application/grpc -
[40m[32minfo[39m[22m[49m: Microsoft.AspNetCore.Routing.EndpointMiddleware[0]
      Executing endpoint 'gRPC - /UnityILPP.PostProcessing/PostProcessAssembly'
[40m[32minfo[39m[22m[49m: Microsoft.AspNetCore.Routing.EndpointMiddleware[0]
      Executing endpoint 'gRPC - /UnityILPP.PostProcessing/PostProcessAssembly'
[40m[32minfo[39m[22m[49m: Microsoft.AspNetCore.Routing.EndpointMiddleware[0]
      Executing endpoint 'gRPC - /UnityILPP.PostProcessing/PostProcessAssembly'
[40m[32minfo[39m[22m[49m: Microsoft.AspNetCore.Routing.EndpointMiddleware[0]
      Executing endpoint 'gRPC - /UnityILPP.PostProcessing/PostProcessAssembly'
[40m[32minfo[39m[22m[49m: Unity.ILPP.Runner.PostProcessingPipeline[0]
      Processing assembly Library/Bee/artifacts/1300b0aE.dag/AssistantVoiceCommandCommon.Editor.dll, with 134 defines and 273 references
[40m[32minfo[39m[22m[49m: Unity.ILPP.Runner.PostProcessingPipeline[0]
      Processing assembly Library/Bee/artifacts/1300b0aE.dag/Meta.WitAI.Lib.Editor.dll, with 134 defines and 275 references
[40m[32minfo[39m[22m[49m: Unity.ILPP.Runner.PostProcessingPipeline[0]
      Processing assembly Library/Bee/artifacts/1300b0aE.dag/Meta.XR.Editor.Settings.dll, with 134 defines and 272 references
[40m[32minfo[39m[22m[49m: Unity.ILPP.Runner.PostProcessingPipeline[0]
      Processing assembly Library/Bee/artifacts/1300b0aE.dag/Unity.RenderPipelines.Core.Runtime.Shared.dll, with 135 defines and 262 references
[40m[32minfo[39m[22m[49m: Unity.ILPP.Runner.PostProcessingPipeline[0]
      processors: Unity.Jobs.CodeGen.JobsILPostProcessor, zzzUnity.Burst.CodeGen.BurstILPostProcessor
[40m[32minfo[39m[22m[49m: Unity.ILPP.Runner.PostProcessingPipeline[0]
      processors: Unity.Jobs.CodeGen.JobsILPostProcessor, zzzUnity.Burst.CodeGen.BurstILPostProcessor
[40m[32minfo[39m[22m[49m: Unity.ILPP.Runner.PostProcessingPipeline[0]
      processors: Unity.Jobs.CodeGen.JobsILPostProcessor, zzzUnity.Burst.CodeGen.BurstILPostProcessor
[40m[32minfo[39m[22m[49m: Unity.ILPP.Runner.PostProcessingPipeline[0]
      processors: Unity.Jobs.CodeGen.JobsILPostProcessor, zzzUnity.Burst.CodeGen.BurstILPostProcessor
[40m[32minfo[39m[22m[49m: Unity.ILPP.Runner.PostProcessingPipeline[0]
      running Unity.Jobs.CodeGen.JobsILPostProcessor
[40m[32minfo[39m[22m[49m: Unity.ILPP.Runner.PostProcessingPipeline[0]
      running zzzUnity.Burst.CodeGen.BurstILPostProcessor
[40m[32minfo[39m[22m[49m: Unity.ILPP.Runner.PostProcessingPipeline[0]
      running Unity.Jobs.CodeGen.JobsILPostProcessor
[40m[32minfo[39m[22m[49m: Unity.ILPP.Runner.PostProcessingPipeline[0]
      running Unity.Jobs.CodeGen.JobsILPostProcessor
[40m[32minfo[39m[22m[49m: Unity.ILPP.Runner.PostProcessingPipeline[0]
      running zzzUnity.Burst.CodeGen.BurstILPostProcessor
[40m[32minfo[39m[22m[49m: Unity.ILPP.Runner.PostProcessingPipeline[0]
      running zzzUnity.Burst.CodeGen.BurstILPostProcessor
[40m[32minfo[39m[22m[49m: Microsoft.AspNetCore.Routing.EndpointMiddleware[1]
      Executed endpoint 'gRPC - /UnityILPP.PostProcessing/PostProcessAssembly'
[40m[32minfo[39m[22m[49m: Microsoft.AspNetCore.Hosting.Diagnostics[2]
      Request finished HTTP/2 POST http://ilpp/UnityILPP.PostProcessing/PostProcessAssembly application/grpc - - 200 - application/grpc 1.3272ms
[40m[32minfo[39m[22m[49m: Microsoft.AspNetCore.Routing.EndpointMiddleware[1]
      Executed endpoint 'gRPC - /UnityILPP.PostProcessing/PostProcessAssembly'
[40m[32minfo[39m[22m[49m: Microsoft.AspNetCore.Hosting.Diagnostics[2]
      Request finished HTTP/2 POST http://ilpp/UnityILPP.PostProcessing/PostProcessAssembly application/grpc - - 200 - application/grpc 1.4244ms
[40m[32minfo[39m[22m[49m: Microsoft.AspNetCore.Hosting.Diagnostics[1]
      Request starting HTTP/2 POST http://ilpp/UnityILPP.PostProcessing/PostProcessAssembly application/grpc -
[40m[32minfo[39m[22m[49m: Microsoft.AspNetCore.Routing.EndpointMiddleware[0]
      Executing endpoint 'gRPC - /UnityILPP.PostProcessing/PostProcessAssembly'
[40m[32minfo[39m[22m[49m: Unity.ILPP.Runner.PostProcessingPipeline[0]
      Processing assembly Library/Bee/artifacts/1300b0aE.dag/Unity.RenderPipeline.Universal.ShaderLibrary.dll, with 135 defines and 262 references
[40m[32minfo[39m[22m[49m: Unity.ILPP.Runner.PostProcessingPipeline[0]
      processors: Unity.Jobs.CodeGen.JobsILPostProcessor, zzzUnity.Burst.CodeGen.BurstILPostProcessor
[40m[32minfo[39m[22m[49m: Unity.ILPP.Runner.PostProcessingPipeline[0]
      running Unity.Jobs.CodeGen.JobsILPostProcessor
[40m[32minfo[39m[22m[49m: Unity.ILPP.Runner.PostProcessingPipeline[0]
      running zzzUnity.Burst.CodeGen.BurstILPostProcessor
[40m[32minfo[39m[22m[49m: Microsoft.AspNetCore.Routing.EndpointMiddleware[1]
      Executed endpoint 'gRPC - /UnityILPP.PostProcessing/PostProcessAssembly'
[40m[32minfo[39m[22m[49m: Microsoft.AspNetCore.Hosting.Diagnostics[2]
      Request finished HTTP/2 POST http://ilpp/UnityILPP.PostProcessing/PostProcessAssembly application/grpc - - 200 - application/grpc 2.4313ms
[40m[32minfo[39m[22m[49m: Microsoft.AspNetCore.Routing.EndpointMiddleware[1]
      Executed endpoint 'gRPC - /UnityILPP.PostProcessing/PostProcessAssembly'
[40m[32minfo[39m[22m[49m: Microsoft.AspNetCore.Hosting.Diagnostics[2]
      Request finished HTTP/2 POST http://ilpp/UnityILPP.PostProcessing/PostProcessAssembly application/grpc - - 200 - application/grpc 0.5945ms
[40m[32minfo[39m[22m[49m: Unity.ILPP.Runner.PostProcessingPipeline[0]
      running Unity.Jobs.CodeGen.JobsILPostProcessor
[40m[32minfo[39m[22m[49m: Unity.ILPP.Runner.PostProcessingPipeline[0]
      running zzzUnity.Burst.CodeGen.BurstILPostProcessor
[40m[32minfo[39m[22m[49m: Microsoft.AspNetCore.Routing.EndpointMiddleware[1]
      Executed endpoint 'gRPC - /UnityILPP.PostProcessing/PostProcessAssembly'
[40m[32minfo[39m[22m[49m: Microsoft.AspNetCore.Hosting.Diagnostics[2]
      Request finished HTTP/2 POST http://ilpp/UnityILPP.PostProcessing/PostProcessAssembly application/grpc - - 200 - application/grpc 3.4294ms
[40m[32minfo[39m[22m[49m: Microsoft.AspNetCore.Routing.EndpointMiddleware[1]
      Executed endpoint 'gRPC - /UnityILPP.PostProcessing/PostProcessAssembly'
[40m[32minfo[39m[22m[49m: Microsoft.AspNetCore.Hosting.Diagnostics[2]
      Request finished HTTP/2 POST http://ilpp/UnityILPP.PostProcessing/PostProcessAssembly application/grpc - - 200 - application/grpc 205.5472ms
[40m[32minfo[39m[22m[49m: Microsoft.AspNetCore.Hosting.Diagnostics[1]
      Request starting HTTP/2 POST http://ilpp/UnityILPP.PostProcessing/PostProcessAssembly application/grpc -
[40m[32minfo[39m[22m[49m: Microsoft.AspNetCore.Hosting.Diagnostics[1]
      Request starting HTTP/2 POST http://ilpp/UnityILPP.PostProcessing/PostProcessAssembly application/grpc -
[40m[32minfo[39m[22m[49m: Microsoft.AspNetCore.Hosting.Diagnostics[1]
      Request starting HTTP/2 POST http://ilpp/UnityILPP.PostProcessing/PostProcessAssembly application/grpc -
[40m[32minfo[39m[22m[49m: Microsoft.AspNetCore.Routing.EndpointMiddleware[0]
      Executing endpoint 'gRPC - /UnityILPP.PostProcessing/PostProcessAssembly'
[40m[32minfo[39m[22m[49m: Microsoft.AspNetCore.Routing.EndpointMiddleware[0]
      Executing endpoint 'gRPC - /UnityILPP.PostProcessing/PostProcessAssembly'
[40m[32minfo[39m[22m[49m: Microsoft.AspNetCore.Routing.EndpointMiddleware[0]
      Executing endpoint 'gRPC - /UnityILPP.PostProcessing/PostProcessAssembly'
[40m[32minfo[39m[22m[49m: Microsoft.AspNetCore.Hosting.Diagnostics[1]
      Request starting HTTP/2 POST http://ilpp/UnityILPP.PostProcessing/PostProcessAssembly application/grpc -
[40m[32minfo[39m[22m[49m: Microsoft.AspNetCore.Routing.EndpointMiddleware[0]
      Executing endpoint 'gRPC - /UnityILPP.PostProcessing/PostProcessAssembly'
[40m[32minfo[39m[22m[49m: Microsoft.AspNetCore.Hosting.Diagnostics[1]
      Request starting HTTP/2 POST http://ilpp/UnityILPP.PostProcessing/PostProcessAssembly application/grpc -
[40m[32minfo[39m[22m[49m: Microsoft.AspNetCore.Routing.EndpointMiddleware[0]
      Executing endpoint 'gRPC - /UnityILPP.PostProcessing/PostProcessAssembly'
[40m[32minfo[39m[22m[49m: Unity.ILPP.Runner.PostProcessingPipeline[0]
      Processing assembly Library/Bee/artifacts/1300b0aE.dag/Unity.WebRTC.Editor.dll, with 133 defines and 274 references
[40m[32minfo[39m[22m[49m: Unity.ILPP.Runner.PostProcessingPipeline[0]
      Processing assembly Library/Bee/artifacts/1300b0aE.dag/Meta.WitAi.Editor.dll, with 134 defines and 280 references
[40m[32minfo[39m[22m[49m: Unity.ILPP.Runner.PostProcessingPipeline[0]
      Processing assembly Library/Bee/artifacts/1300b0aE.dag/Unity.AI.Navigation.Updater.dll, with 133 defines and 275 references
[40m[32minfo[39m[22m[49m: Unity.ILPP.Runner.PostProcessingPipeline[0]
      processors: Unity.Jobs.CodeGen.JobsILPostProcessor, zzzUnity.Burst.CodeGen.BurstILPostProcessor
[40m[32minfo[39m[22m[49m: Unity.ILPP.Runner.PostProcessingPipeline[0]
      processors: Unity.Jobs.CodeGen.JobsILPostProcessor, zzzUnity.Burst.CodeGen.BurstILPostProcessor
[40m[32minfo[39m[22m[49m: Unity.ILPP.Runner.PostProcessingPipeline[0]
      processors: Unity.Jobs.CodeGen.JobsILPostProcessor, zzzUnity.Burst.CodeGen.BurstILPostProcessor
[40m[32minfo[39m[22m[49m: Unity.ILPP.Runner.PostProcessingPipeline[0]
      Processing assembly Library/Bee/artifacts/1300b0aE.dag/Meta.WitAi.Conduit.Editor.dll, with 134 defines and 275 references
[40m[32minfo[39m[22m[49m: Unity.ILPP.Runner.PostProcessingPipeline[0]
      processors: Unity.Jobs.CodeGen.JobsILPostProcessor, zzzUnity.Burst.CodeGen.BurstILPostProcessor
[40m[32minfo[39m[22m[49m: Unity.ILPP.Runner.PostProcessingPipeline[0]
      Processing assembly Library/Bee/artifacts/1300b0aE.dag/Oculus.Platform.Editor.dll, with 135 defines and 273 references
[40m[32minfo[39m[22m[49m: Unity.ILPP.Runner.PostProcessingPipeline[0]
      processors: Unity.Jobs.CodeGen.JobsILPostProcessor, zzzUnity.Burst.CodeGen.BurstILPostProcessor
[40m[32minfo[39m[22m[49m: Unity.ILPP.Runner.PostProcessingPipeline[0]
      running Unity.Jobs.CodeGen.JobsILPostProcessor
[40m[32minfo[39m[22m[49m: Unity.ILPP.Runner.PostProcessingPipeline[0]
      running zzzUnity.Burst.CodeGen.BurstILPostProcessor
[40m[32minfo[39m[22m[49m: Unity.ILPP.Runner.PostProcessingPipeline[0]
      running Unity.Jobs.CodeGen.JobsILPostProcessor
[40m[32minfo[39m[22m[49m: Unity.ILPP.Runner.PostProcessingPipeline[0]
      running Unity.Jobs.CodeGen.JobsILPostProcessor
[40m[32minfo[39m[22m[49m: Unity.ILPP.Runner.PostProcessingPipeline[0]
      running zzzUnity.Burst.CodeGen.BurstILPostProcessor
[40m[32minfo[39m[22m[49m: Unity.ILPP.Runner.PostProcessingPipeline[0]
      running zzzUnity.Burst.CodeGen.BurstILPostProcessor
[40m[32minfo[39m[22m[49m: Microsoft.AspNetCore.Hosting.Diagnostics[1]
      Request starting HTTP/2 POST http://ilpp/UnityILPP.PostProcessing/PostProcessAssembly application/grpc -
[40m[32minfo[39m[22m[49m: Microsoft.AspNetCore.Routing.EndpointMiddleware[0]
      Executing endpoint 'gRPC - /UnityILPP.PostProcessing/PostProcessAssembly'
[40m[32minfo[39m[22m[49m: Unity.ILPP.Runner.PostProcessingPipeline[0]
      Processing assembly Library/Bee/artifacts/1300b0aE.dag/Unity.VisualScripting.Core.Editor.dll, with 133 defines and 273 references
[40m[32minfo[39m[22m[49m: Unity.ILPP.Runner.PostProcessingPipeline[0]
      processors: Unity.Jobs.CodeGen.JobsILPostProcessor, zzzUnity.Burst.CodeGen.BurstILPostProcessor
[40m[32minfo[39m[22m[49m: Microsoft.AspNetCore.Routing.EndpointMiddleware[1]
      Executed endpoint 'gRPC - /UnityILPP.PostProcessing/PostProcessAssembly'
[40m[32minfo[39m[22m[49m: Microsoft.AspNetCore.Routing.EndpointMiddleware[1]
      Executed endpoint 'gRPC - /UnityILPP.PostProcessing/PostProcessAssembly'
[40m[32minfo[39m[22m[49m: Microsoft.AspNetCore.Hosting.Diagnostics[2]
      Request finished HTTP/2 POST http://ilpp/UnityILPP.PostProcessing/PostProcessAssembly application/grpc - - 200 - application/grpc 2.6333ms
[40m[32minfo[39m[22m[49m: Microsoft.AspNetCore.Hosting.Diagnostics[2]
      Request finished HTTP/2 POST http://ilpp/UnityILPP.PostProcessing/PostProcessAssembly application/grpc - - 200 - application/grpc 2.8388ms
[40m[32minfo[39m[22m[49m: Microsoft.AspNetCore.Hosting.Diagnostics[1]
      Request starting HTTP/2 POST http://ilpp/UnityILPP.PostProcessing/PostProcessAssembly application/grpc -
[40m[32minfo[39m[22m[49m: Microsoft.AspNetCore.Routing.EndpointMiddleware[0]
      Executing endpoint 'gRPC - /UnityILPP.PostProcessing/PostProcessAssembly'
[40m[32minfo[39m[22m[49m: Unity.ILPP.Runner.PostProcessingPipeline[0]
      running Unity.Jobs.CodeGen.JobsILPostProcessor
[40m[32minfo[39m[22m[49m: Unity.ILPP.Runner.PostProcessingPipeline[0]
      Processing assembly Library/Bee/artifacts/1300b0aE.dag/Meta.XR.Editor.Id.dll, with 134 defines and 272 references
[40m[32minfo[39m[22m[49m: Microsoft.AspNetCore.Hosting.Diagnostics[1]
      Request starting HTTP/2 POST http://ilpp/UnityILPP.PostProcessing/PostProcessAssembly application/grpc -
[40m[32minfo[39m[22m[49m: Unity.ILPP.Runner.PostProcessingPipeline[0]
      processors: Unity.Jobs.CodeGen.JobsILPostProcessor, zzzUnity.Burst.CodeGen.BurstILPostProcessor
[40m[32minfo[39m[22m[49m: Microsoft.AspNetCore.Routing.EndpointMiddleware[0]
      Executing endpoint 'gRPC - /UnityILPP.PostProcessing/PostProcessAssembly'
[40m[32minfo[39m[22m[49m: Unity.ILPP.Runner.PostProcessingPipeline[0]
      running zzzUnity.Burst.CodeGen.BurstILPostProcessor
[40m[32minfo[39m[22m[49m: Unity.ILPP.Runner.PostProcessingPipeline[0]
      Processing assembly Library/Bee/artifacts/1300b0aE.dag/Unity.InputSystem.DocCodeSamples.dll, with 133 defines and 256 references
[40m[32minfo[39m[22m[49m: Unity.ILPP.Runner.PostProcessingPipeline[0]
      running Unity.Jobs.CodeGen.JobsILPostProcessor
[40m[32minfo[39m[22m[49m: Unity.ILPP.Runner.PostProcessingPipeline[0]
      processors: Unity.Jobs.CodeGen.JobsILPostProcessor, zzzUnity.Burst.CodeGen.BurstILPostProcessor
[40m[32minfo[39m[22m[49m: Microsoft.AspNetCore.Routing.EndpointMiddleware[1]
      Executed endpoint 'gRPC - /UnityILPP.PostProcessing/PostProcessAssembly'
[40m[32minfo[39m[22m[49m: Microsoft.AspNetCore.Routing.EndpointMiddleware[1]
      Executed endpoint 'gRPC - /UnityILPP.PostProcessing/PostProcessAssembly'
[40m[32minfo[39m[22m[49m: Microsoft.AspNetCore.Hosting.Diagnostics[2]
      Request finished HTTP/2 POST http://ilpp/UnityILPP.PostProcessing/PostProcessAssembly application/grpc - - 200 - application/grpc 7.1234ms
[40m[32minfo[39m[22m[49m: Microsoft.AspNetCore.Hosting.Diagnostics[2]
      Request finished HTTP/2 POST http://ilpp/UnityILPP.PostProcessing/PostProcessAssembly application/grpc - - 200 - application/grpc 7.3025ms
[40m[32minfo[39m[22m[49m: Unity.ILPP.Runner.PostProcessingPipeline[0]
      running zzzUnity.Burst.CodeGen.BurstILPostProcessor
[40m[32minfo[39m[22m[49m: Unity.ILPP.Runner.PostProcessingPipeline[0]
      running Unity.Jobs.CodeGen.JobsILPostProcessor
[40m[32minfo[39m[22m[49m: Unity.ILPP.Runner.PostProcessingPipeline[0]
      running zzzUnity.Burst.CodeGen.BurstILPostProcessor
[40m[32minfo[39m[22m[49m: Microsoft.AspNetCore.Routing.EndpointMiddleware[1]
      Executed endpoint 'gRPC - /UnityILPP.PostProcessing/PostProcessAssembly'
[40m[32minfo[39m[22m[49m: Microsoft.AspNetCore.Hosting.Diagnostics[2]
      Request finished HTTP/2 POST http://ilpp/UnityILPP.PostProcessing/PostProcessAssembly application/grpc - - 200 - application/grpc 6.1011ms
[40m[32minfo[39m[22m[49m: Microsoft.AspNetCore.Routing.EndpointMiddleware[1]
      Executed endpoint 'gRPC - /UnityILPP.PostProcessing/PostProcessAssembly'
[40m[32minfo[39m[22m[49m: Microsoft.AspNetCore.Hosting.Diagnostics[2]
      Request finished HTTP/2 POST http://ilpp/UnityILPP.PostProcessing/PostProcessAssembly application/grpc - - 200 - application/grpc 2.5393ms
[40m[32minfo[39m[22m[49m: Microsoft.AspNetCore.Hosting.Diagnostics[1]
      Request starting HTTP/2 POST http://ilpp/UnityILPP.PostProcessing/PostProcessAssembly application/grpc -
[40m[32minfo[39m[22m[49m: Microsoft.AspNetCore.Routing.EndpointMiddleware[0]
      Executing endpoint 'gRPC - /UnityILPP.PostProcessing/PostProcessAssembly'
[40m[32minfo[39m[22m[49m: Unity.ILPP.Runner.PostProcessingPipeline[0]
      Processing assembly Library/Bee/artifacts/1300b0aE.dag/Unity.2D.Sprite.Editor.dll, with 133 defines and 272 references
[40m[32minfo[39m[22m[49m: Unity.ILPP.Runner.PostProcessingPipeline[0]
      processors: Unity.Jobs.CodeGen.JobsILPostProcessor, zzzUnity.Burst.CodeGen.BurstILPostProcessor
[40m[32minfo[39m[22m[49m: Microsoft.AspNetCore.Routing.EndpointMiddleware[1]
      Executed endpoint 'gRPC - /UnityILPP.PostProcessing/PostProcessAssembly'
[40m[32minfo[39m[22m[49m: Microsoft.AspNetCore.Hosting.Diagnostics[2]
      Request finished HTTP/2 POST http://ilpp/UnityILPP.PostProcessing/PostProcessAssembly application/grpc - - 200 - application/grpc 455.8325ms
[40m[32minfo[39m[22m[49m: Microsoft.AspNetCore.Hosting.Diagnostics[1]
      Request starting HTTP/2 POST http://ilpp/UnityILPP.PostProcessing/PostProcessAssembly application/grpc -
[40m[32minfo[39m[22m[49m: Microsoft.AspNetCore.Hosting.Diagnostics[1]
      Request starting HTTP/2 POST http://ilpp/UnityILPP.PostProcessing/PostProcessAssembly application/grpc -
[40m[32minfo[39m[22m[49m: Microsoft.AspNetCore.Routing.EndpointMiddleware[0]
      Executing endpoint 'gRPC - /UnityILPP.PostProcessing/PostProcessAssembly'
[40m[32minfo[39m[22m[49m: Microsoft.AspNetCore.Routing.EndpointMiddleware[0]
      Executing endpoint 'gRPC - /UnityILPP.PostProcessing/PostProcessAssembly'
[40m[32minfo[39m[22m[49m: Unity.ILPP.Runner.PostProcessingPipeline[0]
      Processing assembly Library/Bee/artifacts/1300b0aE.dag/Unity.RenderPipelines.Universal.Config.Runtime.dll, with 135 defines and 262 references
[40m[32minfo[39m[22m[49m: Unity.ILPP.Runner.PostProcessingPipeline[0]
      processors: Unity.Jobs.CodeGen.JobsILPostProcessor, zzzUnity.Burst.CodeGen.BurstILPostProcessor
[40m[32minfo[39m[22m[49m: Unity.ILPP.Runner.PostProcessingPipeline[0]
      Processing assembly Library/Bee/artifacts/1300b0aE.dag/Unity.ShaderGraph.Utilities.dll, with 133 defines and 272 references
[40m[32minfo[39m[22m[49m: Unity.ILPP.Runner.PostProcessingPipeline[0]
      processors: Unity.Jobs.CodeGen.JobsILPostProcessor, zzzUnity.Burst.CodeGen.BurstILPostProcessor
[40m[32minfo[39m[22m[49m: Unity.ILPP.Runner.PostProcessingPipeline[0]
      running Unity.Jobs.CodeGen.JobsILPostProcessor
[40m[32minfo[39m[22m[49m: Unity.ILPP.Runner.PostProcessingPipeline[0]
      running Unity.Jobs.CodeGen.JobsILPostProcessor
[40m[32minfo[39m[22m[49m: Unity.ILPP.Runner.PostProcessingPipeline[0]
      running zzzUnity.Burst.CodeGen.BurstILPostProcessor
[40m[32minfo[39m[22m[49m: Unity.ILPP.Runner.PostProcessingPipeline[0]
      running zzzUnity.Burst.CodeGen.BurstILPostProcessor
[40m[32minfo[39m[22m[49m: Microsoft.AspNetCore.Routing.EndpointMiddleware[1]
      Executed endpoint 'gRPC - /UnityILPP.PostProcessing/PostProcessAssembly'
[40m[32minfo[39m[22m[49m: Microsoft.AspNetCore.Hosting.Diagnostics[2]
      Request finished HTTP/2 POST http://ilpp/UnityILPP.PostProcessing/PostProcessAssembly application/grpc - - 200 - application/grpc 1.3370ms
[40m[32minfo[39m[22m[49m: Microsoft.AspNetCore.Routing.EndpointMiddleware[1]
      Executed endpoint 'gRPC - /UnityILPP.PostProcessing/PostProcessAssembly'
[40m[32minfo[39m[22m[49m: Microsoft.AspNetCore.Hosting.Diagnostics[2]
      Request finished HTTP/2 POST http://ilpp/UnityILPP.PostProcessing/PostProcessAssembly application/grpc - - 200 - application/grpc 3.3911ms
[40m[32minfo[39m[22m[49m: Microsoft.AspNetCore.Hosting.Diagnostics[1]
      Request starting HTTP/2 POST http://ilpp/UnityILPP.PostProcessing/PostProcessAssembly application/grpc -
[40m[32minfo[39m[22m[49m: Microsoft.AspNetCore.Routing.EndpointMiddleware[0]
      Executing endpoint 'gRPC - /UnityILPP.PostProcessing/PostProcessAssembly'
[40m[32minfo[39m[22m[49m: Unity.ILPP.Runner.PostProcessingPipeline[0]
      Processing assembly Library/Bee/artifacts/1300b0aE.dag/Meta.Wit.Dictation.Editor.dll, with 134 defines and 274 references
[40m[32minfo[39m[22m[49m: Unity.ILPP.Runner.PostProcessingPipeline[0]
      processors: Unity.Jobs.CodeGen.JobsILPostProcessor, zzzUnity.Burst.CodeGen.BurstILPostProcessor
[40m[32minfo[39m[22m[49m: Unity.ILPP.Runner.PostProcessingPipeline[0]
      running Unity.Jobs.CodeGen.JobsILPostProcessor
[40m[32minfo[39m[22m[49m: Unity.ILPP.Runner.PostProcessingPipeline[0]
      running zzzUnity.Burst.CodeGen.BurstILPostProcessor
[40m[32minfo[39m[22m[49m: Microsoft.AspNetCore.Routing.EndpointMiddleware[1]
      Executed endpoint 'gRPC - /UnityILPP.PostProcessing/PostProcessAssembly'
[40m[32minfo[39m[22m[49m: Microsoft.AspNetCore.Hosting.Diagnostics[2]
      Request finished HTTP/2 POST http://ilpp/UnityILPP.PostProcessing/PostProcessAssembly application/grpc - - 200 - application/grpc 0.5497ms
[40m[32minfo[39m[22m[49m: Microsoft.AspNetCore.Hosting.Diagnostics[1]
      Request starting HTTP/2 POST http://ilpp/UnityILPP.PostProcessing/PostProcessAssembly application/grpc -
[40m[32minfo[39m[22m[49m: Microsoft.AspNetCore.Routing.EndpointMiddleware[0]
      Executing endpoint 'gRPC - /UnityILPP.PostProcessing/PostProcessAssembly'
[40m[32minfo[39m[22m[49m: Unity.ILPP.Runner.PostProcessingPipeline[0]
      Processing assembly Library/Bee/artifacts/1300b0aE.dag/Unity.VisualScripting.SettingsProvider.Editor.dll, with 133 defines and 277 references
[40m[32minfo[39m[22m[49m: Unity.ILPP.Runner.PostProcessingPipeline[0]
      processors: Unity.Jobs.CodeGen.JobsILPostProcessor, zzzUnity.Burst.CodeGen.BurstILPostProcessor
[40m[32minfo[39m[22m[49m: Unity.ILPP.Runner.PostProcessingPipeline[0]
      running Unity.Jobs.CodeGen.JobsILPostProcessor
[40m[32minfo[39m[22m[49m: Unity.ILPP.Runner.PostProcessingPipeline[0]
      running zzzUnity.Burst.CodeGen.BurstILPostProcessor
[40m[32minfo[39m[22m[49m: Microsoft.AspNetCore.Routing.EndpointMiddleware[1]
      Executed endpoint 'gRPC - /UnityILPP.PostProcessing/PostProcessAssembly'
[40m[32minfo[39m[22m[49m: Microsoft.AspNetCore.Hosting.Diagnostics[2]
      Request finished HTTP/2 POST http://ilpp/UnityILPP.PostProcessing/PostProcessAssembly application/grpc - - 200 - application/grpc 1.1641ms
[40m[32minfo[39m[22m[49m: Microsoft.AspNetCore.Hosting.Diagnostics[1]
      Request starting HTTP/2 POST http://ilpp/UnityILPP.PostProcessing/PostProcessAssembly application/grpc -
[40m[32minfo[39m[22m[49m: Microsoft.AspNetCore.Routing.EndpointMiddleware[0]
      Executing endpoint 'gRPC - /UnityILPP.PostProcessing/PostProcessAssembly'
[40m[32minfo[39m[22m[49m: Unity.ILPP.Runner.PostProcessingPipeline[0]
      Processing assembly Library/Bee/artifacts/1300b0aE.dag/Unity.VisualScripting.State.Editor.dll, with 133 defines and 277 references
[40m[32minfo[39m[22m[49m: Unity.ILPP.Runner.PostProcessingPipeline[0]
      processors: Unity.Jobs.CodeGen.JobsILPostProcessor, zzzUnity.Burst.CodeGen.BurstILPostProcessor
[40m[32minfo[39m[22m[49m: Unity.ILPP.Runner.PostProcessingPipeline[0]
      running Unity.Jobs.CodeGen.JobsILPostProcessor
[40m[32minfo[39m[22m[49m: Unity.ILPP.Runner.PostProcessingPipeline[0]
      running zzzUnity.Burst.CodeGen.BurstILPostProcessor
[40m[32minfo[39m[22m[49m: Unity.ILPP.Runner.PostProcessingPipeline[0]
      running Unity.Jobs.CodeGen.JobsILPostProcessor
[40m[32minfo[39m[22m[49m: Unity.ILPP.Runner.PostProcessingPipeline[0]
      running zzzUnity.Burst.CodeGen.BurstILPostProcessor
[40m[32minfo[39m[22m[49m: Microsoft.AspNetCore.Routing.EndpointMiddleware[1]
      Executed endpoint 'gRPC - /UnityILPP.PostProcessing/PostProcessAssembly'
[40m[32minfo[39m[22m[49m: Unity.ILPP.Runner.PostProcessingPipeline[0]
      running Unity.Jobs.CodeGen.JobsILPostProcessor
[40m[32minfo[39m[22m[49m: Microsoft.AspNetCore.Hosting.Diagnostics[2]
      Request finished HTTP/2 POST http://ilpp/UnityILPP.PostProcessing/PostProcessAssembly application/grpc - - 200 - application/grpc 72.8868ms
[40m[32minfo[39m[22m[49m: Unity.ILPP.Runner.PostProcessingPipeline[0]
      running zzzUnity.Burst.CodeGen.BurstILPostProcessor
[40m[32minfo[39m[22m[49m: Unity.ILPP.Runner.PostProcessingPipeline[0]
      running Unity.Jobs.CodeGen.JobsILPostProcessor
[40m[32minfo[39m[22m[49m: Unity.ILPP.Runner.PostProcessingPipeline[0]
      running zzzUnity.Burst.CodeGen.BurstILPostProcessor
[40m[32minfo[39m[22m[49m: Microsoft.AspNetCore.Routing.EndpointMiddleware[1]
      Executed endpoint 'gRPC - /UnityILPP.PostProcessing/PostProcessAssembly'
[40m[32minfo[39m[22m[49m: Microsoft.AspNetCore.Hosting.Diagnostics[2]
      Request finished HTTP/2 POST http://ilpp/UnityILPP.PostProcessing/PostProcessAssembly application/grpc - - 200 - application/grpc 54.3979ms
[40m[32minfo[39m[22m[49m: Microsoft.AspNetCore.Routing.EndpointMiddleware[1]
      Executed endpoint 'gRPC - /UnityILPP.PostProcessing/PostProcessAssembly'
[40m[32minfo[39m[22m[49m: Microsoft.AspNetCore.Hosting.Diagnostics[2]
      Request finished HTTP/2 POST http://ilpp/UnityILPP.PostProcessing/PostProcessAssembly application/grpc - - 200 - application/grpc 15.1581ms
[40m[32minfo[39m[22m[49m: Microsoft.AspNetCore.Routing.EndpointMiddleware[1]
      Executed endpoint 'gRPC - /UnityILPP.PostProcessing/PostProcessAssembly'
[40m[32minfo[39m[22m[49m: Microsoft.AspNetCore.Hosting.Diagnostics[2]
      Request finished HTTP/2 POST http://ilpp/UnityILPP.PostProcessing/PostProcessAssembly application/grpc - - 200 - application/grpc 72.0013ms
[40m[32minfo[39m[22m[49m: Microsoft.AspNetCore.Hosting.Diagnostics[1]
      Request starting HTTP/2 POST http://ilpp/UnityILPP.PostProcessing/PostProcessAssembly application/grpc -
[40m[32minfo[39m[22m[49m: Microsoft.AspNetCore.Routing.EndpointMiddleware[0]
      Executing endpoint 'gRPC - /UnityILPP.PostProcessing/PostProcessAssembly'
[40m[32minfo[39m[22m[49m: Unity.ILPP.Runner.PostProcessingPipeline[0]
      Processing assembly Library/Bee/artifacts/1300b0aE.dag/Unity.TextMeshPro.Editor.dll, with 133 defines and 274 references
[40m[32minfo[39m[22m[49m: Unity.ILPP.Runner.PostProcessingPipeline[0]
      processors: Unity.Jobs.CodeGen.JobsILPostProcessor, zzzUnity.Burst.CodeGen.BurstILPostProcessor
[40m[32minfo[39m[22m[49m: Unity.ILPP.Runner.PostProcessingPipeline[0]
      running Unity.Jobs.CodeGen.JobsILPostProcessor
[40m[32minfo[39m[22m[49m: Unity.ILPP.Runner.PostProcessingPipeline[0]
      running zzzUnity.Burst.CodeGen.BurstILPostProcessor
[40m[32minfo[39m[22m[49m: Microsoft.AspNetCore.Routing.EndpointMiddleware[1]
      Executed endpoint 'gRPC - /UnityILPP.PostProcessing/PostProcessAssembly'
[40m[32minfo[39m[22m[49m: Microsoft.AspNetCore.Hosting.Diagnostics[2]
      Request finished HTTP/2 POST http://ilpp/UnityILPP.PostProcessing/PostProcessAssembly application/grpc - - 200 - application/grpc 1.4715ms
[40m[32minfo[39m[22m[49m: Unity.ILPP.Runner.PostProcessingPipeline[0]
      running zzzUnity.Burst.CodeGen.BurstILPostProcessor
[40m[32minfo[39m[22m[49m: Unity.ILPP.Runner.PostProcessingPipeline[0]
      running zzzUnity.Burst.CodeGen.BurstILPostProcessor
[40m[32minfo[39m[22m[49m: Microsoft.AspNetCore.Routing.EndpointMiddleware[1]
      Executed endpoint 'gRPC - /UnityILPP.PostProcessing/PostProcessAssembly'
[40m[32minfo[39m[22m[49m: Microsoft.AspNetCore.Hosting.Diagnostics[2]
      Request finished HTTP/2 POST http://ilpp/UnityILPP.PostProcessing/PostProcessAssembly application/grpc - - 200 - application/grpc 670.4411ms
[40m[32minfo[39m[22m[49m: Microsoft.AspNetCore.Hosting.Diagnostics[1]
      Request starting HTTP/2 POST http://ilpp/UnityILPP.PostProcessing/PostProcessAssembly application/grpc -
[40m[32minfo[39m[22m[49m: Microsoft.AspNetCore.Routing.EndpointMiddleware[0]
      Executing endpoint 'gRPC - /UnityILPP.PostProcessing/PostProcessAssembly'
[40m[32minfo[39m[22m[49m: Unity.ILPP.Runner.PostProcessingPipeline[0]
      Processing assembly Library/Bee/artifacts/1300b0aE.dag/Unity.VisualScripting.Shared.Editor.dll, with 133 defines and 278 references
[40m[32minfo[39m[22m[49m: Unity.ILPP.Runner.PostProcessingPipeline[0]
      processors: Unity.Jobs.CodeGen.JobsILPostProcessor, zzzUnity.Burst.CodeGen.BurstILPostProcessor
[40m[32minfo[39m[22m[49m: Unity.ILPP.Runner.PostProcessingPipeline[0]
      running Unity.Jobs.CodeGen.JobsILPostProcessor
[40m[32minfo[39m[22m[49m: Unity.ILPP.Runner.PostProcessingPipeline[0]
      running zzzUnity.Burst.CodeGen.BurstILPostProcessor
[40m[32minfo[39m[22m[49m: Microsoft.AspNetCore.Routing.EndpointMiddleware[1]
      Executed endpoint 'gRPC - /UnityILPP.PostProcessing/PostProcessAssembly'
[40m[32minfo[39m[22m[49m: Microsoft.AspNetCore.Hosting.Diagnostics[2]
      Request finished HTTP/2 POST http://ilpp/UnityILPP.PostProcessing/PostProcessAssembly application/grpc - - 200 - application/grpc 0.9268ms
[40m[32minfo[39m[22m[49m: Microsoft.AspNetCore.Hosting.Diagnostics[1]
      Request starting HTTP/2 POST http://ilpp/UnityILPP.PostProcessing/PostProcessAssembly application/grpc -
[40m[32minfo[39m[22m[49m: Microsoft.AspNetCore.Routing.EndpointMiddleware[0]
      Executing endpoint 'gRPC - /UnityILPP.PostProcessing/PostProcessAssembly'
[40m[32minfo[39m[22m[49m: Unity.ILPP.Runner.PostProcessingPipeline[0]
      Processing assembly Library/Bee/artifacts/1300b0aE.dag/Unity.PlasticSCM.Editor.dll, with 133 defines and 261 references
[40m[32minfo[39m[22m[49m: Unity.ILPP.Runner.PostProcessingPipeline[0]
      processors: Unity.Jobs.CodeGen.JobsILPostProcessor, zzzUnity.Burst.CodeGen.BurstILPostProcessor
[40m[32minfo[39m[22m[49m: Unity.ILPP.Runner.PostProcessingPipeline[0]
      running Unity.Jobs.CodeGen.JobsILPostProcessor
[40m[32minfo[39m[22m[49m: Microsoft.AspNetCore.Hosting.Diagnostics[1]
      Request starting HTTP/2 POST http://ilpp/UnityILPP.PostProcessing/PostProcessAssembly application/grpc -
[40m[32minfo[39m[22m[49m: Microsoft.AspNetCore.Routing.EndpointMiddleware[0]
      Executing endpoint 'gRPC - /UnityILPP.PostProcessing/PostProcessAssembly'
[40m[32minfo[39m[22m[49m: Unity.ILPP.Runner.PostProcessingPipeline[0]
      Processing assembly Library/Bee/artifacts/1300b0aE.dag/Unity.RenderPipelines.GPUDriven.Runtime.dll, with 135 defines and 265 references
[40m[32minfo[39m[22m[49m: Unity.ILPP.Runner.PostProcessingPipeline[0]
      processors: Unity.Jobs.CodeGen.JobsILPostProcessor, zzzUnity.Burst.CodeGen.BurstILPostProcessor
[40m[32minfo[39m[22m[49m: Unity.ILPP.Runner.PostProcessingPipeline[0]
      running Unity.Jobs.CodeGen.JobsILPostProcessor
[40m[32minfo[39m[22m[49m: Microsoft.AspNetCore.Routing.EndpointMiddleware[1]
      Executed endpoint 'gRPC - /UnityILPP.PostProcessing/PostProcessAssembly'
[40m[32minfo[39m[22m[49m: Microsoft.AspNetCore.Hosting.Diagnostics[2]
      Request finished HTTP/2 POST http://ilpp/UnityILPP.PostProcessing/PostProcessAssembly application/grpc - - 200 - application/grpc 836.1957ms
[40m[32minfo[39m[22m[49m: Microsoft.AspNetCore.Routing.EndpointMiddleware[1]
      Executed endpoint 'gRPC - /UnityILPP.PostProcessing/PostProcessAssembly'
[40m[32minfo[39m[22m[49m: Microsoft.AspNetCore.Hosting.Diagnostics[2]
      Request finished HTTP/2 POST http://ilpp/UnityILPP.PostProcessing/PostProcessAssembly application/grpc - - 200 - application/grpc 1057.0015ms
[40m[32minfo[39m[22m[49m: Unity.ILPP.Runner.PostProcessingPipeline[0]
      running zzzUnity.Burst.CodeGen.BurstILPostProcessor
[40m[32minfo[39m[22m[49m: Microsoft.AspNetCore.Hosting.Diagnostics[1]
      Request starting HTTP/2 POST http://ilpp/UnityILPP.PostProcessing/PostProcessAssembly application/grpc -
[40m[32minfo[39m[22m[49m: Microsoft.AspNetCore.Hosting.Diagnostics[1]
      Request starting HTTP/2 POST http://ilpp/UnityILPP.PostProcessing/PostProcessAssembly application/grpc -
[40m[32minfo[39m[22m[49m: Microsoft.AspNetCore.Routing.EndpointMiddleware[0]
      Executing endpoint 'gRPC - /UnityILPP.PostProcessing/PostProcessAssembly'
[40m[32minfo[39m[22m[49m: Microsoft.AspNetCore.Routing.EndpointMiddleware[0]
      Executing endpoint 'gRPC - /UnityILPP.PostProcessing/PostProcessAssembly'
[40m[32minfo[39m[22m[49m: Unity.ILPP.Runner.PostProcessingPipeline[0]
      Processing assembly Library/Bee/artifacts/1300b0aE.dag/Unity.PlasticSCM.Editor.Assistant.dll, with 133 defines and 273 references
[40m[32minfo[39m[22m[49m: Unity.ILPP.Runner.PostProcessingPipeline[0]
      Processing assembly Library/Bee/artifacts/1300b0aE.dag/Unity.PlasticSCM.Editor.Entities.dll, with 133 defines and 273 references
[40m[32minfo[39m[22m[49m: Unity.ILPP.Runner.PostProcessingPipeline[0]
      processors: Unity.Jobs.CodeGen.JobsILPostProcessor, zzzUnity.Burst.CodeGen.BurstILPostProcessor
[40m[32minfo[39m[22m[49m: Unity.ILPP.Runner.PostProcessingPipeline[0]
      processors: Unity.Jobs.CodeGen.JobsILPostProcessor, zzzUnity.Burst.CodeGen.BurstILPostProcessor
[40m[32minfo[39m[22m[49m: Unity.ILPP.Runner.PostProcessingPipeline[0]
      running Unity.Jobs.CodeGen.JobsILPostProcessor
[40m[32minfo[39m[22m[49m: Unity.ILPP.Runner.PostProcessingPipeline[0]
      running zzzUnity.Burst.CodeGen.BurstILPostProcessor
[40m[32minfo[39m[22m[49m: Unity.ILPP.Runner.PostProcessingPipeline[0]
      running Unity.Jobs.CodeGen.JobsILPostProcessor
[40m[32minfo[39m[22m[49m: Unity.ILPP.Runner.PostProcessingPipeline[0]
      running zzzUnity.Burst.CodeGen.BurstILPostProcessor
[40m[32minfo[39m[22m[49m: Microsoft.AspNetCore.Routing.EndpointMiddleware[1]
      Executed endpoint 'gRPC - /UnityILPP.PostProcessing/PostProcessAssembly'
[40m[32minfo[39m[22m[49m: Microsoft.AspNetCore.Routing.EndpointMiddleware[1]
      Executed endpoint 'gRPC - /UnityILPP.PostProcessing/PostProcessAssembly'
[40m[32minfo[39m[22m[49m: Microsoft.AspNetCore.Hosting.Diagnostics[2]
      Request finished HTTP/2 POST http://ilpp/UnityILPP.PostProcessing/PostProcessAssembly application/grpc - - 200 - application/grpc 0.9198ms
[40m[32minfo[39m[22m[49m: Microsoft.AspNetCore.Hosting.Diagnostics[2]
      Request finished HTTP/2 POST http://ilpp/UnityILPP.PostProcessing/PostProcessAssembly application/grpc - - 200 - application/grpc 0.9189ms
[40m[32minfo[39m[22m[49m: Unity.ILPP.Runner.PostProcessingPipeline[0]
      running zzzUnity.Burst.CodeGen.BurstILPostProcessor
[40m[32minfo[39m[22m[49m: Microsoft.AspNetCore.Routing.EndpointMiddleware[1]
      Executed endpoint 'gRPC - /UnityILPP.PostProcessing/PostProcessAssembly'
[40m[32minfo[39m[22m[49m: Microsoft.AspNetCore.Hosting.Diagnostics[2]
      Request finished HTTP/2 POST http://ilpp/UnityILPP.PostProcessing/PostProcessAssembly application/grpc - - 200 - application/grpc 246.1219ms
[40m[32minfo[39m[22m[49m: Microsoft.AspNetCore.Hosting.Diagnostics[1]
      Request starting HTTP/2 POST http://ilpp/UnityILPP.PostProcessing/PostProcessAssembly application/grpc -
[40m[32minfo[39m[22m[49m: Microsoft.AspNetCore.Routing.EndpointMiddleware[0]
      Executing endpoint 'gRPC - /UnityILPP.PostProcessing/PostProcessAssembly'
[40m[32minfo[39m[22m[49m: Unity.ILPP.Runner.PostProcessingPipeline[0]
      Processing assembly Library/Bee/artifacts/1300b0aE.dag/Unity.CollabProxy.Editor.dll, with 133 defines and 273 references
[40m[32minfo[39m[22m[49m: Unity.ILPP.Runner.PostProcessingPipeline[0]
      processors: Unity.Jobs.CodeGen.JobsILPostProcessor, zzzUnity.Burst.CodeGen.BurstILPostProcessor
[40m[32minfo[39m[22m[49m: Unity.ILPP.Runner.PostProcessingPipeline[0]
      running Unity.Jobs.CodeGen.JobsILPostProcessor
[40m[32minfo[39m[22m[49m: Unity.ILPP.Runner.PostProcessingPipeline[0]
      running zzzUnity.Burst.CodeGen.BurstILPostProcessor
[40m[32minfo[39m[22m[49m: Microsoft.AspNetCore.Routing.EndpointMiddleware[1]
      Executed endpoint 'gRPC - /UnityILPP.PostProcessing/PostProcessAssembly'
[40m[32minfo[39m[22m[49m: Microsoft.AspNetCore.Hosting.Diagnostics[2]
      Request finished HTTP/2 POST http://ilpp/UnityILPP.PostProcessing/PostProcessAssembly application/grpc - - 200 - application/grpc 0.5630ms
[40m[32minfo[39m[22m[49m: Microsoft.AspNetCore.Routing.EndpointMiddleware[1]
      Executed endpoint 'gRPC - /UnityILPP.PostProcessing/PostProcessAssembly'
[40m[32minfo[39m[22m[49m: Microsoft.AspNetCore.Hosting.Diagnostics[2]
      Request finished HTTP/2 POST http://ilpp/UnityILPP.PostProcessing/PostProcessAssembly application/grpc - - 200 - application/grpc 287.8711ms
[40m[32minfo[39m[22m[49m: Microsoft.AspNetCore.Hosting.Diagnostics[1]
      Request starting HTTP/2 POST http://ilpp/UnityILPP.PostProcessing/PostProcessAssembly application/grpc -
[40m[32minfo[39m[22m[49m: Microsoft.AspNetCore.Routing.EndpointMiddleware[0]
      Executing endpoint 'gRPC - /UnityILPP.PostProcessing/PostProcessAssembly'
[40m[32minfo[39m[22m[49m: Unity.ILPP.Runner.PostProcessingPipeline[0]
      Processing assembly Library/Bee/artifacts/1300b0aE.dag/Unity.RenderPipelines.Core.Editor.dll, with 134 defines and 278 references
[40m[32minfo[39m[22m[49m: Unity.ILPP.Runner.PostProcessingPipeline[0]
      processors: Unity.Jobs.CodeGen.JobsILPostProcessor, zzzUnity.Burst.CodeGen.BurstILPostProcessor
[40m[32minfo[39m[22m[49m: Unity.ILPP.Runner.PostProcessingPipeline[0]
      running Unity.Jobs.CodeGen.JobsILPostProcessor
[40m[32minfo[39m[22m[49m: Microsoft.AspNetCore.Hosting.Diagnostics[1]
      Request starting HTTP/2 POST http://ilpp/UnityILPP.PostProcessing/PostProcessAssembly application/grpc -
[40m[32minfo[39m[22m[49m: Microsoft.AspNetCore.Routing.EndpointMiddleware[0]
      Executing endpoint 'gRPC - /UnityILPP.PostProcessing/PostProcessAssembly'
[40m[32minfo[39m[22m[49m: Unity.ILPP.Runner.PostProcessingPipeline[0]
      Processing assembly Library/Bee/artifacts/1300b0aE.dag/Unity.RenderPipelines.Universal.Runtime.dll, with 141 defines and 268 references
[40m[32minfo[39m[22m[49m: Unity.ILPP.Runner.PostProcessingPipeline[0]
      processors: Unity.Jobs.CodeGen.JobsILPostProcessor, zzzUnity.Burst.CodeGen.BurstILPostProcessor
[40m[32minfo[39m[22m[49m: Unity.ILPP.Runner.PostProcessingPipeline[0]
      running Unity.Jobs.CodeGen.JobsILPostProcessor
[40m[32minfo[39m[22m[49m: Unity.ILPP.Runner.PostProcessingPipeline[0]
      running zzzUnity.Burst.CodeGen.BurstILPostProcessor
[40m[32minfo[39m[22m[49m: Unity.ILPP.Runner.PostProcessingPipeline[0]
      running zzzUnity.Burst.CodeGen.BurstILPostProcessor
[40m[32minfo[39m[22m[49m: Microsoft.AspNetCore.Routing.EndpointMiddleware[1]
      Executed endpoint 'gRPC - /UnityILPP.PostProcessing/PostProcessAssembly'
[40m[32minfo[39m[22m[49m: Microsoft.AspNetCore.Hosting.Diagnostics[2]
      Request finished HTTP/2 POST http://ilpp/UnityILPP.PostProcessing/PostProcessAssembly application/grpc - - 200 - application/grpc 153.7132ms
[40m[32minfo[39m[22m[49m: Microsoft.AspNetCore.Hosting.Diagnostics[1]
      Request starting HTTP/2 POST http://ilpp/UnityILPP.PostProcessing/PostProcessAssembly application/grpc -
[40m[32minfo[39m[22m[49m: Microsoft.AspNetCore.Routing.EndpointMiddleware[0]
      Executing endpoint 'gRPC - /UnityILPP.PostProcessing/PostProcessAssembly'
[40m[32minfo[39m[22m[49m: Unity.ILPP.Runner.PostProcessingPipeline[0]
      Processing assembly Library/Bee/artifacts/1300b0aE.dag/Unity.RenderPipelines.Core.Editor.Shared.dll, with 133 defines and 273 references
[40m[32minfo[39m[22m[49m: Unity.ILPP.Runner.PostProcessingPipeline[0]
      processors: Unity.Jobs.CodeGen.JobsILPostProcessor, zzzUnity.Burst.CodeGen.BurstILPostProcessor
[40m[32minfo[39m[22m[49m: Unity.ILPP.Runner.PostProcessingPipeline[0]
      running Unity.Jobs.CodeGen.JobsILPostProcessor
[40m[32minfo[39m[22m[49m: Unity.ILPP.Runner.PostProcessingPipeline[0]
      running zzzUnity.Burst.CodeGen.BurstILPostProcessor
[40m[32minfo[39m[22m[49m: Microsoft.AspNetCore.Routing.EndpointMiddleware[1]
      Executed endpoint 'gRPC - /UnityILPP.PostProcessing/PostProcessAssembly'
[40m[32minfo[39m[22m[49m: Microsoft.AspNetCore.Hosting.Diagnostics[2]
      Request finished HTTP/2 POST http://ilpp/UnityILPP.PostProcessing/PostProcessAssembly application/grpc - - 200 - application/grpc 0.5582ms
[40m[32minfo[39m[22m[49m: Microsoft.AspNetCore.Routing.EndpointMiddleware[1]
      Executed endpoint 'gRPC - /UnityILPP.PostProcessing/PostProcessAssembly'
[40m[32minfo[39m[22m[49m: Microsoft.AspNetCore.Hosting.Diagnostics[2]
      Request finished HTTP/2 POST http://ilpp/UnityILPP.PostProcessing/PostProcessAssembly application/grpc - - 200 - application/grpc 233.3890ms
[40m[32minfo[39m[22m[49m: Microsoft.AspNetCore.Hosting.Diagnostics[1]
      Request starting HTTP/2 POST http://ilpp/UnityILPP.PostProcessing/PostProcessAssembly application/grpc -
[40m[32minfo[39m[22m[49m: Microsoft.AspNetCore.Routing.EndpointMiddleware[0]
      Executing endpoint 'gRPC - /UnityILPP.PostProcessing/PostProcessAssembly'
[40m[32minfo[39m[22m[49m: Unity.ILPP.Runner.PostProcessingPipeline[0]
      Processing assembly Library/Bee/artifacts/1300b0aE.dag/Unity.RenderPipelines.Universal.2D.Runtime.dll, with 138 defines and 266 references
[40m[32minfo[39m[22m[49m: Unity.ILPP.Runner.PostProcessingPipeline[0]
      processors: Unity.Jobs.CodeGen.JobsILPostProcessor, zzzUnity.Burst.CodeGen.BurstILPostProcessor
[40m[32minfo[39m[22m[49m: Unity.ILPP.Runner.PostProcessingPipeline[0]
      running Unity.Jobs.CodeGen.JobsILPostProcessor
[40m[32minfo[39m[22m[49m: Unity.ILPP.Runner.PostProcessingPipeline[0]
      running zzzUnity.Burst.CodeGen.BurstILPostProcessor
[40m[32minfo[39m[22m[49m: Microsoft.AspNetCore.Routing.EndpointMiddleware[1]
      Executed endpoint 'gRPC - /UnityILPP.PostProcessing/PostProcessAssembly'
[40m[32minfo[39m[22m[49m: Microsoft.AspNetCore.Hosting.Diagnostics[2]
      Request finished HTTP/2 POST http://ilpp/UnityILPP.PostProcessing/PostProcessAssembly application/grpc - - 200 - application/grpc 50.8878ms
[40m[32minfo[39m[22m[49m: Microsoft.AspNetCore.Hosting.Diagnostics[1]
      Request starting HTTP/2 POST http://ilpp/UnityILPP.PostProcessing/PostProcessAssembly application/grpc -
[40m[32minfo[39m[22m[49m: Microsoft.AspNetCore.Routing.EndpointMiddleware[0]
      Executing endpoint 'gRPC - /UnityILPP.PostProcessing/PostProcessAssembly'
[40m[32minfo[39m[22m[49m: Unity.ILPP.Runner.PostProcessingPipeline[0]
      Processing assembly Library/Bee/artifacts/1300b0aE.dag/Unity.XR.OpenXR.dll, with 140 defines and 265 references
[40m[32minfo[39m[22m[49m: Unity.ILPP.Runner.PostProcessingPipeline[0]
      processors: Unity.Jobs.CodeGen.JobsILPostProcessor, zzzUnity.Burst.CodeGen.BurstILPostProcessor
[40m[32minfo[39m[22m[49m: Unity.ILPP.Runner.PostProcessingPipeline[0]
      running Unity.Jobs.CodeGen.JobsILPostProcessor
[40m[32minfo[39m[22m[49m: Unity.ILPP.Runner.PostProcessingPipeline[0]
      running zzzUnity.Burst.CodeGen.BurstILPostProcessor
[40m[32minfo[39m[22m[49m: Microsoft.AspNetCore.Hosting.Diagnostics[1]
      Request starting HTTP/2 POST http://ilpp/UnityILPP.PostProcessing/PostProcessAssembly application/grpc -
[40m[32minfo[39m[22m[49m: Microsoft.AspNetCore.Routing.EndpointMiddleware[0]
      Executing endpoint 'gRPC - /UnityILPP.PostProcessing/PostProcessAssembly'
[40m[32minfo[39m[22m[49m: Unity.ILPP.Runner.PostProcessingPipeline[0]
      Processing assembly Library/Bee/artifacts/1300b0aE.dag/UnityEditor.XR.LegacyInputHelpers.dll, with 136 defines and 276 references
[40m[32minfo[39m[22m[49m: Unity.ILPP.Runner.PostProcessingPipeline[0]
      processors: Unity.Jobs.CodeGen.JobsILPostProcessor, zzzUnity.Burst.CodeGen.BurstILPostProcessor
[40m[32minfo[39m[22m[49m: Microsoft.AspNetCore.Routing.EndpointMiddleware[1]
      Executed endpoint 'gRPC - /UnityILPP.PostProcessing/PostProcessAssembly'
[40m[32minfo[39m[22m[49m: Unity.ILPP.Runner.PostProcessingPipeline[0]
      running Unity.Jobs.CodeGen.JobsILPostProcessor
[40m[32minfo[39m[22m[49m: Unity.ILPP.Runner.PostProcessingPipeline[0]
      running zzzUnity.Burst.CodeGen.BurstILPostProcessor
[40m[32minfo[39m[22m[49m: Microsoft.AspNetCore.Routing.EndpointMiddleware[1]
      Executed endpoint 'gRPC - /UnityILPP.PostProcessing/PostProcessAssembly'
[40m[32minfo[39m[22m[49m: Microsoft.AspNetCore.Hosting.Diagnostics[2]
      Request finished HTTP/2 POST http://ilpp/UnityILPP.PostProcessing/PostProcessAssembly application/grpc - - 200 - application/grpc 16.7996ms
[40m[32minfo[39m[22m[49m: Microsoft.AspNetCore.Hosting.Diagnostics[2]
      Request finished HTTP/2 POST http://ilpp/UnityILPP.PostProcessing/PostProcessAssembly application/grpc - - 200 - application/grpc 26.2093ms
[40m[32minfo[39m[22m[49m: Microsoft.AspNetCore.Hosting.Diagnostics[1]
      Request starting HTTP/2 POST http://ilpp/UnityILPP.PostProcessing/PostProcessAssembly application/grpc -
[40m[32minfo[39m[22m[49m: Microsoft.AspNetCore.Routing.EndpointMiddleware[0]
      Executing endpoint 'gRPC - /UnityILPP.PostProcessing/PostProcessAssembly'
[40m[32minfo[39m[22m[49m: Unity.ILPP.Runner.PostProcessingPipeline[0]
      Processing assembly Library/Bee/artifacts/1300b0aE.dag/Oculus.Haptics.dll, with 137 defines and 262 references
[40m[32minfo[39m[22m[49m: Unity.ILPP.Runner.PostProcessingPipeline[0]
      processors: Unity.Jobs.CodeGen.JobsILPostProcessor, zzzUnity.Burst.CodeGen.BurstILPostProcessor
[40m[32minfo[39m[22m[49m: Unity.ILPP.Runner.PostProcessingPipeline[0]
      running Unity.Jobs.CodeGen.JobsILPostProcessor
[40m[32minfo[39m[22m[49m: Unity.ILPP.Runner.PostProcessingPipeline[0]
      running zzzUnity.Burst.CodeGen.BurstILPostProcessor
[40m[32minfo[39m[22m[49m: Microsoft.AspNetCore.Routing.EndpointMiddleware[1]
      Executed endpoint 'gRPC - /UnityILPP.PostProcessing/PostProcessAssembly'
[40m[32minfo[39m[22m[49m: Microsoft.AspNetCore.Hosting.Diagnostics[2]
      Request finished HTTP/2 POST http://ilpp/UnityILPP.PostProcessing/PostProcessAssembly application/grpc - - 200 - application/grpc 0.6668ms
[40m[32minfo[39m[22m[49m: Microsoft.AspNetCore.Hosting.Diagnostics[1]
      Request starting HTTP/2 POST http://ilpp/UnityILPP.PostProcessing/PostProcessAssembly application/grpc -
[40m[32minfo[39m[22m[49m: Microsoft.AspNetCore.Routing.EndpointMiddleware[0]
      Executing endpoint 'gRPC - /UnityILPP.PostProcessing/PostProcessAssembly'
[40m[32minfo[39m[22m[49m: Microsoft.AspNetCore.Hosting.Diagnostics[1]
      Request starting HTTP/2 POST http://ilpp/UnityILPP.PostProcessing/PostProcessAssembly application/grpc -
[40m[32minfo[39m[22m[49m: Microsoft.AspNetCore.Routing.EndpointMiddleware[0]
      Executing endpoint 'gRPC - /UnityILPP.PostProcessing/PostProcessAssembly'
[40m[32minfo[39m[22m[49m: Unity.ILPP.Runner.PostProcessingPipeline[0]
      Processing assembly Library/Bee/artifacts/1300b0aE.dag/Unity.XR.OpenXR.Features.ConformanceAutomation.dll, with 135 defines and 262 references
[40m[32minfo[39m[22m[49m: Unity.ILPP.Runner.PostProcessingPipeline[0]
      processors: Unity.Jobs.CodeGen.JobsILPostProcessor, zzzUnity.Burst.CodeGen.BurstILPostProcessor
[40m[32minfo[39m[22m[49m: Unity.ILPP.Runner.PostProcessingPipeline[0]
      Processing assembly Library/Bee/artifacts/1300b0aE.dag/Unity.XR.OpenXR.Features.MetaQuestSupport.dll, with 135 defines and 263 references
[40m[32minfo[39m[22m[49m: Unity.ILPP.Runner.PostProcessingPipeline[0]
      processors: Unity.Jobs.CodeGen.JobsILPostProcessor, zzzUnity.Burst.CodeGen.BurstILPostProcessor
[40m[32minfo[39m[22m[49m: Microsoft.AspNetCore.Hosting.Diagnostics[1]
      Request starting HTTP/2 POST http://ilpp/UnityILPP.PostProcessing/PostProcessAssembly application/grpc -
[40m[32minfo[39m[22m[49m: Microsoft.AspNetCore.Routing.EndpointMiddleware[0]
      Executing endpoint 'gRPC - /UnityILPP.PostProcessing/PostProcessAssembly'
[40m[32minfo[39m[22m[49m: Unity.ILPP.Runner.PostProcessingPipeline[0]
      Processing assembly Library/Bee/artifacts/1300b0aE.dag/Unity.XR.OpenXR.Editor.dll, with 135 defines and 260 references
[40m[32minfo[39m[22m[49m: Unity.ILPP.Runner.PostProcessingPipeline[0]
      processors: Unity.Jobs.CodeGen.JobsILPostProcessor, zzzUnity.Burst.CodeGen.BurstILPostProcessor
[40m[32minfo[39m[22m[49m: Unity.ILPP.Runner.PostProcessingPipeline[0]
      running Unity.Jobs.CodeGen.JobsILPostProcessor
[40m[32minfo[39m[22m[49m: Unity.ILPP.Runner.PostProcessingPipeline[0]
      running Unity.Jobs.CodeGen.JobsILPostProcessor
[40m[32minfo[39m[22m[49m: Unity.ILPP.Runner.PostProcessingPipeline[0]
      running zzzUnity.Burst.CodeGen.BurstILPostProcessor
[40m[32minfo[39m[22m[49m: Unity.ILPP.Runner.PostProcessingPipeline[0]
      running zzzUnity.Burst.CodeGen.BurstILPostProcessor
[40m[32minfo[39m[22m[49m: Unity.ILPP.Runner.PostProcessingPipeline[0]
      running Unity.Jobs.CodeGen.JobsILPostProcessor
[40m[32minfo[39m[22m[49m: Unity.ILPP.Runner.PostProcessingPipeline[0]
      running zzzUnity.Burst.CodeGen.BurstILPostProcessor
[40m[32minfo[39m[22m[49m: Microsoft.AspNetCore.Routing.EndpointMiddleware[1]
      Executed endpoint 'gRPC - /UnityILPP.PostProcessing/PostProcessAssembly'
[40m[32minfo[39m[22m[49m: Microsoft.AspNetCore.Hosting.Diagnostics[2]
      Request finished HTTP/2 POST http://ilpp/UnityILPP.PostProcessing/PostProcessAssembly application/grpc - - 200 - application/grpc 51.3784ms
[40m[32minfo[39m[22m[49m: Microsoft.AspNetCore.Routing.EndpointMiddleware[1]
      Executed endpoint 'gRPC - /UnityILPP.PostProcessing/PostProcessAssembly'
[40m[32minfo[39m[22m[49m: Microsoft.AspNetCore.Hosting.Diagnostics[2]
      Request finished HTTP/2 POST http://ilpp/UnityILPP.PostProcessing/PostProcessAssembly application/grpc - - 200 - application/grpc 51.2498ms
[40m[32minfo[39m[22m[49m: Microsoft.AspNetCore.Routing.EndpointMiddleware[1]
      Executed endpoint 'gRPC - /UnityILPP.PostProcessing/PostProcessAssembly'
[40m[32minfo[39m[22m[49m: Microsoft.AspNetCore.Hosting.Diagnostics[2]
      Request finished HTTP/2 POST http://ilpp/UnityILPP.PostProcessing/PostProcessAssembly application/grpc - - 200 - application/grpc 0.4724ms
[40m[32minfo[39m[22m[49m: Microsoft.AspNetCore.Hosting.Diagnostics[1]
      Request starting HTTP/2 POST http://ilpp/UnityILPP.PostProcessing/PostProcessAssembly application/grpc -
[40m[32minfo[39m[22m[49m: Microsoft.AspNetCore.Routing.EndpointMiddleware[0]
      Executing endpoint 'gRPC - /UnityILPP.PostProcessing/PostProcessAssembly'
[40m[32minfo[39m[22m[49m: Unity.ILPP.Runner.PostProcessingPipeline[0]
      Processing assembly Library/Bee/artifacts/1300b0aE.dag/Oculus.Haptics.Editor.dll, with 134 defines and 273 references
[40m[32minfo[39m[22m[49m: Unity.ILPP.Runner.PostProcessingPipeline[0]
      processors: Unity.Jobs.CodeGen.JobsILPostProcessor, zzzUnity.Burst.CodeGen.BurstILPostProcessor
[40m[32minfo[39m[22m[49m: Unity.ILPP.Runner.PostProcessingPipeline[0]
      running Unity.Jobs.CodeGen.JobsILPostProcessor
[40m[32minfo[39m[22m[49m: Unity.ILPP.Runner.PostProcessingPipeline[0]
      running zzzUnity.Burst.CodeGen.BurstILPostProcessor
[40m[32minfo[39m[22m[49m: Microsoft.AspNetCore.Routing.EndpointMiddleware[1]
      Executed endpoint 'gRPC - /UnityILPP.PostProcessing/PostProcessAssembly'
[40m[32minfo[39m[22m[49m: Microsoft.AspNetCore.Hosting.Diagnostics[2]
      Request finished HTTP/2 POST http://ilpp/UnityILPP.PostProcessing/PostProcessAssembly application/grpc - - 200 - application/grpc 0.7318ms
[40m[32minfo[39m[22m[49m: Microsoft.AspNetCore.Hosting.Diagnostics[1]
      Request starting HTTP/2 POST http://ilpp/UnityILPP.PostProcessing/PostProcessAssembly application/grpc -
[40m[32minfo[39m[22m[49m: Microsoft.AspNetCore.Routing.EndpointMiddleware[0]
      Executing endpoint 'gRPC - /UnityILPP.PostProcessing/PostProcessAssembly'
[40m[32minfo[39m[22m[49m: Unity.ILPP.Runner.PostProcessingPipeline[0]
      Processing assembly Library/Bee/artifacts/1300b0aE.dag/Unity.ShaderGraph.Editor.dll, with 133 defines and 276 references
[40m[32minfo[39m[22m[49m: Unity.ILPP.Runner.PostProcessingPipeline[0]
      processors: Unity.Jobs.CodeGen.JobsILPostProcessor, zzzUnity.Burst.CodeGen.BurstILPostProcessor
[40m[32minfo[39m[22m[49m: Unity.ILPP.Runner.PostProcessingPipeline[0]
      running Unity.Jobs.CodeGen.JobsILPostProcessor
[40m[32minfo[39m[22m[49m: Unity.ILPP.Runner.PostProcessingPipeline[0]
      running zzzUnity.Burst.CodeGen.BurstILPostProcessor
[40m[32minfo[39m[22m[49m: Microsoft.AspNetCore.Routing.EndpointMiddleware[1]
      Executed endpoint 'gRPC - /UnityILPP.PostProcessing/PostProcessAssembly'
[40m[32minfo[39m[22m[49m: Microsoft.AspNetCore.Hosting.Diagnostics[2]
      Request finished HTTP/2 POST http://ilpp/UnityILPP.PostProcessing/PostProcessAssembly application/grpc - - 200 - application/grpc 2.2448ms
[40m[32minfo[39m[22m[49m: Microsoft.AspNetCore.Hosting.Diagnostics[1]
      Request starting HTTP/2 POST http://ilpp/UnityILPP.PostProcessing/PostProcessAssembly application/grpc -
[40m[32minfo[39m[22m[49m: Microsoft.AspNetCore.Routing.EndpointMiddleware[0]
      Executing endpoint 'gRPC - /UnityILPP.PostProcessing/PostProcessAssembly'
[40m[32minfo[39m[22m[49m: Unity.ILPP.Runner.PostProcessingPipeline[0]
      Processing assembly Library/Bee/artifacts/1300b0aE.dag/Unity.XR.OpenXR.Features.MockRuntime.dll, with 135 defines and 247 references
[40m[32minfo[39m[22m[49m: Unity.ILPP.Runner.PostProcessingPipeline[0]
      processors: Unity.Jobs.CodeGen.JobsILPostProcessor, zzzUnity.Burst.CodeGen.BurstILPostProcessor
[40m[32minfo[39m[22m[49m: Unity.ILPP.Runner.PostProcessingPipeline[0]
      running Unity.Jobs.CodeGen.JobsILPostProcessor
[40m[32minfo[39m[22m[49m: Unity.ILPP.Runner.PostProcessingPipeline[0]
      running zzzUnity.Burst.CodeGen.BurstILPostProcessor
[40m[32minfo[39m[22m[49m: Microsoft.AspNetCore.Routing.EndpointMiddleware[1]
      Executed endpoint 'gRPC - /UnityILPP.PostProcessing/PostProcessAssembly'
[40m[32minfo[39m[22m[49m: Microsoft.AspNetCore.Hosting.Diagnostics[2]
      Request finished HTTP/2 POST http://ilpp/UnityILPP.PostProcessing/PostProcessAssembly application/grpc - - 200 - application/grpc 0.6470ms
[40m[32minfo[39m[22m[49m: Microsoft.AspNetCore.Hosting.Diagnostics[1]
      Request starting HTTP/2 POST http://ilpp/UnityILPP.PostProcessing/PostProcessAssembly application/grpc -
[40m[32minfo[39m[22m[49m: Microsoft.AspNetCore.Routing.EndpointMiddleware[0]
      Executing endpoint 'gRPC - /UnityILPP.PostProcessing/PostProcessAssembly'
[40m[32minfo[39m[22m[49m: Microsoft.AspNetCore.Hosting.Diagnostics[1]
      Request starting HTTP/2 POST http://ilpp/UnityILPP.PostProcessing/PostProcessAssembly application/grpc -
[40m[32minfo[39m[22m[49m: Microsoft.AspNetCore.Routing.EndpointMiddleware[0]
      Executing endpoint 'gRPC - /UnityILPP.PostProcessing/PostProcessAssembly'
[40m[32minfo[39m[22m[49m: Unity.ILPP.Runner.PostProcessingPipeline[0]
      Processing assembly Library/Bee/artifacts/1300b0aE.dag/Unity.XR.OpenXR.Features.RuntimeDebugger.dll, with 135 defines and 246 references
[40m[32minfo[39m[22m[49m: Unity.ILPP.Runner.PostProcessingPipeline[0]
      processors: Unity.Jobs.CodeGen.JobsILPostProcessor, zzzUnity.Burst.CodeGen.BurstILPostProcessor
[40m[32minfo[39m[22m[49m: Unity.ILPP.Runner.PostProcessingPipeline[0]
      Processing assembly Library/Bee/artifacts/1300b0aE.dag/Unity.XR.OpenXR.Features.MetaQuestSupport.Editor.dll, with 134 defines and 276 references
[40m[32minfo[39m[22m[49m: Unity.ILPP.Runner.PostProcessingPipeline[0]
      processors: Unity.Jobs.CodeGen.JobsILPostProcessor, zzzUnity.Burst.CodeGen.BurstILPostProcessor
[40m[32minfo[39m[22m[49m: Unity.ILPP.Runner.PostProcessingPipeline[0]
      running Unity.Jobs.CodeGen.JobsILPostProcessor
[40m[32minfo[39m[22m[49m: Unity.ILPP.Runner.PostProcessingPipeline[0]
      running Unity.Jobs.CodeGen.JobsILPostProcessor
[40m[32minfo[39m[22m[49m: Unity.ILPP.Runner.PostProcessingPipeline[0]
      running zzzUnity.Burst.CodeGen.BurstILPostProcessor
[40m[32minfo[39m[22m[49m: Unity.ILPP.Runner.PostProcessingPipeline[0]
      running zzzUnity.Burst.CodeGen.BurstILPostProcessor
[40m[32minfo[39m[22m[49m: Microsoft.AspNetCore.Routing.EndpointMiddleware[1]
      Executed endpoint 'gRPC - /UnityILPP.PostProcessing/PostProcessAssembly'
[40m[32minfo[39m[22m[49m: Microsoft.AspNetCore.Routing.EndpointMiddleware[1]
      Executed endpoint 'gRPC - /UnityILPP.PostProcessing/PostProcessAssembly'
[40m[32minfo[39m[22m[49m: Microsoft.AspNetCore.Hosting.Diagnostics[2]
      Request finished HTTP/2 POST http://ilpp/UnityILPP.PostProcessing/PostProcessAssembly application/grpc - - 200 - application/grpc 0.4600ms
[40m[32minfo[39m[22m[49m: Microsoft.AspNetCore.Hosting.Diagnostics[2]
      Request finished HTTP/2 POST http://ilpp/UnityILPP.PostProcessing/PostProcessAssembly application/grpc - - 200 - application/grpc 0.5601ms
[40m[32minfo[39m[22m[49m: Microsoft.AspNetCore.Hosting.Diagnostics[1]
      Request starting HTTP/2 POST http://ilpp/UnityILPP.PostProcessing/PostProcessAssembly application/grpc -
[40m[32minfo[39m[22m[49m: Microsoft.AspNetCore.Routing.EndpointMiddleware[0]
      Executing endpoint 'gRPC - /UnityILPP.PostProcessing/PostProcessAssembly'
[40m[32minfo[39m[22m[49m: Unity.ILPP.Runner.PostProcessingPipeline[0]
      Processing assembly Library/Bee/artifacts/1300b0aE.dag/Unity.XR.OpenXR.TestTooling.dll, with 135 defines and 249 references
[40m[32minfo[39m[22m[49m: Unity.ILPP.Runner.PostProcessingPipeline[0]
      processors: Unity.Jobs.CodeGen.JobsILPostProcessor, zzzUnity.Burst.CodeGen.BurstILPostProcessor
[40m[32minfo[39m[22m[49m: Unity.ILPP.Runner.PostProcessingPipeline[0]
      running Unity.Jobs.CodeGen.JobsILPostProcessor
[40m[32minfo[39m[22m[49m: Unity.ILPP.Runner.PostProcessingPipeline[0]
      running zzzUnity.Burst.CodeGen.BurstILPostProcessor
[40m[32minfo[39m[22m[49m: Microsoft.AspNetCore.Routing.EndpointMiddleware[1]
      Executed endpoint 'gRPC - /UnityILPP.PostProcessing/PostProcessAssembly'
[40m[32minfo[39m[22m[49m: Microsoft.AspNetCore.Hosting.Diagnostics[2]
      Request finished HTTP/2 POST http://ilpp/UnityILPP.PostProcessing/PostProcessAssembly application/grpc - - 200 - application/grpc 0.9763ms
[40m[32minfo[39m[22m[49m: Microsoft.AspNetCore.Hosting.Diagnostics[1]
      Request starting HTTP/2 POST http://ilpp/UnityILPP.PostProcessing/PostProcessAssembly application/grpc -
[40m[32minfo[39m[22m[49m: Microsoft.AspNetCore.Routing.EndpointMiddleware[0]
      Executing endpoint 'gRPC - /UnityILPP.PostProcessing/PostProcessAssembly'
[40m[32minfo[39m[22m[49m: Unity.ILPP.Runner.PostProcessingPipeline[0]
      Processing assembly Library/Bee/artifacts/1300b0aE.dag/Unity.XR.OpenXR.Features.RuntimeDebugger.Editor.dll, with 133 defines and 275 references
[40m[32minfo[39m[22m[49m: Unity.ILPP.Runner.PostProcessingPipeline[0]
      processors: Unity.Jobs.CodeGen.JobsILPostProcessor, zzzUnity.Burst.CodeGen.BurstILPostProcessor
[40m[32minfo[39m[22m[49m: Unity.ILPP.Runner.PostProcessingPipeline[0]
      running Unity.Jobs.CodeGen.JobsILPostProcessor
[40m[32minfo[39m[22m[49m: Unity.ILPP.Runner.PostProcessingPipeline[0]
      running zzzUnity.Burst.CodeGen.BurstILPostProcessor
[40m[32minfo[39m[22m[49m: Microsoft.AspNetCore.Routing.EndpointMiddleware[1]
      Executed endpoint 'gRPC - /UnityILPP.PostProcessing/PostProcessAssembly'
[40m[32minfo[39m[22m[49m: Microsoft.AspNetCore.Hosting.Diagnostics[2]
      Request finished HTTP/2 POST http://ilpp/UnityILPP.PostProcessing/PostProcessAssembly application/grpc - - 200 - application/grpc 0.7959ms
[40m[32minfo[39m[22m[49m: Microsoft.AspNetCore.Hosting.Diagnostics[1]
      Request starting HTTP/2 POST http://ilpp/UnityILPP.PostProcessing/PostProcessAssembly application/grpc -
[40m[32minfo[39m[22m[49m: Microsoft.AspNetCore.Routing.EndpointMiddleware[0]
      Executing endpoint 'gRPC - /UnityILPP.PostProcessing/PostProcessAssembly'
[40m[32minfo[39m[22m[49m: Unity.ILPP.Runner.PostProcessingPipeline[0]
      Processing assembly Library/Bee/artifacts/1300b0aE.dag/Unity.RenderPipelines.Universal.Editor.dll, with 135 defines and 284 references
[40m[32minfo[39m[22m[49m: Unity.ILPP.Runner.PostProcessingPipeline[0]
      processors: Unity.Jobs.CodeGen.JobsILPostProcessor, zzzUnity.Burst.CodeGen.BurstILPostProcessor
[40m[32minfo[39m[22m[49m: Unity.ILPP.Runner.PostProcessingPipeline[0]
      running Unity.Jobs.CodeGen.JobsILPostProcessor
[40m[32minfo[39m[22m[49m: Unity.ILPP.Runner.PostProcessingPipeline[0]
      running zzzUnity.Burst.CodeGen.BurstILPostProcessor
[40m[32minfo[39m[22m[49m: Microsoft.AspNetCore.Routing.EndpointMiddleware[1]
      Executed endpoint 'gRPC - /UnityILPP.PostProcessing/PostProcessAssembly'
[40m[32minfo[39m[22m[49m: Microsoft.AspNetCore.Hosting.Diagnostics[2]
      Request finished HTTP/2 POST http://ilpp/UnityILPP.PostProcessing/PostProcessAssembly application/grpc - - 200 - application/grpc 2.0271ms
[40m[32minfo[39m[22m[49m: Microsoft.AspNetCore.Hosting.Diagnostics[1]
      Request starting HTTP/2 POST http://ilpp/UnityILPP.PostProcessing/PostProcessAssembly application/grpc -
[40m[32minfo[39m[22m[49m: Microsoft.AspNetCore.Routing.EndpointMiddleware[0]
      Executing endpoint 'gRPC - /UnityILPP.PostProcessing/PostProcessAssembly'
[40m[32minfo[39m[22m[49m: Unity.ILPP.Runner.PostProcessingPipeline[0]
      Processing assembly Library/Bee/artifacts/1300b0aE.dag/Oculus.VR.dll, with 145 defines and 267 references
[40m[32minfo[39m[22m[49m: Unity.ILPP.Runner.PostProcessingPipeline[0]
      processors: Unity.Jobs.CodeGen.JobsILPostProcessor, zzzUnity.Burst.CodeGen.BurstILPostProcessor
[40m[32minfo[39m[22m[49m: Unity.ILPP.Runner.PostProcessingPipeline[0]
      running Unity.Jobs.CodeGen.JobsILPostProcessor
[40m[32minfo[39m[22m[49m: Unity.ILPP.Runner.PostProcessingPipeline[0]
      running zzzUnity.Burst.CodeGen.BurstILPostProcessor
[40m[32minfo[39m[22m[49m: Microsoft.AspNetCore.Routing.EndpointMiddleware[1]
      Executed endpoint 'gRPC - /UnityILPP.PostProcessing/PostProcessAssembly'
[40m[32minfo[39m[22m[49m: Microsoft.AspNetCore.Hosting.Diagnostics[2]
      Request finished HTTP/2 POST http://ilpp/UnityILPP.PostProcessing/PostProcessAssembly application/grpc - - 200 - application/grpc 1.7423ms
[40m[32minfo[39m[22m[49m: Microsoft.AspNetCore.Hosting.Diagnostics[1]
      Request starting HTTP/2 POST http://ilpp/UnityILPP.PostProcessing/PostProcessAssembly application/grpc -
[40m[32minfo[39m[22m[49m: Microsoft.AspNetCore.Routing.EndpointMiddleware[0]
      Executing endpoint 'gRPC - /UnityILPP.PostProcessing/PostProcessAssembly'
[40m[32minfo[39m[22m[49m: Unity.ILPP.Runner.PostProcessingPipeline[0]
      Processing assembly Library/Bee/artifacts/1300b0aE.dag/Unity.XR.OpenXR.Features.OculusQuestSupport.dll, with 135 defines and 263 references
[40m[32minfo[39m[22m[49m: Unity.ILPP.Runner.PostProcessingPipeline[0]
      processors: Unity.Jobs.CodeGen.JobsILPostProcessor, zzzUnity.Burst.CodeGen.BurstILPostProcessor
[40m[32minfo[39m[22m[49m: Unity.ILPP.Runner.PostProcessingPipeline[0]
      running Unity.Jobs.CodeGen.JobsILPostProcessor
[40m[32minfo[39m[22m[49m: Unity.ILPP.Runner.PostProcessingPipeline[0]
      running zzzUnity.Burst.CodeGen.BurstILPostProcessor
[40m[32minfo[39m[22m[49m: Microsoft.AspNetCore.Routing.EndpointMiddleware[1]
      Executed endpoint 'gRPC - /UnityILPP.PostProcessing/PostProcessAssembly'
[40m[32minfo[39m[22m[49m: Microsoft.AspNetCore.Hosting.Diagnostics[2]
      Request finished HTTP/2 POST http://ilpp/UnityILPP.PostProcessing/PostProcessAssembly application/grpc - - 200 - application/grpc 0.3651ms
[40m[32minfo[39m[22m[49m: Microsoft.AspNetCore.Hosting.Diagnostics[1]
      Request starting HTTP/2 POST http://ilpp/UnityILPP.PostProcessing/PostProcessAssembly application/grpc -
[40m[32minfo[39m[22m[49m: Microsoft.AspNetCore.Routing.EndpointMiddleware[0]
      Executing endpoint 'gRPC - /UnityILPP.PostProcessing/PostProcessAssembly'
[40m[32minfo[39m[22m[49m: Unity.ILPP.Runner.PostProcessingPipeline[0]
      Processing assembly Library/Bee/artifacts/1300b0aE.dag/PPv2URPConverters.dll, with 133 defines and 276 references
[40m[32minfo[39m[22m[49m: Unity.ILPP.Runner.PostProcessingPipeline[0]
      processors: Unity.Jobs.CodeGen.JobsILPostProcessor, zzzUnity.Burst.CodeGen.BurstILPostProcessor
[40m[32minfo[39m[22m[49m: Unity.ILPP.Runner.PostProcessingPipeline[0]
      running Unity.Jobs.CodeGen.JobsILPostProcessor
[40m[32minfo[39m[22m[49m: Unity.ILPP.Runner.PostProcessingPipeline[0]
      running zzzUnity.Burst.CodeGen.BurstILPostProcessor
[40m[32minfo[39m[22m[49m: Microsoft.AspNetCore.Hosting.Diagnostics[1]
      Request starting HTTP/2 POST http://ilpp/UnityILPP.PostProcessing/PostProcessAssembly application/grpc -
[40m[32minfo[39m[22m[49m: Microsoft.AspNetCore.Routing.EndpointMiddleware[0]
      Executing endpoint 'gRPC - /UnityILPP.PostProcessing/PostProcessAssembly'
[40m[32minfo[39m[22m[49m: Unity.ILPP.Runner.PostProcessingPipeline[0]
      Processing assembly Library/Bee/artifacts/1300b0aE.dag/Meta.XR.Editor.UserInterface.dll, with 134 defines and 274 references
[40m[32minfo[39m[22m[49m: Unity.ILPP.Runner.PostProcessingPipeline[0]
      processors: Unity.Jobs.CodeGen.JobsILPostProcessor, zzzUnity.Burst.CodeGen.BurstILPostProcessor
[40m[32minfo[39m[22m[49m: Microsoft.AspNetCore.Routing.EndpointMiddleware[1]
      Executed endpoint 'gRPC - /UnityILPP.PostProcessing/PostProcessAssembly'
[40m[32minfo[39m[22m[49m: Microsoft.AspNetCore.Hosting.Diagnostics[2]
      Request finished HTTP/2 POST http://ilpp/UnityILPP.PostProcessing/PostProcessAssembly application/grpc - - 200 - application/grpc 4.1723ms
[40m[32minfo[39m[22m[49m: Unity.ILPP.Runner.PostProcessingPipeline[0]
      running Unity.Jobs.CodeGen.JobsILPostProcessor
[40m[32minfo[39m[22m[49m: Unity.ILPP.Runner.PostProcessingPipeline[0]
      running zzzUnity.Burst.CodeGen.BurstILPostProcessor
[40m[32minfo[39m[22m[49m: Microsoft.AspNetCore.Routing.EndpointMiddleware[1]
      Executed endpoint 'gRPC - /UnityILPP.PostProcessing/PostProcessAssembly'
[40m[32minfo[39m[22m[49m: Microsoft.AspNetCore.Hosting.Diagnostics[2]
      Request finished HTTP/2 POST http://ilpp/UnityILPP.PostProcessing/PostProcessAssembly application/grpc - - 200 - application/grpc 0.4528ms
[40m[32minfo[39m[22m[49m: Microsoft.AspNetCore.Hosting.Diagnostics[1]
      Request starting HTTP/2 POST http://ilpp/UnityILPP.PostProcessing/PostProcessAssembly application/grpc -
[40m[32minfo[39m[22m[49m: Microsoft.AspNetCore.Routing.EndpointMiddleware[0]
      Executing endpoint 'gRPC - /UnityILPP.PostProcessing/PostProcessAssembly'
[40m[32minfo[39m[22m[49m: Unity.ILPP.Runner.PostProcessingPipeline[0]
      Processing assembly Library/Bee/artifacts/1300b0aE.dag/Oculus.Interaction.OVR.Samples.dll, with 136 defines and 265 references
[40m[32minfo[39m[22m[49m: Unity.ILPP.Runner.PostProcessingPipeline[0]
      processors: Unity.Jobs.CodeGen.JobsILPostProcessor, zzzUnity.Burst.CodeGen.BurstILPostProcessor
[40m[32minfo[39m[22m[49m: Unity.ILPP.Runner.PostProcessingPipeline[0]
      running Unity.Jobs.CodeGen.JobsILPostProcessor
[40m[32minfo[39m[22m[49m: Unity.ILPP.Runner.PostProcessingPipeline[0]
      running zzzUnity.Burst.CodeGen.BurstILPostProcessor
[40m[32minfo[39m[22m[49m: Microsoft.AspNetCore.Routing.EndpointMiddleware[1]
      Executed endpoint 'gRPC - /UnityILPP.PostProcessing/PostProcessAssembly'
[40m[32minfo[39m[22m[49m: Microsoft.AspNetCore.Hosting.Diagnostics[2]
      Request finished HTTP/2 POST http://ilpp/UnityILPP.PostProcessing/PostProcessAssembly application/grpc - - 200 - application/grpc 0.4278ms
[40m[32minfo[39m[22m[49m: Microsoft.AspNetCore.Hosting.Diagnostics[1]
      Request starting HTTP/2 POST http://ilpp/UnityILPP.PostProcessing/PostProcessAssembly application/grpc -
[40m[32minfo[39m[22m[49m: Microsoft.AspNetCore.Routing.EndpointMiddleware[0]
      Executing endpoint 'gRPC - /UnityILPP.PostProcessing/PostProcessAssembly'
[40m[32minfo[39m[22m[49m: Unity.ILPP.Runner.PostProcessingPipeline[0]
      Processing assembly Library/Bee/artifacts/1300b0aE.dag/Oculus.Interaction.OVR.dll, with 136 defines and 263 references
[40m[32minfo[39m[22m[49m: Unity.ILPP.Runner.PostProcessingPipeline[0]
      processors: Unity.Jobs.CodeGen.JobsILPostProcessor, zzzUnity.Burst.CodeGen.BurstILPostProcessor
[40m[32minfo[39m[22m[49m: Unity.ILPP.Runner.PostProcessingPipeline[0]
      running Unity.Jobs.CodeGen.JobsILPostProcessor
[40m[32minfo[39m[22m[49m: Unity.ILPP.Runner.PostProcessingPipeline[0]
      running zzzUnity.Burst.CodeGen.BurstILPostProcessor
[40m[32minfo[39m[22m[49m: Microsoft.AspNetCore.Routing.EndpointMiddleware[1]
      Executed endpoint 'gRPC - /UnityILPP.PostProcessing/PostProcessAssembly'
[40m[32minfo[39m[22m[49m: Microsoft.AspNetCore.Hosting.Diagnostics[2]
      Request finished HTTP/2 POST http://ilpp/UnityILPP.PostProcessing/PostProcessAssembly application/grpc - - 200 - application/grpc 0.4944ms
[40m[32minfo[39m[22m[49m: Microsoft.AspNetCore.Hosting.Diagnostics[1]
      Request starting HTTP/2 POST http://ilpp/UnityILPP.PostProcessing/PostProcessAssembly application/grpc -
[40m[32minfo[39m[22m[49m: Microsoft.AspNetCore.Routing.EndpointMiddleware[0]
      Executing endpoint 'gRPC - /UnityILPP.PostProcessing/PostProcessAssembly'
[40m[32minfo[39m[22m[49m: Unity.ILPP.Runner.PostProcessingPipeline[0]
      Processing assembly Library/Bee/artifacts/1300b0aE.dag/Meta.XR.BuildingBlocks.dll, with 137 defines and 264 references
[40m[32minfo[39m[22m[49m: Unity.ILPP.Runner.PostProcessingPipeline[0]
      processors: Unity.Jobs.CodeGen.JobsILPostProcessor, zzzUnity.Burst.CodeGen.BurstILPostProcessor
[40m[32minfo[39m[22m[49m: Unity.ILPP.Runner.PostProcessingPipeline[0]
      running Unity.Jobs.CodeGen.JobsILPostProcessor
[40m[32minfo[39m[22m[49m: Unity.ILPP.Runner.PostProcessingPipeline[0]
      running zzzUnity.Burst.CodeGen.BurstILPostProcessor
[40m[32minfo[39m[22m[49m: Microsoft.AspNetCore.Routing.EndpointMiddleware[1]
      Executed endpoint 'gRPC - /UnityILPP.PostProcessing/PostProcessAssembly'
[40m[32minfo[39m[22m[49m: Microsoft.AspNetCore.Hosting.Diagnostics[2]
      Request finished HTTP/2 POST http://ilpp/UnityILPP.PostProcessing/PostProcessAssembly application/grpc - - 200 - application/grpc 0.5873ms
[40m[32minfo[39m[22m[49m: Microsoft.AspNetCore.Hosting.Diagnostics[1]
      Request starting HTTP/2 POST http://ilpp/UnityILPP.PostProcessing/PostProcessAssembly application/grpc -
[40m[32minfo[39m[22m[49m: Microsoft.AspNetCore.Routing.EndpointMiddleware[0]
      Executing endpoint 'gRPC - /UnityILPP.PostProcessing/PostProcessAssembly'
[40m[32minfo[39m[22m[49m: Unity.ILPP.Runner.PostProcessingPipeline[0]
      Processing assembly Library/Bee/artifacts/1300b0aE.dag/Unity.XR.OpenXR.Features.OculusQuestSupport.Editor.dll, with 133 defines and 275 references
[40m[32minfo[39m[22m[49m: Unity.ILPP.Runner.PostProcessingPipeline[0]
      processors: Unity.Jobs.CodeGen.JobsILPostProcessor, zzzUnity.Burst.CodeGen.BurstILPostProcessor
[40m[32minfo[39m[22m[49m: Unity.ILPP.Runner.PostProcessingPipeline[0]
      running Unity.Jobs.CodeGen.JobsILPostProcessor
[40m[32minfo[39m[22m[49m: Unity.ILPP.Runner.PostProcessingPipeline[0]
      running zzzUnity.Burst.CodeGen.BurstILPostProcessor
[40m[32minfo[39m[22m[49m: Microsoft.AspNetCore.Routing.EndpointMiddleware[1]
      Executed endpoint 'gRPC - /UnityILPP.PostProcessing/PostProcessAssembly'
[40m[32minfo[39m[22m[49m: Microsoft.AspNetCore.Hosting.Diagnostics[2]
      Request finished HTTP/2 POST http://ilpp/UnityILPP.PostProcessing/PostProcessAssembly application/grpc - - 200 - application/grpc 0.5053ms
[40m[32minfo[39m[22m[49m: Microsoft.AspNetCore.Hosting.Diagnostics[1]
      Request starting HTTP/2 POST http://ilpp/UnityILPP.PostProcessing/PostProcessAssembly application/grpc -
[40m[32minfo[39m[22m[49m: Microsoft.AspNetCore.Hosting.Diagnostics[1]
      Request starting HTTP/2 POST http://ilpp/UnityILPP.PostProcessing/PostProcessAssembly application/grpc -
[40m[32minfo[39m[22m[49m: Microsoft.AspNetCore.Routing.EndpointMiddleware[0]
      Executing endpoint 'gRPC - /UnityILPP.PostProcessing/PostProcessAssembly'
[40m[32minfo[39m[22m[49m: Microsoft.AspNetCore.Routing.EndpointMiddleware[0]
      Executing endpoint 'gRPC - /UnityILPP.PostProcessing/PostProcessAssembly'
[40m[32minfo[39m[22m[49m: Unity.ILPP.Runner.PostProcessingPipeline[0]
      Processing assembly Library/Bee/artifacts/1300b0aE.dag/Meta.XR.ImmersiveDebugger.dll, with 136 defines and 264 references
[40m[32minfo[39m[22m[49m: Unity.ILPP.Runner.PostProcessingPipeline[0]
      processors: Unity.Jobs.CodeGen.JobsILPostProcessor, zzzUnity.Burst.CodeGen.BurstILPostProcessor
[40m[32minfo[39m[22m[49m: Unity.ILPP.Runner.PostProcessingPipeline[0]
      running Unity.Jobs.CodeGen.JobsILPostProcessor
[40m[32minfo[39m[22m[49m: Unity.ILPP.Runner.PostProcessingPipeline[0]
      running zzzUnity.Burst.CodeGen.BurstILPostProcessor
[40m[32minfo[39m[22m[49m: Unity.ILPP.Runner.PostProcessingPipeline[0]
      Processing assembly Library/Bee/artifacts/1300b0aE.dag/Meta.XR.EnvironmentDepth.dll, with 136 defines and 262 references
[40m[32minfo[39m[22m[49m: Unity.ILPP.Runner.PostProcessingPipeline[0]
      processors: Unity.Jobs.CodeGen.JobsILPostProcessor, zzzUnity.Burst.CodeGen.BurstILPostProcessor
[40m[32minfo[39m[22m[49m: Unity.ILPP.Runner.PostProcessingPipeline[0]
      running Unity.Jobs.CodeGen.JobsILPostProcessor
[40m[32minfo[39m[22m[49m: Unity.ILPP.Runner.PostProcessingPipeline[0]
      running zzzUnity.Burst.CodeGen.BurstILPostProcessor
[40m[32minfo[39m[22m[49m: Microsoft.AspNetCore.Routing.EndpointMiddleware[1]
      Executed endpoint 'gRPC - /UnityILPP.PostProcessing/PostProcessAssembly'
[40m[32minfo[39m[22m[49m: Microsoft.AspNetCore.Hosting.Diagnostics[2]
      Request finished HTTP/2 POST http://ilpp/UnityILPP.PostProcessing/PostProcessAssembly application/grpc - - 200 - application/grpc 0.8375ms
[40m[32minfo[39m[22m[49m: Microsoft.AspNetCore.Routing.EndpointMiddleware[1]
      Executed endpoint 'gRPC - /UnityILPP.PostProcessing/PostProcessAssembly'
[40m[32minfo[39m[22m[49m: Microsoft.AspNetCore.Hosting.Diagnostics[2]
      Request finished HTTP/2 POST http://ilpp/UnityILPP.PostProcessing/PostProcessAssembly application/grpc - - 200 - application/grpc 1.1529ms
[40m[32minfo[39m[22m[49m: Microsoft.AspNetCore.Hosting.Diagnostics[1]
      Request starting HTTP/2 POST http://ilpp/UnityILPP.PostProcessing/PostProcessAssembly application/grpc -
[40m[32minfo[39m[22m[49m: Microsoft.AspNetCore.Routing.EndpointMiddleware[0]
      Executing endpoint 'gRPC - /UnityILPP.PostProcessing/PostProcessAssembly'
[40m[32minfo[39m[22m[49m: Unity.ILPP.Runner.PostProcessingPipeline[0]
      Processing assembly Library/Bee/artifacts/1300b0aE.dag/Meta.XR.BuildingBlocks.DepthAPI.dll, with 136 defines and 265 references
[40m[32minfo[39m[22m[49m: Unity.ILPP.Runner.PostProcessingPipeline[0]
      processors: Unity.Jobs.CodeGen.JobsILPostProcessor, zzzUnity.Burst.CodeGen.BurstILPostProcessor
[40m[32minfo[39m[22m[49m: Unity.ILPP.Runner.PostProcessingPipeline[0]
      running Unity.Jobs.CodeGen.JobsILPostProcessor
[40m[32minfo[39m[22m[49m: Unity.ILPP.Runner.PostProcessingPipeline[0]
      running zzzUnity.Burst.CodeGen.BurstILPostProcessor
[40m[32minfo[39m[22m[49m: Microsoft.AspNetCore.Routing.EndpointMiddleware[1]
      Executed endpoint 'gRPC - /UnityILPP.PostProcessing/PostProcessAssembly'
[40m[32minfo[39m[22m[49m: Microsoft.AspNetCore.Hosting.Diagnostics[2]
      Request finished HTTP/2 POST http://ilpp/UnityILPP.PostProcessing/PostProcessAssembly application/grpc - - 200 - application/grpc 0.7984ms
[40m[32minfo[39m[22m[49m: Microsoft.AspNetCore.Hosting.Diagnostics[1]
      Request starting HTTP/2 POST http://ilpp/UnityILPP.PostProcessing/PostProcessAssembly application/grpc -
[40m[32minfo[39m[22m[49m: Microsoft.AspNetCore.Hosting.Diagnostics[1]
      Request starting HTTP/2 POST http://ilpp/UnityILPP.PostProcessing/PostProcessAssembly application/grpc -
[40m[32minfo[39m[22m[49m: Microsoft.AspNetCore.Routing.EndpointMiddleware[0]
      Executing endpoint 'gRPC - /UnityILPP.PostProcessing/PostProcessAssembly'
[40m[32minfo[39m[22m[49m: Microsoft.AspNetCore.Routing.EndpointMiddleware[0]
      Executing endpoint 'gRPC - /UnityILPP.PostProcessing/PostProcessAssembly'
[40m[32minfo[39m[22m[49m: Unity.ILPP.Runner.PostProcessingPipeline[0]
      Processing assembly Library/Bee/artifacts/1300b0aE.dag/Meta.XR.Editor.StatusMenu.dll, with 134 defines and 275 references
[40m[32minfo[39m[22m[49m: Unity.ILPP.Runner.PostProcessingPipeline[0]
      processors: Unity.Jobs.CodeGen.JobsILPostProcessor, zzzUnity.Burst.CodeGen.BurstILPostProcessor
[40m[32minfo[39m[22m[49m: Unity.ILPP.Runner.PostProcessingPipeline[0]
      running Unity.Jobs.CodeGen.JobsILPostProcessor
[40m[32minfo[39m[22m[49m: Unity.ILPP.Runner.PostProcessingPipeline[0]
      running zzzUnity.Burst.CodeGen.BurstILPostProcessor
[40m[32minfo[39m[22m[49m: Unity.ILPP.Runner.PostProcessingPipeline[0]
      Processing assembly Library/Bee/artifacts/1300b0aE.dag/Unity.XR.Hands.dll, with 140 defines and 269 references
[40m[32minfo[39m[22m[49m: Unity.ILPP.Runner.PostProcessingPipeline[0]
      processors: Unity.Jobs.CodeGen.JobsILPostProcessor, zzzUnity.Burst.CodeGen.BurstILPostProcessor
[40m[32minfo[39m[22m[49m: Microsoft.AspNetCore.Routing.EndpointMiddleware[1]
      Executed endpoint 'gRPC - /UnityILPP.PostProcessing/PostProcessAssembly'
[40m[32minfo[39m[22m[49m: Microsoft.AspNetCore.Hosting.Diagnostics[2]
      Request finished HTTP/2 POST http://ilpp/UnityILPP.PostProcessing/PostProcessAssembly application/grpc - - 200 - application/grpc 0.4702ms
[40m[32minfo[39m[22m[49m: Microsoft.AspNetCore.Hosting.Diagnostics[1]
      Request starting HTTP/2 POST http://ilpp/UnityILPP.PostProcessing/PostProcessAssembly application/grpc -
[40m[32minfo[39m[22m[49m: Microsoft.AspNetCore.Routing.EndpointMiddleware[0]
      Executing endpoint 'gRPC - /UnityILPP.PostProcessing/PostProcessAssembly'
[40m[32minfo[39m[22m[49m: Unity.ILPP.Runner.PostProcessingPipeline[0]
      running Unity.Jobs.CodeGen.JobsILPostProcessor
[40m[32minfo[39m[22m[49m: Unity.ILPP.Runner.PostProcessingPipeline[0]
      running zzzUnity.Burst.CodeGen.BurstILPostProcessor
[40m[32minfo[39m[22m[49m: Unity.ILPP.Runner.PostProcessingPipeline[0]
      Processing assembly Library/Bee/artifacts/1300b0aE.dag/Meta.XR.Editor.Tags.dll, with 134 defines and 274 references
[40m[32minfo[39m[22m[49m: Unity.ILPP.Runner.PostProcessingPipeline[0]
      processors: Unity.Jobs.CodeGen.JobsILPostProcessor, zzzUnity.Burst.CodeGen.BurstILPostProcessor
[40m[32minfo[39m[22m[49m: Unity.ILPP.Runner.PostProcessingPipeline[0]
      running Unity.Jobs.CodeGen.JobsILPostProcessor
[40m[32minfo[39m[22m[49m: Unity.ILPP.Runner.PostProcessingPipeline[0]
      running zzzUnity.Burst.CodeGen.BurstILPostProcessor
[40m[32minfo[39m[22m[49m: Microsoft.AspNetCore.Routing.EndpointMiddleware[1]
      Executed endpoint 'gRPC - /UnityILPP.PostProcessing/PostProcessAssembly'
[40m[32minfo[39m[22m[49m: Microsoft.AspNetCore.Hosting.Diagnostics[2]
      Request finished HTTP/2 POST http://ilpp/UnityILPP.PostProcessing/PostProcessAssembly application/grpc - - 200 - application/grpc 0.5576ms
[40m[32minfo[39m[22m[49m: Microsoft.AspNetCore.Routing.EndpointMiddleware[1]
      Executed endpoint 'gRPC - /UnityILPP.PostProcessing/PostProcessAssembly'
[40m[32minfo[39m[22m[49m: Microsoft.AspNetCore.Hosting.Diagnostics[2]
      Request finished HTTP/2 POST http://ilpp/UnityILPP.PostProcessing/PostProcessAssembly application/grpc - - 200 - application/grpc 38.7116ms
[40m[32minfo[39m[22m[49m: Microsoft.AspNetCore.Hosting.Diagnostics[1]
      Request starting HTTP/2 POST http://ilpp/UnityILPP.PostProcessing/PostProcessAssembly application/grpc -
[40m[32minfo[39m[22m[49m: Microsoft.AspNetCore.Routing.EndpointMiddleware[0]
      Executing endpoint 'gRPC - /UnityILPP.PostProcessing/PostProcessAssembly'
[40m[32minfo[39m[22m[49m: Unity.ILPP.Runner.PostProcessingPipeline[0]
      Processing assembly Library/Bee/artifacts/1300b0aE.dag/meta.xr.mrutilitykit.dll, with 136 defines and 265 references
[40m[32minfo[39m[22m[49m: Unity.ILPP.Runner.PostProcessingPipeline[0]
      processors: Unity.Jobs.CodeGen.JobsILPostProcessor, zzzUnity.Burst.CodeGen.BurstILPostProcessor
[40m[32minfo[39m[22m[49m: Unity.ILPP.Runner.PostProcessingPipeline[0]
      running Unity.Jobs.CodeGen.JobsILPostProcessor
[40m[32minfo[39m[22m[49m: Unity.ILPP.Runner.PostProcessingPipeline[0]
      running zzzUnity.Burst.CodeGen.BurstILPostProcessor
[40m[32minfo[39m[22m[49m: Microsoft.AspNetCore.Routing.EndpointMiddleware[1]
      Executed endpoint 'gRPC - /UnityILPP.PostProcessing/PostProcessAssembly'
[40m[32minfo[39m[22m[49m: Microsoft.AspNetCore.Hosting.Diagnostics[2]
      Request finished HTTP/2 POST http://ilpp/UnityILPP.PostProcessing/PostProcessAssembly application/grpc - - 200 - application/grpc 0.8302ms
[40m[32minfo[39m[22m[49m: Microsoft.AspNetCore.Hosting.Diagnostics[1]
      Request starting HTTP/2 POST http://ilpp/UnityILPP.PostProcessing/PostProcessAssembly application/grpc -
[40m[32minfo[39m[22m[49m: Microsoft.AspNetCore.Routing.EndpointMiddleware[0]
      Executing endpoint 'gRPC - /UnityILPP.PostProcessing/PostProcessAssembly'
[40m[32minfo[39m[22m[49m: Unity.ILPP.Runner.PostProcessingPipeline[0]
      Processing assembly Library/Bee/artifacts/1300b0aE.dag/Oculus.VR.Editor.dll, with 140 defines and 284 references
[40m[32minfo[39m[22m[49m: Unity.ILPP.Runner.PostProcessingPipeline[0]
      processors: Unity.Jobs.CodeGen.JobsILPostProcessor, zzzUnity.Burst.CodeGen.BurstILPostProcessor
[40m[32minfo[39m[22m[49m: Unity.ILPP.Runner.PostProcessingPipeline[0]
      running Unity.Jobs.CodeGen.JobsILPostProcessor
[40m[32minfo[39m[22m[49m: Unity.ILPP.Runner.PostProcessingPipeline[0]
      running zzzUnity.Burst.CodeGen.BurstILPostProcessor
[40m[32minfo[39m[22m[49m: Microsoft.AspNetCore.Routing.EndpointMiddleware[1]
      Executed endpoint 'gRPC - /UnityILPP.PostProcessing/PostProcessAssembly'
[40m[32minfo[39m[22m[49m: Microsoft.AspNetCore.Hosting.Diagnostics[2]
      Request finished HTTP/2 POST http://ilpp/UnityILPP.PostProcessing/PostProcessAssembly application/grpc - - 200 - application/grpc 1.1078ms
[40m[32minfo[39m[22m[49m: Microsoft.AspNetCore.Hosting.Diagnostics[1]
      Request starting HTTP/2 POST http://ilpp/UnityILPP.PostProcessing/PostProcessAssembly application/grpc -
[40m[32minfo[39m[22m[49m: Microsoft.AspNetCore.Routing.EndpointMiddleware[0]
      Executing endpoint 'gRPC - /UnityILPP.PostProcessing/PostProcessAssembly'
[40m[32minfo[39m[22m[49m: Unity.ILPP.Runner.PostProcessingPipeline[0]
      Processing assembly Library/Bee/artifacts/1300b0aE.dag/Unity.XR.Hands.Analytics.Editor.dll, with 133 defines and 274 references
[40m[32minfo[39m[22m[49m: Unity.ILPP.Runner.PostProcessingPipeline[0]
      processors: Unity.Jobs.CodeGen.JobsILPostProcessor, zzzUnity.Burst.CodeGen.BurstILPostProcessor
[40m[32minfo[39m[22m[49m: Unity.ILPP.Runner.PostProcessingPipeline[0]
      running Unity.Jobs.CodeGen.JobsILPostProcessor
[40m[32minfo[39m[22m[49m: Unity.ILPP.Runner.PostProcessingPipeline[0]
      running zzzUnity.Burst.CodeGen.BurstILPostProcessor
[40m[32minfo[39m[22m[49m: Microsoft.AspNetCore.Routing.EndpointMiddleware[1]
      Executed endpoint 'gRPC - /UnityILPP.PostProcessing/PostProcessAssembly'
[40m[32minfo[39m[22m[49m: Microsoft.AspNetCore.Hosting.Diagnostics[2]
      Request finished HTTP/2 POST http://ilpp/UnityILPP.PostProcessing/PostProcessAssembly application/grpc - - 200 - application/grpc 3.4925ms
[40m[32minfo[39m[22m[49m: Microsoft.AspNetCore.Hosting.Diagnostics[1]
      Request starting HTTP/2 POST http://ilpp/UnityILPP.PostProcessing/PostProcessAssembly application/grpc -
[40m[32minfo[39m[22m[49m: Microsoft.AspNetCore.Routing.EndpointMiddleware[0]
      Executing endpoint 'gRPC - /UnityILPP.PostProcessing/PostProcessAssembly'
[40m[32minfo[39m[22m[49m: Unity.ILPP.Runner.PostProcessingPipeline[0]
      Processing assembly Library/Bee/artifacts/1300b0aE.dag/Oculus.Interaction.Editor.UnityXR.dll, with 136 defines and 278 references
[40m[32minfo[39m[22m[49m: Unity.ILPP.Runner.PostProcessingPipeline[0]
      processors: Unity.Jobs.CodeGen.JobsILPostProcessor, zzzUnity.Burst.CodeGen.BurstILPostProcessor
[40m[32minfo[39m[22m[49m: Unity.ILPP.Runner.PostProcessingPipeline[0]
      running Unity.Jobs.CodeGen.JobsILPostProcessor
[40m[32minfo[39m[22m[49m: Unity.ILPP.Runner.PostProcessingPipeline[0]
      running zzzUnity.Burst.CodeGen.BurstILPostProcessor
[40m[32minfo[39m[22m[49m: Microsoft.AspNetCore.Routing.EndpointMiddleware[1]
      Executed endpoint 'gRPC - /UnityILPP.PostProcessing/PostProcessAssembly'
[40m[32minfo[39m[22m[49m: Microsoft.AspNetCore.Hosting.Diagnostics[2]
      Request finished HTTP/2 POST http://ilpp/UnityILPP.PostProcessing/PostProcessAssembly application/grpc - - 200 - application/grpc 0.4018ms
[40m[32minfo[39m[22m[49m: Microsoft.AspNetCore.Hosting.Diagnostics[1]
      Request starting HTTP/2 POST http://ilpp/UnityILPP.PostProcessing/PostProcessAssembly application/grpc -
[40m[32minfo[39m[22m[49m: Microsoft.AspNetCore.Routing.EndpointMiddleware[0]
      Executing endpoint 'gRPC - /UnityILPP.PostProcessing/PostProcessAssembly'
[40m[32minfo[39m[22m[49m: Unity.ILPP.Runner.PostProcessingPipeline[0]
      Processing assembly Library/Bee/artifacts/1300b0aE.dag/Meta.XR.MultiplayerBlocks.Shared.dll, with 139 defines and 267 references
[40m[32minfo[39m[22m[49m: Unity.ILPP.Runner.PostProcessingPipeline[0]
      processors: Unity.Jobs.CodeGen.JobsILPostProcessor, zzzUnity.Burst.CodeGen.BurstILPostProcessor
[40m[32minfo[39m[22m[49m: Unity.ILPP.Runner.PostProcessingPipeline[0]
      running Unity.Jobs.CodeGen.JobsILPostProcessor
[40m[32minfo[39m[22m[49m: Unity.ILPP.Runner.PostProcessingPipeline[0]
      running zzzUnity.Burst.CodeGen.BurstILPostProcessor
[40m[32minfo[39m[22m[49m: Microsoft.AspNetCore.Routing.EndpointMiddleware[1]
      Executed endpoint 'gRPC - /UnityILPP.PostProcessing/PostProcessAssembly'
[40m[32minfo[39m[22m[49m: Microsoft.AspNetCore.Hosting.Diagnostics[2]
      Request finished HTTP/2 POST http://ilpp/UnityILPP.PostProcessing/PostProcessAssembly application/grpc - - 200 - application/grpc 0.5443ms
[40m[32minfo[39m[22m[49m: Microsoft.AspNetCore.Hosting.Diagnostics[1]
      Request starting HTTP/2 POST http://ilpp/UnityILPP.PostProcessing/PostProcessAssembly application/grpc -
[40m[32minfo[39m[22m[49m: Microsoft.AspNetCore.Routing.EndpointMiddleware[0]
      Executing endpoint 'gRPC - /UnityILPP.PostProcessing/PostProcessAssembly'
[40m[32minfo[39m[22m[49m: Unity.ILPP.Runner.PostProcessingPipeline[0]
      Processing assembly Library/Bee/artifacts/1300b0aE.dag/Oculus.Interaction.UnityXR.dll, with 138 defines and 253 references
[40m[32minfo[39m[22m[49m: Unity.ILPP.Runner.PostProcessingPipeline[0]
      processors: Unity.Jobs.CodeGen.JobsILPostProcessor, zzzUnity.Burst.CodeGen.BurstILPostProcessor
[40m[32minfo[39m[22m[49m: Unity.ILPP.Runner.PostProcessingPipeline[0]
      running Unity.Jobs.CodeGen.JobsILPostProcessor
[40m[32minfo[39m[22m[49m: Unity.ILPP.Runner.PostProcessingPipeline[0]
      running zzzUnity.Burst.CodeGen.BurstILPostProcessor
[40m[32minfo[39m[22m[49m: Microsoft.AspNetCore.Routing.EndpointMiddleware[1]
      Executed endpoint 'gRPC - /UnityILPP.PostProcessing/PostProcessAssembly'
[40m[32minfo[39m[22m[49m: Microsoft.AspNetCore.Hosting.Diagnostics[2]
      Request finished HTTP/2 POST http://ilpp/UnityILPP.PostProcessing/PostProcessAssembly application/grpc - - 200 - application/grpc 1.4543ms
[40m[32minfo[39m[22m[49m: Microsoft.AspNetCore.Hosting.Diagnostics[1]
      Request starting HTTP/2 POST http://ilpp/UnityILPP.PostProcessing/PostProcessAssembly application/grpc -
[40m[32minfo[39m[22m[49m: Microsoft.AspNetCore.Routing.EndpointMiddleware[0]
      Executing endpoint 'gRPC - /UnityILPP.PostProcessing/PostProcessAssembly'
[40m[32minfo[39m[22m[49m: Unity.ILPP.Runner.PostProcessingPipeline[0]
      Processing assembly Library/Bee/artifacts/1300b0aE.dag/Meta.XR.ImmersiveDebugger.Editor.dll, with 134 defines and 279 references
[40m[32minfo[39m[22m[49m: Unity.ILPP.Runner.PostProcessingPipeline[0]
      processors: Unity.Jobs.CodeGen.JobsILPostProcessor, zzzUnity.Burst.CodeGen.BurstILPostProcessor
[40m[32minfo[39m[22m[49m: Unity.ILPP.Runner.PostProcessingPipeline[0]
      running Unity.Jobs.CodeGen.JobsILPostProcessor
[40m[32minfo[39m[22m[49m: Unity.ILPP.Runner.PostProcessingPipeline[0]
      running zzzUnity.Burst.CodeGen.BurstILPostProcessor
[40m[32minfo[39m[22m[49m: Microsoft.AspNetCore.Hosting.Diagnostics[1]
      Request starting HTTP/2 POST http://ilpp/UnityILPP.PostProcessing/PostProcessAssembly application/grpc -
[40m[32minfo[39m[22m[49m: Microsoft.AspNetCore.Routing.EndpointMiddleware[0]
      Executing endpoint 'gRPC - /UnityILPP.PostProcessing/PostProcessAssembly'
[40m[32minfo[39m[22m[49m: Unity.ILPP.Runner.PostProcessingPipeline[0]
      Processing assembly Library/Bee/artifacts/1300b0aE.dag/Unity.XR.Hands.CodeSamples.Editor.Tests.dll, with 133 defines and 256 references
[40m[32minfo[39m[22m[49m: Unity.ILPP.Runner.PostProcessingPipeline[0]
      processors: Unity.Jobs.CodeGen.JobsILPostProcessor, zzzUnity.Burst.CodeGen.BurstILPostProcessor
[40m[32minfo[39m[22m[49m: Microsoft.AspNetCore.Routing.EndpointMiddleware[1]
      Executed endpoint 'gRPC - /UnityILPP.PostProcessing/PostProcessAssembly'
[40m[32minfo[39m[22m[49m: Microsoft.AspNetCore.Hosting.Diagnostics[2]
      Request finished HTTP/2 POST http://ilpp/UnityILPP.PostProcessing/PostProcessAssembly application/grpc - - 200 - application/grpc 0.6758ms
[40m[32minfo[39m[22m[49m: Unity.ILPP.Runner.PostProcessingPipeline[0]
      running Unity.Jobs.CodeGen.JobsILPostProcessor
[40m[32minfo[39m[22m[49m: Unity.ILPP.Runner.PostProcessingPipeline[0]
      running zzzUnity.Burst.CodeGen.BurstILPostProcessor
[40m[32minfo[39m[22m[49m: Microsoft.AspNetCore.Routing.EndpointMiddleware[1]
      Executed endpoint 'gRPC - /UnityILPP.PostProcessing/PostProcessAssembly'
[40m[32minfo[39m[22m[49m: Microsoft.AspNetCore.Hosting.Diagnostics[2]
      Request finished HTTP/2 POST http://ilpp/UnityILPP.PostProcessing/PostProcessAssembly application/grpc - - 200 - application/grpc 2.3088ms
[40m[32minfo[39m[22m[49m: Microsoft.AspNetCore.Hosting.Diagnostics[1]
      Request starting HTTP/2 POST http://ilpp/UnityILPP.PostProcessing/PostProcessAssembly application/grpc -
[40m[32minfo[39m[22m[49m: Microsoft.AspNetCore.Hosting.Diagnostics[1]
      Request starting HTTP/2 POST http://ilpp/UnityILPP.PostProcessing/PostProcessAssembly application/grpc -
[40m[32minfo[39m[22m[49m: Microsoft.AspNetCore.Routing.EndpointMiddleware[0]
      Executing endpoint 'gRPC - /UnityILPP.PostProcessing/PostProcessAssembly'
[40m[32minfo[39m[22m[49m: Microsoft.AspNetCore.Routing.EndpointMiddleware[0]
      Executing endpoint 'gRPC - /UnityILPP.PostProcessing/PostProcessAssembly'
[40m[32minfo[39m[22m[49m: Microsoft.AspNetCore.Hosting.Diagnostics[1]
      Request starting HTTP/2 POST http://ilpp/UnityILPP.PostProcessing/PostProcessAssembly application/grpc -
[40m[32minfo[39m[22m[49m: Microsoft.AspNetCore.Routing.EndpointMiddleware[0]
      Executing endpoint 'gRPC - /UnityILPP.PostProcessing/PostProcessAssembly'
[40m[32minfo[39m[22m[49m: Unity.ILPP.Runner.PostProcessingPipeline[0]
      Processing assembly Library/Bee/artifacts/1300b0aE.dag/Meta.XR.Editor.PlayCompanion.dll, with 134 defines and 276 references
[40m[32minfo[39m[22m[49m: Unity.ILPP.Runner.PostProcessingPipeline[0]
      Processing assembly Library/Bee/artifacts/1300b0aE.dag/Meta.XR.EnvironmentDepth.Editor.dll, with 134 defines and 275 references
[40m[32minfo[39m[22m[49m: Unity.ILPP.Runner.PostProcessingPipeline[0]
      processors: Unity.Jobs.CodeGen.JobsILPostProcessor, zzzUnity.Burst.CodeGen.BurstILPostProcessor
[40m[32minfo[39m[22m[49m: Unity.ILPP.Runner.PostProcessingPipeline[0]
      processors: Unity.Jobs.CodeGen.JobsILPostProcessor, zzzUnity.Burst.CodeGen.BurstILPostProcessor
[40m[32minfo[39m[22m[49m: Unity.ILPP.Runner.PostProcessingPipeline[0]
      Processing assembly Library/Bee/artifacts/1300b0aE.dag/Meta.XR.Guides.Editor.dll, with 135 defines and 276 references
[40m[32minfo[39m[22m[49m: Unity.ILPP.Runner.PostProcessingPipeline[0]
      processors: Unity.Jobs.CodeGen.JobsILPostProcessor, zzzUnity.Burst.CodeGen.BurstILPostProcessor
[40m[32minfo[39m[22m[49m: Unity.ILPP.Runner.PostProcessingPipeline[0]
      running Unity.Jobs.CodeGen.JobsILPostProcessor
[40m[32minfo[39m[22m[49m: Unity.ILPP.Runner.PostProcessingPipeline[0]
      running Unity.Jobs.CodeGen.JobsILPostProcessor
[40m[32minfo[39m[22m[49m: Unity.ILPP.Runner.PostProcessingPipeline[0]
      running zzzUnity.Burst.CodeGen.BurstILPostProcessor
[40m[32minfo[39m[22m[49m: Unity.ILPP.Runner.PostProcessingPipeline[0]
      running zzzUnity.Burst.CodeGen.BurstILPostProcessor
[40m[32minfo[39m[22m[49m: Unity.ILPP.Runner.PostProcessingPipeline[0]
      running Unity.Jobs.CodeGen.JobsILPostProcessor
[40m[32minfo[39m[22m[49m: Unity.ILPP.Runner.PostProcessingPipeline[0]
      running zzzUnity.Burst.CodeGen.BurstILPostProcessor
[40m[32minfo[39m[22m[49m: Microsoft.AspNetCore.Routing.EndpointMiddleware[1]
      Executed endpoint 'gRPC - /UnityILPP.PostProcessing/PostProcessAssembly'
[40m[32minfo[39m[22m[49m: Microsoft.AspNetCore.Hosting.Diagnostics[2]
      Request finished HTTP/2 POST http://ilpp/UnityILPP.PostProcessing/PostProcessAssembly application/grpc - - 200 - application/grpc 0.3355ms
[40m[32minfo[39m[22m[49m: Microsoft.AspNetCore.Routing.EndpointMiddleware[1]
      Executed endpoint 'gRPC - /UnityILPP.PostProcessing/PostProcessAssembly'
[40m[32minfo[39m[22m[49m: Microsoft.AspNetCore.Hosting.Diagnostics[2]
      Request finished HTTP/2 POST http://ilpp/UnityILPP.PostProcessing/PostProcessAssembly application/grpc - - 200 - application/grpc 0.4828ms
[40m[32minfo[39m[22m[49m: Microsoft.AspNetCore.Routing.EndpointMiddleware[1]
      Executed endpoint 'gRPC - /UnityILPP.PostProcessing/PostProcessAssembly'
[40m[32minfo[39m[22m[49m: Microsoft.AspNetCore.Hosting.Diagnostics[2]
      Request finished HTTP/2 POST http://ilpp/UnityILPP.PostProcessing/PostProcessAssembly application/grpc - - 200 - application/grpc 0.9051ms
[40m[32minfo[39m[22m[49m: Microsoft.AspNetCore.Hosting.Diagnostics[1]
      Request starting HTTP/2 POST http://ilpp/UnityILPP.PostProcessing/PostProcessAssembly application/grpc -
[40m[32minfo[39m[22m[49m: Microsoft.AspNetCore.Routing.EndpointMiddleware[0]
      Executing endpoint 'gRPC - /UnityILPP.PostProcessing/PostProcessAssembly'
[40m[32minfo[39m[22m[49m: Unity.ILPP.Runner.PostProcessingPipeline[0]
      Processing assembly Library/Bee/artifacts/1300b0aE.dag/Oculus.VR.Scripts.Editor.dll, with 137 defines and 278 references
[40m[32minfo[39m[22m[49m: Unity.ILPP.Runner.PostProcessingPipeline[0]
      processors: Unity.Jobs.CodeGen.JobsILPostProcessor, zzzUnity.Burst.CodeGen.BurstILPostProcessor
[40m[32minfo[39m[22m[49m: Unity.ILPP.Runner.PostProcessingPipeline[0]
      running Unity.Jobs.CodeGen.JobsILPostProcessor
[40m[32minfo[39m[22m[49m: Unity.ILPP.Runner.PostProcessingPipeline[0]
      running zzzUnity.Burst.CodeGen.BurstILPostProcessor
[40m[32minfo[39m[22m[49m: Microsoft.AspNetCore.Routing.EndpointMiddleware[1]
      Executed endpoint 'gRPC - /UnityILPP.PostProcessing/PostProcessAssembly'
[40m[32minfo[39m[22m[49m: Microsoft.AspNetCore.Hosting.Diagnostics[2]
      Request finished HTTP/2 POST http://ilpp/UnityILPP.PostProcessing/PostProcessAssembly application/grpc - - 200 - application/grpc 0.5308ms
[40m[32minfo[39m[22m[49m: Microsoft.AspNetCore.Hosting.Diagnostics[1]
      Request starting HTTP/2 POST http://ilpp/UnityILPP.PostProcessing/PostProcessAssembly application/grpc -
[40m[32minfo[39m[22m[49m: Microsoft.AspNetCore.Routing.EndpointMiddleware[0]
      Executing endpoint 'gRPC - /UnityILPP.PostProcessing/PostProcessAssembly'
[40m[32minfo[39m[22m[49m: Unity.ILPP.Runner.PostProcessingPipeline[0]
      Processing assembly Library/Bee/artifacts/1300b0aE.dag/Unity.XR.Hands.Analytics.Hooks.Editor.dll, with 133 defines and 275 references
[40m[32minfo[39m[22m[49m: Unity.ILPP.Runner.PostProcessingPipeline[0]
      processors: Unity.Jobs.CodeGen.JobsILPostProcessor, zzzUnity.Burst.CodeGen.BurstILPostProcessor
[40m[32minfo[39m[22m[49m: Unity.ILPP.Runner.PostProcessingPipeline[0]
      running Unity.Jobs.CodeGen.JobsILPostProcessor
[40m[32minfo[39m[22m[49m: Unity.ILPP.Runner.PostProcessingPipeline[0]
      running zzzUnity.Burst.CodeGen.BurstILPostProcessor
[40m[32minfo[39m[22m[49m: Microsoft.AspNetCore.Routing.EndpointMiddleware[1]
      Executed endpoint 'gRPC - /UnityILPP.PostProcessing/PostProcessAssembly'
[40m[32minfo[39m[22m[49m: Microsoft.AspNetCore.Hosting.Diagnostics[2]
      Request finished HTTP/2 POST http://ilpp/UnityILPP.PostProcessing/PostProcessAssembly application/grpc - - 200 - application/grpc 0.5258ms
[40m[32minfo[39m[22m[49m: Microsoft.AspNetCore.Hosting.Diagnostics[1]
      Request starting HTTP/2 POST http://ilpp/UnityILPP.PostProcessing/PostProcessAssembly application/grpc -
[40m[32minfo[39m[22m[49m: Microsoft.AspNetCore.Routing.EndpointMiddleware[0]
      Executing endpoint 'gRPC - /UnityILPP.PostProcessing/PostProcessAssembly'
[40m[32minfo[39m[22m[49m: Unity.ILPP.Runner.PostProcessingPipeline[0]
      Processing assembly Library/Bee/artifacts/1300b0aE.dag/MetaXrSimulator.Editor.dll, with 137 defines and 278 references
[40m[32minfo[39m[22m[49m: Unity.ILPP.Runner.PostProcessingPipeline[0]
      processors: Unity.Jobs.CodeGen.JobsILPostProcessor, zzzUnity.Burst.CodeGen.BurstILPostProcessor
[40m[32minfo[39m[22m[49m: Unity.ILPP.Runner.PostProcessingPipeline[0]
      running Unity.Jobs.CodeGen.JobsILPostProcessor
[40m[32minfo[39m[22m[49m: Unity.ILPP.Runner.PostProcessingPipeline[0]
      running zzzUnity.Burst.CodeGen.BurstILPostProcessor
[40m[32minfo[39m[22m[49m: Microsoft.AspNetCore.Routing.EndpointMiddleware[1]
      Executed endpoint 'gRPC - /UnityILPP.PostProcessing/PostProcessAssembly'
[40m[32minfo[39m[22m[49m: Microsoft.AspNetCore.Hosting.Diagnostics[2]
      Request finished HTTP/2 POST http://ilpp/UnityILPP.PostProcessing/PostProcessAssembly application/grpc - - 200 - application/grpc 0.7104ms
[40m[32minfo[39m[22m[49m: Microsoft.AspNetCore.Hosting.Diagnostics[1]
      Request starting HTTP/2 POST http://ilpp/UnityILPP.PostProcessing/PostProcessAssembly application/grpc -
[40m[32minfo[39m[22m[49m: Microsoft.AspNetCore.Routing.EndpointMiddleware[0]
      Executing endpoint 'gRPC - /UnityILPP.PostProcessing/PostProcessAssembly'
[40m[32minfo[39m[22m[49m: Unity.ILPP.Runner.PostProcessingPipeline[0]
      Processing assembly Library/Bee/artifacts/1300b0aE.dag/Unity.XR.Hands.Editor.dll, with 134 defines and 279 references
[40m[32minfo[39m[22m[49m: Unity.ILPP.Runner.PostProcessingPipeline[0]
      processors: Unity.Jobs.CodeGen.JobsILPostProcessor, zzzUnity.Burst.CodeGen.BurstILPostProcessor
[40m[32minfo[39m[22m[49m: Unity.ILPP.Runner.PostProcessingPipeline[0]
      running Unity.Jobs.CodeGen.JobsILPostProcessor
[40m[32minfo[39m[22m[49m: Unity.ILPP.Runner.PostProcessingPipeline[0]
      running zzzUnity.Burst.CodeGen.BurstILPostProcessor
[40m[32minfo[39m[22m[49m: Microsoft.AspNetCore.Routing.EndpointMiddleware[1]
      Executed endpoint 'gRPC - /UnityILPP.PostProcessing/PostProcessAssembly'
[40m[32minfo[39m[22m[49m: Microsoft.AspNetCore.Hosting.Diagnostics[2]
      Request finished HTTP/2 POST http://ilpp/UnityILPP.PostProcessing/PostProcessAssembly application/grpc - - 200 - application/grpc 0.4619ms
[40m[32minfo[39m[22m[49m: Microsoft.AspNetCore.Hosting.Diagnostics[1]
      Request starting HTTP/2 POST http://ilpp/UnityILPP.PostProcessing/PostProcessAssembly application/grpc -
[40m[32minfo[39m[22m[49m: Microsoft.AspNetCore.Routing.EndpointMiddleware[0]
      Executing endpoint 'gRPC - /UnityILPP.PostProcessing/PostProcessAssembly'
[40m[32minfo[39m[22m[49m: Unity.ILPP.Runner.PostProcessingPipeline[0]
      Processing assembly Library/Bee/artifacts/1300b0aE.dag/Meta.XR.BuildingBlocks.Editor.dll, with 138 defines and 295 references
[40m[32minfo[39m[22m[49m: Unity.ILPP.Runner.PostProcessingPipeline[0]
      processors: Unity.Jobs.CodeGen.JobsILPostProcessor, zzzUnity.Burst.CodeGen.BurstILPostProcessor
[40m[32minfo[39m[22m[49m: Unity.ILPP.Runner.PostProcessingPipeline[0]
      running Unity.Jobs.CodeGen.JobsILPostProcessor
[40m[32minfo[39m[22m[49m: Unity.ILPP.Runner.PostProcessingPipeline[0]
      running zzzUnity.Burst.CodeGen.BurstILPostProcessor
[40m[32minfo[39m[22m[49m: Microsoft.AspNetCore.Routing.EndpointMiddleware[1]
      Executed endpoint 'gRPC - /UnityILPP.PostProcessing/PostProcessAssembly'
[40m[32minfo[39m[22m[49m: Microsoft.AspNetCore.Hosting.Diagnostics[2]
      Request finished HTTP/2 POST http://ilpp/UnityILPP.PostProcessing/PostProcessAssembly application/grpc - - 200 - application/grpc 0.7265ms
[40m[32minfo[39m[22m[49m: Microsoft.AspNetCore.Hosting.Diagnostics[1]
      Request starting HTTP/2 POST http://ilpp/UnityILPP.PostProcessing/PostProcessAssembly application/grpc -
[40m[32minfo[39m[22m[49m: Microsoft.AspNetCore.Routing.EndpointMiddleware[0]
      Executing endpoint 'gRPC - /UnityILPP.PostProcessing/PostProcessAssembly'
[40m[32minfo[39m[22m[49m: Unity.ILPP.Runner.PostProcessingPipeline[0]
      Processing assembly Library/Bee/artifacts/1300b0aE.dag/meta.xr.mrutilitykit.editor.dll, with 134 defines and 276 references
[40m[32minfo[39m[22m[49m: Unity.ILPP.Runner.PostProcessingPipeline[0]
      processors: Unity.Jobs.CodeGen.JobsILPostProcessor, zzzUnity.Burst.CodeGen.BurstILPostProcessor
[40m[32minfo[39m[22m[49m: Unity.ILPP.Runner.PostProcessingPipeline[0]
      running Unity.Jobs.CodeGen.JobsILPostProcessor
[40m[32minfo[39m[22m[49m: Unity.ILPP.Runner.PostProcessingPipeline[0]
      running zzzUnity.Burst.CodeGen.BurstILPostProcessor
[40m[32minfo[39m[22m[49m: Microsoft.AspNetCore.Routing.EndpointMiddleware[1]
      Executed endpoint 'gRPC - /UnityILPP.PostProcessing/PostProcessAssembly'
[40m[32minfo[39m[22m[49m: Microsoft.AspNetCore.Hosting.Diagnostics[2]
      Request finished HTTP/2 POST http://ilpp/UnityILPP.PostProcessing/PostProcessAssembly application/grpc - - 200 - application/grpc 0.5887ms
[40m[32minfo[39m[22m[49m: Microsoft.AspNetCore.Hosting.Diagnostics[1]
      Request starting HTTP/2 POST http://ilpp/UnityILPP.PostProcessing/PostProcessAssembly application/grpc -
[40m[32minfo[39m[22m[49m: Microsoft.AspNetCore.Routing.EndpointMiddleware[0]
      Executing endpoint 'gRPC - /UnityILPP.PostProcessing/PostProcessAssembly'
[40m[32minfo[39m[22m[49m: Unity.ILPP.Runner.PostProcessingPipeline[0]
      Processing assembly Library/Bee/artifacts/1300b0aE.dag/Oculus.Interaction.OVR.Editor.dll, with 134 defines and 279 references
[40m[32minfo[39m[22m[49m: Unity.ILPP.Runner.PostProcessingPipeline[0]
      processors: Unity.Jobs.CodeGen.JobsILPostProcessor, zzzUnity.Burst.CodeGen.BurstILPostProcessor
[40m[32minfo[39m[22m[49m: Unity.ILPP.Runner.PostProcessingPipeline[0]
      running Unity.Jobs.CodeGen.JobsILPostProcessor
[40m[32minfo[39m[22m[49m: Unity.ILPP.Runner.PostProcessingPipeline[0]
      running zzzUnity.Burst.CodeGen.BurstILPostProcessor
[40m[32minfo[39m[22m[49m: Microsoft.AspNetCore.Hosting.Diagnostics[1]
      Request starting HTTP/2 POST http://ilpp/UnityILPP.PostProcessing/PostProcessAssembly application/grpc -
[40m[32minfo[39m[22m[49m: Microsoft.AspNetCore.Routing.EndpointMiddleware[0]
      Executing endpoint 'gRPC - /UnityILPP.PostProcessing/PostProcessAssembly'
[40m[32minfo[39m[22m[49m: Unity.ILPP.Runner.PostProcessingPipeline[0]
      Processing assembly Library/Bee/artifacts/1300b0aE.dag/Meta.XR.BuildingBlocks.DepthAPI.Editor.dll, with 134 defines and 281 references
[40m[32minfo[39m[22m[49m: Unity.ILPP.Runner.PostProcessingPipeline[0]
      processors: Unity.Jobs.CodeGen.JobsILPostProcessor, zzzUnity.Burst.CodeGen.BurstILPostProcessor
[40m[32minfo[39m[22m[49m: Unity.ILPP.Runner.PostProcessingPipeline[0]
      running Unity.Jobs.CodeGen.JobsILPostProcessor
[40m[32minfo[39m[22m[49m: Unity.ILPP.Runner.PostProcessingPipeline[0]
      running zzzUnity.Burst.CodeGen.BurstILPostProcessor
[40m[32minfo[39m[22m[49m: Microsoft.AspNetCore.Routing.EndpointMiddleware[1]
      Executed endpoint 'gRPC - /UnityILPP.PostProcessing/PostProcessAssembly'
[40m[32minfo[39m[22m[49m: Microsoft.AspNetCore.Hosting.Diagnostics[2]
      Request finished HTTP/2 POST http://ilpp/UnityILPP.PostProcessing/PostProcessAssembly application/grpc - - 200 - application/grpc 0.5488ms
[40m[32minfo[39m[22m[49m: Microsoft.AspNetCore.Routing.EndpointMiddleware[1]
      Executed endpoint 'gRPC - /UnityILPP.PostProcessing/PostProcessAssembly'
[40m[32minfo[39m[22m[49m: Microsoft.AspNetCore.Hosting.Diagnostics[2]
      Request finished HTTP/2 POST http://ilpp/UnityILPP.PostProcessing/PostProcessAssembly application/grpc - - 200 - application/grpc 0.3244ms
[40m[32minfo[39m[22m[49m: Microsoft.AspNetCore.Hosting.Diagnostics[1]
      Request starting HTTP/2 POST http://ilpp/UnityILPP.PostProcessing/PostProcessAssembly application/grpc -
[40m[32minfo[39m[22m[49m: Microsoft.AspNetCore.Routing.EndpointMiddleware[0]
      Executing endpoint 'gRPC - /UnityILPP.PostProcessing/PostProcessAssembly'
[40m[32minfo[39m[22m[49m: Unity.ILPP.Runner.PostProcessingPipeline[0]
      Processing assembly Library/Bee/artifacts/1300b0aE.dag/Meta.XR.MultiplayerBlocks.Shared.Editor.dll, with 135 defines and 279 references
[40m[32minfo[39m[22m[49m: Unity.ILPP.Runner.PostProcessingPipeline[0]
      processors: Unity.Jobs.CodeGen.JobsILPostProcessor, zzzUnity.Burst.CodeGen.BurstILPostProcessor
[40m[32minfo[39m[22m[49m: Unity.ILPP.Runner.PostProcessingPipeline[0]
      running Unity.Jobs.CodeGen.JobsILPostProcessor
[40m[32minfo[39m[22m[49m: Unity.ILPP.Runner.PostProcessingPipeline[0]
      running zzzUnity.Burst.CodeGen.BurstILPostProcessor
[40m[32minfo[39m[22m[49m: Microsoft.AspNetCore.Routing.EndpointMiddleware[1]
      Executed endpoint 'gRPC - /UnityILPP.PostProcessing/PostProcessAssembly'
[40m[32minfo[39m[22m[49m: Microsoft.AspNetCore.Hosting.Diagnostics[2]
      Request finished HTTP/2 POST http://ilpp/UnityILPP.PostProcessing/PostProcessAssembly application/grpc - - 200 - application/grpc 0.4729ms
[40m[32minfo[39m[22m[49m: Microsoft.AspNetCore.Hosting.Diagnostics[1]
      Request starting HTTP/2 POST http://ilpp/UnityILPP.PostProcessing/PostProcessAssembly application/grpc -
[40m[32minfo[39m[22m[49m: Microsoft.AspNetCore.Routing.EndpointMiddleware[0]
      Executing endpoint 'gRPC - /UnityILPP.PostProcessing/PostProcessAssembly'
[40m[32minfo[39m[22m[49m: Unity.ILPP.Runner.PostProcessingPipeline[0]
      Processing assembly Library/Bee/artifacts/1300b0aE.dag/Meta.XR.MultiplayerBlocks.Fusion.Editor.dll, with 135 defines and 280 references
[40m[32minfo[39m[22m[49m: Unity.ILPP.Runner.PostProcessingPipeline[0]
      processors: Unity.Jobs.CodeGen.JobsILPostProcessor, zzzUnity.Burst.CodeGen.BurstILPostProcessor
[40m[32minfo[39m[22m[49m: Unity.ILPP.Runner.PostProcessingPipeline[0]
      running Unity.Jobs.CodeGen.JobsILPostProcessor
[40m[32minfo[39m[22m[49m: Unity.ILPP.Runner.PostProcessingPipeline[0]
      running zzzUnity.Burst.CodeGen.BurstILPostProcessor
[40m[32minfo[39m[22m[49m: Microsoft.AspNetCore.Hosting.Diagnostics[1]
      Request starting HTTP/2 POST http://ilpp/UnityILPP.PostProcessing/PostProcessAssembly application/grpc -
[40m[32minfo[39m[22m[49m: Microsoft.AspNetCore.Routing.EndpointMiddleware[0]
      Executing endpoint 'gRPC - /UnityILPP.PostProcessing/PostProcessAssembly'
[40m[32minfo[39m[22m[49m: Unity.ILPP.Runner.PostProcessingPipeline[0]
      Processing assembly Library/Bee/artifacts/1300b0aE.dag/Meta.XR.MultiplayerBlocks.NGO.Editor.dll, with 135 defines and 283 references
[40m[32minfo[39m[22m[49m: Unity.ILPP.Runner.PostProcessingPipeline[0]
      processors: Unity.Jobs.CodeGen.JobsILPostProcessor, zzzUnity.Burst.CodeGen.BurstILPostProcessor
[40m[32minfo[39m[22m[49m: Unity.ILPP.Runner.PostProcessingPipeline[0]
      running Unity.Jobs.CodeGen.JobsILPostProcessor
[40m[32minfo[39m[22m[49m: Unity.ILPP.Runner.PostProcessingPipeline[0]
      running zzzUnity.Burst.CodeGen.BurstILPostProcessor
[40m[32minfo[39m[22m[49m: Microsoft.AspNetCore.Routing.EndpointMiddleware[1]
      Executed endpoint 'gRPC - /UnityILPP.PostProcessing/PostProcessAssembly'
[40m[32minfo[39m[22m[49m: Microsoft.AspNetCore.Hosting.Diagnostics[2]
      Request finished HTTP/2 POST http://ilpp/UnityILPP.PostProcessing/PostProcessAssembly application/grpc - - 200 - application/grpc 0.4967ms
[40m[32minfo[39m[22m[49m: Microsoft.AspNetCore.Routing.EndpointMiddleware[1]
      Executed endpoint 'gRPC - /UnityILPP.PostProcessing/PostProcessAssembly'
[40m[32minfo[39m[22m[49m: Microsoft.AspNetCore.Hosting.Diagnostics[2]
      Request finished HTTP/2 POST http://ilpp/UnityILPP.PostProcessing/PostProcessAssembly application/grpc - - 200 - application/grpc 0.3784ms
[40m[32minfo[39m[22m[49m: Microsoft.AspNetCore.Hosting.Diagnostics[1]
      Request starting HTTP/2 POST http://ilpp/UnityILPP.PostProcessing/PostProcessAssembly application/grpc -
[40m[32minfo[39m[22m[49m: Microsoft.AspNetCore.Routing.EndpointMiddleware[0]
      Executing endpoint 'gRPC - /UnityILPP.PostProcessing/PostProcessAssembly'
[40m[32minfo[39m[22m[49m: Unity.ILPP.Runner.PostProcessingPipeline[0]
      Processing assembly Library/Bee/artifacts/1300b0aE.dag/Assembly-CSharp.dll, with 135 defines and 398 references
[40m[32minfo[39m[22m[49m: Unity.ILPP.Runner.PostProcessingPipeline[0]
      processors: Unity.Jobs.CodeGen.JobsILPostProcessor, zzzUnity.Burst.CodeGen.BurstILPostProcessor
[40m[32minfo[39m[22m[49m: Unity.ILPP.Runner.PostProcessingPipeline[0]
      running Unity.Jobs.CodeGen.JobsILPostProcessor
[40m[32minfo[39m[22m[49m: Unity.ILPP.Runner.PostProcessingPipeline[0]
      running zzzUnity.Burst.CodeGen.BurstILPostProcessor
[40m[32minfo[39m[22m[49m: Microsoft.AspNetCore.Routing.EndpointMiddleware[1]
      Executed endpoint 'gRPC - /UnityILPP.PostProcessing/PostProcessAssembly'
[40m[32minfo[39m[22m[49m: Microsoft.AspNetCore.Hosting.Diagnostics[2]
      Request finished HTTP/2 POST http://ilpp/UnityILPP.PostProcessing/PostProcessAssembly application/grpc - - 200 - application/grpc 23.7955ms
[40m[32minfo[39m[22m[49m: Microsoft.AspNetCore.Hosting.Diagnostics[1]
      Request starting HTTP/2 POST http://ilpp/UnityILPP.PostProcessing/PostProcessAssembly application/grpc -
[40m[32minfo[39m[22m[49m: Microsoft.AspNetCore.Routing.EndpointMiddleware[0]
      Executing endpoint 'gRPC - /UnityILPP.PostProcessing/PostProcessAssembly'
[40m[32minfo[39m[22m[49m: Unity.ILPP.Runner.PostProcessingPipeline[0]
      Processing assembly Library/Bee/artifacts/1300b0aE.dag/Assembly-CSharp-Editor.dll, with 133 defines and 423 references
[40m[32minfo[39m[22m[49m: Unity.ILPP.Runner.PostProcessingPipeline[0]
      processors: Unity.Jobs.CodeGen.JobsILPostProcessor, zzzUnity.Burst.CodeGen.BurstILPostProcessor
[40m[32minfo[39m[22m[49m: Unity.ILPP.Runner.PostProcessingPipeline[0]
      running Unity.Jobs.CodeGen.JobsILPostProcessor
[40m[32minfo[39m[22m[49m: Unity.ILPP.Runner.PostProcessingPipeline[0]
      running zzzUnity.Burst.CodeGen.BurstILPostProcessor
[40m[32minfo[39m[22m[49m: Microsoft.AspNetCore.Routing.EndpointMiddleware[1]
      Executed endpoint 'gRPC - /UnityILPP.PostProcessing/PostProcessAssembly'
[40m[32minfo[39m[22m[49m: Microsoft.AspNetCore.Hosting.Diagnostics[2]
      Request finished HTTP/2 POST http://ilpp/UnityILPP.PostProcessing/PostProcessAssembly application/grpc - - 200 - application/grpc 11.6803ms
ExitCode: 0 Duration: 11s
Finished compiling graph: 1746 nodes, 41397 flattened edges (31465 ToBuild, 340 ToUse), maximum node priority 2480
[   1/1743  0s] WriteText Library/Bee/artifacts/1300b0aE.dag/UnityEngine.TestRunner.UnityAdditionalFile.txt
[   2/1743  0s] WriteText Library/Bee/artifacts/1300b0aE.dag/UnityEngine.TestRunner.rsp2
[ 115/1743  0s] WriteText Library/Bee/artifacts/1300b0aE.dag/UnityEngine.UI.UnityAdditionalFile.txt
[ 124/1743  0s] WriteText Library/Bee/artifacts/1300b0aE.dag/UnityEditor.TestRunner.rsp2
[ 125/1743  0s] WriteText Library/Bee/artifacts/1300b0aE.dag/UnityEngine.UI.rsp2
[ 126/1743  0s] WriteText Library/Bee/artifacts/1300b0aE.dag/UnityEngine.TestRunner.rsp
[ 127/1743  0s] WriteText Library/Bee/artifacts/1300b0aE.dag/UnityEditor.UI.UnityAdditionalFile.txt
[ 128/1743  0s] WriteText Library/Bee/artifacts/1300b0aE.dag/UnityEditor.TestRunner.UnityAdditionalFile.txt
[ 131/1743  0s] WriteText Library/Bee/artifacts/1300b0aE.dag/UnityEditor.UI.rsp2
[ 132/1743  0s] WriteText Library/Bee/artifacts/1300b0aE.dag/UnityEditor.UI.dll.mvfrm.rsp
[ 133/1743  0s] WriteText Library/Bee/artifacts/1300b0aE.dag/Unity.Mathematics.UnityAdditionalFile.txt
[ 135/1743  0s] WriteText Library/Bee/artifacts/1300b0aE.dag/Unity.Burst.UnityAdditionalFile.txt
[ 136/1743  0s] WriteText Library/Bee/artifacts/1300b0aE.dag/Unity.Burst.dll.mvfrm.rsp
[ 137/1743  0s] WriteText Library/Bee/artifacts/1300b0aE.dag/Unity.Mathematics.dll.mvfrm.rsp
[ 138/1743  0s] WriteText Library/Bee/artifacts/1300b0aE.dag/Unity.Burst.rsp
[ 139/1743  0s] WriteText Library/Bee/artifacts/1300b0aE.dag/UnityEngine.UI.dll.mvfrm.rsp
[ 142/1743  0s] WriteText Library/Bee/artifacts/1300b0aE.dag/UnityEngine.UI.rsp
[ 143/1743  0s] WriteText Library/Bee/artifacts/1300b0aE.dag/UnityEditor.TestRunner.dll.mvfrm.rsp
[ 144/1743  0s] WriteText Library/Bee/artifacts/1300b0aE.dag/Unity.Mathematics.rsp
[ 145/1743  0s] WriteText Library/Bee/artifacts/1300b0aE.dag/UnityEditor.UI.rsp
[ 146/1743  0s] WriteText Library/Bee/artifacts/1300b0aE.dag/Unity.InputSystem.UnityAdditionalFile.txt
[ 149/1743  0s] WriteText Library/Bee/artifacts/1300b0aE.dag/UnityEngine.TestRunner.dll.mvfrm.rsp
[ 150/1743  0s] WriteText Library/Bee/artifacts/1300b0aE.dag/Unity.InputSystem.dll.mvfrm.rsp
[ 151/1743  0s] WriteText Library/Bee/artifacts/1300b0aE.dag/Unity.InputSystem.rsp
[ 152/1743  0s] WriteText Library/Bee/artifacts/1300b0aE.dag/Unity.Mathematics.rsp2
[ 156/1743  0s] WriteText Library/Bee/artifacts/1300b0aE.dag/UnityEngine.SpatialTracking.UnityAdditionalFile.txt
[ 157/1743  0s] WriteText Library/Bee/artifacts/1300b0aE.dag/Unity.Collections.rsp2
[ 158/1743  0s] WriteText Library/Bee/artifacts/1300b0aE.dag/UnityEngine.SpatialTracking.dll.mvfrm.rsp
[ 160/1743  0s] WriteText Library/Bee/artifacts/1300b0aE.dag/Unity.Collections.UnityAdditionalFile.txt
[ 161/1743  0s] WriteText Library/Bee/artifacts/1300b0aE.dag/Unity.XR.CoreUtils.dll.mvfrm.rsp
[ 162/1743  0s] WriteText Library/Bee/artifacts/1300b0aE.dag/Unity.RenderPipelines.GPUDriven.Runtime.rsp2
[ 163/1743  0s] WriteText Library/Bee/artifacts/1300b0aE.dag/Unity.RenderPipelines.GPUDriven.Runtime.UnityAdditionalFile.txt
[ 164/1743  0s] WriteText Library/Bee/artifacts/1300b0aE.dag/Unity.Collections.dll.mvfrm.rsp
[ 165/1743  0s] WriteText Library/Bee/artifacts/1300b0aE.dag/Unity.XR.Management.rsp2
[ 166/1743  0s] WriteText Library/Bee/artifacts/1300b0aE.dag/Unity.RenderPipelines.Core.Runtime.Shared.rsp2
[ 168/1743  0s] WriteText Library/Bee/artifacts/1300b0aE.dag/UnityEngine.SpatialTracking.rsp
[ 169/1743  0s] WriteText Library/Bee/artifacts/1300b0aE.dag/Unity.RenderPipeline.Universal.ShaderLibrary.UnityAdditionalFile.txt
[ 170/1743  0s] WriteText Library/Bee/artifacts/1300b0aE.dag/Unity.RenderPipelines.Core.Runtime.Shared.UnityAdditionalFile.txt
[ 171/1743  0s] WriteText Library/Bee/artifacts/1300b0aE.dag/Unity.InputSystem.rsp2
[ 172/1743  0s] WriteText Library/Bee/artifacts/1300b0aE.dag/Unity.XR.Management.dll.mvfrm.rsp
[ 173/1743  0s] WriteText Library/Bee/artifacts/1300b0aE.dag/AssistantCoreSDKRuntime.rsp2
[ 174/1743  0s] WriteText Library/Bee/artifacts/1300b0aE.dag/Unity.RenderPipelines.Core.Runtime.rsp
[ 175/1743  0s] WriteText Library/Bee/artifacts/1300b0aE.dag/AssistantCoreSDKRuntime.UnityAdditionalFile.txt
[ 176/1743  0s] WriteText Library/Bee/artifacts/1300b0aE.dag/Unity.RenderPipelines.GPUDriven.Runtime.dll.mvfrm.rsp
[ 177/1743  0s] WriteText Library/Bee/artifacts/1300b0aE.dag/Unity.RenderPipeline.Universal.ShaderLibrary.rsp2
[ 178/1743  0s] WriteText Library/Bee/artifacts/1300b0aE.dag/Unity.XR.CoreUtils.Editor.rsp2
[ 179/1743  0s] WriteText Library/Bee/artifacts/1300b0aE.dag/Unity.RenderPipeline.Universal.ShaderLibrary.dll.mvfrm.rsp
[ 180/1743  0s] WriteText Library/Bee/artifacts/1300b0aE.dag/Unity.XR.CoreUtils.Editor.rsp
[ 181/1743  0s] WriteText Library/Bee/artifacts/1300b0aE.dag/Unity.RenderPipeline.Universal.ShaderLibrary.rsp
[ 182/1743  0s] WriteText Library/Bee/artifacts/1300b0aE.dag/Unity.RenderPipelines.Universal.Config.Runtime.rsp2
[ 183/1743  0s] WriteText Library/Bee/artifacts/1300b0aE.dag/Unity.RenderPipelines.Core.Runtime.rsp2
[ 184/1743  0s] WriteText Library/Bee/artifacts/1300b0aE.dag/Unity.XR.CoreUtils.UnityAdditionalFile.txt
[ 185/1743  0s] WriteText Library/Bee/artifacts/1300b0aE.dag/UnityEditor.TestRunner.rsp
[ 187/1743  0s] WriteText Library/Bee/artifacts/1300b0aE.dag/Unity.XR.CoreUtils.rsp
[ 188/1743  0s] WriteText Library/Bee/artifacts/1300b0aE.dag/Unity.Collections.rsp
[ 189/1743  0s] WriteText Library/Bee/artifacts/1300b0aE.dag/Unity.XR.CoreUtils.Editor.UnityAdditionalFile.txt
[ 190/1743  0s] WriteText Library/Bee/artifacts/1300b0aE.dag/Unity.RenderPipelines.Core.Runtime.dll.mvfrm.rsp
[ 191/1743  0s] WriteText Library/Bee/artifacts/1300b0aE.dag/Unity.XR.CoreUtils.Editor.dll.mvfrm.rsp
[ 192/1743  0s] WriteText Library/Bee/artifacts/1300b0aE.dag/Unity.XR.Management.UnityAdditionalFile.txt
[ 193/1743  0s] WriteText Library/Bee/artifacts/1300b0aE.dag/Unity.RenderPipelines.Universal.Config.Runtime.UnityAdditionalFile.txt
[ 194/1743  0s] WriteText Library/Bee/artifacts/1300b0aE.dag/Unity.XR.CoreUtils.rsp2
[ 195/1743  0s] WriteText Library/Bee/artifacts/1300b0aE.dag/Unity.RenderPipelines.Core.Runtime.UnityAdditionalFile.txt
[ 196/1743  0s] WriteText Library/Bee/artifacts/1300b0aE.dag/Unity.RenderPipelines.Universal.Config.Runtime.dll.mvfrm.rsp
[ 197/1743  0s] WriteText Library/Bee/artifacts/1300b0aE.dag/AssistantCoreSDKRuntime.dll.mvfrm.rsp
[ 198/1743  0s] WriteText Library/Bee/artifacts/1300b0aE.dag/Unity.XR.Management.rsp
[ 199/1743  0s] WriteText Library/Bee/artifacts/1300b0aE.dag/UnityEngine.SpatialTracking.rsp2
[ 200/1743  0s] WriteText Library/Bee/artifacts/1300b0aE.dag/Unity.Burst.rsp2
[ 201/1743  0s] WriteText Library/Bee/artifacts/1300b0aE.dag/Unity.Collections.CodeGen.UnityAdditionalFile.txt
[ 202/1743  0s] WriteText Library/Bee/artifacts/1300b0aE.dag/Unity.RenderPipelines.Core.Runtime.Shared.rsp
[ 203/1743  0s] WriteText Library/Bee/artifacts/1300b0aE.dag/Unity.RenderPipelines.Universal.Runtime.rsp2
[ 204/1743  0s] WriteText Library/Bee/artifacts/1300b0aE.dag/AssistantCoreSDKRuntime.rsp
[ 205/1743  0s] WriteText Library/Bee/artifacts/1300b0aE.dag/Unity.Collections.CodeGen.rsp2
[ 206/1743  0s] WriteText Library/Bee/artifacts/1300b0aE.dag/Unity.RenderPipelines.Core.Runtime.Shared.dll.mvfrm.rsp
[ 207/1743  0s] WriteText Library/Bee/artifacts/1300b0aE.dag/VoiceSDK.Telemetry.Runtime.dll.mvfrm.rsp
[ 208/1743  0s] WriteText Library/Bee/artifacts/1300b0aE.dag/Unity.RenderPipelines.Universal.Config.Runtime.rsp
[ 209/1743  0s] WriteText Library/Bee/artifacts/1300b0aE.dag/VoiceSDK.Telemetry.Runtime.UnityAdditionalFile.txt
[ 210/1743  0s] WriteText Library/Bee/artifacts/1300b0aE.dag/Unity.RenderPipelines.Universal.Runtime.rsp
[ 211/1743  0s] WriteText Library/Bee/artifacts/1300b0aE.dag/Unity.RenderPipelines.Universal.Runtime.UnityAdditionalFile.txt
[ 212/1743  0s] WriteText Library/Bee/artifacts/1300b0aE.dag/Unity.XR.Management.Editor.UnityAdditionalFile.txt
[ 213/1743  0s] WriteText Library/Bee/artifacts/1300b0aE.dag/Unity.Burst.CodeGen.UnityAdditionalFile.txt
[ 214/1743  0s] WriteText Library/Bee/artifacts/1300b0aE.dag/Unity.XR.Management.Editor.rsp2
[ 215/1743  0s] WriteText Library/Bee/artifacts/1300b0aE.dag/AssistantCoreSDKEditor.rsp2
[ 216/1743  0s] WriteText Library/Bee/artifacts/1300b0aE.dag/Unity.Burst.CodeGen.rsp2
[ 217/1743  0s] WriteText Library/Bee/artifacts/1300b0aE.dag/Unity.RenderPipelines.GPUDriven.Runtime.rsp
[ 218/1743  0s] WriteText Library/Bee/artifacts/1300b0aE.dag/Unity.XR.OpenXR.UnityAdditionalFile.txt
[ 219/1743  0s] WriteText Library/Bee/artifacts/1300b0aE.dag/Unity.XR.Management.Editor.dll.mvfrm.rsp
[ 220/1743  0s] WriteText Library/Bee/artifacts/1300b0aE.dag/VoiceSDK.Telemetry.rsp2
[ 221/1743  0s] WriteText Library/Bee/artifacts/1300b0aE.dag/VoiceSDK.Telemetry.dll.mvfrm.rsp
[ 222/1743  0s] WriteText Library/Bee/artifacts/1300b0aE.dag/Unity.RenderPipelines.Universal.Runtime.dll.mvfrm.rsp
[ 223/1743  0s] WriteText Library/Bee/artifacts/1300b0aE.dag/VoiceSDK.Telemetry.rsp
[ 224/1743  0s] WriteText Library/Bee/artifacts/1300b0aE.dag/Meta.Net.endel.nativewebsocket.dll.mvfrm.rsp
[ 225/1743  0s] WriteText Library/Bee/artifacts/1300b0aE.dag/Meta.Voice.Opus.dll.mvfrm.rsp
[ 226/1743  0s] WriteText Library/Bee/artifacts/1300b0aE.dag/Meta.Voice.Opus.rsp
[ 227/1743  0s] WriteText Library/Bee/artifacts/1300b0aE.dag/Meta.Net.endel.nativewebsocket.rsp
[ 228/1743  0s] WriteText Library/Bee/artifacts/1300b0aE.dag/Meta.Voice.NLayer.rsp
[ 229/1743  0s] WriteText Library/Bee/artifacts/1300b0aE.dag/Unity.XR.OpenXR.dll.mvfrm.rsp
[ 230/1743  0s] WriteText Library/Bee/artifacts/1300b0aE.dag/Unity.XR.OpenXR.rsp
[ 231/1743  0s] WriteText Library/Bee/artifacts/1300b0aE.dag/Meta.WitAi.Lib.dll.mvfrm.rsp
[ 232/1743  0s] WriteText Library/Bee/artifacts/1300b0aE.dag/Meta.WitAi.Lib.rsp
[ 237/1743  0s] WriteText Library/Bee/artifacts/1300b0aE.dag/AssistantCoreSDKEditor.UnityAdditionalFile.txt
[ 239/1743  0s] WriteText Library/Bee/artifacts/1300b0aE.dag/VoiceSDK.Telemetry.Runtime.rsp2
[ 240/1743  0s] WriteText Library/Bee/artifacts/1300b0aE.dag/Unity.Collections.CodeGen.dll.mvfrm.rsp
[ 241/1743  0s] WriteText Library/Bee/artifacts/1300b0aE.dag/Unity.Collections.CodeGen.rsp
[ 242/1743  0s] WriteText Library/Bee/artifacts/1300b0aE.dag/Meta.VoiceSDK.Mic.Common.UnityAdditionalFile.txt
[ 243/1743  0s] WriteText Library/Bee/artifacts/1300b0aE.dag/Meta.VoiceSDK.Mic.Common.rsp2
[ 244/1743  0s] WriteText Library/Bee/artifacts/1300b0aE.dag/Unity.XR.OpenXR.Editor.rsp2
[ 245/1743  0s] WriteText Library/Bee/artifacts/1300b0aE.dag/Unity.XR.OpenXR.Editor.UnityAdditionalFile.txt
[ 246/1743  0s] WriteText Library/Bee/artifacts/1300b0aE.dag/Meta.WitAi.Conduit.UnityAdditionalFile.txt
[ 247/1743  0s] WriteText Library/Bee/artifacts/1300b0aE.dag/Meta.WitAi.Conduit.rsp2
[ 248/1743  0s] WriteText Library/Bee/artifacts/1300b0aE.dag/Meta.VoiceSDK.Mic.Common.dll.mvfrm.rsp
[ 249/1743  0s] WriteText Library/Bee/artifacts/1300b0aE.dag/Meta.VoiceSDK.Mic.Common.rsp
[ 250/1743  0s] WriteText Library/Bee/artifacts/1300b0aE.dag/Meta.VoiceSDK.Mic.Other.UnityAdditionalFile.txt
[ 251/1743  0s] WriteText Library/Bee/artifacts/1300b0aE.dag/Meta.VoiceSDK.Mic.Other.rsp2
[ 252/1743  0s] WriteText Library/Bee/artifacts/1300b0aE.dag/Meta.VoiceSDK.Mic.WebGL.rsp2
[ 253/1743  0s] WriteText Library/Bee/artifacts/1300b0aE.dag/Meta.VoiceSDK.Mic.WebGL.UnityAdditionalFile.txt
[ 254/1743  0s] WriteText Library/Bee/artifacts/1300b0aE.dag/Meta.XR.Editor.Callbacks.rsp2
[ 255/1743  0s] WriteText Library/Bee/artifacts/1300b0aE.dag/Meta.XR.Editor.Callbacks.UnityAdditionalFile.txt
[ 256/1743  0s] WriteText Library/Bee/artifacts/1300b0aE.dag/Unity.XR.OpenXR.Editor.dll.mvfrm.rsp
[ 257/1743  0s] WriteText Library/Bee/artifacts/1300b0aE.dag/Unity.XR.OpenXR.Editor.rsp
[ 258/1743  0s] WriteText Library/Bee/artifacts/1300b0aE.dag/Meta.WitAi.UnityAdditionalFile.txt
[ 259/1743  0s] WriteText Library/Bee/artifacts/1300b0aE.dag/Unity.XR.Management.Editor.rsp
[ 260/1743  0s] WriteText Library/Bee/artifacts/1300b0aE.dag/Meta.WitAi.Lib.UnityAdditionalFile.txt
[ 261/1743  0s] WriteText Library/Bee/artifacts/1300b0aE.dag/Unity.XR.OpenXR.rsp2
[ 262/1743  0s] WriteText Library/Bee/artifacts/1300b0aE.dag/AssistantCoreSDKEditor.dll.mvfrm.rsp
[ 263/1743  0s] WriteText Library/Bee/artifacts/1300b0aE.dag/Meta.Net.endel.nativewebsocket.rsp2
[ 264/1743  0s] WriteText Library/Bee/artifacts/1300b0aE.dag/VoiceSDK.Telemetry.Runtime.rsp
[ 265/1743  0s] WriteText Library/Bee/artifacts/1300b0aE.dag/AssistantCoreSDKEditor.rsp
[ 266/1743  0s] WriteText Library/Bee/artifacts/1300b0aE.dag/Oculus.VR.UnityAdditionalFile.txt
[ 267/1743  0s] WriteText Library/Bee/artifacts/1300b0aE.dag/Oculus.VR.rsp2
[ 268/1743  0s] WriteText Library/Bee/artifacts/1300b0aE.dag/Meta.XR.Editor.Callbacks.dll.mvfrm.rsp
[ 269/1743  0s] WriteText Library/Bee/artifacts/1300b0aE.dag/Meta.Voice.Opus.UnityAdditionalFile.txt
[ 270/1743  0s] WriteText Library/Bee/artifacts/1300b0aE.dag/Meta.XR.Editor.Callbacks.rsp
[ 271/1743  0s] WriteText Library/Bee/artifacts/1300b0aE.dag/Meta.WitAi.dll.mvfrm.rsp
[ 272/1743  0s] WriteText Library/Bee/artifacts/1300b0aE.dag/Meta.Voice.NLayer.UnityAdditionalFile.txt
[ 273/1743  0s] WriteText Library/Bee/artifacts/1300b0aE.dag/Meta.WitAI.Lib.Editor.UnityAdditionalFile.txt
[ 274/1743  0s] WriteText Library/Bee/artifacts/1300b0aE.dag/Meta.Voice.Opus.rsp2
[ 275/1743  0s] WriteText Library/Bee/artifacts/1300b0aE.dag/Oculus.VR.dll.mvfrm.rsp
[ 276/1743  0s] WriteText Library/Bee/artifacts/1300b0aE.dag/Meta.XR.Editor.Id.UnityAdditionalFile.txt
[ 277/1743  0s] WriteText Library/Bee/artifacts/1300b0aE.dag/Meta.XR.Editor.Id.rsp2
[ 278/1743  0s] WriteText Library/Bee/artifacts/1300b0aE.dag/Meta.XR.Editor.UserInterface.rsp2
[ 279/1743  0s] WriteText Library/Bee/artifacts/1300b0aE.dag/VoiceSDK.Telemetry.UnityAdditionalFile.txt
[ 280/1743  0s] WriteText Library/Bee/artifacts/1300b0aE.dag/Unity.Burst.CodeGen.dll.mvfrm.rsp
[ 281/1743  0s] WriteText Library/Bee/artifacts/1300b0aE.dag/Oculus.VR.rsp
[ 282/1743  0s] WriteText Library/Bee/artifacts/1300b0aE.dag/Meta.Voice.NLayer.rsp2
[ 283/1743  0s] WriteText Library/Bee/artifacts/1300b0aE.dag/Meta.WitAi.Conduit.dll.mvfrm.rsp
[ 284/1743  0s] WriteText Library/Bee/artifacts/1300b0aE.dag/Meta.WitAi.rsp2
[ 285/1743  0s] WriteText Library/Bee/artifacts/1300b0aE.dag/Unity.Burst.CodeGen.rsp
[ 286/1743  0s] WriteText Library/Bee/artifacts/1300b0aE.dag/Meta.WitAi.Lib.rsp2
[ 287/1743  0s] WriteText Library/Bee/artifacts/1300b0aE.dag/Meta.Voice.NLayer.dll.mvfrm.rsp
[ 288/1743  0s] WriteText Library/Bee/artifacts/1300b0aE.dag/Meta.WitAi.Conduit.Editor.UnityAdditionalFile.txt
[ 289/1743  0s] WriteText Library/Bee/artifacts/1300b0aE.dag/Meta.XR.Editor.Id.rsp
[ 290/1743  0s] WriteText Library/Bee/artifacts/1300b0aE.dag/Meta.Net.endel.nativewebsocket.UnityAdditionalFile.txt
[ 291/1743  0s] WriteText Library/Bee/artifacts/1300b0aE.dag/Meta.WitAi.rsp
[ 292/1743  0s] WriteText Library/Bee/artifacts/1300b0aE.dag/Meta.VoiceSDK.Mic.Other.dll.mvfrm.rsp
[ 293/1743  0s] WriteText Library/Bee/artifacts/1300b0aE.dag/Meta.XR.Editor.Settings.UnityAdditionalFile.txt
[ 294/1743  0s] WriteText Library/Bee/artifacts/1300b0aE.dag/Meta.VoiceSDK.Mic.Other.rsp
[ 295/1743  0s] WriteText Library/Bee/artifacts/1300b0aE.dag/Meta.VoiceSDK.Mic.WebGL.dll.mvfrm.rsp
[ 296/1743  0s] WriteText Library/Bee/artifacts/1300b0aE.dag/Meta.VoiceSDK.Mic.WebGL.rsp
[ 297/1743  0s] WriteText Library/Bee/artifacts/1300b0aE.dag/Meta.XR.Editor.UserInterface.UnityAdditionalFile.txt
[ 298/1743  0s] WriteText Library/Bee/artifacts/1300b0aE.dag/Meta.XR.Editor.Reflection.rsp2
[ 299/1743  0s] WriteText Library/Bee/artifacts/1300b0aE.dag/Meta.WitAi.Editor.UnityAdditionalFile.txt
[ 300/1743  0s] WriteText Library/Bee/artifacts/1300b0aE.dag/Meta.WitAi.Editor.rsp2
[ 301/1743  0s] WriteText Library/Bee/artifacts/1300b0aE.dag/Meta.XR.Editor.UserInterface.dll.mvfrm.rsp
[ 302/1743  0s] WriteText Library/Bee/artifacts/1300b0aE.dag/Unity.TextMeshPro.rsp2
[ 303/1743  0s] WriteText Library/Bee/artifacts/1300b0aE.dag/Unity.TextMeshPro.UnityAdditionalFile.txt
[ 304/1743  0s] WriteText Library/Bee/artifacts/1300b0aE.dag/Meta.WitAi.Conduit.Editor.dll.mvfrm.rsp
[ 305/1743  0s] WriteText Library/Bee/artifacts/1300b0aE.dag/Meta.WitAI.Lib.Editor.rsp2
[ 306/1743  0s] WriteText Library/Bee/artifacts/1300b0aE.dag/Meta.WitAi.Conduit.rsp
[ 307/1743  0s] WriteText Library/Bee/artifacts/1300b0aE.dag/Meta.WitAI.Lib.Editor.rsp
[ 308/1743  0s] WriteText Library/Bee/artifacts/1300b0aE.dag/Meta.XR.Editor.UserInterface.rsp
[ 309/1743  0s] WriteText Library/Bee/artifacts/1300b0aE.dag/AssistantVoiceCommandCommon.UnityAdditionalFile.txt
[ 310/1743  0s] WriteText Library/Bee/artifacts/1300b0aE.dag/Meta.XR.ImmersiveDebugger.Interface.UnityAdditionalFile.txt
[ 311/1743  0s] WriteText Library/Bee/artifacts/1300b0aE.dag/Meta.WitAI.Lib.Editor.dll.mvfrm.rsp
[ 312/1743  0s] WriteText Library/Bee/artifacts/1300b0aE.dag/Meta.XR.Editor.Settings.rsp2
[ 313/1743  0s] WriteText Library/Bee/artifacts/1300b0aE.dag/Meta.XR.Editor.Reflection.rsp
[ 314/1743  0s] WriteText Library/Bee/artifacts/1300b0aE.dag/Meta.WitAi.Conduit.Editor.rsp2
[ 315/1743  0s] WriteText Library/Bee/artifacts/1300b0aE.dag/Meta.XR.Editor.StatusMenu.UnityAdditionalFile.txt
[ 316/1743  0s] WriteText Library/Bee/artifacts/1300b0aE.dag/Unity.XR.OpenXR.Features.MetaQuestSupport.rsp2
[ 317/1743  0s] WriteText Library/Bee/artifacts/1300b0aE.dag/Unity.XR.OpenXR.Features.MetaQuestSupport.UnityAdditionalFile.txt
[ 318/1743  0s] WriteText Library/Bee/artifacts/1300b0aE.dag/Meta.Voice.Hub.Runtime.UnityAdditionalFile.txt
[ 319/1743  0s] WriteText Library/Bee/artifacts/1300b0aE.dag/Meta.Voice.Hub.Runtime.rsp2
[ 320/1743  0s] WriteText Library/Bee/artifacts/1300b0aE.dag/Meta.WitAi.TTS.dll.mvfrm.rsp
[ 321/1743  0s] WriteText Library/Bee/artifacts/1300b0aE.dag/Meta.WitAi.TTS.UnityAdditionalFile.txt
[ 322/1743  0s] WriteText Library/Bee/artifacts/1300b0aE.dag/Meta.WitAi.TTS.rsp
[ 323/1743  0s] WriteText Library/Bee/artifacts/1300b0aE.dag/Meta.XR.BuildingBlocks.dll.mvfrm.rsp
[ 324/1743  0s] WriteText Library/Bee/artifacts/1300b0aE.dag/Meta.XR.Editor.Reflection.UnityAdditionalFile.txt
[ 325/1743  0s] WriteText Library/Bee/artifacts/1300b0aE.dag/Meta.XR.BuildingBlocks.UnityAdditionalFile.txt
[ 326/1743  0s] WriteText Library/Bee/artifacts/1300b0aE.dag/Oculus.VR.Editor.UnityAdditionalFile.txt
[ 327/1743  0s] WriteText Library/Bee/artifacts/1300b0aE.dag/Meta.XR.BuildingBlocks.rsp2
[ 328/1743  0s] WriteText Library/Bee/artifacts/1300b0aE.dag/Meta.WitAi.TTS.rsp2
[ 329/1743  0s] WriteText Library/Bee/artifacts/1300b0aE.dag/Meta.WitAi.Editor.dll.mvfrm.rsp
[ 330/1743  0s] WriteText Library/Bee/artifacts/1300b0aE.dag/Unity.TextMeshPro.dll.mvfrm.rsp
[ 331/1743  0s] WriteText Library/Bee/artifacts/1300b0aE.dag/Meta.XR.ImmersiveDebugger.Interface.rsp2
[ 332/1743  0s] WriteText Library/Bee/artifacts/1300b0aE.dag/Unity.VisualScripting.Core.dll.mvfrm.rsp
[ 333/1743  0s] WriteText Library/Bee/artifacts/1300b0aE.dag/AssistantVoiceCommandCommon.rsp
[ 334/1743  0s] WriteText Library/Bee/artifacts/1300b0aE.dag/VoiceSDK.Runtime.UnityAdditionalFile.txt
[ 335/1743  0s] WriteText Library/Bee/artifacts/1300b0aE.dag/VoiceSDK.Runtime.rsp2
[ 336/1743  0s] WriteText Library/Bee/artifacts/1300b0aE.dag/Meta.XR.Editor.StatusMenu.dll.mvfrm.rsp
[ 337/1743  0s] WriteText Library/Bee/artifacts/1300b0aE.dag/Unity.VisualScripting.Core.rsp
[ 338/1743  0s] WriteText Library/Bee/artifacts/1300b0aE.dag/Unity.XR.OpenXR.Features.MetaQuestSupport.rsp
[ 339/1743  0s] WriteText Library/Bee/artifacts/1300b0aE.dag/Meta.XR.Editor.StatusMenu.rsp
[ 340/1743  0s] WriteText Library/Bee/artifacts/1300b0aE.dag/Meta.Wit.Dictation.UnityAdditionalFile.txt
[ 341/1743  0s] WriteText Library/Bee/artifacts/1300b0aE.dag/Meta.Wit.Dictation.rsp2
[ 342/1743  0s] WriteText Library/Bee/artifacts/1300b0aE.dag/Meta.Voice.Hub.Runtime.dll.mvfrm.rsp
[ 343/1743  0s] WriteText Library/Bee/artifacts/1300b0aE.dag/Meta.Voice.Hub.Runtime.rsp
[ 344/1743  0s] WriteText Library/Bee/artifacts/1300b0aE.dag/Oculus.Interaction.rsp2
[ 345/1743  0s] WriteText Library/Bee/artifacts/1300b0aE.dag/Oculus.Interaction.UnityAdditionalFile.txt
[ 346/1743  0s] WriteText Library/Bee/artifacts/1300b0aE.dag/Meta.Voice.Hub.Editor.rsp2
[ 347/1743  0s] WriteText Library/Bee/artifacts/1300b0aE.dag/Meta.Voice.Hub.Editor.UnityAdditionalFile.txt
[ 348/1743  0s] WriteText Library/Bee/artifacts/1300b0aE.dag/Unity.XR.OpenXR.Features.OculusQuestSupport.UnityAdditionalFile.txt
[ 349/1743  0s] WriteText Library/Bee/artifacts/1300b0aE.dag/Meta.XR.Editor.Id.dll.mvfrm.rsp
[ 350/1743  0s] WriteText Library/Bee/artifacts/1300b0aE.dag/Oculus.Platform.UnityAdditionalFile.txt
[ 351/1743  0s] WriteText Library/Bee/artifacts/1300b0aE.dag/VoiceSDK.Runtime.dll.mvfrm.rsp
[ 352/1743  0s] WriteText Library/Bee/artifacts/1300b0aE.dag/Oculus.Platform.rsp2
[ 353/1743  0s] WriteText Library/Bee/artifacts/1300b0aE.dag/Unity.VisualScripting.Flow.UnityAdditionalFile.txt
[ 354/1743  0s] WriteText Library/Bee/artifacts/1300b0aE.dag/Unity.VisualScripting.Flow.rsp2
[ 355/1743  0s] WriteText Library/Bee/artifacts/1300b0aE.dag/VoiceSDK.Runtime.rsp
[ 356/1743  0s] WriteText Library/Bee/artifacts/1300b0aE.dag/Meta.Wit.Dictation.dll.mvfrm.rsp
[ 357/1743  0s] WriteText Library/Bee/artifacts/1300b0aE.dag/Unity.Rendering.LightTransport.Runtime.UnityAdditionalFile.txt
[ 358/1743  0s] WriteText Library/Bee/artifacts/1300b0aE.dag/Unity.Rendering.LightTransport.Runtime.rsp2
[ 359/1743  0s] WriteText Library/Bee/artifacts/1300b0aE.dag/Meta.Wit.Dictation.rsp
[ 360/1743  0s] WriteText Library/Bee/artifacts/1300b0aE.dag/Meta.WitAi.TTS.Editor.rsp2
[ 361/1743  0s] WriteText Library/Bee/artifacts/1300b0aE.dag/Meta.WitAi.Conduit.Editor.rsp
[ 362/1743  0s] WriteText Library/Bee/artifacts/1300b0aE.dag/Oculus.VR.Editor.dll.mvfrm.rsp
[ 363/1743  0s] WriteText Library/Bee/artifacts/1300b0aE.dag/Meta.WitAi.TTS.Editor.UnityAdditionalFile.txt
[ 364/1743  0s] WriteText Library/Bee/artifacts/1300b0aE.dag/Meta.Voice.Hub.Editor.dll.mvfrm.rsp
[ 365/1743  0s] WriteText Library/Bee/artifacts/1300b0aE.dag/Oculus.VR.Editor.rsp
[ 366/1743  0s] WriteText Library/Bee/artifacts/1300b0aE.dag/Meta.Voice.Hub.Editor.rsp
[ 367/1743  0s] WriteText Library/Bee/artifacts/1300b0aE.dag/VoiceSDK.Dictation.Runtime.UnityAdditionalFile.txt
[ 368/1743  0s] WriteText Library/Bee/artifacts/1300b0aE.dag/VoiceSDK.Dictation.Runtime.rsp2
[ 369/1743  0s] WriteText Library/Bee/artifacts/1300b0aE.dag/Unity.VisualScripting.Core.Editor.rsp2
[ 370/1743  0s] WriteText Library/Bee/artifacts/1300b0aE.dag/Unity.XR.OpenXR.Features.OculusQuestSupport.dll.mvfrm.rsp
[ 371/1743  0s] WriteText Library/Bee/artifacts/1300b0aE.dag/Meta.Voice.VSDKHub.Editor.rsp2
[ 372/1743  0s] WriteText Library/Bee/artifacts/1300b0aE.dag/Meta.Voice.VSDKHub.Editor.UnityAdditionalFile.txt
[ 373/1743  0s] WriteText Library/Bee/artifacts/1300b0aE.dag/Unity.XR.OpenXR.Features.OculusQuestSupport.rsp
[ 374/1743  0s] WriteText Library/Bee/artifacts/1300b0aE.dag/Unity.Rendering.LightTransport.Runtime.dll.mvfrm.rsp
[ 375/1743  0s] WriteText Library/Bee/artifacts/1300b0aE.dag/Unity.AI.Navigation.rsp2
[ 376/1743  0s] WriteText Library/Bee/artifacts/1300b0aE.dag/Unity.AI.Navigation.UnityAdditionalFile.txt
[ 377/1743  0s] WriteText Library/Bee/artifacts/1300b0aE.dag/Meta.XR.ImmersiveDebugger.Interface.dll.mvfrm.rsp
[ 378/1743  0s] WriteText Library/Bee/artifacts/1300b0aE.dag/Unity.Rendering.LightTransport.Runtime.rsp
[ 379/1743  0s] WriteText Library/Bee/artifacts/1300b0aE.dag/Oculus.Platform.dll.mvfrm.rsp
[ 380/1743  0s] WriteText Library/Bee/artifacts/1300b0aE.dag/Unity.VisualScripting.Flow.rsp
[ 381/1743  0s] WriteText Library/Bee/artifacts/1300b0aE.dag/Meta.XR.ImmersiveDebugger.Interface.rsp
[ 382/1743  0s] WriteText Library/Bee/artifacts/1300b0aE.dag/Unity.VisualScripting.Core.UnityAdditionalFile.txt
[ 383/1743  0s] WriteText Library/Bee/artifacts/1300b0aE.dag/Unity.VisualScripting.Core.rsp2
[ 384/1743  0s] WriteText Library/Bee/artifacts/1300b0aE.dag/Meta.XR.Editor.StatusMenu.rsp2
[ 385/1743  0s] WriteText Library/Bee/artifacts/1300b0aE.dag/Meta.XR.Editor.Settings.rsp
[ 386/1743  0s] WriteText Library/Bee/artifacts/1300b0aE.dag/Unity.XR.OpenXR.Features.MetaQuestSupport.dll.mvfrm.rsp
[ 387/1743  0s] WriteText Library/Bee/artifacts/1300b0aE.dag/Oculus.Platform.rsp
[ 388/1743  0s] WriteText Library/Bee/artifacts/1300b0aE.dag/Meta.XR.Editor.Reflection.dll.mvfrm.rsp
[ 389/1743  0s] WriteText Library/Bee/artifacts/1300b0aE.dag/AssistantVoiceCommandCommon.dll.mvfrm.rsp
[ 390/1743  0s] WriteText Library/Bee/artifacts/1300b0aE.dag/Unity.RenderPipelines.Core.Editor.UnityAdditionalFile.txt
[ 391/1743  0s] WriteText Library/Bee/artifacts/1300b0aE.dag/Unity.RenderPipelines.Core.Editor.rsp2
[ 392/1743  0s] WriteText Library/Bee/artifacts/1300b0aE.dag/Oculus.Interaction.rsp
[ 393/1743  0s] WriteText Library/Bee/artifacts/1300b0aE.dag/Meta.XR.Audio.rsp2
[ 394/1743  0s] WriteText Library/Bee/artifacts/1300b0aE.dag/Meta.XR.Audio.UnityAdditionalFile.txt
[ 395/1743  0s] WriteText Library/Bee/artifacts/1300b0aE.dag/Unity.TextMeshPro.rsp
[ 396/1743  0s] WriteText Library/Bee/artifacts/1300b0aE.dag/Meta.Voice.VSDKHub.Editor.dll.mvfrm.rsp
[ 397/1743  0s] WriteText Library/Bee/artifacts/1300b0aE.dag/Unity.VisualScripting.Core.Editor.UnityAdditionalFile.txt
[ 398/1743  0s] WriteText Library/Bee/artifacts/1300b0aE.dag/Meta.XR.BuildingBlocks.rsp
[ 399/1743  0s] WriteText Library/Bee/artifacts/1300b0aE.dag/Meta.WitAi.TTS.Editor.rsp
[ 400/1743  0s] WriteText Library/Bee/artifacts/1300b0aE.dag/Unity.XR.OpenXR.Features.OculusQuestSupport.rsp2
[ 401/1743  0s] WriteText Library/Bee/artifacts/1300b0aE.dag/Meta.XR.Editor.Tags.UnityAdditionalFile.txt
[ 402/1743  0s] WriteText Library/Bee/artifacts/1300b0aE.dag/AssistantVoiceCommandCommon.rsp2
[ 403/1743  0s] WriteText Library/Bee/artifacts/1300b0aE.dag/Meta.XR.Guides.Editor.rsp2
[ 404/1743  0s] WriteText Library/Bee/artifacts/1300b0aE.dag/Oculus.VR.Scripts.Editor.UnityAdditionalFile.txt
[ 405/1743  0s] WriteText Library/Bee/artifacts/1300b0aE.dag/Meta.WitAi.Editor.rsp
[ 406/1743  0s] WriteText Library/Bee/artifacts/1300b0aE.dag/Meta.Voice.VSDKHub.Editor.rsp
[ 407/1743  0s] WriteText Library/Bee/artifacts/1300b0aE.dag/Meta.XR.Editor.Tags.rsp2
[ 408/1743  0s] WriteText Library/Bee/artifacts/1300b0aE.dag/Meta.XR.EnvironmentDepth.UnityAdditionalFile.txt
[ 409/1743  0s] WriteText Library/Bee/artifacts/1300b0aE.dag/Meta.XR.EnvironmentDepth.rsp2
[ 410/1743  0s] WriteText Library/Bee/artifacts/1300b0aE.dag/VoiceSDK.Dictation.Editor.UnityAdditionalFile.txt
[ 411/1743  0s] WriteText Library/Bee/artifacts/1300b0aE.dag/VoiceSDK.Dictation.Editor.rsp2
[ 412/1743  0s] WriteText Library/Bee/artifacts/1300b0aE.dag/Meta.XR.Editor.Settings.dll.mvfrm.rsp
[ 413/1743  0s] WriteText Library/Bee/artifacts/1300b0aE.dag/Unity.AI.Navigation.dll.mvfrm.rsp
[ 414/1743  0s] WriteText Library/Bee/artifacts/1300b0aE.dag/Unity.Searcher.Editor.UnityAdditionalFile.txt
[ 415/1743  0s] WriteText Library/Bee/artifacts/1300b0aE.dag/Unity.AI.Navigation.rsp
[ 416/1743  0s] WriteText Library/Bee/artifacts/1300b0aE.dag/Unity.VisualScripting.Flow.dll.mvfrm.rsp
[ 417/1743  0s] WriteText Library/Bee/artifacts/1300b0aE.dag/Unity.Searcher.Editor.rsp2
[ 418/1743  0s] WriteText Library/Bee/artifacts/1300b0aE.dag/Unity.XR.Hands.dll.mvfrm.rsp
[ 419/1743  0s] WriteText Library/Bee/artifacts/1300b0aE.dag/Unity.RenderPipelines.Core.Editor.rsp
[ 420/1743  0s] WriteText Library/Bee/artifacts/1300b0aE.dag/Oculus.Haptics.dll.mvfrm.rsp
[ 421/1743  0s] WriteText Library/Bee/artifacts/1300b0aE.dag/Oculus.VR.Scripts.Editor.rsp2
[ 422/1743  0s] WriteText Library/Bee/artifacts/1300b0aE.dag/VoiceSDK.Dictation.Runtime.dll.mvfrm.rsp
[ 423/1743  0s] WriteText Library/Bee/artifacts/1300b0aE.dag/Unity.XR.Hands.rsp2
[ 424/1743  0s] WriteText Library/Bee/artifacts/1300b0aE.dag/Meta.XR.Guides.Editor.UnityAdditionalFile.txt
[ 425/1743  0s] WriteText Library/Bee/artifacts/1300b0aE.dag/Unity.XR.Hands.UnityAdditionalFile.txt
[ 426/1743  0s] WriteText Library/Bee/artifacts/1300b0aE.dag/Oculus.Haptics.rsp2
[ 427/1743  0s] WriteText Library/Bee/artifacts/1300b0aE.dag/Oculus.Interaction.Editor.UnityAdditionalFile.txt
[ 428/1743  0s] WriteText Library/Bee/artifacts/1300b0aE.dag/Oculus.VR.Scripts.Editor.dll.mvfrm.rsp
[ 429/1743  0s] WriteText Library/Bee/artifacts/1300b0aE.dag/VoiceSDK.Editor.rsp2
[ 430/1743  0s] WriteText Library/Bee/artifacts/1300b0aE.dag/Meta.XR.Editor.Tags.dll.mvfrm.rsp
[ 431/1743  0s] WriteText Library/Bee/artifacts/1300b0aE.dag/VoiceSDK.Editor.UnityAdditionalFile.txt
[ 432/1743  0s] WriteText Library/Bee/artifacts/1300b0aE.dag/Meta.XR.Guides.Editor.dll.mvfrm.rsp
[ 433/1743  0s] WriteText Library/Bee/artifacts/1300b0aE.dag/Unity.VisualScripting.Flow.Editor.UnityAdditionalFile.txt
[ 434/1743  0s] WriteText Library/Bee/artifacts/1300b0aE.dag/Unity.XR.Hands.rsp
[ 435/1743  0s] WriteText Library/Bee/artifacts/1300b0aE.dag/Unity.VisualScripting.Core.Editor.rsp
[ 436/1743  0s] WriteText Library/Bee/artifacts/1300b0aE.dag/Meta.XR.BuildingBlocks.Editor.rsp2
[ 437/1743  0s] WriteText Library/Bee/artifacts/1300b0aE.dag/Oculus.Interaction.dll.mvfrm.rsp
[ 438/1743  0s] WriteText Library/Bee/artifacts/1300b0aE.dag/Meta.WitAi.TTS.Editor.dll.mvfrm.rsp
[ 439/1743  0s] WriteText Library/Bee/artifacts/1300b0aE.dag/Oculus.Haptics.UnityAdditionalFile.txt
[ 440/1743  0s] WriteText Library/Bee/artifacts/1300b0aE.dag/VoiceSDK.Editor.dll.mvfrm.rsp
[ 441/1743  0s] WriteText Library/Bee/artifacts/1300b0aE.dag/VoiceSDK.Dictation.Runtime.rsp
[ 442/1743  0s] WriteText Library/Bee/artifacts/1300b0aE.dag/Oculus.Haptics.rsp
[ 443/1743  0s] WriteText Library/Bee/artifacts/1300b0aE.dag/Unity.ShaderGraph.Utilities.UnityAdditionalFile.txt
[ 444/1743  0s] WriteText Library/Bee/artifacts/1300b0aE.dag/Oculus.VR.Editor.rsp2
[ 445/1743  0s] WriteText Library/Bee/artifacts/1300b0aE.dag/Unity.RenderPipelines.Core.Editor.dll.mvfrm.rsp
[ 446/1743  0s] WriteText Library/Bee/artifacts/1300b0aE.dag/Oculus.Interaction.Editor.rsp2
[ 447/1743  0s] WriteText Library/Bee/artifacts/1300b0aE.dag/Unity.VisualScripting.Flow.Editor.rsp2
[ 448/1743  0s] WriteText Library/Bee/artifacts/1300b0aE.dag/VoiceSDK.Dictation.Editor.dll.mvfrm.rsp
[ 449/1743  0s] WriteText Library/Bee/artifacts/1300b0aE.dag/VoiceSDK.Editor.rsp
[ 450/1743  0s] WriteText Library/Bee/artifacts/1300b0aE.dag/Unity.VisualScripting.State.UnityAdditionalFile.txt
[ 451/1743  0s] WriteText Library/Bee/artifacts/1300b0aE.dag/Meta.XR.BuildingBlocks.Editor.UnityAdditionalFile.txt
[ 452/1743  0s] WriteText Library/Bee/artifacts/1300b0aE.dag/Unity.VisualScripting.Core.Editor.dll.mvfrm.rsp
[ 453/1743  0s] WriteText Library/Bee/artifacts/1300b0aE.dag/Meta.XR.Guides.Editor.rsp
[ 454/1743  0s] WriteText Library/Bee/artifacts/1300b0aE.dag/Unity.VisualScripting.State.rsp2
[ 455/1743  0s] WriteText Library/Bee/artifacts/1300b0aE.dag/Meta.XR.EnvironmentDepth.dll.mvfrm.rsp
[ 456/1743  0s] WriteText Library/Bee/artifacts/1300b0aE.dag/Unity.Searcher.Editor.rsp
[ 457/1743  0s] WriteText Library/Bee/artifacts/1300b0aE.dag/Unity.ShaderGraph.Utilities.rsp
[ 458/1743  0s] WriteText Library/Bee/artifacts/1300b0aE.dag/Unity.VisualScripting.Flow.Editor.dll.mvfrm.rsp
[ 459/1743  0s] WriteText Library/Bee/artifacts/1300b0aE.dag/Unity.VisualScripting.State.rsp
[ 460/1743  0s] WriteText Library/Bee/artifacts/1300b0aE.dag/Unity.VisualScripting.Flow.Editor.rsp
[ 461/1743  0s] WriteText Library/Bee/artifacts/1300b0aE.dag/Unity.AI.Navigation.Editor.ConversionSystem.dll.mvfrm.rsp
[ 462/1743  0s] WriteText Library/Bee/artifacts/1300b0aE.dag/Unity.Burst.Editor.UnityAdditionalFile.txt
[ 463/1743  0s] WriteText Library/Bee/artifacts/1300b0aE.dag/Unity.Burst.Editor.rsp2
[ 464/1743  0s] WriteText Library/Bee/artifacts/1300b0aE.dag/Unity.Mathematics.Editor.UnityAdditionalFile.txt
[ 465/1743  0s] WriteText Library/Bee/artifacts/1300b0aE.dag/Unity.Mathematics.Editor.rsp2
[ 466/1743  0s] WriteText Library/Bee/artifacts/1300b0aE.dag/Unity.RenderPipelines.Core.Editor.Shared.UnityAdditionalFile.txt
[ 467/1743  0s] WriteText Library/Bee/artifacts/1300b0aE.dag/Meta.XR.Audio.dll.mvfrm.rsp
[ 468/1743  0s] WriteText Library/Bee/artifacts/1300b0aE.dag/Unity.RenderPipelines.Core.Editor.Shared.rsp2
[ 469/1743  0s] WriteText Library/Bee/artifacts/1300b0aE.dag/Unity.RenderPipelines.Universal.2D.Runtime.UnityAdditionalFile.txt
[ 470/1743  0s] WriteText Library/Bee/artifacts/1300b0aE.dag/Unity.RenderPipelines.Universal.2D.Runtime.rsp2
[ 471/1743  0s] WriteText Library/Bee/artifacts/1300b0aE.dag/Unity.AI.Navigation.Editor.ConversionSystem.rsp
[ 472/1743  0s] WriteText Library/Bee/artifacts/1300b0aE.dag/Unity.ShaderGraph.Editor.UnityAdditionalFile.txt
[ 473/1743  0s] WriteText Library/Bee/artifacts/1300b0aE.dag/Meta.XR.BuildingBlocks.Editor.dll.mvfrm.rsp
[ 474/1743  0s] WriteText Library/Bee/artifacts/1300b0aE.dag/Unity.PlasticSCM.Editor.UnityAdditionalFile.txt
[ 475/1743  0s] WriteText Library/Bee/artifacts/1300b0aE.dag/Unity.Searcher.Editor.dll.mvfrm.rsp
[ 476/1743  0s] WriteText Library/Bee/artifacts/1300b0aE.dag/Oculus.VR.Scripts.Editor.rsp
[ 477/1743  0s] WriteText Library/Bee/artifacts/1300b0aE.dag/Meta.XR.EnvironmentDepth.rsp
[ 478/1743  0s] WriteText Library/Bee/artifacts/1300b0aE.dag/Oculus.Interaction.OVR.rsp2
[ 479/1743  0s] WriteText Library/Bee/artifacts/1300b0aE.dag/Oculus.Interaction.OVR.UnityAdditionalFile.txt
[ 480/1743  0s] WriteText Library/Bee/artifacts/1300b0aE.dag/VoiceSDK.Dictation.Editor.rsp
[ 481/1743  0s] WriteText Library/Bee/artifacts/1300b0aE.dag/Oculus.Interaction.OVR.dll.mvfrm.rsp
[ 482/1743  0s] WriteText Library/Bee/artifacts/1300b0aE.dag/Unity.EditorCoroutines.Editor.UnityAdditionalFile.txt
[ 483/1743  0s] WriteText Library/Bee/artifacts/1300b0aE.dag/Meta.XR.Audio.rsp
[ 484/1743  0s] WriteText Library/Bee/artifacts/1300b0aE.dag/Unity.AI.Navigation.Editor.ConversionSystem.UnityAdditionalFile.txt
[ 485/1743  0s] WriteText Library/Bee/artifacts/1300b0aE.dag/Unity.XR.Hands.Analytics.Editor.UnityAdditionalFile.txt
[ 486/1743  0s] WriteText Library/Bee/artifacts/1300b0aE.dag/Unity.EditorCoroutines.Editor.rsp2
[ 487/1743  0s] WriteText Library/Bee/artifacts/1300b0aE.dag/Unity.AI.Navigation.Editor.ConversionSystem.rsp2
[ 488/1743  0s] WriteText Library/Bee/artifacts/1300b0aE.dag/meta.xr.mrutilitykit.rsp
[ 489/1743  0s] WriteText Library/Bee/artifacts/1300b0aE.dag/Unity.ShaderGraph.Utilities.rsp2
[ 490/1743  0s] WriteText Library/Bee/artifacts/1300b0aE.dag/Unity.RenderPipelines.Universal.2D.Runtime.dll.mvfrm.rsp
[ 491/1743  0s] WriteText Library/Bee/artifacts/1300b0aE.dag/Unity.Mathematics.Editor.dll.mvfrm.rsp
[ 492/1743  0s] WriteText Library/Bee/artifacts/1300b0aE.dag/Meta.XR.Editor.Tags.rsp
[ 493/1743  0s] WriteText Library/Bee/artifacts/1300b0aE.dag/meta.xr.mrutilitykit.dll.mvfrm.rsp
[ 494/1743  0s] WriteText Library/Bee/artifacts/1300b0aE.dag/Unity.PlasticSCM.Editor.rsp2
[ 495/1743  0s] WriteText Library/Bee/artifacts/1300b0aE.dag/Unity.VisualScripting.State.dll.mvfrm.rsp
[ 496/1743  0s] WriteText Library/Bee/artifacts/1300b0aE.dag/Unity.ShaderGraph.Editor.dll.mvfrm.rsp
[ 497/1743  0s] WriteText Library/Bee/artifacts/1300b0aE.dag/Oculus.Interaction.OVR.rsp
[ 498/1743  0s] WriteText Library/Bee/artifacts/1300b0aE.dag/Unity.XR.Hands.Analytics.Editor.rsp2
[ 499/1743  0s] WriteText Library/Bee/artifacts/1300b0aE.dag/Oculus.Interaction.OVR.Editor.UnityAdditionalFile.txt
[ 500/1743  0s] WriteText Library/Bee/artifacts/1300b0aE.dag/Oculus.Interaction.OVR.Editor.rsp2
[ 501/1743  0s] WriteText Library/Bee/artifacts/1300b0aE.dag/UnityEngine.XR.LegacyInputHelpers.rsp2
[ 502/1743  0s] WriteText Library/Bee/artifacts/1300b0aE.dag/Unity.Multiplayer.Center.Common.rsp2
[ 503/1743  0s] WriteText Library/Bee/artifacts/1300b0aE.dag/UnityEngine.XR.LegacyInputHelpers.UnityAdditionalFile.txt
[ 504/1743  0s] WriteText Library/Bee/artifacts/1300b0aE.dag/Meta.Wit.Composer.UnityAdditionalFile.txt
[ 505/1743  0s] WriteText Library/Bee/artifacts/1300b0aE.dag/Unity.Timeline.UnityAdditionalFile.txt
[ 506/1743  0s] WriteText Library/Bee/artifacts/1300b0aE.dag/Unity.VisualScripting.State.Editor.rsp2
[ 507/1743  0s] WriteText Library/Bee/artifacts/1300b0aE.dag/Unity.Multiplayer.Center.Common.UnityAdditionalFile.txt
[ 508/1743  0s] WriteText Library/Bee/artifacts/1300b0aE.dag/Unity.PlasticSCM.Editor.dll.mvfrm.rsp
[ 509/1743  0s] WriteText Library/Bee/artifacts/1300b0aE.dag/Unity.Timeline.rsp2
[ 510/1743  0s] WriteText Library/Bee/artifacts/1300b0aE.dag/Unity.WebRTC.UnityAdditionalFile.txt
[ 511/1743  0s] WriteText Library/Bee/artifacts/1300b0aE.dag/Unity.WebRTC.rsp2
[ 512/1743  0s] WriteText Library/Bee/artifacts/1300b0aE.dag/Unity.AI.Navigation.Editor.UnityAdditionalFile.txt
[ 513/1743  0s] WriteText Library/Bee/artifacts/1300b0aE.dag/Unity.AI.Navigation.Editor.rsp2
[ 514/1743  0s] WriteText Library/Bee/artifacts/1300b0aE.dag/Unity.VisualScripting.State.Editor.UnityAdditionalFile.txt
[ 515/1743  0s] WriteText Library/Bee/artifacts/1300b0aE.dag/Unity.PlasticSCM.Editor.rsp
[ 516/1743  0s] WriteText Library/Bee/artifacts/1300b0aE.dag/Unity.EditorCoroutines.Editor.dll.mvfrm.rsp
[ 517/1743  0s] WriteText Library/Bee/artifacts/1300b0aE.dag/Unity.XR.Hands.Analytics.Editor.dll.mvfrm.rsp
[ 518/1743  0s] WriteText Library/Bee/artifacts/1300b0aE.dag/Unity.XR.Hands.Analytics.Editor.rsp
[ 519/1743  0s] WriteText Library/Bee/artifacts/1300b0aE.dag/Meta.XR.BuildingBlocks.Editor.rsp
[ 520/1743  0s] WriteText Library/Bee/artifacts/1300b0aE.dag/Unity.ShaderGraph.Utilities.dll.mvfrm.rsp
[ 521/1743  0s] WriteText Library/Bee/artifacts/1300b0aE.dag/Unity.Burst.Editor.dll.mvfrm.rsp
[ 522/1743  0s] WriteText Library/Bee/artifacts/1300b0aE.dag/Unity.RenderPipelines.Core.Editor.Shared.dll.mvfrm.rsp
[ 523/1743  0s] WriteText Library/Bee/artifacts/1300b0aE.dag/Unity.ShaderGraph.Editor.rsp
[ 524/1743  0s] WriteText Library/Bee/artifacts/1300b0aE.dag/Unity.Multiplayer.Center.Common.dll.mvfrm.rsp
[ 525/1743  0s] WriteText Library/Bee/artifacts/1300b0aE.dag/Unity.WebRTC.dll.mvfrm.rsp
[ 526/1743  0s] WriteText Library/Bee/artifacts/1300b0aE.dag/Oculus.Interaction.Editor.dll.mvfrm.rsp
[ 527/1743  0s] WriteText Library/Bee/artifacts/1300b0aE.dag/UnityEngine.XR.LegacyInputHelpers.dll.mvfrm.rsp
[ 528/1743  0s] WriteText Library/Bee/artifacts/1300b0aE.dag/Unity.XR.OpenXR.Features.RuntimeDebugger.rsp2
[ 529/1743  0s] WriteText Library/Bee/artifacts/1300b0aE.dag/Meta.XR.MultiplayerBlocks.Shared.dll.mvfrm.rsp
[ 530/1743  0s] WriteText Library/Bee/artifacts/1300b0aE.dag/Unity.XR.OpenXR.Features.RuntimeDebugger.UnityAdditionalFile.txt
[ 531/1743  0s] WriteText Library/Bee/artifacts/1300b0aE.dag/Unity.RenderPipelines.Universal.Editor.UnityAdditionalFile.txt
[ 532/1743  0s] WriteText Library/Bee/artifacts/1300b0aE.dag/Oculus.Interaction.OVR.Editor.dll.mvfrm.rsp
[ 533/1743  0s] WriteText Library/Bee/artifacts/1300b0aE.dag/meta.xr.mrutilitykit.rsp2
[ 534/1743  0s] WriteText Library/Bee/artifacts/1300b0aE.dag/UnityEngine.XR.LegacyInputHelpers.rsp
[ 535/1743  0s] WriteText Library/Bee/artifacts/1300b0aE.dag/Unity.VisualScripting.State.Editor.rsp
[ 536/1743  0s] WriteText Library/Bee/artifacts/1300b0aE.dag/Oculus.Interaction.Samples.rsp2
[ 537/1743  0s] WriteText Library/Bee/artifacts/1300b0aE.dag/Unity.RenderPipelines.Universal.Editor.rsp2
[ 538/1743  0s] WriteText Library/Bee/artifacts/1300b0aE.dag/Unity.Timeline.rsp
[ 539/1743  0s] WriteText Library/Bee/artifacts/1300b0aE.dag/meta.xr.mrutilitykit.UnityAdditionalFile.txt
[ 540/1743  0s] WriteText Library/Bee/artifacts/1300b0aE.dag/Oculus.Interaction.Editor.rsp
[ 541/1743  0s] WriteText Library/Bee/artifacts/1300b0aE.dag/Meta.XR.MultiplayerBlocks.Shared.rsp2
[ 542/1743  0s] WriteText Library/Bee/artifacts/1300b0aE.dag/Unity.VisualScripting.State.Editor.dll.mvfrm.rsp
[ 543/1743  0s] WriteText Library/Bee/artifacts/1300b0aE.dag/Unity.ShaderGraph.Editor.rsp2
[ 544/1743  0s] WriteText Library/Bee/artifacts/1300b0aE.dag/Unity.EditorCoroutines.Editor.rsp
[ 545/1743  0s] WriteText Library/Bee/artifacts/1300b0aE.dag/Unity.Burst.Editor.rsp
[ 546/1743  0s] WriteText Library/Bee/artifacts/1300b0aE.dag/Oculus.Interaction.OVR.Editor.rsp
[ 547/1743  0s] WriteText Library/Bee/artifacts/1300b0aE.dag/Meta.XR.MultiplayerBlocks.Shared.Editor.rsp2
[ 548/1743  0s] WriteText Library/Bee/artifacts/1300b0aE.dag/Meta.XR.MultiplayerBlocks.Shared.Editor.UnityAdditionalFile.txt
[ 549/1743  0s] WriteText Library/Bee/artifacts/1300b0aE.dag/Unity.RenderPipelines.Universal.Editor.dll.mvfrm.rsp
[ 550/1743  0s] WriteText Library/Bee/artifacts/1300b0aE.dag/VoiceSDK.Runtime.Composer.rsp2
[ 551/1743  0s] WriteText Library/Bee/artifacts/1300b0aE.dag/Unity.RenderPipelines.Universal.Editor.rsp
[ 552/1743  0s] WriteText Library/Bee/artifacts/1300b0aE.dag/VoiceSDK.Runtime.Composer.UnityAdditionalFile.txt
[ 553/1743  0s] WriteText Library/Bee/artifacts/1300b0aE.dag/Meta.XR.Editor.PlayCompanion.UnityAdditionalFile.txt
[ 554/1743  0s] WriteText Library/Bee/artifacts/1300b0aE.dag/Meta.XR.BuildingBlocks.DepthAPI.rsp2
[ 555/1743  0s] WriteText Library/Bee/artifacts/1300b0aE.dag/Meta.XR.ImmersiveDebugger.rsp2
[ 556/1743  0s] WriteText Library/Bee/artifacts/1300b0aE.dag/Meta.XR.EnvironmentDepth.Editor.UnityAdditionalFile.txt
[ 557/1743  0s] WriteText Library/Bee/artifacts/1300b0aE.dag/Meta.XR.EnvironmentDepth.Editor.rsp2
[ 558/1743  0s] WriteText Library/Bee/artifacts/1300b0aE.dag/Meta.XR.Editor.PlayCompanion.rsp2
[ 559/1743  0s] WriteText Library/Bee/artifacts/1300b0aE.dag/Unity.Rider.Editor.rsp2
[ 560/1743  0s] WriteText Library/Bee/artifacts/1300b0aE.dag/Meta.XR.MultiplayerBlocks.Shared.rsp
[ 561/1743  0s] WriteText Library/Bee/artifacts/1300b0aE.dag/Unity.VisualStudio.Editor.UnityAdditionalFile.txt
[ 562/1743  0s] WriteText Library/Bee/artifacts/1300b0aE.dag/Meta.XR.ImmersiveDebugger.UnityAdditionalFile.txt
[ 563/1743  0s] WriteText Library/Bee/artifacts/1300b0aE.dag/Unity.VisualStudio.Editor.rsp2
[ 564/1743  0s] WriteText Library/Bee/artifacts/1300b0aE.dag/Oculus.Interaction.Samples.dll.mvfrm.rsp
[ 565/1743  0s] WriteText Library/Bee/artifacts/1300b0aE.dag/Unity.RenderPipelines.Core.ShaderLibrary.rsp2
[ 566/1743  0s] WriteText Library/Bee/artifacts/1300b0aE.dag/Unity.Timeline.Editor.UnityAdditionalFile.txt
[ 567/1743  0s] WriteText Library/Bee/artifacts/1300b0aE.dag/Unity.Collections.Editor.UnityAdditionalFile.txt
[ 568/1743  0s] WriteText Library/Bee/artifacts/1300b0aE.dag/UnityEditor.XR.LegacyInputHelpers.rsp2
[ 569/1743  0s] WriteText Library/Bee/artifacts/1300b0aE.dag/UnityEditor.XR.LegacyInputHelpers.UnityAdditionalFile.txt
[ 570/1743  0s] WriteText Library/Bee/artifacts/1300b0aE.dag/UnityEditor.SpatialTracking.rsp2
[ 571/1743  0s] WriteText Library/Bee/artifacts/1300b0aE.dag/Unity.2D.Sprite.Editor.UnityAdditionalFile.txt
[ 572/1743  0s] WriteText Library/Bee/artifacts/1300b0aE.dag/Unity.2D.Sprite.Editor.rsp2
[ 573/1743  0s] WriteText Library/Bee/artifacts/1300b0aE.dag/Unity.AI.Navigation.Updater.UnityAdditionalFile.txt
[ 574/1743  0s] WriteText Library/Bee/artifacts/1300b0aE.dag/Unity.PlasticSCM.Editor.Assistant.rsp2
[ 575/1743  0s] WriteText Library/Bee/artifacts/1300b0aE.dag/Unity.XR.OpenXR.Features.OculusQuestSupport.Editor.UnityAdditionalFile.txt
[ 576/1743  0s] WriteText Library/Bee/artifacts/1300b0aE.dag/Unity.XR.OpenXR.Features.OculusQuestSupport.Editor.rsp2
[ 577/1743  0s] WriteText Library/Bee/artifacts/1300b0aE.dag/Unity.RenderPipelines.Core.ShaderLibrary.UnityAdditionalFile.txt
[ 578/1743  0s] WriteText Library/Bee/artifacts/1300b0aE.dag/Unity.RenderPipelines.ShaderGraph.ShaderGraphLibrary.UnityAdditionalFile.txt
[ 579/1743  0s] WriteText Library/Bee/artifacts/1300b0aE.dag/Unity.RenderPipelines.ShaderGraph.ShaderGraphLibrary.rsp2
[ 580/1743  0s] WriteText Library/Bee/artifacts/1300b0aE.dag/Unity.RenderPipelines.Universal.Shaders.UnityAdditionalFile.txt
[ 581/1743  0s] WriteText Library/Bee/artifacts/1300b0aE.dag/Unity.RenderPipelines.Universal.Shaders.rsp2
[ 582/1743  0s] WriteText Library/Bee/artifacts/1300b0aE.dag/Unity.Rendering.LightTransport.Editor.UnityAdditionalFile.txt
[ 583/1743  0s] WriteText Library/Bee/artifacts/1300b0aE.dag/Unity.Rendering.LightTransport.Editor.rsp2
[ 584/1743  0s] WriteText Library/Bee/artifacts/1300b0aE.dag/Unity.TextMeshPro.Editor.rsp2
[ 585/1743  0s] WriteText Library/Bee/artifacts/1300b0aE.dag/Unity.TextMeshPro.Editor.UnityAdditionalFile.txt
[ 586/1743  0s] WriteText Library/Bee/artifacts/1300b0aE.dag/Meta.XR.MultiplayerBlocks.Shared.UnityAdditionalFile.txt
[ 587/1743  0s] WriteText Library/Bee/artifacts/1300b0aE.dag/Unity.RenderPipelines.Core.Editor.Shared.rsp
[ 588/1743  0s] WriteText Library/Bee/artifacts/1300b0aE.dag/Unity.AI.Navigation.Editor.dll.mvfrm.rsp
[ 589/1743  0s] WriteText Library/Bee/artifacts/1300b0aE.dag/Meta.Wit.Composer.rsp2
[ 590/1743  0s] WriteText Library/Bee/artifacts/1300b0aE.dag/Unity.VisualScripting.SettingsProvider.Editor.rsp2
[ 591/1743  0s] WriteText Library/Bee/artifacts/1300b0aE.dag/UnityEditor.SpatialTracking.UnityAdditionalFile.txt
[ 592/1743  0s] WriteText Library/Bee/artifacts/1300b0aE.dag/Unity.WebRTC.rsp
[ 593/1743  0s] WriteText Library/Bee/artifacts/1300b0aE.dag/Unity.AI.Navigation.Editor.rsp
[ 594/1743  0s] WriteText Library/Bee/artifacts/1300b0aE.dag/Unity.VisualScripting.Shared.Editor.UnityAdditionalFile.txt
[ 595/1743  0s] WriteText Library/Bee/artifacts/1300b0aE.dag/Unity.XR.OpenXR.Features.MetaQuestSupport.Editor.UnityAdditionalFile.txt
[ 596/1743  0s] WriteText Library/Bee/artifacts/1300b0aE.dag/Unity.XR.Hands.Analytics.Hooks.Editor.rsp2
[ 597/1743  0s] WriteText Library/Bee/artifacts/1300b0aE.dag/Unity.XR.Hands.Analytics.Hooks.Editor.UnityAdditionalFile.txt
[ 598/1743  0s] WriteText Library/Bee/artifacts/1300b0aE.dag/Unity.WebRTC.Editor.rsp2
[ 599/1743  0s] WriteText Library/Bee/artifacts/1300b0aE.dag/Unity.PlasticSCM.Editor.Assistant.UnityAdditionalFile.txt
[ 600/1743  0s] WriteText Library/Bee/artifacts/1300b0aE.dag/Oculus.Interaction.Samples.UnityAdditionalFile.txt
[ 601/1743  0s] WriteText Library/Bee/artifacts/1300b0aE.dag/Unity.XR.OpenXR.Features.ConformanceAutomation.UnityAdditionalFile.txt
[ 602/1743  0s] WriteText Library/Bee/artifacts/1300b0aE.dag/Unity.RenderPipelines.Universal.2D.Runtime.rsp
[ 603/1743  0s] WriteText Library/Bee/artifacts/1300b0aE.dag/Unity.Timeline.dll.mvfrm.rsp
[ 604/1743  0s] WriteText Library/Bee/artifacts/1300b0aE.dag/Unity.InputSystem.ForUI.UnityAdditionalFile.txt
[ 605/1743  0s] WriteText Library/Bee/artifacts/1300b0aE.dag/Unity.XR.Hands.Editor.UnityAdditionalFile.txt
[ 606/1743  0s] WriteText Library/Bee/artifacts/1300b0aE.dag/Unity.InputSystem.ForUI.rsp2
[ 607/1743  0s] WriteText Library/Bee/artifacts/1300b0aE.dag/Meta.XR.BuildingBlocks.DepthAPI.UnityAdditionalFile.txt
[ 608/1743  0s] WriteText Library/Bee/artifacts/1300b0aE.dag/Unity.XR.OpenXR.Features.RuntimeDebugger.Editor.rsp2
[ 609/1743  0s] WriteText Library/Bee/artifacts/1300b0aE.dag/Unity.Multiplayer.Center.Editor.rsp2
[ 610/1743  0s] WriteText Library/Bee/artifacts/1300b0aE.dag/Unity.VisualScripting.SettingsProvider.Editor.UnityAdditionalFile.txt
[ 611/1743  0s] WriteText Library/Bee/artifacts/1300b0aE.dag/Unity.WebRTC.Editor.UnityAdditionalFile.txt
[ 612/1743  0s] WriteText Library/Bee/artifacts/1300b0aE.dag/Meta.XR.MultiplayerBlocks.Shared.Editor.dll.mvfrm.rsp
[ 613/1743  0s] WriteText Library/Bee/artifacts/1300b0aE.dag/Meta.XR.EnvironmentDepth.Editor.dll.mvfrm.rsp
[ 614/1743  0s] WriteText Library/Bee/artifacts/1300b0aE.dag/Oculus.Interaction.Samples.rsp
[ 615/1743  0s] WriteText Library/Bee/artifacts/1300b0aE.dag/Meta.XR.Editor.PlayCompanion.dll.mvfrm.rsp
[ 616/1743  0s] WriteText Library/Bee/artifacts/1300b0aE.dag/Meta.Wit.Composer.dll.mvfrm.rsp
[ 617/1743  0s] WriteText Library/Bee/artifacts/1300b0aE.dag/Unity.VisualStudio.Editor.dll.mvfrm.rsp
[ 618/1743  0s] WriteText Library/Bee/artifacts/1300b0aE.dag/VoiceSDK.Runtime.Composer.dll.mvfrm.rsp
[ 619/1743  0s] WriteText Library/Bee/artifacts/1300b0aE.dag/Unity.XR.OpenXR.Features.RuntimeDebugger.dll.mvfrm.rsp
[ 620/1743  0s] WriteText Library/Bee/artifacts/1300b0aE.dag/Unity.AI.Navigation.Updater.rsp2
[ 621/1743  0s] WriteText Library/Bee/artifacts/1300b0aE.dag/Unity.Mathematics.Editor.rsp
[ 622/1743  0s] WriteText Library/Bee/artifacts/1300b0aE.dag/Unity.XR.OpenXR.Features.ConformanceAutomation.rsp2
[ 623/1743  0s] WriteText Library/Bee/artifacts/1300b0aE.dag/Unity.Rider.Editor.dll.mvfrm.rsp
[ 624/1743  0s] WriteText Library/Bee/artifacts/1300b0aE.dag/Meta.Wit.Composer.rsp
[ 625/1743  0s] WriteText Library/Bee/artifacts/1300b0aE.dag/Unity.Collections.Editor.rsp2
[ 626/1743  0s] WriteText Library/Bee/artifacts/1300b0aE.dag/Unity.XR.OpenXR.Features.MetaQuestSupport.Editor.rsp2
[ 627/1743  0s] WriteText Library/Bee/artifacts/1300b0aE.dag/Unity.AI.Navigation.Updater.dll.mvfrm.rsp
[ 628/1743  0s] WriteText Library/Bee/artifacts/1300b0aE.dag/Unity.Timeline.Editor.rsp2
[ 629/1743  0s] WriteText Library/Bee/artifacts/1300b0aE.dag/Meta.XR.ImmersiveDebugger.dll.mvfrm.rsp
[ 630/1743  0s] WriteText Library/Bee/artifacts/1300b0aE.dag/UnityEditor.XR.LegacyInputHelpers.dll.mvfrm.rsp
[ 631/1743  0s] WriteText Library/Bee/artifacts/1300b0aE.dag/UnityEditor.SpatialTracking.dll.mvfrm.rsp
[ 632/1743  0s] WriteText Library/Bee/artifacts/1300b0aE.dag/Unity.XR.OpenXR.Features.RuntimeDebugger.Editor.UnityAdditionalFile.txt
[ 633/1743  0s] WriteText Library/Bee/artifacts/1300b0aE.dag/Unity.XR.OpenXR.Features.OculusQuestSupport.Editor.dll.mvfrm.rsp
[ 634/1743  0s] WriteText Library/Bee/artifacts/1300b0aE.dag/Unity.XR.OpenXR.Features.RuntimeDebugger.Editor.dll.mvfrm.rsp
[ 635/1743  0s] WriteText Library/Bee/artifacts/1300b0aE.dag/Unity.Collections.Editor.dll.mvfrm.rsp
[ 636/1743  0s] WriteText Library/Bee/artifacts/1300b0aE.dag/Unity.Multiplayer.Center.Editor.UnityAdditionalFile.txt
[ 637/1743  0s] WriteText Library/Bee/artifacts/1300b0aE.dag/Unity.VisualScripting.SettingsProvider.Editor.dll.mvfrm.rsp
[ 638/1743  0s] WriteText Library/Bee/artifacts/1300b0aE.dag/Meta.XR.MultiplayerBlocks.Shared.Editor.rsp
[ 639/1743  0s] WriteText Library/Bee/artifacts/1300b0aE.dag/Unity.2D.Sprite.Editor.dll.mvfrm.rsp
[ 640/1743  0s] WriteText Library/Bee/artifacts/1300b0aE.dag/Unity.XR.OpenXR.Features.ConformanceAutomation.dll.mvfrm.rsp
[ 641/1743  0s] WriteText Library/Bee/artifacts/1300b0aE.dag/Unity.RenderPipelines.ShaderGraph.ShaderGraphLibrary.dll.mvfrm.rsp
[ 642/1743  0s] WriteText Library/Bee/artifacts/1300b0aE.dag/Meta.XR.BuildingBlocks.DepthAPI.dll.mvfrm.rsp
[ 643/1743  0s] WriteText Library/Bee/artifacts/1300b0aE.dag/Unity.XR.Hands.Analytics.Hooks.Editor.dll.mvfrm.rsp
[ 644/1743  0s] WriteText Library/Bee/artifacts/1300b0aE.dag/Unity.XR.OpenXR.Features.MetaQuestSupport.Editor.dll.mvfrm.rsp
[ 645/1743  0s] WriteText Library/Bee/artifacts/1300b0aE.dag/Unity.InputSystem.ForUI.dll.mvfrm.rsp
[ 646/1743  0s] WriteText Library/Bee/artifacts/1300b0aE.dag/Unity.VisualScripting.Shared.Editor.rsp2
[ 647/1743  0s] WriteText Library/Bee/artifacts/1300b0aE.dag/Unity.VisualScripting.Shared.Editor.dll.mvfrm.rsp
[ 648/1743  0s] WriteText Library/Bee/artifacts/1300b0aE.dag/Unity.RenderPipelines.Core.ShaderLibrary.dll.mvfrm.rsp
[ 649/1743  0s] WriteText Library/Bee/artifacts/1300b0aE.dag/Unity.Multiplayer.Center.Editor.dll.mvfrm.rsp
[ 650/1743  0s] WriteText Library/Bee/artifacts/1300b0aE.dag/Unity.Rendering.LightTransport.Editor.dll.mvfrm.rsp
[ 651/1743  0s] WriteText Library/Bee/artifacts/1300b0aE.dag/Unity.Timeline.Editor.dll.mvfrm.rsp
[ 652/1743  0s] WriteText Library/Bee/artifacts/1300b0aE.dag/Unity.RenderPipelines.Universal.Shaders.dll.mvfrm.rsp
[ 653/1743  0s] WriteText Library/Bee/artifacts/1300b0aE.dag/Unity.XR.Hands.Editor.dll.mvfrm.rsp
[ 654/1743  0s] WriteText Library/Bee/artifacts/1300b0aE.dag/Unity.PlasticSCM.Editor.Assistant.dll.mvfrm.rsp
[ 655/1743  0s] WriteText Library/Bee/artifacts/1300b0aE.dag/Unity.WebRTC.Editor.dll.mvfrm.rsp
[ 656/1743  0s] WriteText Library/Bee/artifacts/1300b0aE.dag/Unity.TextMeshPro.Editor.dll.mvfrm.rsp
[ 657/1743  0s] WriteText Library/Bee/artifacts/1300b0aE.dag/VoiceSDK.Runtime.Composer.rsp
[ 658/1743  0s] WriteText Library/Bee/artifacts/1300b0aE.dag/Meta.XR.ImmersiveDebugger.rsp
[ 659/1743  0s] WriteText Library/Bee/artifacts/1300b0aE.dag/Unity.VisualScripting.SettingsProvider.Editor.rsp
[ 660/1743  0s] WriteText Library/Bee/artifacts/1300b0aE.dag/Meta.XR.BuildingBlocks.DepthAPI.rsp
[ 661/1743  0s] WriteText Library/Bee/artifacts/1300b0aE.dag/Unity.Timeline.Editor.rsp
[ 662/1743  0s] WriteText Library/Bee/artifacts/1300b0aE.dag/Unity.TextMeshPro.Editor.rsp
[ 663/1743  0s] WriteText Library/Bee/artifacts/1300b0aE.dag/Unity.RenderPipelines.Core.ShaderLibrary.rsp
[ 664/1743  0s] WriteText Library/Bee/artifacts/1300b0aE.dag/Unity.Multiplayer.Center.Common.rsp
[ 665/1743  0s] WriteText Library/Bee/artifacts/1300b0aE.dag/UnityEditor.XR.LegacyInputHelpers.rsp
[ 666/1743  0s] WriteText Library/Bee/artifacts/1300b0aE.dag/Meta.XR.Editor.PlayCompanion.rsp
[ 667/1743  0s] WriteText Library/Bee/artifacts/1300b0aE.dag/Unity.XR.Hands.Editor.rsp2
[ 668/1743  0s] WriteText Library/Bee/artifacts/1300b0aE.dag/Unity.XR.OpenXR.Features.RuntimeDebugger.rsp
[ 669/1743  0s] WriteText Library/Bee/artifacts/1300b0aE.dag/UnityEditor.SpatialTracking.rsp
[ 670/1743  0s] WriteText Library/Bee/artifacts/1300b0aE.dag/Unity.XR.OpenXR.Features.OculusQuestSupport.Editor.rsp
[ 671/1743  0s] WriteText Library/Bee/artifacts/1300b0aE.dag/Unity.VisualStudio.Editor.rsp
[ 672/1743  0s] WriteText Library/Bee/artifacts/1300b0aE.dag/Unity.Rider.Editor.rsp
[ 673/1743  0s] WriteText Library/Bee/artifacts/1300b0aE.dag/Unity.XR.OpenXR.Features.ConformanceAutomation.rsp
[ 674/1743  0s] WriteText Library/Bee/artifacts/1300b0aE.dag/meta.xr.mrutilitykit.editor.rsp2
[ 675/1743  0s] WriteText Library/Bee/artifacts/1300b0aE.dag/Unity.2D.Sprite.Editor.rsp
[ 676/1743  0s] WriteText Library/Bee/artifacts/1300b0aE.dag/Unity.XR.OpenXR.Features.MockRuntime.UnityAdditionalFile.txt
[ 677/1743  0s] WriteText Library/Bee/artifacts/1300b0aE.dag/Meta.XR.MultiplayerBlocks.NGO.Editor.UnityAdditionalFile.txt
[ 678/1743  0s] WriteText Library/Bee/artifacts/1300b0aE.dag/Unity.XR.OpenXR.Features.MockRuntime.rsp2
[ 679/1743  0s] WriteText Library/Bee/artifacts/1300b0aE.dag/Meta.XR.Audio.Editor.rsp2
[ 680/1743  0s] WriteText Library/Bee/artifacts/1300b0aE.dag/Meta.XR.MultiplayerBlocks.Fusion.Editor.rsp2
[ 681/1743  0s] WriteText Library/Bee/artifacts/1300b0aE.dag/Oculus.Platform.Editor.UnityAdditionalFile.txt
[ 682/1743  0s] WriteText Library/Bee/artifacts/1300b0aE.dag/Meta.XR.MultiplayerBlocks.Fusion.Editor.UnityAdditionalFile.txt
[ 683/1743  0s] WriteText Library/Bee/artifacts/1300b0aE.dag/Oculus.Platform.Editor.rsp2
[ 684/1743  0s] WriteText Library/Bee/artifacts/1300b0aE.dag/Unity.Collections.Editor.rsp
[ 685/1743  0s] WriteText Library/Bee/artifacts/1300b0aE.dag/Unity.InputSystem.ForUI.rsp
[ 686/1743  0s] WriteText Library/Bee/artifacts/1300b0aE.dag/Unity.VisualScripting.Shared.Editor.rsp
[ 687/1743  0s] WriteText Library/Bee/artifacts/1300b0aE.dag/Unity.AI.Navigation.Updater.rsp
[ 688/1743  0s] WriteText Library/Bee/artifacts/1300b0aE.dag/Unity.XR.OpenXR.Features.MetaQuestSupport.Editor.rsp
[ 689/1743  0s] WriteText Library/Bee/artifacts/1300b0aE.dag/Unity.RenderPipelines.ShaderGraph.ShaderGraphLibrary.rsp
[ 690/1743  0s] WriteText Library/Bee/artifacts/1300b0aE.dag/Unity.Rider.Editor.UnityAdditionalFile.txt
[ 691/1743  0s] WriteText Library/Bee/artifacts/1300b0aE.dag/Unity.Multiplayer.Center.Editor.rsp
[ 692/1743  0s] WriteText Library/Bee/artifacts/1300b0aE.dag/Unity.Rendering.LightTransport.Editor.rsp
[ 693/1743  0s] WriteText Library/Bee/artifacts/1300b0aE.dag/Unity.XR.OpenXR.Features.RuntimeDebugger.Editor.rsp
[ 694/1743  0s] WriteText Library/Bee/artifacts/1300b0aE.dag/Unity.XR.Hands.Analytics.Hooks.Editor.rsp
[ 695/1743  0s] WriteText Library/Bee/artifacts/1300b0aE.dag/VoiceSDK.Editor.Composer.UnityAdditionalFile.txt
[ 696/1743  0s] WriteText Library/Bee/artifacts/1300b0aE.dag/Meta.XR.EnvironmentDepth.Editor.rsp
[ 697/1743  0s] WriteText Library/Bee/artifacts/1300b0aE.dag/MetaXrSimulator.Editor.rsp2
[ 698/1743  0s] WriteText Library/Bee/artifacts/1300b0aE.dag/Unity.WebRTC.Editor.rsp
[ 699/1743  0s] WriteText Library/Bee/artifacts/1300b0aE.dag/Unity.PlasticSCM.Editor.Assistant.rsp
[ 700/1743  0s] WriteText Library/Bee/artifacts/1300b0aE.dag/Oculus.Interaction.InterfaceSupport.rsp2
[ 701/1743  0s] WriteText Library/Bee/artifacts/1300b0aE.dag/Unity.RenderPipelines.Universal.Shaders.rsp
[ 702/1743  0s] WriteText Library/Bee/artifacts/1300b0aE.dag/MetaXrSimulator.Editor.UnityAdditionalFile.txt
[ 703/1743  0s] WriteText Library/Bee/artifacts/1300b0aE.dag/Meta.XR.ImmersiveDebugger.Editor.UnityAdditionalFile.txt
[ 704/1743  0s] WriteText Library/Bee/artifacts/1300b0aE.dag/Oculus.Interaction.InterfaceSupport.UnityAdditionalFile.txt
[ 705/1743  0s] WriteText Library/Bee/artifacts/1300b0aE.dag/Oculus.Interaction.Samples.Editor.rsp2
[ 706/1743  0s] WriteText Library/Bee/artifacts/1300b0aE.dag/Meta.Wit.Composer.Editor.rsp2
[ 707/1743  0s] WriteText Library/Bee/artifacts/1300b0aE.dag/Meta.Wit.Composer.Editor.UnityAdditionalFile.txt
[ 708/1743  0s] WriteText Library/Bee/artifacts/1300b0aE.dag/Oculus.Interaction.UnityXR.rsp2
[ 709/1743  0s] WriteText Library/Bee/artifacts/1300b0aE.dag/Oculus.Interaction.UnityXR.UnityAdditionalFile.txt
[ 710/1743  0s] WriteText Library/Bee/artifacts/1300b0aE.dag/Unity.XR.Hands.Editor.rsp
[ 711/1743  0s] WriteText Library/Bee/artifacts/1300b0aE.dag/Meta.XR.ImmersiveDebugger.Editor.rsp2
[ 712/1743  0s] WriteText Library/Bee/artifacts/1300b0aE.dag/Oculus.Haptics.Editor.UnityAdditionalFile.txt
[ 713/1743  0s] WriteText Library/Bee/artifacts/1300b0aE.dag/PPv2URPConverters.UnityAdditionalFile.txt
[ 714/1743  0s] WriteText Library/Bee/artifacts/1300b0aE.dag/Meta.XR.MultiplayerBlocks.NGO.Editor.rsp2
[ 715/1743  0s] WriteText Library/Bee/artifacts/1300b0aE.dag/Oculus.Interaction.OVR.Samples.UnityAdditionalFile.txt
[ 716/1743  0s] WriteText Library/Bee/artifacts/1300b0aE.dag/Unity.PerformanceTesting.UnityAdditionalFile.txt
[ 717/1743  0s] WriteText Library/Bee/artifacts/1300b0aE.dag/Unity.PerformanceTesting.rsp2
[ 718/1743  0s] WriteText Library/Bee/artifacts/1300b0aE.dag/Unity.XR.OpenXR.Features.MockRuntime.dll.mvfrm.rsp
[ 719/1743  0s] WriteText Library/Bee/artifacts/1300b0aE.dag/meta.xr.mrutilitykit.editor.dll.mvfrm.rsp
[ 720/1743  0s] WriteText Library/Bee/artifacts/1300b0aE.dag/AssistantVoiceCommandCommon.Editor.dll.mvfrm.rsp
[ 721/1743  0s] WriteText Library/Bee/artifacts/1300b0aE.dag/Oculus.Platform.Editor.dll.mvfrm.rsp
[ 722/1743  0s] WriteText Library/Bee/artifacts/1300b0aE.dag/Oculus.Interaction.InterfaceSupport.dll.mvfrm.rsp
[ 723/1743  0s] WriteText Library/Bee/artifacts/1300b0aE.dag/Meta.XR.Audio.Editor.dll.mvfrm.rsp
[ 724/1743  0s] WriteText Library/Bee/artifacts/1300b0aE.dag/NewAssembly.dll.mvfrm.rsp
[ 725/1743  0s] WriteText Library/Bee/artifacts/1300b0aE.dag/Unity.PerformanceTesting.dll.mvfrm.rsp
[ 726/1743  0s] WriteText Library/Bee/artifacts/1300b0aE.dag/Oculus.Haptics.Editor.dll.mvfrm.rsp
[ 727/1743  0s] WriteText Library/Bee/artifacts/1300b0aE.dag/Oculus.Interaction.Samples.Editor.dll.mvfrm.rsp
[ 728/1743  0s] WriteText Library/Bee/artifacts/1300b0aE.dag/Oculus.Interaction.Editor.UnityXR.dll.mvfrm.rsp
[ 729/1743  0s] WriteText Library/Bee/artifacts/1300b0aE.dag/Meta.XR.BuildingBlocks.DepthAPI.Editor.dll.mvfrm.rsp
[ 730/1743  0s] WriteText Library/Bee/artifacts/1300b0aE.dag/Meta.Wit.Composer.Editor.dll.mvfrm.rsp
[ 731/1743  0s] WriteText Library/Bee/artifacts/1300b0aE.dag/Meta.Wit.Dictation.Editor.dll.mvfrm.rsp
[ 732/1743  0s] WriteText Library/Bee/artifacts/1300b0aE.dag/MetaXrSimulator.Editor.dll.mvfrm.rsp
[ 733/1743  0s] WriteText Library/Bee/artifacts/1300b0aE.dag/Oculus.Interaction.UnityXR.dll.mvfrm.rsp
[ 734/1743  0s] WriteText Library/Bee/artifacts/1300b0aE.dag/VoiceSDK.Editor.Composer.dll.mvfrm.rsp
[ 735/1743  0s] WriteText Library/Bee/artifacts/1300b0aE.dag/Meta.XR.MultiplayerBlocks.Fusion.Editor.dll.mvfrm.rsp
[ 736/1743  0s] WriteText Library/Bee/artifacts/1300b0aE.dag/PPv2URPConverters.dll.mvfrm.rsp
[ 737/1743  0s] WriteText Library/Bee/artifacts/1300b0aE.dag/Oculus.Interaction.OVR.Samples.dll.mvfrm.rsp
[ 738/1743  0s] WriteText Library/Bee/artifacts/1300b0aE.dag/Meta.XR.ImmersiveDebugger.Editor.dll.mvfrm.rsp
[ 739/1743  0s] WriteText Library/Bee/artifacts/1300b0aE.dag/Meta.XR.MultiplayerBlocks.NGO.Editor.dll.mvfrm.rsp
[ 740/1743  0s] WriteText Library/Bee/artifacts/1300b0aE.dag/Meta.XR.BuildingBlocks.DepthAPI.Editor.UnityAdditionalFile.txt
[ 741/1743  0s] WriteText Library/Bee/artifacts/1300b0aE.dag/Meta.XR.Audio.Editor.UnityAdditionalFile.txt
[ 742/1743  0s] WriteText Library/Bee/artifacts/1300b0aE.dag/Oculus.Interaction.Samples.Editor.UnityAdditionalFile.txt
[ 743/1743  0s] WriteText Library/Bee/artifacts/1300b0aE.dag/meta.xr.mrutilitykit.editor.UnityAdditionalFile.txt
[ 744/1743  0s] WriteText Library/Bee/artifacts/1300b0aE.dag/PPv2URPConverters.rsp
[ 745/1743  0s] WriteText Library/Bee/artifacts/1300b0aE.dag/Oculus.Platform.Editor.rsp
[ 746/1743  0s] WriteText Library/Bee/artifacts/1300b0aE.dag/Oculus.Haptics.Editor.rsp
[ 747/1743  0s] WriteText Library/Bee/artifacts/1300b0aE.dag/Oculus.Interaction.OVR.Samples.rsp
[ 748/1743  0s] WriteText Library/Bee/artifacts/1300b0aE.dag/Oculus.Interaction.Samples.Editor.rsp
[ 749/1743  0s] WriteText Library/Bee/artifacts/1300b0aE.dag/PPv2URPConverters.rsp2
[ 750/1743  0s] WriteText Library/Bee/artifacts/1300b0aE.dag/Oculus.Haptics.Editor.rsp2
[ 751/1743  0s] WriteText Library/Bee/artifacts/1300b0aE.dag/Meta.XR.BuildingBlocks.DepthAPI.Editor.rsp2
[ 752/1743  0s] WriteText Library/Bee/artifacts/1300b0aE.dag/Unity.PerformanceTesting.rsp
[ 753/1743  0s] WriteText Library/Bee/artifacts/1300b0aE.dag/Meta.XR.MultiplayerBlocks.Fusion.Editor.rsp
[ 754/1743  0s] WriteText Library/Bee/artifacts/1300b0aE.dag/Oculus.Interaction.Editor.UnityXR.UnityAdditionalFile.txt
[ 755/1743  0s] WriteText Library/Bee/artifacts/1300b0aE.dag/Meta.Wit.Dictation.Editor.rsp2
[ 756/1743  0s] WriteText Library/Bee/artifacts/1300b0aE.dag/Meta.XR.Audio.Editor.rsp
[ 757/1743  0s] WriteText Library/Bee/artifacts/1300b0aE.dag/Unity.XR.OpenXR.Features.MockRuntime.rsp
[ 758/1743  0s] WriteText Library/Bee/artifacts/1300b0aE.dag/VoiceSDK.Editor.Composer.rsp
[ 759/1743  0s] WriteText Library/Bee/artifacts/1300b0aE.dag/AssistantVoiceCommandCommon.Editor.rsp
[ 760/1743  0s] WriteText Library/Bee/artifacts/1300b0aE.dag/NewAssembly.rsp
[ 761/1743  0s] WriteText Library/Bee/artifacts/1300b0aE.dag/Meta.Wit.Composer.Editor.rsp
[ 762/1743  0s] WriteText Library/Bee/artifacts/1300b0aE.dag/Oculus.Interaction.OVR.Samples.rsp2
[ 763/1743  0s] WriteText Library/Bee/artifacts/1300b0aE.dag/Assembly-CSharp.UnityAdditionalFile.txt
[ 764/1743  0s] WriteText Library/Bee/artifacts/1300b0aE.dag/Oculus.Interaction.UnityXR.rsp
[ 765/1743  0s] WriteText Library/Bee/artifacts/1300b0aE.dag/Assembly-CSharp.dll.mvfrm.rsp
[ 766/1743  0s] WriteText Library/Bee/artifacts/1300b0aE.dag/NewAssembly.rsp2
[ 767/1743  0s] WriteText Library/Bee/artifacts/1300b0aE.dag/VoiceSDK.Editor.Composer.rsp2
[ 768/1743  0s] WriteText Library/Bee/artifacts/1300b0aE.dag/AssistantVoiceCommandCommon.Editor.UnityAdditionalFile.txt
[ 769/1743  0s] WriteText Library/Bee/artifacts/1300b0aE.dag/Meta.Wit.Dictation.Editor.UnityAdditionalFile.txt
[ 770/1743  0s] WriteText Library/Bee/artifacts/1300b0aE.dag/NewAssembly.UnityAdditionalFile.txt
[ 771/1743  0s] WriteText Library/Bee/artifacts/1300b0aE.dag/AssistantVoiceCommandCommon.Editor.rsp2
[ 772/1743  0s] WriteText Library/Bee/artifacts/1300b0aE.dag/Oculus.Interaction.Editor.UnityXR.rsp2
[ 773/1743  0s] WriteText Library/Bee/artifacts/1300b0aE.dag/Meta.XR.MultiplayerBlocks.NGO.Editor.rsp
[ 774/1743  0s] WriteText Library/Bee/artifacts/1300b0aE.dag/Unity.PerformanceTesting.Editor.dll.mvfrm.rsp
[ 775/1743  0s] WriteText Library/Bee/artifacts/1300b0aE.dag/meta.xr.mrutilitykit.editor.rsp
[ 776/1743  0s] WriteText Library/Bee/artifacts/1300b0aE.dag/Unity.InputSystem.DocCodeSamples.dll.mvfrm.rsp
[ 777/1743  0s] WriteText Library/Bee/artifacts/1300b0aE.dag/Oculus.Interaction.Editor.UnityXR.rsp
[ 778/1743  0s] WriteText Library/Bee/artifacts/1300b0aE.dag/Assembly-CSharp.rsp2
[ 779/1743  0s] WriteText Library/Bee/artifacts/1300b0aE.dag/Oculus.Interaction.InterfaceSupport.rsp
[ 780/1743  0s] WriteText Library/Bee/artifacts/1300b0aE.dag/Meta.XR.ImmersiveDebugger.Editor.rsp
[ 781/1743  0s] WriteText Library/Bee/artifacts/1300b0aE.dag/Meta.Wit.Dictation.Editor.rsp
[ 782/1743  0s] WriteText Library/Bee/artifacts/1300b0aE.dag/Assembly-CSharp.rsp
[ 783/1743  0s] WriteText Library/Bee/artifacts/1300b0aE.dag/Meta.XR.BuildingBlocks.DepthAPI.Editor.rsp
[ 784/1743  0s] WriteText Library/Bee/artifacts/1300b0aE.dag/Unity.VisualScripting.DocCodeExamples.dll.mvfrm.rsp
[ 785/1743  0s] WriteText Library/Bee/artifacts/1300b0aE.dag/Unity.InputSystem.TestFramework.dll.mvfrm.rsp
[ 786/1743  0s] WriteText Library/Bee/artifacts/1300b0aE.dag/Unity.XR.OpenXR.TestTooling.dll.mvfrm.rsp
[ 787/1743  0s] WriteText Library/Bee/artifacts/1300b0aE.dag/Unity.VisualScripting.DocCodeExamples.rsp
[ 788/1743  0s] WriteText Library/Bee/artifacts/1300b0aE.dag/Unity.PerformanceTesting.Editor.rsp2
[ 789/1743  0s] WriteText Library/Bee/artifacts/1300b0aE.dag/Unity.XR.Hands.CodeSamples.Editor.Tests.dll.mvfrm.rsp
[ 790/1743  0s] WriteText Library/Bee/artifacts/1300b0aE.dag/Unity.PlasticSCM.Editor.Entities.dll.mvfrm.rsp
[ 791/1743  0s] WriteText Library/Bee/artifacts/1300b0aE.dag/Unity.CollabProxy.Editor.dll.mvfrm.rsp
[ 792/1743  0s] WriteText Library/Bee/artifacts/1300b0aE.dag/MetaXrSimulator.Editor.rsp
[ 793/1743  0s] WriteText Library/Bee/artifacts/1300b0aE.dag/Unity.InputSystem.TestFramework.rsp2
[ 794/1743  0s] WriteText Library/Bee/artifacts/1300b0aE.dag/Unity.XR.Hands.CodeSamples.Editor.Tests.UnityAdditionalFile.txt
[ 795/1743  0s] WriteText Library/Bee/artifacts/1300b0aE.dag/Assembly-CSharp-Editor.dll.mvfrm.rsp
[ 796/1743  0s] WriteText Library/Bee/artifacts/1300b0aE.dag/Unity.PlasticSCM.Editor.Entities.UnityAdditionalFile.txt
[ 797/1743  0s] WriteText Library/Bee/artifacts/1300b0aE.dag/Unity.InputSystem.DocCodeSamples.rsp2
[ 798/1743  0s] WriteText Library/Bee/artifacts/1300b0aE.dag/Unity.InputSystem.TestFramework.rsp
[ 799/1743  0s] WriteText Library/Bee/artifacts/1300b0aE.dag/Unity.PlasticSCM.Editor.Entities.rsp2
[ 800/1743  0s] WriteText Library/Bee/artifacts/1300b0aE.dag/Unity.XR.OpenXR.TestTooling.rsp2
[ 801/1743  0s] WriteText Library/Bee/artifacts/1300b0aE.dag/Unity.InputSystem.DocCodeSamples.UnityAdditionalFile.txt
[ 802/1743  0s] WriteText Library/Bee/artifacts/1300b0aE.dag/Unity.XR.Hands.CodeSamples.Editor.Tests.rsp
[ 803/1743  0s] WriteText Library/Bee/artifacts/1300b0aE.dag/Unity.PerformanceTesting.Editor.rsp
[ 804/1743  0s] WriteText Library/Bee/artifacts/1300b0aE.dag/Assembly-CSharp-Editor.rsp
[ 805/1743  0s] WriteText Library/Bee/artifacts/1300b0aE.dag/Unity.InputSystem.TestFramework.UnityAdditionalFile.txt
[ 806/1743  0s] WriteText Library/Bee/artifacts/1300b0aE.dag/Unity.XR.Hands.CodeSamples.Editor.Tests.rsp2
[ 807/1743  0s] WriteText Library/Bee/artifacts/1300b0aE.dag/Unity.XR.OpenXR.TestTooling.rsp
[ 808/1743  0s] WriteText Library/Bee/artifacts/1300b0aE.dag/Unity.XR.OpenXR.TestTooling.UnityAdditionalFile.txt
[ 809/1743  0s] WriteText Library/Bee/artifacts/1300b0aE.dag/Unity.CollabProxy.Editor.rsp
[ 810/1743  0s] WriteText Library/Bee/artifacts/1300b0aE.dag/Unity.VisualScripting.DocCodeExamples.UnityAdditionalFile.txt
[ 811/1743  0s] WriteText Library/Bee/artifacts/1300b0aE.dag/Assembly-CSharp-Editor.UnityAdditionalFile.txt
[ 812/1743  0s] WriteText Library/Bee/artifacts/1300b0aE.dag/Unity.PlasticSCM.Editor.Entities.rsp
[ 813/1743  0s] WriteText Library/Bee/artifacts/1300b0aE.dag/Unity.CollabProxy.Editor.UnityAdditionalFile.txt
[ 814/1743  0s] WriteText Library/Bee/artifacts/1300b0aE.dag/Unity.VisualScripting.DocCodeExamples.rsp2
[ 815/1743  0s] WriteText Library/Bee/artifacts/1300b0aE.dag/Unity.InputSystem.DocCodeSamples.rsp
[ 816/1743  0s] WriteText Library/Bee/artifacts/1300b0aE.dag/Assembly-CSharp-Editor.rsp2
[ 817/1743  0s] WriteText Library/Bee/artifacts/1300b0aE.dag/Unity.PerformanceTesting.Editor.UnityAdditionalFile.txt
[ 818/1743  0s] WriteText Library/Bee/artifacts/1300b0aE.dag/Unity.CollabProxy.Editor.rsp2
[ 819/1743  0s] MovedFromExtractor-Combine Library/Bee/artifacts/1300b0aE.dag/UnityEngine.TestRunner.dll.mvfrm
[ 820/1743  0s] MovedFromExtractor-Combine Library/Bee/artifacts/1300b0aE.dag/UnityEngine.UI.dll.mvfrm
[ 821/1743  0s] Csc Library/Bee/artifacts/1300b0aE.dag/UnityEngine.TestRunner.dll (+2 others)
[           0s] Csc Library/Bee/artifacts/1300b0aE.dag/UnityEngine.TestRunner.dll (+2 others) [CacheWrite 00000000000000000000000000000004]
[ 822/1743  0s] CopyFiles Library/ScriptAssemblies/UnityEngine.TestRunner.pdb
[ 823/1743  0s] CopyFiles Library/ScriptAssemblies/UnityEngine.TestRunner.dll
[ 824/1743  0s] MovedFromExtractor Library/Bee/artifacts/mvdfrm/UnityEngine.TestRunner.ref.dll_7423F2FBC6CF80C4.mvfrm
[ 825/1743  0s] MovedFromExtractor-Combine Library/Bee/artifacts/1300b0aE.dag/UnityEditor.TestRunner.dll.mvfrm
[ 826/1743  1s] Csc Library/Bee/artifacts/1300b0aE.dag/UnityEngine.UI.dll (+2 others)
[           0s] Csc Library/Bee/artifacts/1300b0aE.dag/UnityEngine.UI.dll (+2 others) [CacheWrite 00000000000000000000000000000004]
[ 827/1743  0s] MovedFromExtractor Library/Bee/artifacts/mvdfrm/UnityEngine.UI.ref.dll_BDDAB6C3AC1C4D86.mvfrm
[ 828/1743  0s] Csc Library/Bee/artifacts/1300b0aE.dag/UnityEditor.TestRunner.dll (+2 others)
[           0s] Csc Library/Bee/artifacts/1300b0aE.dag/UnityEditor.TestRunner.dll (+2 others) [CacheWrite 00000000000000000000000000000004]
[ 829/1743  0s] CopyFiles Library/ScriptAssemblies/UnityEditor.TestRunner.pdb
[ 830/1743  0s] CopyFiles Library/ScriptAssemblies/UnityEditor.TestRunner.dll
[ 831/1743  0s] MovedFromExtractor Library/Bee/artifacts/mvdfrm/UnityEditor.TestRunner.ref.dll_A805A84D9B0C22D9.mvfrm
[ 832/1743  0s] MovedFromExtractor-Combine Library/Bee/artifacts/1300b0aE.dag/UnityEditor.UI.dll.mvfrm
[ 833/1743  0s] Csc Library/Bee/artifacts/1300b0aE.dag/UnityEditor.UI.dll (+2 others)
[           0s] Csc Library/Bee/artifacts/1300b0aE.dag/UnityEditor.UI.dll (+2 others) [CacheWrite 00000000000000000000000000000004]
[ 834/1743  0s] MovedFromExtractor Library/Bee/artifacts/mvdfrm/UnityEditor.UI.ref.dll_0174E068A5FA251B.mvfrm
[ 835/1743  0s] MovedFromExtractor-Combine Library/Bee/artifacts/1300b0aE.dag/Meta.VoiceSDK.Mic.WebGL.dll.mvfrm
[ 836/1743  0s] MovedFromExtractor-Combine Library/Bee/artifacts/1300b0aE.dag/Unity.Burst.dll.mvfrm
[ 837/1743  0s] MovedFromExtractor-Combine Library/Bee/artifacts/1300b0aE.dag/Meta.Net.endel.nativewebsocket.dll.mvfrm
[ 838/1743  0s] MovedFromExtractor-Combine Library/Bee/artifacts/1300b0aE.dag/Meta.VoiceSDK.Mic.Other.dll.mvfrm
[ 839/1743  0s] MovedFromExtractor-Combine Library/Bee/artifacts/1300b0aE.dag/Meta.VoiceSDK.Mic.Common.dll.mvfrm
[ 840/1743  0s] MovedFromExtractor-Combine Library/Bee/artifacts/1300b0aE.dag/Meta.WitAI.Lib.Editor.dll.mvfrm
[ 841/1743  0s] MovedFromExtractor-Combine Library/Bee/artifacts/1300b0aE.dag/Unity.InputSystem.dll.mvfrm
[ 842/1743  0s] MovedFromExtractor-Combine Library/Bee/artifacts/1300b0aE.dag/Meta.XR.Editor.Callbacks.dll.mvfrm
[ 843/1743  0s] MovedFromExtractor-Combine Library/Bee/artifacts/1300b0aE.dag/Meta.WitAi.Conduit.dll.mvfrm
[ 844/1743  0s] MovedFromExtractor-Combine Library/Bee/artifacts/1300b0aE.dag/Meta.Voice.NLayer.dll.mvfrm
[ 845/1743  0s] MovedFromExtractor-Combine Library/Bee/artifacts/1300b0aE.dag/VoiceSDK.Telemetry.dll.mvfrm
[ 846/1743  0s] MovedFromExtractor-Combine Library/Bee/artifacts/1300b0aE.dag/VoiceSDK.Telemetry.Runtime.dll.mvfrm
[ 847/1743  0s] MovedFromExtractor-Combine Library/Bee/artifacts/1300b0aE.dag/UnityEngine.SpatialTracking.dll.mvfrm
[ 848/1743  0s] MovedFromExtractor-Combine Library/Bee/artifacts/1300b0aE.dag/Meta.Voice.Opus.dll.mvfrm
[ 849/1743  0s] MovedFromExtractor-Combine Library/Bee/artifacts/1300b0aE.dag/Meta.WitAi.Lib.dll.mvfrm
[ 850/1743  0s] MovedFromExtractor-Combine Library/Bee/artifacts/1300b0aE.dag/AssistantCoreSDKRuntime.dll.mvfrm
[ 851/1743  0s] MovedFromExtractor-Combine Library/Bee/artifacts/1300b0aE.dag/AssistantCoreSDKEditor.dll.mvfrm
[ 852/1743  0s] MovedFromExtractor-Combine Library/Bee/artifacts/1300b0aE.dag/Meta.WitAi.dll.mvfrm
[ 853/1743  0s] MovedFromExtractor-Combine Library/Bee/artifacts/1300b0aE.dag/Unity.Mathematics.dll.mvfrm
[ 854/1743  0s] MovedFromExtractor-Combine Library/Bee/artifacts/1300b0aE.dag/Unity.XR.Management.dll.mvfrm
[ 855/1743  0s] MovedFromExtractor-Combine Library/Bee/artifacts/1300b0aE.dag/Meta.XR.ImmersiveDebugger.Interface.dll.mvfrm
[ 856/1743  0s] MovedFromExtractor-Combine Library/Bee/artifacts/1300b0aE.dag/Meta.XR.Editor.Settings.dll.mvfrm
[ 857/1743  0s] MovedFromExtractor-Combine Library/Bee/artifacts/1300b0aE.dag/Meta.WitAi.Conduit.Editor.dll.mvfrm
[ 858/1743  0s] MovedFromExtractor-Combine Library/Bee/artifacts/1300b0aE.dag/Meta.XR.Editor.Id.dll.mvfrm
[ 859/1743  0s] MovedFromExtractor-Combine Library/Bee/artifacts/1300b0aE.dag/Meta.WitAi.TTS.dll.mvfrm
[ 860/1743  0s] MovedFromExtractor-Combine Library/Bee/artifacts/1300b0aE.dag/Meta.XR.Editor.UserInterface.dll.mvfrm
[ 861/1743  0s] MovedFromExtractor-Combine Library/Bee/artifacts/1300b0aE.dag/Meta.XR.Editor.Reflection.dll.mvfrm
[ 862/1743  0s] MovedFromExtractor-Combine Library/Bee/artifacts/1300b0aE.dag/Meta.WitAi.Editor.dll.mvfrm
[ 863/1743  0s] MovedFromExtractor-Combine Library/Bee/artifacts/1300b0aE.dag/Meta.XR.Editor.StatusMenu.dll.mvfrm
[ 864/1743  0s] MovedFromExtractor-Combine Library/Bee/artifacts/1300b0aE.dag/Meta.Voice.Hub.Runtime.dll.mvfrm
[ 865/1743  0s] MovedFromExtractor-Combine Library/Bee/artifacts/1300b0aE.dag/VoiceSDK.Runtime.dll.mvfrm
[ 866/1743  0s] MovedFromExtractor-Combine Library/Bee/artifacts/1300b0aE.dag/Meta.Wit.Dictation.dll.mvfrm
[ 867/1743  0s] MovedFromExtractor-Combine Library/Bee/artifacts/1300b0aE.dag/Meta.Voice.Hub.Editor.dll.mvfrm
[ 868/1743  0s] Csc Library/Bee/artifacts/1300b0aE.dag/Meta.XR.Editor.Id.dll (+2 others)
[           0s] Csc Library/Bee/artifacts/1300b0aE.dag/Meta.XR.Editor.Id.dll (+2 others) [CacheWrite 00000000000000000000000000000004]
[ 869/1743  0s] MovedFromExtractor-Combine Library/Bee/artifacts/1300b0aE.dag/Unity.TextMeshPro.dll.mvfrm
[ 870/1743  0s] Csc Library/Bee/artifacts/1300b0aE.dag/Meta.XR.ImmersiveDebugger.Interface.dll (+2 others)
[ 871/1743  0s] Csc Library/Bee/artifacts/1300b0aE.dag/Meta.XR.Editor.Settings.dll (+2 others)
[ 872/1743  0s] Csc Library/Bee/artifacts/1300b0aE.dag/AssistantCoreSDKRuntime.dll (+2 others)
[           0s] Csc Library/Bee/artifacts/1300b0aE.dag/Meta.XR.Editor.Settings.dll (+2 others) [CacheWrite 00000000000000000000000000000004]
[           0s] Csc Library/Bee/artifacts/1300b0aE.dag/Meta.XR.ImmersiveDebugger.Interface.dll (+2 others) [CacheWrite 00000000000000000000000000000004]
[ 873/1743  0s] Csc Library/Bee/artifacts/1300b0aE.dag/Meta.Voice.Opus.dll (+2 others)
[           0s] Csc Library/Bee/artifacts/1300b0aE.dag/AssistantCoreSDKRuntime.dll (+2 others) [CacheWrite 00000000000000000000000000000004]
[ 874/1743  0s] MovedFromExtractor-Combine Library/Bee/artifacts/1300b0aE.dag/AssistantVoiceCommandCommon.dll.mvfrm
[ 875/1743  0s] Csc Library/Bee/artifacts/1300b0aE.dag/VoiceSDK.Telemetry.Runtime.dll (+2 others)
[           0s] Csc Library/Bee/artifacts/1300b0aE.dag/Meta.Voice.Opus.dll (+2 others) [CacheWrite 00000000000000000000000000000004]
[ 876/1743  0s] Csc Library/Bee/artifacts/1300b0aE.dag/Meta.XR.Editor.Reflection.dll (+2 others)
[ 877/1743  0s] Csc Library/Bee/artifacts/1300b0aE.dag/UnityEngine.SpatialTracking.dll (+2 others)
[           0s] Csc Library/Bee/artifacts/1300b0aE.dag/Meta.XR.Editor.Reflection.dll (+2 others) [CacheWrite 00000000000000000000000000000004]
[ 878/1743  0s] Csc Library/Bee/artifacts/1300b0aE.dag/Unity.XR.Management.dll (+2 others)
[ 879/1743  0s] Csc Library/Bee/artifacts/1300b0aE.dag/Meta.Voice.Hub.Runtime.dll (+2 others)
[           0s] Csc Library/Bee/artifacts/1300b0aE.dag/Meta.Voice.Hub.Runtime.dll (+2 others) [CacheWrite 00000000000000000000000000000004]
[           0s] Csc Library/Bee/artifacts/1300b0aE.dag/Unity.XR.Management.dll (+2 others) [CacheWrite 00000000000000000000000000000004]
[ 880/1743  0s] MovedFromExtractor-Combine Library/Bee/artifacts/1300b0aE.dag/Oculus.Platform.dll.mvfrm
[ 881/1743  0s] MovedFromExtractor-Combine Library/Bee/artifacts/1300b0aE.dag/Meta.WitAi.TTS.Editor.dll.mvfrm
[ 882/1743  0s] Csc Library/Bee/artifacts/1300b0aE.dag/Meta.Net.endel.nativewebsocket.dll (+2 others)
[ 883/1743  0s] MovedFromExtractor-Combine Library/Bee/artifacts/1300b0aE.dag/VoiceSDK.Dictation.Runtime.dll.mvfrm
[ 884/1743  0s] MovedFromExtractor-Combine Library/Bee/artifacts/1300b0aE.dag/Meta.XR.Audio.dll.mvfrm
[           0s] Csc Library/Bee/artifacts/1300b0aE.dag/VoiceSDK.Telemetry.Runtime.dll (+2 others) [CacheWrite 00000000000000000000000000000004]
[           0s] Csc Library/Bee/artifacts/1300b0aE.dag/UnityEngine.SpatialTracking.dll (+2 others) [CacheWrite 00000000000000000000000000000004]
[ 885/1743  0s] MovedFromExtractor-Combine Library/Bee/artifacts/1300b0aE.dag/Meta.XR.Guides.Editor.dll.mvfrm
[ 886/1743  0s] MovedFromExtractor-Combine Library/Bee/artifacts/1300b0aE.dag/Meta.XR.Editor.Tags.dll.mvfrm
[ 887/1743  0s] MovedFromExtractor Library/Bee/artifacts/mvdfrm/Unity.XR.Management.ref.dll_B8AA0C3955A88449.mvfrm
[ 888/1743  0s] Csc Library/Bee/artifacts/1300b0aE.dag/Meta.Voice.NLayer.dll (+2 others)
[           0s] Csc Library/Bee/artifacts/1300b0aE.dag/Meta.Voice.NLayer.dll (+2 others) [CacheWrite 00000000000000000000000000000004]
[ 889/1743  0s] MovedFromExtractor-Combine Library/Bee/artifacts/1300b0aE.dag/Unity.AI.Navigation.dll.mvfrm
[ 890/1743  0s] MovedFromExtractor-Combine Library/Bee/artifacts/1300b0aE.dag/Meta.Voice.VSDKHub.Editor.dll.mvfrm
[ 891/1743  0s] MovedFromExtractor-Combine Library/Bee/artifacts/1300b0aE.dag/VoiceSDK.Editor.dll.mvfrm
[ 892/1743  0s] MovedFromExtractor-Combine Library/Bee/artifacts/1300b0aE.dag/VoiceSDK.Dictation.Editor.dll.mvfrm
[           0s] Csc Library/Bee/artifacts/1300b0aE.dag/Meta.Net.endel.nativewebsocket.dll (+2 others) [CacheWrite 00000000000000000000000000000004]
[ 893/1743  0s] MovedFromExtractor Library/Bee/artifacts/mvdfrm/UnityEngine.SpatialTracking.ref.dll_CC46AD662704850F.mvfrm
[ 894/1743  0s] MovedFromExtractor-Combine Library/Bee/artifacts/1300b0aE.dag/Oculus.Interaction.OVR.dll.mvfrm
[ 895/1743  0s] MovedFromExtractor-Combine Library/Bee/artifacts/1300b0aE.dag/Unity.AI.Navigation.Editor.ConversionSystem.dll.mvfrm
[ 896/1743  0s] MovedFromExtractor-Combine Library/Bee/artifacts/1300b0aE.dag/Unity.EditorCoroutines.Editor.dll.mvfrm
[ 897/1743  0s] MovedFromExtractor-Combine Library/Bee/artifacts/1300b0aE.dag/Unity.Searcher.Editor.dll.mvfrm
[ 898/1743  0s] MovedFromExtractor-Combine Library/Bee/artifacts/1300b0aE.dag/Unity.ShaderGraph.Utilities.dll.mvfrm
[ 899/1743  0s] MovedFromExtractor-Combine Library/Bee/artifacts/1300b0aE.dag/Meta.XR.EnvironmentDepth.dll.mvfrm
[ 900/1743  0s] MovedFromExtractor-Combine Library/Bee/artifacts/1300b0aE.dag/Meta.XR.BuildingBlocks.Editor.dll.mvfrm
[ 901/1743  0s] MovedFromExtractor-Combine Library/Bee/artifacts/1300b0aE.dag/Oculus.Interaction.Editor.dll.mvfrm
[ 902/1743  0s] MovedFromExtractor-Combine Library/Bee/artifacts/1300b0aE.dag/Unity.Multiplayer.Center.Common.dll.mvfrm
[ 903/1743  0s] Csc Library/Bee/artifacts/1300b0aE.dag/AssistantVoiceCommandCommon.dll (+2 others)
[ 904/1743  0s] Csc Library/Bee/artifacts/1300b0aE.dag/AssistantCoreSDKEditor.dll (+2 others)
[ 905/1743  0s] MovedFromExtractor-Combine Library/Bee/artifacts/1300b0aE.dag/UnityEngine.XR.LegacyInputHelpers.dll.mvfrm
[           0s] Csc Library/Bee/artifacts/1300b0aE.dag/AssistantVoiceCommandCommon.dll (+2 others) [CacheWrite 00000000000000000000000000000004]
[           0s] Csc Library/Bee/artifacts/1300b0aE.dag/AssistantCoreSDKEditor.dll (+2 others) [CacheWrite 00000000000000000000000000000004]
[ 906/1743  0s] MovedFromExtractor-Combine Library/Bee/artifacts/1300b0aE.dag/Unity.Timeline.dll.mvfrm
[ 907/1743  0s] MovedFromExtractor-Combine Library/Bee/artifacts/1300b0aE.dag/Oculus.Interaction.OVR.Editor.dll.mvfrm
[ 908/1743  0s] MovedFromExtractor-Combine Library/Bee/artifacts/1300b0aE.dag/Meta.XR.MultiplayerBlocks.Shared.dll.mvfrm
[ 909/1743  0s] MovedFromExtractor-Combine Library/Bee/artifacts/1300b0aE.dag/Unity.WebRTC.dll.mvfrm
[ 910/1743  0s] MovedFromExtractor-Combine Library/Bee/artifacts/1300b0aE.dag/Meta.Wit.Composer.dll.mvfrm
[ 911/1743  0s] MovedFromExtractor-Combine Library/Bee/artifacts/1300b0aE.dag/Meta.XR.ImmersiveDebugger.dll.mvfrm
[ 912/1743  0s] MovedFromExtractor-Combine Library/Bee/artifacts/1300b0aE.dag/Meta.XR.MultiplayerBlocks.Shared.Editor.dll.mvfrm
[ 913/1743  0s] MovedFromExtractor-Combine Library/Bee/artifacts/1300b0aE.dag/Meta.XR.EnvironmentDepth.Editor.dll.mvfrm
[ 914/1743  0s] Csc Library/Bee/artifacts/1300b0aE.dag/Unity.Multiplayer.Center.Common.dll (+2 others)
[ 915/1743  0s] MovedFromExtractor-Combine Library/Bee/artifacts/1300b0aE.dag/Unity.VisualStudio.Editor.dll.mvfrm
[ 916/1743  0s] MovedFromExtractor-Combine Library/Bee/artifacts/1300b0aE.dag/Meta.XR.Editor.PlayCompanion.dll.mvfrm
[           0s] Csc Library/Bee/artifacts/1300b0aE.dag/Unity.Multiplayer.Center.Common.dll (+2 others) [CacheWrite 00000000000000000000000000000004]
[ 917/1743  0s] MovedFromExtractor-Combine Library/Bee/artifacts/1300b0aE.dag/Unity.Rider.Editor.dll.mvfrm
[ 918/1743  0s] Csc Library/Bee/artifacts/1300b0aE.dag/VoiceSDK.Telemetry.dll (+2 others)
[           0s] Csc Library/Bee/artifacts/1300b0aE.dag/VoiceSDK.Telemetry.dll (+2 others) [CacheWrite 00000000000000000000000000000004]
[ 919/1743  0s] Csc Library/Bee/artifacts/1300b0aE.dag/UnityEngine.XR.LegacyInputHelpers.dll (+2 others)
[ 920/1743  0s] Csc Library/Bee/artifacts/1300b0aE.dag/Unity.AI.Navigation.Editor.ConversionSystem.dll (+2 others)
[           0s] Csc Library/Bee/artifacts/1300b0aE.dag/UnityEngine.XR.LegacyInputHelpers.dll (+2 others) [CacheWrite 00000000000000000000000000000004]
[           0s] Csc Library/Bee/artifacts/1300b0aE.dag/Unity.AI.Navigation.Editor.ConversionSystem.dll (+2 others) [CacheWrite 00000000000000000000000000000004]
[ 921/1743  0s] Csc Library/Bee/artifacts/1300b0aE.dag/Meta.XR.Audio.dll (+2 others)
[ 922/1743  0s] MovedFromExtractor-Combine Library/Bee/artifacts/1300b0aE.dag/VoiceSDK.Runtime.Composer.dll.mvfrm
[           0s] Csc Library/Bee/artifacts/1300b0aE.dag/Meta.XR.Audio.dll (+2 others) [CacheWrite 00000000000000000000000000000004]
[ 923/1743  0s] MovedFromExtractor-Combine Library/Bee/artifacts/1300b0aE.dag/Unity.RenderPipelines.Core.ShaderLibrary.dll.mvfrm
[ 924/1743  0s] Csc Library/Bee/artifacts/1300b0aE.dag/Unity.AI.Navigation.dll (+2 others)
[ 925/1743  0s] MovedFromExtractor-Combine Library/Bee/artifacts/1300b0aE.dag/Unity.RenderPipelines.Universal.Shaders.dll.mvfrm
[ 926/1743  0s] MovedFromExtractor Library/Bee/artifacts/mvdfrm/Unity.AI.Navigation.Editor.ConversionSystem.ref.dll_9957BA1AF208A4B4.mvfrm
[ 927/1743  0s] MovedFromExtractor Library/Bee/artifacts/mvdfrm/Unity.Multiplayer.Center.Common.ref.dll_FF44434556825F42.mvfrm
[ 928/1743  0s] MovedFromExtractor-Combine Library/Bee/artifacts/1300b0aE.dag/Unity.RenderPipelines.ShaderGraph.ShaderGraphLibrary.dll.mvfrm
[ 929/1743  0s] MovedFromExtractor-Combine Library/Bee/artifacts/1300b0aE.dag/Unity.Rendering.LightTransport.Editor.dll.mvfrm
[ 930/1743  0s] MovedFromExtractor-Combine Library/Bee/artifacts/1300b0aE.dag/Unity.2D.Sprite.Editor.dll.mvfrm
[ 931/1743  0s] MovedFromExtractor Library/Bee/artifacts/mvdfrm/UnityEngine.XR.LegacyInputHelpers.ref.dll_632513B3DE0B9F3C.mvfrm
[ 932/1743  0s] MovedFromExtractor-Combine Library/Bee/artifacts/1300b0aE.dag/Unity.Multiplayer.Center.Editor.dll.mvfrm
[ 933/1743  1s] Csc Library/Bee/artifacts/1300b0aE.dag/Meta.XR.Editor.Callbacks.dll (+2 others)
[           0s] Csc Library/Bee/artifacts/1300b0aE.dag/Meta.XR.Editor.Callbacks.dll (+2 others) [CacheWrite 00000000000000000000000000000004]
[           0s] Csc Library/Bee/artifacts/1300b0aE.dag/Unity.AI.Navigation.dll (+2 others) [CacheWrite 00000000000000000000000000000004]
[ 934/1743  0s] Csc Library/Bee/artifacts/1300b0aE.dag/Unity.Rendering.LightTransport.Editor.dll (+2 others)
[           0s] Csc Library/Bee/artifacts/1300b0aE.dag/Unity.Rendering.LightTransport.Editor.dll (+2 others) [CacheWrite 00000000000000000000000000000004]
[ 935/1743  0s] Csc Library/Bee/artifacts/1300b0aE.dag/Unity.ShaderGraph.Utilities.dll (+2 others)
[ 936/1743  0s] Csc Library/Bee/artifacts/1300b0aE.dag/Unity.RenderPipelines.ShaderGraph.ShaderGraphLibrary.dll (+2 others)
[           0s] Csc Library/Bee/artifacts/1300b0aE.dag/Unity.RenderPipelines.ShaderGraph.ShaderGraphLibrary.dll (+2 others) [CacheWrite 00000000000000000000000000000004]
[ 937/1743  0s] Csc Library/Bee/artifacts/1300b0aE.dag/Unity.RenderPipelines.Universal.Shaders.dll (+2 others)
[ 938/1743  1s] Csc Library/Bee/artifacts/1300b0aE.dag/Unity.Burst.dll (+2 others)
[           0s] Csc Library/Bee/artifacts/1300b0aE.dag/Unity.Burst.dll (+2 others) [CacheWrite 00000000000000000000000000000004]
[           0s] Csc Library/Bee/artifacts/1300b0aE.dag/Unity.RenderPipelines.Universal.Shaders.dll (+2 others) [CacheWrite 00000000000000000000000000000004]
[ 939/1743  0s] MovedFromExtractor Library/Bee/artifacts/mvdfrm/Unity.AI.Navigation.ref.dll_B8DD527C37A2B60C.mvfrm
[ 940/1743  0s] MovedFromExtractor-Combine Library/Bee/artifacts/1300b0aE.dag/meta.xr.mrutilitykit.editor.dll.mvfrm
[ 941/1743  0s] Csc Library/Bee/artifacts/1300b0aE.dag/Unity.Timeline.dll (+2 others)
[           0s] Csc Library/Bee/artifacts/1300b0aE.dag/Unity.Timeline.dll (+2 others) [CacheWrite 00000000000000000000000000000004]
[ 942/1743  0s] MovedFromExtractor-Combine Library/Bee/artifacts/1300b0aE.dag/NewAssembly.dll.mvfrm
[ 943/1743  0s] Csc Library/Bee/artifacts/1300b0aE.dag/Oculus.Platform.dll (+2 others)
[           0s] Csc Library/Bee/artifacts/1300b0aE.dag/Oculus.Platform.dll (+2 others) [CacheWrite 00000000000000000000000000000004]
[ 944/1743  0s] MovedFromExtractor-Combine Library/Bee/artifacts/1300b0aE.dag/Unity.PerformanceTesting.dll.mvfrm
[ 945/1743  0s] MovedFromExtractor-Combine Library/Bee/artifacts/1300b0aE.dag/Unity.AI.Navigation.Editor.dll.mvfrm
[ 946/1743  1s] Csc Library/Bee/artifacts/1300b0aE.dag/Unity.TextMeshPro.dll (+2 others)
[           0s] Csc Library/Bee/artifacts/1300b0aE.dag/Unity.TextMeshPro.dll (+2 others) [CacheWrite 00000000000000000000000000000004]
[ 947/1743  0s] Csc Library/Bee/artifacts/1300b0aE.dag/Unity.Multiplayer.Center.Editor.dll (+2 others)
[ 948/1743  0s] MovedFromExtractor Library/Bee/artifacts/mvdfrm/Unity.Timeline.ref.dll_16F8EA6B67022FB5.mvfrm
[ 949/1743  0s] MovedFromExtractor-Combine Library/Bee/artifacts/1300b0aE.dag/UnityEditor.SpatialTracking.dll.mvfrm
[ 950/1743  0s] Csc Library/Bee/artifacts/1300b0aE.dag/Unity.Searcher.Editor.dll (+2 others)
[           0s] Csc Library/Bee/artifacts/1300b0aE.dag/Unity.Multiplayer.Center.Editor.dll (+2 others) [CacheWrite 00000000000000000000000000000004]
[ 951/1743  0s] Csc Library/Bee/artifacts/1300b0aE.dag/Unity.EditorCoroutines.Editor.dll (+2 others)
[           0s] Csc Library/Bee/artifacts/1300b0aE.dag/Unity.Searcher.Editor.dll (+2 others) [CacheWrite 00000000000000000000000000000004]
[ 952/1743  0s] MovedFromExtractor Library/Bee/artifacts/mvdfrm/Unity.Burst.ref.dll_3835BB91EC2C0D62.mvfrm
[ 953/1743  0s] MovedFromExtractor-Combine Library/Bee/artifacts/1300b0aE.dag/Oculus.Platform.Editor.dll.mvfrm
[           0s] Csc Library/Bee/artifacts/1300b0aE.dag/Unity.ShaderGraph.Utilities.dll (+2 others) [CacheWrite 00000000000000000000000000000004]
[ 954/1743  0s] Csc Library/Bee/artifacts/1300b0aE.dag/Unity.RenderPipelines.Core.ShaderLibrary.dll (+2 others)
[           0s] Csc Library/Bee/artifacts/1300b0aE.dag/Unity.RenderPipelines.Core.ShaderLibrary.dll (+2 others) [CacheWrite 00000000000000000000000000000004]
[ 955/1743  0s] Csc Library/Bee/artifacts/1300b0aE.dag/Unity.WebRTC.dll (+2 others)
[           0s] Csc Library/Bee/artifacts/1300b0aE.dag/Unity.WebRTC.dll (+2 others) [CacheWrite 00000000000000000000000000000004]
[ 956/1743  0s] MovedFromExtractor-Combine Library/Bee/artifacts/1300b0aE.dag/Meta.Wit.Dictation.Editor.dll.mvfrm
[ 957/1743  0s] MovedFromExtractor-Combine Library/Bee/artifacts/1300b0aE.dag/Oculus.Interaction.Samples.Editor.dll.mvfrm
[ 958/1743  0s] MovedFromExtractor-Combine Library/Bee/artifacts/1300b0aE.dag/Unity.Timeline.Editor.dll.mvfrm
[ 959/1743  0s] MovedFromExtractor-Combine Library/Bee/artifacts/1300b0aE.dag/Meta.Wit.Composer.Editor.dll.mvfrm
[ 960/1743  0s] MovedFromExtractor-Combine Library/Bee/artifacts/1300b0aE.dag/Unity.Burst.CodeGen.dll.mvfrm
[           0s] Csc Library/Bee/artifacts/1300b0aE.dag/Unity.EditorCoroutines.Editor.dll (+2 others) [CacheWrite 00000000000000000000000000000004]
[ 961/1743  0s] MovedFromExtractor Library/Bee/artifacts/mvdfrm/Unity.Searcher.Editor.ref.dll_1D712DD21DFFF248.mvfrm
[ 962/1743  0s] MovedFromExtractor Library/Bee/artifacts/mvdfrm/Unity.WebRTC.ref.dll_2E562B3C67D04DE1.mvfrm
[ 963/1743  0s] MovedFromExtractor-Combine Library/Bee/artifacts/1300b0aE.dag/Meta.XR.MultiplayerBlocks.Fusion.Editor.dll.mvfrm
[ 964/1743  0s] MovedFromExtractor Library/Bee/artifacts/mvdfrm/Unity.TextMeshPro.ref.dll_02929A3ECA791895.mvfrm
[ 965/1743  0s] MovedFromExtractor Library/Bee/artifacts/mvdfrm/Unity.ShaderGraph.Utilities.ref.dll_BC17D64B4E058897.mvfrm
[ 966/1743  0s] MovedFromExtractor-Combine Library/Bee/artifacts/1300b0aE.dag/AssistantVoiceCommandCommon.Editor.dll.mvfrm
[ 967/1743  0s] MovedFromExtractor-Combine Library/Bee/artifacts/1300b0aE.dag/Oculus.Interaction.InterfaceSupport.dll.mvfrm
[ 968/1743  0s] Csc Library/Bee/artifacts/1300b0aE.dag/Unity.VisualStudio.Editor.dll (+2 others)
[           0s] Csc Library/Bee/artifacts/1300b0aE.dag/Unity.VisualStudio.Editor.dll (+2 others) [CacheWrite 00000000000000000000000000000004]
[ 969/1743  0s] Csc Library/Bee/artifacts/1300b0aE.dag/Unity.Rider.Editor.dll (+2 others)
[ 970/1743  0s] MovedFromExtractor-Combine Library/Bee/artifacts/1300b0aE.dag/Meta.XR.Audio.Editor.dll.mvfrm
[           0s] Csc Library/Bee/artifacts/1300b0aE.dag/Unity.Rider.Editor.dll (+2 others) [CacheWrite 00000000000000000000000000000004]
[ 971/1743  0s] MovedFromExtractor Library/Bee/artifacts/mvdfrm/Unity.EditorCoroutines.Editor.ref.dll_1315E0A407C70415.mvfrm
[ 972/1743  0s] MovedFromExtractor-Combine Library/Bee/artifacts/1300b0aE.dag/Oculus.Interaction.Samples.dll.mvfrm
[ 973/1743  0s] MovedFromExtractor-Combine Library/Bee/artifacts/1300b0aE.dag/Oculus.Haptics.Editor.dll.mvfrm
[ 974/1743  0s] MovedFromExtractor-Combine Library/Bee/artifacts/1300b0aE.dag/Meta.XR.MultiplayerBlocks.NGO.Editor.dll.mvfrm
[ 975/1743  0s] MovedFromExtractor-Combine Library/Bee/artifacts/1300b0aE.dag/Oculus.Interaction.OVR.Samples.dll.mvfrm
[ 976/1743  0s] MovedFromExtractor-Combine Library/Bee/artifacts/1300b0aE.dag/Meta.XR.ImmersiveDebugger.Editor.dll.mvfrm
[ 977/1743  0s] MovedFromExtractor-Combine Library/Bee/artifacts/1300b0aE.dag/VoiceSDK.Editor.Composer.dll.mvfrm
[ 978/1743  0s] MovedFromExtractor Library/Bee/artifacts/mvdfrm/Unity.Rider.Editor.ref.dll_DA88E6A3E9EB6155.mvfrm
[ 979/1743  0s] MovedFromExtractor-Combine Library/Bee/artifacts/1300b0aE.dag/Meta.XR.BuildingBlocks.DepthAPI.Editor.dll.mvfrm
[ 980/1743  0s] MovedFromExtractor-Combine Library/Bee/artifacts/1300b0aE.dag/meta.xr.mrutilitykit.dll.mvfrm
[ 981/1743  0s] MovedFromExtractor-Combine Library/Bee/artifacts/1300b0aE.dag/Oculus.Interaction.dll.mvfrm
[ 982/1743  0s] MovedFromExtractor-Combine Library/Bee/artifacts/1300b0aE.dag/Unity.WebRTC.Editor.dll.mvfrm
[ 983/1743  0s] MovedFromExtractor-Combine Library/Bee/artifacts/1300b0aE.dag/MetaXrSimulator.Editor.dll.mvfrm
[ 984/1743  0s] MovedFromExtractor Library/Bee/artifacts/mvdfrm/Unity.RenderPipelines.Core.ShaderLibrary.ref.dll_38159DB35CC29EFE.mvfrm
[ 985/1743  0s] MovedFromExtractor Library/Bee/artifacts/mvdfrm/Unity.VisualStudio.Editor.ref.dll_0FE027DDD6F41767.mvfrm
[ 986/1743  0s] CopyFiles Library/ScriptAssemblies/Unity.Rider.Editor.dll
[ 987/1743  0s] CopyFiles Library/ScriptAssemblies/Unity.Rider.Editor.pdb
[ 988/1743  0s] CopyFiles Library/ScriptAssemblies/Unity.VisualStudio.Editor.pdb
[ 989/1743  0s] CopyFiles Library/ScriptAssemblies/Unity.VisualStudio.Editor.dll
[ 990/1743  0s] MovedFromExtractor Library/Bee/artifacts/mvdfrm/Unity.RenderPipelines.Universal.Shaders.ref.dll_D6FB0BA3BDF7609A.mvfrm
[ 991/1743  0s] Csc Library/Bee/artifacts/1300b0aE.dag/UnityEditor.SpatialTracking.dll (+2 others)
[ 992/1743  0s] MovedFromExtractor-Combine Library/Bee/artifacts/1300b0aE.dag/Unity.Burst.Editor.dll.mvfrm
[           0s] Csc Library/Bee/artifacts/1300b0aE.dag/UnityEditor.SpatialTracking.dll (+2 others) [CacheWrite 00000000000000000000000000000004]
[ 993/1743  0s] Csc Library/Bee/artifacts/1300b0aE.dag/AssistantVoiceCommandCommon.Editor.dll (+2 others)
[           0s] Csc Library/Bee/artifacts/1300b0aE.dag/AssistantVoiceCommandCommon.Editor.dll (+2 others) [CacheWrite 00000000000000000000000000000004]
[ 994/1743  0s] Csc Library/Bee/artifacts/1300b0aE.dag/Unity.2D.Sprite.Editor.dll (+2 others)
[           0s] Csc Library/Bee/artifacts/1300b0aE.dag/Unity.2D.Sprite.Editor.dll (+2 others) [CacheWrite 00000000000000000000000000000004]
[ 995/1743  0s] MovedFromExtractor Library/Bee/artifacts/mvdfrm/Unity.Multiplayer.Center.Editor.ref.dll_FC2D3B4057A989C4.mvfrm
[ 996/1743  0s] MovedFromExtractor Library/Bee/artifacts/mvdfrm/Unity.RenderPipelines.ShaderGraph.ShaderGraphLibrary.ref.dll_DF61AD73468C057E.mvfrm
[ 997/1743  0s] MovedFromExtractor Library/Bee/artifacts/mvdfrm/Unity.Rendering.LightTransport.Editor.ref.dll_2C1A528DE6C1BDE8.mvfrm
[ 998/1743  0s] Csc Library/Bee/artifacts/1300b0aE.dag/Unity.AI.Navigation.Editor.dll (+2 others)
[           0s] Csc Library/Bee/artifacts/1300b0aE.dag/Unity.AI.Navigation.Editor.dll (+2 others) [CacheWrite 00000000000000000000000000000004]
[ 999/1743  0s] Csc Library/Bee/artifacts/1300b0aE.dag/Meta.WitAi.Lib.dll (+2 others)
[           0s] Csc Library/Bee/artifacts/1300b0aE.dag/Meta.WitAi.Lib.dll (+2 others) [CacheWrite 00000000000000000000000000000004]
[1000/1743  0s] Csc Library/Bee/artifacts/1300b0aE.dag/Unity.Burst.CodeGen.dll (+2 others)
[           0s] Csc Library/Bee/artifacts/1300b0aE.dag/Unity.Burst.CodeGen.dll (+2 others) [CacheWrite 00000000000000000000000000000004]
[1001/1743  0s] CopyFiles Library/ScriptAssemblies/Unity.Burst.CodeGen.dll
[1002/1743  0s] CopyFiles Library/ScriptAssemblies/Unity.Burst.CodeGen.pdb
[1003/1743  0s] MovedFromExtractor Library/Bee/artifacts/mvdfrm/Unity.2D.Sprite.Editor.ref.dll_6C8185F9E5AE014E.mvfrm
[1004/1743  0s] MovedFromExtractor Library/Bee/artifacts/mvdfrm/UnityEditor.SpatialTracking.ref.dll_4005BB3EAE0C01EA.mvfrm
[1005/1743  0s] Csc Library/Bee/artifacts/1300b0aE.dag/Oculus.Platform.Editor.dll (+2 others)
[1006/1743  0s] Csc Library/Bee/artifacts/1300b0aE.dag/Meta.XR.Audio.Editor.dll (+2 others)
[           0s] Csc Library/Bee/artifacts/1300b0aE.dag/Oculus.Platform.Editor.dll (+2 others) [CacheWrite 00000000000000000000000000000004]
[1007/1743  0s] Csc Library/Bee/artifacts/1300b0aE.dag/Unity.PerformanceTesting.dll (+2 others)
[           0s] Csc Library/Bee/artifacts/1300b0aE.dag/Meta.XR.Audio.Editor.dll (+2 others) [CacheWrite 00000000000000000000000000000004]
[           0s] Csc Library/Bee/artifacts/1300b0aE.dag/Unity.PerformanceTesting.dll (+2 others) [CacheWrite 00000000000000000000000000000004]
[1008/1743  0s] MovedFromExtractor Library/Bee/artifacts/mvdfrm/Unity.AI.Navigation.Editor.ref.dll_61B1FDAFDA0EF665.mvfrm
[1009/1743  0s] Csc Library/Bee/artifacts/1300b0aE.dag/Unity.WebRTC.Editor.dll (+2 others)
[           0s] Csc Library/Bee/artifacts/1300b0aE.dag/Unity.WebRTC.Editor.dll (+2 others) [CacheWrite 00000000000000000000000000000004]
[1010/1743  0s] MovedFromExtractor-Combine Library/Bee/artifacts/1300b0aE.dag/Unity.AI.Navigation.Updater.dll.mvfrm
[1011/1743  0s] MovedFromExtractor Library/Bee/artifacts/mvdfrm/Unity.PerformanceTesting.ref.dll_B4B9F9210D591244.mvfrm
[1012/1743  0s] MovedFromExtractor Library/Bee/artifacts/mvdfrm/Unity.WebRTC.Editor.ref.dll_DDFBA3A6A96312E0.mvfrm
[1013/1743  0s] Csc Library/Bee/artifacts/1300b0aE.dag/Meta.WitAi.Conduit.dll (+2 others)
[1014/1743  0s] MovedFromExtractor-Combine Library/Bee/artifacts/1300b0aE.dag/Unity.PerformanceTesting.Editor.dll.mvfrm
[1015/1743  0s] Csc Library/Bee/artifacts/1300b0aE.dag/Unity.AI.Navigation.Updater.dll (+2 others)
[           0s] Csc Library/Bee/artifacts/1300b0aE.dag/Unity.AI.Navigation.Updater.dll (+2 others) [CacheWrite 00000000000000000000000000000004]
[           0s] Csc Library/Bee/artifacts/1300b0aE.dag/Meta.WitAi.Conduit.dll (+2 others) [CacheWrite 00000000000000000000000000000004]
[1016/1743  0s] Csc Library/Bee/artifacts/1300b0aE.dag/Meta.VoiceSDK.Mic.Common.dll (+2 others)
[           0s] Csc Library/Bee/artifacts/1300b0aE.dag/Meta.VoiceSDK.Mic.Common.dll (+2 others) [CacheWrite 00000000000000000000000000000004]
[1017/1743  0s] MovedFromExtractor Library/Bee/artifacts/mvdfrm/Unity.AI.Navigation.Updater.ref.dll_EBACA68F09445567.mvfrm
[1018/1743  0s] Csc Library/Bee/artifacts/1300b0aE.dag/Unity.PerformanceTesting.Editor.dll (+2 others)
[           0s] Csc Library/Bee/artifacts/1300b0aE.dag/Unity.PerformanceTesting.Editor.dll (+2 others) [CacheWrite 00000000000000000000000000000004]
[1019/1743  0s] Csc Library/Bee/artifacts/1300b0aE.dag/Meta.VoiceSDK.Mic.WebGL.dll (+2 others)
[1020/1743  2s] Csc Library/Bee/artifacts/1300b0aE.dag/Unity.InputSystem.dll (+2 others)
[           0s] Csc Library/Bee/artifacts/1300b0aE.dag/Unity.InputSystem.dll (+2 others) [CacheWrite 00000000000000000000000000000004]
[           0s] Csc Library/Bee/artifacts/1300b0aE.dag/Meta.VoiceSDK.Mic.WebGL.dll (+2 others) [CacheWrite 00000000000000000000000000000004]
[1021/1743  0s] Csc Library/Bee/artifacts/1300b0aE.dag/Meta.VoiceSDK.Mic.Other.dll (+2 others)
[           0s] Csc Library/Bee/artifacts/1300b0aE.dag/Meta.VoiceSDK.Mic.Other.dll (+2 others) [CacheWrite 00000000000000000000000000000004]
[1022/1743  0s] MovedFromExtractor Library/Bee/artifacts/mvdfrm/Unity.InputSystem.ref.dll_7B1D397D2193763B.mvfrm
[1023/1743  0s] Csc Library/Bee/artifacts/1300b0aE.dag/Unity.Timeline.Editor.dll (+2 others)
[           0s] Csc Library/Bee/artifacts/1300b0aE.dag/Unity.Timeline.Editor.dll (+2 others) [CacheWrite 00000000000000000000000000000004]
[1024/1743  0s] MovedFromExtractor-Combine Library/Bee/artifacts/1300b0aE.dag/Unity.VisualScripting.Core.dll.mvfrm
[1025/1743  0s] MovedFromExtractor-Combine Library/Bee/artifacts/1300b0aE.dag/Unity.InputSystem.DocCodeSamples.dll.mvfrm
[1026/1743  0s] MovedFromExtractor-Combine Library/Bee/artifacts/1300b0aE.dag/Meta.XR.BuildingBlocks.dll.mvfrm
[1027/1743  0s] MovedFromExtractor-Combine Library/Bee/artifacts/1300b0aE.dag/Unity.InputSystem.TestFramework.dll.mvfrm
[1028/1743  0s] MovedFromExtractor-Combine Library/Bee/artifacts/1300b0aE.dag/Unity.XR.CoreUtils.dll.mvfrm
[1029/1743  0s] MovedFromExtractor-Combine Library/Bee/artifacts/1300b0aE.dag/Unity.InputSystem.ForUI.dll.mvfrm
[1030/1743  0s] MovedFromExtractor Library/Bee/artifacts/mvdfrm/Unity.Timeline.Editor.ref.dll_17F688653313AA4C.mvfrm
[1031/1743  2s] Csc Library/Bee/artifacts/1300b0aE.dag/Unity.Mathematics.dll (+2 others)
[1032/1743  1s] Csc Library/Bee/artifacts/1300b0aE.dag/Oculus.Interaction.dll (+2 others)
[           0s] Csc Library/Bee/artifacts/1300b0aE.dag/Oculus.Interaction.dll (+2 others) [CacheWrite 00000000000000000000000000000004]
[           0s] Csc Library/Bee/artifacts/1300b0aE.dag/Unity.Mathematics.dll (+2 others) [CacheWrite 00000000000000000000000000000004]
[1033/1743  0s] Csc Library/Bee/artifacts/1300b0aE.dag/Unity.InputSystem.DocCodeSamples.dll (+2 others)
[1034/1743  0s] Csc Library/Bee/artifacts/1300b0aE.dag/Unity.InputSystem.ForUI.dll (+2 others)
[           0s] Csc Library/Bee/artifacts/1300b0aE.dag/Unity.InputSystem.ForUI.dll (+2 others) [CacheWrite 00000000000000000000000000000004]
[1035/1743  0s] Csc Library/Bee/artifacts/1300b0aE.dag/Meta.WitAi.dll (+2 others)
[           0s] Csc Library/Bee/artifacts/1300b0aE.dag/Meta.WitAi.dll (+2 others) [CacheWrite 00000000000000000000000000000004]
[1036/1743  0s] Csc Library/Bee/artifacts/1300b0aE.dag/Unity.XR.CoreUtils.dll (+2 others)
[           0s] Csc Library/Bee/artifacts/1300b0aE.dag/Unity.XR.CoreUtils.dll (+2 others) [CacheWrite 00000000000000000000000000000004]
[1037/1743  0s] MovedFromExtractor Library/Bee/artifacts/mvdfrm/Unity.Mathematics.ref.dll_66DE4C1C9A03AD08.mvfrm
[1038/1743  0s] MovedFromExtractor Library/Bee/artifacts/mvdfrm/Unity.InputSystem.ForUI.ref.dll_8456852F39E72DEA.mvfrm
[1039/1743  0s] MovedFromExtractor-Combine Library/Bee/artifacts/1300b0aE.dag/Unity.Mathematics.Editor.dll.mvfrm
[1040/1743  0s] Csc Library/Bee/artifacts/1300b0aE.dag/Oculus.Interaction.InterfaceSupport.dll (+2 others)
[           0s] Csc Library/Bee/artifacts/1300b0aE.dag/Oculus.Interaction.InterfaceSupport.dll (+2 others) [CacheWrite 00000000000000000000000000000004]
[1041/1743  0s] MovedFromExtractor-Combine Library/Bee/artifacts/1300b0aE.dag/Unity.Collections.dll.mvfrm
[1042/1743  0s] MovedFromExtractor Library/Bee/artifacts/mvdfrm/Unity.XR.CoreUtils.ref.dll_7BD60984F2BC85A2.mvfrm
[1043/1743  0s] MovedFromExtractor-Combine Library/Bee/artifacts/1300b0aE.dag/Unity.XR.CoreUtils.Editor.dll.mvfrm
[1044/1743  0s] Csc Library/Bee/artifacts/1300b0aE.dag/Unity.InputSystem.TestFramework.dll (+2 others)
[           0s] Csc Library/Bee/artifacts/1300b0aE.dag/Unity.InputSystem.DocCodeSamples.dll (+2 others) [CacheWrite 00000000000000000000000000000004]
[           0s] Csc Library/Bee/artifacts/1300b0aE.dag/Unity.InputSystem.TestFramework.dll (+2 others) [CacheWrite 00000000000000000000000000000004]
[1045/1743  0s] Csc Library/Bee/artifacts/1300b0aE.dag/Meta.Wit.Dictation.dll (+2 others)
[1046/1743  0s] Csc Library/Bee/artifacts/1300b0aE.dag/Meta.WitAI.Lib.Editor.dll (+2 others)
[           0s] Csc Library/Bee/artifacts/1300b0aE.dag/Meta.Wit.Dictation.dll (+2 others) [CacheWrite 00000000000000000000000000000004]
[           0s] Csc Library/Bee/artifacts/1300b0aE.dag/Meta.WitAI.Lib.Editor.dll (+2 others) [CacheWrite 00000000000000000000000000000004]
[1047/1743  0s] Csc Library/Bee/artifacts/1300b0aE.dag/Unity.Mathematics.Editor.dll (+2 others)
[           0s] Csc Library/Bee/artifacts/1300b0aE.dag/Unity.Mathematics.Editor.dll (+2 others) [CacheWrite 00000000000000000000000000000004]
[1048/1743  0s] Csc Library/Bee/artifacts/1300b0aE.dag/Meta.WitAi.TTS.dll (+2 others)
[           0s] Csc Library/Bee/artifacts/1300b0aE.dag/Meta.WitAi.TTS.dll (+2 others) [CacheWrite 00000000000000000000000000000004]
[1049/1743  0s] Csc Library/Bee/artifacts/1300b0aE.dag/Oculus.Interaction.Samples.dll (+2 others)
[1050/1743  0s] Csc Library/Bee/artifacts/1300b0aE.dag/Oculus.Interaction.Editor.dll (+2 others)
[1051/1743  0s] Csc Library/Bee/artifacts/1300b0aE.dag/Unity.XR.CoreUtils.Editor.dll (+2 others)
[           0s] Csc Library/Bee/artifacts/1300b0aE.dag/Unity.XR.CoreUtils.Editor.dll (+2 others) [CacheWrite 00000000000000000000000000000004]
[           0s] Csc Library/Bee/artifacts/1300b0aE.dag/Oculus.Interaction.Editor.dll (+2 others) [CacheWrite 00000000000000000000000000000004]
[           0s] Csc Library/Bee/artifacts/1300b0aE.dag/Oculus.Interaction.Samples.dll (+2 others) [CacheWrite 00000000000000000000000000000004]
[1052/1743  0s] MovedFromExtractor Library/Bee/artifacts/mvdfrm/Unity.Mathematics.Editor.ref.dll_553CFFCCE7430329.mvfrm
[1053/1743  0s] Csc Library/Bee/artifacts/1300b0aE.dag/Unity.VisualScripting.Core.dll (+2 others)
[           0s] Csc Library/Bee/artifacts/1300b0aE.dag/Unity.VisualScripting.Core.dll (+2 others) [CacheWrite 00000000000000000000000000000004]
[1054/1743  0s] Csc Library/Bee/artifacts/1300b0aE.dag/Meta.WitAi.Conduit.Editor.dll (+2 others)
[           0s] Csc Library/Bee/artifacts/1300b0aE.dag/Meta.WitAi.Conduit.Editor.dll (+2 others) [CacheWrite 00000000000000000000000000000004]
[1055/1743  0s] MovedFromExtractor Library/Bee/artifacts/mvdfrm/Unity.XR.CoreUtils.Editor.ref.dll_8144CEBFC8DD722F.mvfrm
[1056/1743  0s] Csc Library/Bee/artifacts/1300b0aE.dag/VoiceSDK.Runtime.dll (+2 others)
[           0s] Csc Library/Bee/artifacts/1300b0aE.dag/VoiceSDK.Runtime.dll (+2 others) [CacheWrite 00000000000000000000000000000004]
[1057/1743  0s] Csc Library/Bee/artifacts/1300b0aE.dag/NewAssembly.dll (+2 others)
[1058/1743  0s] Csc Library/Bee/artifacts/1300b0aE.dag/Oculus.Interaction.Samples.Editor.dll (+2 others)
[           0s] Csc Library/Bee/artifacts/1300b0aE.dag/Oculus.Interaction.Samples.Editor.dll (+2 others) [CacheWrite 00000000000000000000000000000004]
[           0s] Csc Library/Bee/artifacts/1300b0aE.dag/NewAssembly.dll (+2 others) [CacheWrite 00000000000000000000000000000004]
[1059/1743  0s] MovedFromExtractor-Combine Library/Bee/artifacts/1300b0aE.dag/Unity.XR.Management.Editor.dll.mvfrm
[1060/1743  0s] MovedFromExtractor Library/Bee/artifacts/mvdfrm/Unity.VisualScripting.Core.ref.dll_BF8650D11F8E519A.mvfrm
[1061/1743  0s] MovedFromExtractor-Combine Library/Bee/artifacts/1300b0aE.dag/Unity.VisualScripting.Core.Editor.dll.mvfrm
[1062/1743  0s] MovedFromExtractor-Combine Library/Bee/artifacts/1300b0aE.dag/Unity.VisualScripting.Flow.dll.mvfrm
[1063/1743  0s] Csc Library/Bee/artifacts/1300b0aE.dag/Meta.WitAi.Editor.dll (+2 others)
[           0s] Csc Library/Bee/artifacts/1300b0aE.dag/Meta.WitAi.Editor.dll (+2 others) [CacheWrite 00000000000000000000000000000004]
[1064/1743  0s] Csc Library/Bee/artifacts/1300b0aE.dag/VoiceSDK.Dictation.Runtime.dll (+2 others)
[1065/1743  0s] Csc Library/Bee/artifacts/1300b0aE.dag/Meta.Wit.Composer.dll (+2 others)
[           0s] Csc Library/Bee/artifacts/1300b0aE.dag/VoiceSDK.Dictation.Runtime.dll (+2 others) [CacheWrite 00000000000000000000000000000004]
[           0s] Csc Library/Bee/artifacts/1300b0aE.dag/Meta.Wit.Composer.dll (+2 others) [CacheWrite 00000000000000000000000000000004]
[1066/1743  1s] Csc Library/Bee/artifacts/1300b0aE.dag/Unity.Burst.Editor.dll (+2 others)
[           0s] Csc Library/Bee/artifacts/1300b0aE.dag/Unity.Burst.Editor.dll (+2 others) [CacheWrite 00000000000000000000000000000004]
[1067/1743  0s] Csc Library/Bee/artifacts/1300b0aE.dag/Unity.XR.Management.Editor.dll (+2 others)
[           0s] Csc Library/Bee/artifacts/1300b0aE.dag/Unity.XR.Management.Editor.dll (+2 others) [CacheWrite 00000000000000000000000000000004]
[1068/1743  0s] MovedFromExtractor Library/Bee/artifacts/mvdfrm/Unity.Burst.Editor.ref.dll_222C82CECB47A66F.mvfrm
[1069/1743  0s] Csc Library/Bee/artifacts/1300b0aE.dag/VoiceSDK.Dictation.Editor.dll (+2 others)
[           0s] Csc Library/Bee/artifacts/1300b0aE.dag/VoiceSDK.Dictation.Editor.dll (+2 others) [CacheWrite 00000000000000000000000000000004]
[1070/1743  0s] MovedFromExtractor Library/Bee/artifacts/mvdfrm/Unity.XR.Management.Editor.ref.dll_63D1283B59813AF8.mvfrm
[1071/1743  0s] Csc Library/Bee/artifacts/1300b0aE.dag/VoiceSDK.Runtime.Composer.dll (+2 others)
[           0s] Csc Library/Bee/artifacts/1300b0aE.dag/VoiceSDK.Runtime.Composer.dll (+2 others) [CacheWrite 00000000000000000000000000000004]
[1072/1743  0s] Csc Library/Bee/artifacts/1300b0aE.dag/Meta.Voice.Hub.Editor.dll (+2 others)
[1073/1743  0s] Csc Library/Bee/artifacts/1300b0aE.dag/Meta.WitAi.TTS.Editor.dll (+2 others)
[1074/1743  0s] Csc Library/Bee/artifacts/1300b0aE.dag/Meta.Wit.Dictation.Editor.dll (+2 others)
[           0s] Csc Library/Bee/artifacts/1300b0aE.dag/Meta.Voice.Hub.Editor.dll (+2 others) [CacheWrite 00000000000000000000000000000004]
[           0s] Csc Library/Bee/artifacts/1300b0aE.dag/Meta.Wit.Dictation.Editor.dll (+2 others) [CacheWrite 00000000000000000000000000000004]
[           0s] Csc Library/Bee/artifacts/1300b0aE.dag/Meta.WitAi.TTS.Editor.dll (+2 others) [CacheWrite 00000000000000000000000000000004]
[1075/1743  0s] Csc Library/Bee/artifacts/1300b0aE.dag/Unity.Collections.dll (+2 others)
[           0s] Csc Library/Bee/artifacts/1300b0aE.dag/Unity.Collections.dll (+2 others) [CacheWrite 00000000000000000000000000000004]
[1076/1743  0s] Csc Library/Bee/artifacts/1300b0aE.dag/Meta.Wit.Composer.Editor.dll (+2 others)
[           0s] Csc Library/Bee/artifacts/1300b0aE.dag/Meta.Wit.Composer.Editor.dll (+2 others) [CacheWrite 00000000000000000000000000000004]
[1077/1743  0s] MovedFromExtractor Library/Bee/artifacts/mvdfrm/Unity.Collections.ref.dll_E35BE511F4283487.mvfrm
[1078/1743  0s] Csc Library/Bee/artifacts/1300b0aE.dag/Meta.Voice.VSDKHub.Editor.dll (+2 others)
[           0s] Csc Library/Bee/artifacts/1300b0aE.dag/Meta.Voice.VSDKHub.Editor.dll (+2 others) [CacheWrite 00000000000000000000000000000004]
[1079/1743  0s] Csc Library/Bee/artifacts/1300b0aE.dag/VoiceSDK.Editor.Composer.dll (+2 others)
[           0s] Csc Library/Bee/artifacts/1300b0aE.dag/VoiceSDK.Editor.Composer.dll (+2 others) [CacheWrite 00000000000000000000000000000004]
[1080/1743  0s] Csc Library/Bee/artifacts/1300b0aE.dag/Unity.VisualScripting.Flow.dll (+2 others)
[           0s] Csc Library/Bee/artifacts/1300b0aE.dag/Unity.VisualScripting.Flow.dll (+2 others) [CacheWrite 00000000000000000000000000000004]
[1081/1743  0s] MovedFromExtractor-Combine Library/Bee/artifacts/1300b0aE.dag/Unity.Rendering.LightTransport.Runtime.dll.mvfrm
[1082/1743  0s] MovedFromExtractor-Combine Library/Bee/artifacts/1300b0aE.dag/Unity.RenderPipelines.Core.Runtime.dll.mvfrm
[1083/1743  0s] MovedFromExtractor-Combine Library/Bee/artifacts/1300b0aE.dag/Unity.PlasticSCM.Editor.dll.mvfrm
[1084/1743  0s] MovedFromExtractor-Combine Library/Bee/artifacts/1300b0aE.dag/Unity.Collections.CodeGen.dll.mvfrm
[1085/1743  0s] MovedFromExtractor-Combine Library/Bee/artifacts/1300b0aE.dag/Unity.Collections.Editor.dll.mvfrm
[1086/1743  0s] Csc Library/Bee/artifacts/1300b0aE.dag/VoiceSDK.Editor.dll (+2 others)
[1087/1743  0s] MovedFromExtractor Library/Bee/artifacts/mvdfrm/Unity.VisualScripting.Flow.ref.dll_06973127A197C649.mvfrm
[           0s] Csc Library/Bee/artifacts/1300b0aE.dag/VoiceSDK.Editor.dll (+2 others) [CacheWrite 00000000000000000000000000000004]
[1088/1743  0s] Csc Library/Bee/artifacts/1300b0aE.dag/Unity.Collections.Editor.dll (+2 others)
[           0s] Csc Library/Bee/artifacts/1300b0aE.dag/Unity.Collections.Editor.dll (+2 others) [CacheWrite 00000000000000000000000000000004]
[1089/1743  0s] MovedFromExtractor-Combine Library/Bee/artifacts/1300b0aE.dag/Unity.VisualScripting.State.dll.mvfrm
[1090/1743  0s] MovedFromExtractor-Combine Library/Bee/artifacts/1300b0aE.dag/Unity.VisualScripting.DocCodeExamples.dll.mvfrm
[1091/1743  0s] MovedFromExtractor Library/Bee/artifacts/mvdfrm/Unity.Collections.Editor.ref.dll_9F654E91229F989A.mvfrm
[1092/1743  0s] Csc Library/Bee/artifacts/1300b0aE.dag/Unity.VisualScripting.Core.Editor.dll (+2 others)
[           0s] Csc Library/Bee/artifacts/1300b0aE.dag/Unity.VisualScripting.Core.Editor.dll (+2 others) [CacheWrite 00000000000000000000000000000004]
[1093/1743  0s] MovedFromExtractor Library/Bee/artifacts/mvdfrm/Unity.VisualScripting.Core.Editor.ref.dll_514B12BC0D1D8DB7.mvfrm
[1094/1743  0s] Csc Library/Bee/artifacts/1300b0aE.dag/Unity.Rendering.LightTransport.Runtime.dll (+2 others)
[           0s] Csc Library/Bee/artifacts/1300b0aE.dag/Unity.Rendering.LightTransport.Runtime.dll (+2 others) [CacheWrite 00000000000000000000000000000004]
[1095/1743  0s] Csc Library/Bee/artifacts/1300b0aE.dag/Unity.VisualScripting.DocCodeExamples.dll (+2 others)
[1096/1743  0s] Csc Library/Bee/artifacts/1300b0aE.dag/Unity.VisualScripting.State.dll (+2 others)
[           0s] Csc Library/Bee/artifacts/1300b0aE.dag/Unity.VisualScripting.State.dll (+2 others) [CacheWrite 00000000000000000000000000000004]
[           0s] Csc Library/Bee/artifacts/1300b0aE.dag/Unity.VisualScripting.DocCodeExamples.dll (+2 others) [CacheWrite 00000000000000000000000000000004]
[1097/1743  0s] MovedFromExtractor-Combine Library/Bee/artifacts/1300b0aE.dag/Unity.VisualScripting.Flow.Editor.dll.mvfrm
[1098/1743  0s] MovedFromExtractor Library/Bee/artifacts/mvdfrm/Unity.Rendering.LightTransport.Runtime.ref.dll_1293629BC8A1A9C3.mvfrm
[1099/1743  0s] MovedFromExtractor Library/Bee/artifacts/mvdfrm/Unity.VisualScripting.State.ref.dll_900B338E31D9525C.mvfrm
[1100/1743  0s] Csc Library/Bee/artifacts/1300b0aE.dag/Unity.Collections.CodeGen.dll (+2 others)
[           0s] Csc Library/Bee/artifacts/1300b0aE.dag/Unity.Collections.CodeGen.dll (+2 others) [CacheWrite 00000000000000000000000000000004]
[1101/1743  0s] CopyFiles Library/ScriptAssemblies/Unity.Collections.CodeGen.dll
[1102/1743  0s] CopyFiles Library/ScriptAssemblies/Unity.Collections.CodeGen.pdb
[1103/1743  0s] ILPP-Configuration Library/ilpp-configuration.nevergeneratedoutput
[1104/1743  0s] ILPostProcess Library/Bee/artifacts/1300b0aE.dag/post-processed/Meta.Wit.Dictation.dll (+pdb)
Processing assembly Library/Bee/artifacts/1300b0aE.dag/Meta.Wit.Dictation.dll, with 136 defines and 263 references
processors: Unity.Jobs.CodeGen.JobsILPostProcessor, zzzUnity.Burst.CodeGen.BurstILPostProcessor
running Unity.Jobs.CodeGen.JobsILPostProcessor
running zzzUnity.Burst.CodeGen.BurstILPostProcessor
[1105/1743  0s] ILPostProcess Library/Bee/artifacts/1300b0aE.dag/post-processed/Meta.Wit.Composer.dll (+pdb)
Processing assembly Library/Bee/artifacts/1300b0aE.dag/Meta.Wit.Composer.dll, with 136 defines and 266 references
processors: Unity.Jobs.CodeGen.JobsILPostProcessor, zzzUnity.Burst.CodeGen.BurstILPostProcessor
running Unity.Jobs.CodeGen.JobsILPostProcessor
running zzzUnity.Burst.CodeGen.BurstILPostProcessor
[1106/1743  0s] ILPostProcess Library/Bee/artifacts/1300b0aE.dag/post-processed/Oculus.Interaction.dll (+pdb)
Processing assembly Library/Bee/artifacts/1300b0aE.dag/Oculus.Interaction.dll, with 136 defines and 262 references
processors: Unity.Jobs.CodeGen.JobsILPostProcessor, zzzUnity.Burst.CodeGen.BurstILPostProcessor
running Unity.Jobs.CodeGen.JobsILPostProcessor
running zzzUnity.Burst.CodeGen.BurstILPostProcessor
[1107/1743  0s] ILPostProcess Library/Bee/artifacts/1300b0aE.dag/post-processed/Meta.WitAi.Conduit.dll (+pdb)
Processing assembly Library/Bee/artifacts/1300b0aE.dag/Meta.WitAi.Conduit.dll, with 136 defines and 262 references
processors: Unity.Jobs.CodeGen.JobsILPostProcessor, zzzUnity.Burst.CodeGen.BurstILPostProcessor
running Unity.Jobs.CodeGen.JobsILPostProcessor
running zzzUnity.Burst.CodeGen.BurstILPostProcessor
[1108/1743  0s] ILPostProcess Library/Bee/artifacts/1300b0aE.dag/post-processed/Meta.WitAi.Lib.dll (+pdb)
Processing assembly Library/Bee/artifacts/1300b0aE.dag/Meta.WitAi.Lib.dll, with 136 defines and 266 references
processors: Unity.Jobs.CodeGen.JobsILPostProcessor, zzzUnity.Burst.CodeGen.BurstILPostProcessor
running Unity.Jobs.CodeGen.JobsILPostProcessor
running zzzUnity.Burst.CodeGen.BurstILPostProcessor
[1109/1743  0s] ILPostProcess Library/Bee/artifacts/1300b0aE.dag/post-processed/Meta.Net.endel.nativewebsocket.dll (+pdb)
Processing assembly Library/Bee/artifacts/1300b0aE.dag/Meta.Net.endel.nativewebsocket.dll, with 136 defines and 261 references
processors: Unity.Jobs.CodeGen.JobsILPostProcessor, zzzUnity.Burst.CodeGen.BurstILPostProcessor
running Unity.Jobs.CodeGen.JobsILPostProcessor
running zzzUnity.Burst.CodeGen.BurstILPostProcessor
[1110/1743  0s] ILPostProcess Library/Bee/artifacts/1300b0aE.dag/post-processed/Meta.WitAi.TTS.dll (+pdb)
Processing assembly Library/Bee/artifacts/1300b0aE.dag/Meta.WitAi.TTS.dll, with 136 defines and 263 references
processors: Unity.Jobs.CodeGen.JobsILPostProcessor, zzzUnity.Burst.CodeGen.BurstILPostProcessor
running Unity.Jobs.CodeGen.JobsILPostProcessor
running zzzUnity.Burst.CodeGen.BurstILPostProcessor
[1111/1743  0s] ILPostProcess Library/Bee/artifacts/1300b0aE.dag/post-processed/VoiceSDK.Runtime.dll (+pdb)
Processing assembly Library/Bee/artifacts/1300b0aE.dag/VoiceSDK.Runtime.dll, with 136 defines and 267 references
processors: Unity.Jobs.CodeGen.JobsILPostProcessor, zzzUnity.Burst.CodeGen.BurstILPostProcessor
running Unity.Jobs.CodeGen.JobsILPostProcessor
running zzzUnity.Burst.CodeGen.BurstILPostProcessor
[1112/1743  0s] ILPostProcess Library/Bee/artifacts/1300b0aE.dag/post-processed/Unity.Mathematics.dll (+pdb)
Processing assembly Library/Bee/artifacts/1300b0aE.dag/Unity.Mathematics.dll, with 135 defines and 261 references
processors: Unity.Jobs.CodeGen.JobsILPostProcessor, zzzUnity.Burst.CodeGen.BurstILPostProcessor
running Unity.Jobs.CodeGen.JobsILPostProcessor
running zzzUnity.Burst.CodeGen.BurstILPostProcessor
[1113/1743  0s] ILPostProcess Library/Bee/artifacts/1300b0aE.dag/post-processed/Unity.XR.CoreUtils.dll (+pdb)
Processing assembly Library/Bee/artifacts/1300b0aE.dag/Unity.XR.CoreUtils.dll, with 141 defines and 263 references
processors: Unity.Jobs.CodeGen.JobsILPostProcessor, zzzUnity.Burst.CodeGen.BurstILPostProcessor
running Unity.Jobs.CodeGen.JobsILPostProcessor
running zzzUnity.Burst.CodeGen.BurstILPostProcessor
[1114/1743  0s] ILPostProcess Library/Bee/artifacts/1300b0aE.dag/post-processed/Unity.Timeline.dll (+pdb)
Processing assembly Library/Bee/artifacts/1300b0aE.dag/Unity.Timeline.dll, with 136 defines and 261 references
processors: Unity.Jobs.CodeGen.JobsILPostProcessor, zzzUnity.Burst.CodeGen.BurstILPostProcessor
running Unity.Jobs.CodeGen.JobsILPostProcessor
running zzzUnity.Burst.CodeGen.BurstILPostProcessor
[1115/1743  0s] ILPostProcess Library/Bee/artifacts/1300b0aE.dag/post-processed/Meta.Voice.NLayer.dll (+pdb)
Processing assembly Library/Bee/artifacts/1300b0aE.dag/Meta.Voice.NLayer.dll, with 136 defines and 261 references
processors: Unity.Jobs.CodeGen.JobsILPostProcessor, zzzUnity.Burst.CodeGen.BurstILPostProcessor
running Unity.Jobs.CodeGen.JobsILPostProcessor
running zzzUnity.Burst.CodeGen.BurstILPostProcessor
[1116/1743  0s] ILPostProcess Library/Bee/artifacts/1300b0aE.dag/post-processed/Unity.RenderPipelines.Core.ShaderLibrary.dll (+pdb)
Processing assembly Library/Bee/artifacts/1300b0aE.dag/Unity.RenderPipelines.Core.ShaderLibrary.dll, with 135 defines and 261 references
processors: Unity.Jobs.CodeGen.JobsILPostProcessor, zzzUnity.Burst.CodeGen.BurstILPostProcessor
running Unity.Jobs.CodeGen.JobsILPostProcessor
running zzzUnity.Burst.CodeGen.BurstILPostProcessor
[1117/1743  0s] ILPostProcess Library/Bee/artifacts/1300b0aE.dag/post-processed/Unity.TextMeshPro.dll (+pdb)
Processing assembly Library/Bee/artifacts/1300b0aE.dag/Unity.TextMeshPro.dll, with 136 defines and 261 references
processors: Unity.Jobs.CodeGen.JobsILPostProcessor, zzzUnity.Burst.CodeGen.BurstILPostProcessor
running Unity.Jobs.CodeGen.JobsILPostProcessor
running zzzUnity.Burst.CodeGen.BurstILPostProcessor
[1118/1743  0s] ILPostProcess Library/Bee/artifacts/1300b0aE.dag/post-processed/Unity.InputSystem.dll (+pdb)
Processing assembly Library/Bee/artifacts/1300b0aE.dag/Unity.InputSystem.dll, with 143 defines and 261 references
processors: Unity.Jobs.CodeGen.JobsILPostProcessor, zzzUnity.Burst.CodeGen.BurstILPostProcessor
running Unity.Jobs.CodeGen.JobsILPostProcessor
running zzzUnity.Burst.CodeGen.BurstILPostProcessor
[1119/1743  0s] ILPostProcess Library/Bee/artifacts/1300b0aE.dag/post-processed/UnityEngine.UI.dll (+pdb)
Processing assembly Library/Bee/artifacts/1300b0aE.dag/UnityEngine.UI.dll, with 141 defines and 259 references
processors: Unity.Jobs.CodeGen.JobsILPostProcessor, zzzUnity.Burst.CodeGen.BurstILPostProcessor
running Unity.Jobs.CodeGen.JobsILPostProcessor
running zzzUnity.Burst.CodeGen.BurstILPostProcessor
[1120/1743  0s] Csc Library/Bee/artifacts/1300b0aE.dag/Unity.RenderPipelines.Core.Runtime.dll (+2 others)
[           0s] Csc Library/Bee/artifacts/1300b0aE.dag/Unity.RenderPipelines.Core.Runtime.dll (+2 others) [CacheWrite 00000000000000000000000000000004]
[1121/1743  0s] ILPostProcess Library/Bee/artifacts/1300b0aE.dag/post-processed/Oculus.Interaction.Samples.dll (+pdb)
Processing assembly Library/Bee/artifacts/1300b0aE.dag/Oculus.Interaction.Samples.dll, with 136 defines and 263 references
processors: Unity.Jobs.CodeGen.JobsILPostProcessor, zzzUnity.Burst.CodeGen.BurstILPostProcessor
running Unity.Jobs.CodeGen.JobsILPostProcessor
running zzzUnity.Burst.CodeGen.BurstILPostProcessor
[1122/1743  0s] ILPostProcess Library/Bee/artifacts/1300b0aE.dag/post-processed/VoiceSDK.Telemetry.Runtime.dll (+pdb)
Processing assembly Library/Bee/artifacts/1300b0aE.dag/VoiceSDK.Telemetry.Runtime.dll, with 136 defines and 261 references
processors: Unity.Jobs.CodeGen.JobsILPostProcessor, zzzUnity.Burst.CodeGen.BurstILPostProcessor
running Unity.Jobs.CodeGen.JobsILPostProcessor
running zzzUnity.Burst.CodeGen.BurstILPostProcessor
[1123/1743  0s] ILPostProcess Library/Bee/artifacts/1300b0aE.dag/post-processed/Meta.WitAi.dll (+pdb)
Processing assembly Library/Bee/artifacts/1300b0aE.dag/Meta.WitAi.dll, with 136 defines and 268 references
processors: Unity.Jobs.CodeGen.JobsILPostProcessor, zzzUnity.Burst.CodeGen.BurstILPostProcessor
running Unity.Jobs.CodeGen.JobsILPostProcessor
running zzzUnity.Burst.CodeGen.BurstILPostProcessor
[1124/1743  0s] Csc Library/Bee/artifacts/1300b0aE.dag/Unity.VisualScripting.Flow.Editor.dll (+2 others)
[           0s] Csc Library/Bee/artifacts/1300b0aE.dag/Unity.VisualScripting.Flow.Editor.dll (+2 others) [CacheWrite 00000000000000000000000000000004]
[1125/1743  0s] ILPostProcess Library/Bee/artifacts/1300b0aE.dag/post-processed/Unity.RenderPipelines.ShaderGraph.ShaderGraphLibrary.dll (+pdb)
Processing assembly Library/Bee/artifacts/1300b0aE.dag/Unity.RenderPipelines.ShaderGraph.ShaderGraphLibrary.dll, with 135 defines and 261 references
processors: Unity.Jobs.CodeGen.JobsILPostProcessor, zzzUnity.Burst.CodeGen.BurstILPostProcessor
running Unity.Jobs.CodeGen.JobsILPostProcessor
running zzzUnity.Burst.CodeGen.BurstILPostProcessor
[1126/1743  0s] ILPostProcess Library/Bee/artifacts/1300b0aE.dag/post-processed/Meta.Voice.Hub.Runtime.dll (+pdb)
Processing assembly Library/Bee/artifacts/1300b0aE.dag/Meta.Voice.Hub.Runtime.dll, with 136 defines and 261 references
processors: Unity.Jobs.CodeGen.JobsILPostProcessor, zzzUnity.Burst.CodeGen.BurstILPostProcessor
running Unity.Jobs.CodeGen.JobsILPostProcessor
running zzzUnity.Burst.CodeGen.BurstILPostProcessor
[1127/1743  0s] ILPostProcess Library/Bee/artifacts/1300b0aE.dag/post-processed/Meta.VoiceSDK.Mic.WebGL.dll (+pdb)
Processing assembly Library/Bee/artifacts/1300b0aE.dag/Meta.VoiceSDK.Mic.WebGL.dll, with 136 defines and 263 references
processors: Unity.Jobs.CodeGen.JobsILPostProcessor, zzzUnity.Burst.CodeGen.BurstILPostProcessor
running Unity.Jobs.CodeGen.JobsILPostProcessor
running zzzUnity.Burst.CodeGen.BurstILPostProcessor
[1128/1743  0s] ILPostProcess Library/Bee/artifacts/1300b0aE.dag/post-processed/Unity.VisualScripting.Core.dll (+pdb)
Processing assembly Library/Bee/artifacts/1300b0aE.dag/Unity.VisualScripting.Core.dll, with 140 defines and 262 references
processors: Unity.Jobs.CodeGen.JobsILPostProcessor, zzzUnity.Burst.CodeGen.BurstILPostProcessor
running Unity.Jobs.CodeGen.JobsILPostProcessor
running zzzUnity.Burst.CodeGen.BurstILPostProcessor
[1129/1743  0s] ILPostProcess Library/Bee/artifacts/1300b0aE.dag/post-processed/Unity.InputSystem.TestFramework.dll (+pdb)
Processing assembly Library/Bee/artifacts/1300b0aE.dag/Unity.InputSystem.TestFramework.dll, with 136 defines and 245 references
processors: Unity.Jobs.CodeGen.JobsILPostProcessor, zzzUnity.Burst.CodeGen.BurstILPostProcessor
running Unity.Jobs.CodeGen.JobsILPostProcessor
running zzzUnity.Burst.CodeGen.BurstILPostProcessor
[1130/1743  0s] ILPostProcess Library/Bee/artifacts/1300b0aE.dag/post-processed/Oculus.Platform.dll (+pdb)
Processing assembly Library/Bee/artifacts/1300b0aE.dag/Oculus.Platform.dll, with 137 defines and 261 references
processors: Unity.Jobs.CodeGen.JobsILPostProcessor, zzzUnity.Burst.CodeGen.BurstILPostProcessor
running Unity.Jobs.CodeGen.JobsILPostProcessor
running zzzUnity.Burst.CodeGen.BurstILPostProcessor
[1131/1743  0s] ILPostProcess Library/Bee/artifacts/1300b0aE.dag/post-processed/Unity.WebRTC.dll (+pdb)
Processing assembly Library/Bee/artifacts/1300b0aE.dag/Unity.WebRTC.dll, with 135 defines and 261 references
processors: Unity.Jobs.CodeGen.JobsILPostProcessor, zzzUnity.Burst.CodeGen.BurstILPostProcessor
running Unity.Jobs.CodeGen.JobsILPostProcessor
running zzzUnity.Burst.CodeGen.BurstILPostProcessor
[1132/1743  0s] ILPostProcess Library/Bee/artifacts/1300b0aE.dag/post-processed/Meta.Voice.Opus.dll (+pdb)
Processing assembly Library/Bee/artifacts/1300b0aE.dag/Meta.Voice.Opus.dll, with 136 defines and 261 references
processors: Unity.Jobs.CodeGen.JobsILPostProcessor, zzzUnity.Burst.CodeGen.BurstILPostProcessor
running Unity.Jobs.CodeGen.JobsILPostProcessor
running zzzUnity.Burst.CodeGen.BurstILPostProcessor
[1133/1743  0s] ILPostProcess Library/Bee/artifacts/1300b0aE.dag/post-processed/Unity.XR.Management.dll (+pdb)
Processing assembly Library/Bee/artifacts/1300b0aE.dag/Unity.XR.Management.dll, with 136 defines and 261 references
processors: Unity.Jobs.CodeGen.JobsILPostProcessor, zzzUnity.Burst.CodeGen.BurstILPostProcessor
running Unity.Jobs.CodeGen.JobsILPostProcessor
running zzzUnity.Burst.CodeGen.BurstILPostProcessor
[1134/1743  0s] ILPostProcess Library/Bee/artifacts/1300b0aE.dag/post-processed/Unity.Multiplayer.Center.Common.dll (+pdb)
Processing assembly Library/Bee/artifacts/1300b0aE.dag/Unity.Multiplayer.Center.Common.dll, with 135 defines and 261 references
processors: Unity.Jobs.CodeGen.JobsILPostProcessor, zzzUnity.Burst.CodeGen.BurstILPostProcessor
running Unity.Jobs.CodeGen.JobsILPostProcessor
running zzzUnity.Burst.CodeGen.BurstILPostProcessor
[1135/1743  0s] ILPostProcess Library/Bee/artifacts/1300b0aE.dag/post-processed/Meta.VoiceSDK.Mic.Common.dll (+pdb)
Processing assembly Library/Bee/artifacts/1300b0aE.dag/Meta.VoiceSDK.Mic.Common.dll, with 136 defines and 262 references
processors: Unity.Jobs.CodeGen.JobsILPostProcessor, zzzUnity.Burst.CodeGen.BurstILPostProcessor
running Unity.Jobs.CodeGen.JobsILPostProcessor
running zzzUnity.Burst.CodeGen.BurstILPostProcessor
[1136/1743  0s] ILPostProcess Library/Bee/artifacts/1300b0aE.dag/post-processed/UnityEngine.XR.LegacyInputHelpers.dll (+pdb)
Processing assembly Library/Bee/artifacts/1300b0aE.dag/UnityEngine.XR.LegacyInputHelpers.dll, with 135 defines and 262 references
processors: Unity.Jobs.CodeGen.JobsILPostProcessor, zzzUnity.Burst.CodeGen.BurstILPostProcessor
running Unity.Jobs.CodeGen.JobsILPostProcessor
running zzzUnity.Burst.CodeGen.BurstILPostProcessor
[1137/1743  0s] ILPostProcess Library/Bee/artifacts/1300b0aE.dag/post-processed/Unity.RenderPipelines.Universal.Shaders.dll (+pdb)
Processing assembly Library/Bee/artifacts/1300b0aE.dag/Unity.RenderPipelines.Universal.Shaders.dll, with 135 defines and 261 references
processors: Unity.Jobs.CodeGen.JobsILPostProcessor, zzzUnity.Burst.CodeGen.BurstILPostProcessor
running Unity.Jobs.CodeGen.JobsILPostProcessor
running zzzUnity.Burst.CodeGen.BurstILPostProcessor
[1138/1743  0s] ILPostProcess Library/Bee/artifacts/1300b0aE.dag/post-processed/Meta.XR.Audio.dll (+pdb)
Processing assembly Library/Bee/artifacts/1300b0aE.dag/Meta.XR.Audio.dll, with 137 defines and 261 references
processors: Unity.Jobs.CodeGen.JobsILPostProcessor, zzzUnity.Burst.CodeGen.BurstILPostProcessor
running Unity.Jobs.CodeGen.JobsILPostProcessor
running zzzUnity.Burst.CodeGen.BurstILPostProcessor
[1139/1743  0s] ILPostProcess Library/Bee/artifacts/1300b0aE.dag/post-processed/VoiceSDK.Dictation.Runtime.dll (+pdb)
Processing assembly Library/Bee/artifacts/1300b0aE.dag/VoiceSDK.Dictation.Runtime.dll, with 136 defines and 266 references
processors: Unity.Jobs.CodeGen.JobsILPostProcessor, zzzUnity.Burst.CodeGen.BurstILPostProcessor
running Unity.Jobs.CodeGen.JobsILPostProcessor
running zzzUnity.Burst.CodeGen.BurstILPostProcessor
[1140/1743  0s] ILPostProcess Library/Bee/artifacts/1300b0aE.dag/post-processed/VoiceSDK.Runtime.Composer.dll (+pdb)
Processing assembly Library/Bee/artifacts/1300b0aE.dag/VoiceSDK.Runtime.Composer.dll, with 136 defines and 269 references
processors: Unity.Jobs.CodeGen.JobsILPostProcessor, zzzUnity.Burst.CodeGen.BurstILPostProcessor
running Unity.Jobs.CodeGen.JobsILPostProcessor
running zzzUnity.Burst.CodeGen.BurstILPostProcessor
[1141/1743  0s] ILPostProcess Library/Bee/artifacts/1300b0aE.dag/post-processed/Unity.VisualScripting.Flow.dll (+pdb)
Processing assembly Library/Bee/artifacts/1300b0aE.dag/Unity.VisualScripting.Flow.dll, with 143 defines and 263 references
processors: Unity.Jobs.CodeGen.JobsILPostProcessor, zzzUnity.Burst.CodeGen.BurstILPostProcessor
running Unity.Jobs.CodeGen.JobsILPostProcessor
running zzzUnity.Burst.CodeGen.BurstILPostProcessor
[1142/1743  0s] ILPostProcess Library/Bee/artifacts/1300b0aE.dag/post-processed/AssistantCoreSDKRuntime.dll (+pdb)
Processing assembly Library/Bee/artifacts/1300b0aE.dag/AssistantCoreSDKRuntime.dll, with 136 defines and 261 references
processors: Unity.Jobs.CodeGen.JobsILPostProcessor, zzzUnity.Burst.CodeGen.BurstILPostProcessor
running Unity.Jobs.CodeGen.JobsILPostProcessor
running zzzUnity.Burst.CodeGen.BurstILPostProcessor
[1143/1743  0s] ILPostProcess Library/Bee/artifacts/1300b0aE.dag/post-processed/Unity.VisualScripting.State.dll (+pdb)
Processing assembly Library/Bee/artifacts/1300b0aE.dag/Unity.VisualScripting.State.dll, with 135 defines and 263 references
processors: Unity.Jobs.CodeGen.JobsILPostProcessor, zzzUnity.Burst.CodeGen.BurstILPostProcessor
running Unity.Jobs.CodeGen.JobsILPostProcessor
running zzzUnity.Burst.CodeGen.BurstILPostProcessor
[1144/1743  0s] ILPostProcess Library/Bee/artifacts/1300b0aE.dag/post-processed/Meta.XR.ImmersiveDebugger.Interface.dll (+pdb)
Processing assembly Library/Bee/artifacts/1300b0aE.dag/Meta.XR.ImmersiveDebugger.Interface.dll, with 136 defines and 261 references
processors: Unity.Jobs.CodeGen.JobsILPostProcessor, zzzUnity.Burst.CodeGen.BurstILPostProcessor
running Unity.Jobs.CodeGen.JobsILPostProcessor
running zzzUnity.Burst.CodeGen.BurstILPostProcessor
[1145/1743  0s] ILPostProcess Library/Bee/artifacts/1300b0aE.dag/post-processed/Meta.VoiceSDK.Mic.Other.dll (+pdb)
Processing assembly Library/Bee/artifacts/1300b0aE.dag/Meta.VoiceSDK.Mic.Other.dll, with 136 defines and 263 references
processors: Unity.Jobs.CodeGen.JobsILPostProcessor, zzzUnity.Burst.CodeGen.BurstILPostProcessor
running Unity.Jobs.CodeGen.JobsILPostProcessor
running zzzUnity.Burst.CodeGen.BurstILPostProcessor
[1146/1743  0s] ILPostProcess Library/Bee/artifacts/1300b0aE.dag/post-processed/Unity.PerformanceTesting.dll (+pdb)
Processing assembly Library/Bee/artifacts/1300b0aE.dag/Unity.PerformanceTesting.dll, with 136 defines and 243 references
processors: Unity.Jobs.CodeGen.JobsILPostProcessor, zzzUnity.Burst.CodeGen.BurstILPostProcessor
running Unity.Jobs.CodeGen.JobsILPostProcessor
running zzzUnity.Burst.CodeGen.BurstILPostProcessor
[1147/1743  0s] ILPostProcess Library/Bee/artifacts/1300b0aE.dag/post-processed/Unity.VisualScripting.DocCodeExamples.dll (+pdb)
Processing assembly Library/Bee/artifacts/1300b0aE.dag/Unity.VisualScripting.DocCodeExamples.dll, with 135 defines and 246 references
processors: Unity.Jobs.CodeGen.JobsILPostProcessor, zzzUnity.Burst.CodeGen.BurstILPostProcessor
running Unity.Jobs.CodeGen.JobsILPostProcessor
running zzzUnity.Burst.CodeGen.BurstILPostProcessor
[1148/1743  0s] ILPostProcess Library/Bee/artifacts/1300b0aE.dag/post-processed/AssistantVoiceCommandCommon.dll (+pdb)
Processing assembly Library/Bee/artifacts/1300b0aE.dag/AssistantVoiceCommandCommon.dll, with 136 defines and 262 references
processors: Unity.Jobs.CodeGen.JobsILPostProcessor, zzzUnity.Burst.CodeGen.BurstILPostProcessor
running Unity.Jobs.CodeGen.JobsILPostProcessor
running zzzUnity.Burst.CodeGen.BurstILPostProcessor
[1149/1743  0s] ILPostProcess Library/Bee/artifacts/1300b0aE.dag/post-processed/UnityEngine.SpatialTracking.dll (+pdb)
Processing assembly Library/Bee/artifacts/1300b0aE.dag/UnityEngine.SpatialTracking.dll, with 135 defines and 261 references
processors: Unity.Jobs.CodeGen.JobsILPostProcessor, zzzUnity.Burst.CodeGen.BurstILPostProcessor
running Unity.Jobs.CodeGen.JobsILPostProcessor
running zzzUnity.Burst.CodeGen.BurstILPostProcessor
[1150/1743  0s] ILPostProcess Library/Bee/artifacts/1300b0aE.dag/post-processed/Unity.AI.Navigation.dll (+pdb)
Processing assembly Library/Bee/artifacts/1300b0aE.dag/Unity.AI.Navigation.dll, with 136 defines and 261 references
processors: Unity.Jobs.CodeGen.JobsILPostProcessor, zzzUnity.Burst.CodeGen.BurstILPostProcessor
running Unity.Jobs.CodeGen.JobsILPostProcessor
running zzzUnity.Burst.CodeGen.BurstILPostProcessor
[1151/1743  0s] ILPostProcess Library/Bee/artifacts/1300b0aE.dag/post-processed/Unity.Rendering.LightTransport.Editor.dll (+pdb)
Processing assembly Library/Bee/artifacts/1300b0aE.dag/Unity.Rendering.LightTransport.Editor.dll, with 133 defines and 272 references
processors: Unity.Jobs.CodeGen.JobsILPostProcessor, zzzUnity.Burst.CodeGen.BurstILPostProcessor
running Unity.Jobs.CodeGen.JobsILPostProcessor
running zzzUnity.Burst.CodeGen.BurstILPostProcessor
[1152/1743  0s] MovedFromExtractor Library/Bee/artifacts/mvdfrm/Unity.RenderPipelines.Core.Runtime.ref.dll_CA4A63933BEF3AB0.mvfrm
[1153/1743  0s] MovedFromExtractor Library/Bee/artifacts/mvdfrm/Unity.VisualScripting.Flow.Editor.ref.dll_CE7BFB6B1BFC18F8.mvfrm
[1154/1743  0s] ILPostProcess Library/Bee/artifacts/1300b0aE.dag/post-processed/UnityEditor.SpatialTracking.dll (+pdb)
Processing assembly Library/Bee/artifacts/1300b0aE.dag/UnityEditor.SpatialTracking.dll, with 134 defines and 273 references
processors: Unity.Jobs.CodeGen.JobsILPostProcessor, zzzUnity.Burst.CodeGen.BurstILPostProcessor
running Unity.Jobs.CodeGen.JobsILPostProcessor
running zzzUnity.Burst.CodeGen.BurstILPostProcessor
[1155/1743  0s] ILPostProcess Library/Bee/artifacts/1300b0aE.dag/post-processed/Unity.AI.Navigation.Editor.ConversionSystem.dll (+pdb)
Processing assembly Library/Bee/artifacts/1300b0aE.dag/Unity.AI.Navigation.Editor.ConversionSystem.dll, with 133 defines and 272 references
processors: Unity.Jobs.CodeGen.JobsILPostProcessor, zzzUnity.Burst.CodeGen.BurstILPostProcessor
running Unity.Jobs.CodeGen.JobsILPostProcessor
running zzzUnity.Burst.CodeGen.BurstILPostProcessor
[1156/1743  0s] ILPostProcess Library/Bee/artifacts/1300b0aE.dag/post-processed/Unity.XR.CoreUtils.Editor.dll (+pdb)
Processing assembly Library/Bee/artifacts/1300b0aE.dag/Unity.XR.CoreUtils.Editor.dll, with 135 defines and 274 references
processors: Unity.Jobs.CodeGen.JobsILPostProcessor, zzzUnity.Burst.CodeGen.BurstILPostProcessor
running Unity.Jobs.CodeGen.JobsILPostProcessor
running zzzUnity.Burst.CodeGen.BurstILPostProcessor
[1157/1743  0s] ILPostProcess Library/Bee/artifacts/1300b0aE.dag/post-processed/Unity.EditorCoroutines.Editor.dll (+pdb)
Processing assembly Library/Bee/artifacts/1300b0aE.dag/Unity.EditorCoroutines.Editor.dll, with 133 defines and 272 references
processors: Unity.Jobs.CodeGen.JobsILPostProcessor, zzzUnity.Burst.CodeGen.BurstILPostProcessor
running Unity.Jobs.CodeGen.JobsILPostProcessor
running zzzUnity.Burst.CodeGen.BurstILPostProcessor
[1158/1743  0s] ILPostProcess Library/Bee/artifacts/1300b0aE.dag/post-processed/Meta.XR.Editor.Callbacks.dll (+pdb)
Processing assembly Library/Bee/artifacts/1300b0aE.dag/Meta.XR.Editor.Callbacks.dll, with 134 defines and 272 references
processors: Unity.Jobs.CodeGen.JobsILPostProcessor, zzzUnity.Burst.CodeGen.BurstILPostProcessor
running Unity.Jobs.CodeGen.JobsILPostProcessor
running zzzUnity.Burst.CodeGen.BurstILPostProcessor
[1159/1743  0s] ILPostProcess Library/Bee/artifacts/1300b0aE.dag/post-processed/Meta.XR.Editor.Reflection.dll (+pdb)
Processing assembly Library/Bee/artifacts/1300b0aE.dag/Meta.XR.Editor.Reflection.dll, with 134 defines and 272 references
processors: Unity.Jobs.CodeGen.JobsILPostProcessor, zzzUnity.Burst.CodeGen.BurstILPostProcessor
running Unity.Jobs.CodeGen.JobsILPostProcessor
running zzzUnity.Burst.CodeGen.BurstILPostProcessor
[1160/1743  0s] MovedFromExtractor-Combine Library/Bee/artifacts/1300b0aE.dag/Unity.RenderPipelines.Core.Runtime.Shared.dll.mvfrm
[1161/1743  0s] MovedFromExtractor-Combine Library/Bee/artifacts/1300b0aE.dag/Unity.RenderPipeline.Universal.ShaderLibrary.dll.mvfrm
[1162/1743  0s] ILPostProcess Library/Bee/artifacts/1300b0aE.dag/post-processed/UnityEditor.UI.dll (+pdb)
Processing assembly Library/Bee/artifacts/1300b0aE.dag/UnityEditor.UI.dll, with 136 defines and 271 references
processors: Unity.Jobs.CodeGen.JobsILPostProcessor, zzzUnity.Burst.CodeGen.BurstILPostProcessor
running Unity.Jobs.CodeGen.JobsILPostProcessor
running zzzUnity.Burst.CodeGen.BurstILPostProcessor
[1163/1743  0s] ILPostProcess Library/Bee/artifacts/1300b0aE.dag/post-processed/Oculus.Interaction.Samples.Editor.dll (+pdb)
Processing assembly Library/Bee/artifacts/1300b0aE.dag/Oculus.Interaction.Samples.Editor.dll, with 134 defines and 275 references
processors: Unity.Jobs.CodeGen.JobsILPostProcessor, zzzUnity.Burst.CodeGen.BurstILPostProcessor
running Unity.Jobs.CodeGen.JobsILPostProcessor
running zzzUnity.Burst.CodeGen.BurstILPostProcessor
[1164/1743  0s] ILPostProcess Library/Bee/artifacts/1300b0aE.dag/post-processed/Meta.Voice.Hub.Editor.dll (+pdb)
Processing assembly Library/Bee/artifacts/1300b0aE.dag/Meta.Voice.Hub.Editor.dll, with 134 defines and 275 references
processors: Unity.Jobs.CodeGen.JobsILPostProcessor, zzzUnity.Burst.CodeGen.BurstILPostProcessor
running Unity.Jobs.CodeGen.JobsILPostProcessor
running zzzUnity.Burst.CodeGen.BurstILPostProcessor
[1165/1743  0s] MovedFromExtractor-Combine Library/Bee/artifacts/1300b0aE.dag/Unity.VisualScripting.State.Editor.dll.mvfrm
[1166/1743  0s] ILPostProcess Library/Bee/artifacts/1300b0aE.dag/post-processed/VoiceSDK.Editor.dll (+pdb)
Processing assembly Library/Bee/artifacts/1300b0aE.dag/VoiceSDK.Editor.dll, with 134 defines and 282 references
processors: Unity.Jobs.CodeGen.JobsILPostProcessor, zzzUnity.Burst.CodeGen.BurstILPostProcessor
running Unity.Jobs.CodeGen.JobsILPostProcessor
running zzzUnity.Burst.CodeGen.BurstILPostProcessor
[1167/1743  0s] ILPostProcess Library/Bee/artifacts/1300b0aE.dag/post-processed/Oculus.Interaction.Editor.dll (+pdb)
Processing assembly Library/Bee/artifacts/1300b0aE.dag/Oculus.Interaction.Editor.dll, with 134 defines and 273 references
processors: Unity.Jobs.CodeGen.JobsILPostProcessor, zzzUnity.Burst.CodeGen.BurstILPostProcessor
running Unity.Jobs.CodeGen.JobsILPostProcessor
running zzzUnity.Burst.CodeGen.BurstILPostProcessor
[1168/1743  0s] ILPostProcess Library/Bee/artifacts/1300b0aE.dag/post-processed/Meta.WitAi.TTS.Editor.dll (+pdb)
Processing assembly Library/Bee/artifacts/1300b0aE.dag/Meta.WitAi.TTS.Editor.dll, with 134 defines and 277 references
processors: Unity.Jobs.CodeGen.JobsILPostProcessor, zzzUnity.Burst.CodeGen.BurstILPostProcessor
running Unity.Jobs.CodeGen.JobsILPostProcessor
running zzzUnity.Burst.CodeGen.BurstILPostProcessor
[1169/1743  0s] ILPostProcess Library/Bee/artifacts/1300b0aE.dag/post-processed/AssistantCoreSDKEditor.dll (+pdb)
Processing assembly Library/Bee/artifacts/1300b0aE.dag/AssistantCoreSDKEditor.dll, with 134 defines and 273 references
processors: Unity.Jobs.CodeGen.JobsILPostProcessor, zzzUnity.Burst.CodeGen.BurstILPostProcessor
running Unity.Jobs.CodeGen.JobsILPostProcessor
running zzzUnity.Burst.CodeGen.BurstILPostProcessor
[1170/1743  0s] ILPostProcess Library/Bee/artifacts/1300b0aE.dag/post-processed/Unity.PerformanceTesting.Editor.dll (+pdb)
Processing assembly Library/Bee/artifacts/1300b0aE.dag/Unity.PerformanceTesting.Editor.dll, with 134 defines and 256 references
processors: Unity.Jobs.CodeGen.JobsILPostProcessor, zzzUnity.Burst.CodeGen.BurstILPostProcessor
running Unity.Jobs.CodeGen.JobsILPostProcessor
running zzzUnity.Burst.CodeGen.BurstILPostProcessor
[1171/1743  0s] MovedFromExtractor-Combine Library/Bee/artifacts/1300b0aE.dag/Unity.TextMeshPro.Editor.dll.mvfrm
[1172/1743  0s] MovedFromExtractor-Combine Library/Bee/artifacts/1300b0aE.dag/Unity.RenderPipelines.GPUDriven.Runtime.dll.mvfrm
[1173/1743  0s] MovedFromExtractor-Combine Library/Bee/artifacts/1300b0aE.dag/Unity.VisualScripting.SettingsProvider.Editor.dll.mvfrm
[1174/1743  0s] ILPostProcess Library/Bee/artifacts/1300b0aE.dag/post-processed/Meta.XR.Audio.Editor.dll (+pdb)
Processing assembly Library/Bee/artifacts/1300b0aE.dag/Meta.XR.Audio.Editor.dll, with 135 defines and 273 references
processors: Unity.Jobs.CodeGen.JobsILPostProcessor, zzzUnity.Burst.CodeGen.BurstILPostProcessor
running Unity.Jobs.CodeGen.JobsILPostProcessor
running zzzUnity.Burst.CodeGen.BurstILPostProcessor
[1175/1743  0s] MovedFromExtractor-Combine Library/Bee/artifacts/1300b0aE.dag/Unity.RenderPipelines.Universal.Config.Runtime.dll.mvfrm
[1176/1743  0s] ILPostProcess Library/Bee/artifacts/1300b0aE.dag/post-processed/Unity.Multiplayer.Center.Editor.dll (+pdb)
Processing assembly Library/Bee/artifacts/1300b0aE.dag/Unity.Multiplayer.Center.Editor.dll, with 133 defines and 273 references
processors: Unity.Jobs.CodeGen.JobsILPostProcessor, zzzUnity.Burst.CodeGen.BurstILPostProcessor
running Unity.Jobs.CodeGen.JobsILPostProcessor
running zzzUnity.Burst.CodeGen.BurstILPostProcessor
[1177/1743  0s] ILPostProcess Library/Bee/artifacts/1300b0aE.dag/post-processed/Unity.Mathematics.Editor.dll (+pdb)
Processing assembly Library/Bee/artifacts/1300b0aE.dag/Unity.Mathematics.Editor.dll, with 133 defines and 273 references
processors: Unity.Jobs.CodeGen.JobsILPostProcessor, zzzUnity.Burst.CodeGen.BurstILPostProcessor
running Unity.Jobs.CodeGen.JobsILPostProcessor
running zzzUnity.Burst.CodeGen.BurstILPostProcessor
[1178/1743  0s] ILPostProcess Library/Bee/artifacts/1300b0aE.dag/post-processed/VoiceSDK.Editor.Composer.dll (+pdb)
Processing assembly Library/Bee/artifacts/1300b0aE.dag/VoiceSDK.Editor.Composer.dll, with 134 defines and 281 references
processors: Unity.Jobs.CodeGen.JobsILPostProcessor, zzzUnity.Burst.CodeGen.BurstILPostProcessor
running Unity.Jobs.CodeGen.JobsILPostProcessor
running zzzUnity.Burst.CodeGen.BurstILPostProcessor
[1179/1743  0s] ILPostProcess Library/Bee/artifacts/1300b0aE.dag/post-processed/Meta.Voice.VSDKHub.Editor.dll (+pdb)
Processing assembly Library/Bee/artifacts/1300b0aE.dag/Meta.Voice.VSDKHub.Editor.dll, with 134 defines and 276 references
processors: Unity.Jobs.CodeGen.JobsILPostProcessor, zzzUnity.Burst.CodeGen.BurstILPostProcessor
running Unity.Jobs.CodeGen.JobsILPostProcessor
running zzzUnity.Burst.CodeGen.BurstILPostProcessor
[1180/1743  0s] ILPostProcess Library/Bee/artifacts/1300b0aE.dag/post-processed/Unity.Searcher.Editor.dll (+pdb)
Processing assembly Library/Bee/artifacts/1300b0aE.dag/Unity.Searcher.Editor.dll, with 133 defines and 272 references
processors: Unity.Jobs.CodeGen.JobsILPostProcessor, zzzUnity.Burst.CodeGen.BurstILPostProcessor
running Unity.Jobs.CodeGen.JobsILPostProcessor
running zzzUnity.Burst.CodeGen.BurstILPostProcessor
[1181/1743  0s] ILPostProcess Library/Bee/artifacts/1300b0aE.dag/post-processed/VoiceSDK.Telemetry.dll (+pdb)
Processing assembly Library/Bee/artifacts/1300b0aE.dag/VoiceSDK.Telemetry.dll, with 134 defines and 275 references
processors: Unity.Jobs.CodeGen.JobsILPostProcessor, zzzUnity.Burst.CodeGen.BurstILPostProcessor
running Unity.Jobs.CodeGen.JobsILPostProcessor
running zzzUnity.Burst.CodeGen.BurstILPostProcessor
[1182/1743  0s] ILPostProcess Library/Bee/artifacts/1300b0aE.dag/post-processed/Unity.Collections.Editor.dll (+pdb)
Processing assembly Library/Bee/artifacts/1300b0aE.dag/Unity.Collections.Editor.dll, with 134 defines and 273 references
processors: Unity.Jobs.CodeGen.JobsILPostProcessor, zzzUnity.Burst.CodeGen.BurstILPostProcessor
running Unity.Jobs.CodeGen.JobsILPostProcessor
running zzzUnity.Burst.CodeGen.BurstILPostProcessor
[1183/1743  0s] ILPostProcess Library/Bee/artifacts/1300b0aE.dag/post-processed/Meta.Wit.Composer.Editor.dll (+pdb)
Processing assembly Library/Bee/artifacts/1300b0aE.dag/Meta.Wit.Composer.Editor.dll, with 134 defines and 279 references
processors: Unity.Jobs.CodeGen.JobsILPostProcessor, zzzUnity.Burst.CodeGen.BurstILPostProcessor
running Unity.Jobs.CodeGen.JobsILPostProcessor
running zzzUnity.Burst.CodeGen.BurstILPostProcessor
[1184/1743  0s] Csc Library/Bee/artifacts/1300b0aE.dag/Unity.RenderPipelines.Core.Runtime.Shared.dll (+2 others)
[1185/1743  0s] ILPostProcess Library/Bee/artifacts/1300b0aE.dag/post-processed/Unity.Timeline.Editor.dll (+pdb)
Processing assembly Library/Bee/artifacts/1300b0aE.dag/Unity.Timeline.Editor.dll, with 134 defines and 273 references
processors: Unity.Jobs.CodeGen.JobsILPostProcessor, zzzUnity.Burst.CodeGen.BurstILPostProcessor
running Unity.Jobs.CodeGen.JobsILPostProcessor
running zzzUnity.Burst.CodeGen.BurstILPostProcessor
[1186/1743  0s] Csc Library/Bee/artifacts/1300b0aE.dag/Unity.RenderPipeline.Universal.ShaderLibrary.dll (+2 others)
[           0s] Csc Library/Bee/artifacts/1300b0aE.dag/Unity.RenderPipeline.Universal.ShaderLibrary.dll (+2 others) [CacheWrite 00000000000000000000000000000004]
[1187/1743  0s] ILPostProcess Library/Bee/artifacts/1300b0aE.dag/post-processed/VoiceSDK.Dictation.Editor.dll (+pdb)
Processing assembly Library/Bee/artifacts/1300b0aE.dag/VoiceSDK.Dictation.Editor.dll, with 134 defines and 277 references
processors: Unity.Jobs.CodeGen.JobsILPostProcessor, zzzUnity.Burst.CodeGen.BurstILPostProcessor
running Unity.Jobs.CodeGen.JobsILPostProcessor
running zzzUnity.Burst.CodeGen.BurstILPostProcessor
[1188/1743  0s] ILPostProcess Library/Bee/artifacts/1300b0aE.dag/post-processed/Unity.AI.Navigation.Editor.dll (+pdb)
Processing assembly Library/Bee/artifacts/1300b0aE.dag/Unity.AI.Navigation.Editor.dll, with 134 defines and 274 references
processors: Unity.Jobs.CodeGen.JobsILPostProcessor, zzzUnity.Burst.CodeGen.BurstILPostProcessor
running Unity.Jobs.CodeGen.JobsILPostProcessor
running zzzUnity.Burst.CodeGen.BurstILPostProcessor
[1189/1743  0s] ILPostProcess Library/Bee/artifacts/1300b0aE.dag/post-processed/NewAssembly.dll (+pdb)
Processing assembly Library/Bee/artifacts/1300b0aE.dag/NewAssembly.dll, with 134 defines and 274 references
processors: Unity.Jobs.CodeGen.JobsILPostProcessor, zzzUnity.Burst.CodeGen.BurstILPostProcessor
running Unity.Jobs.CodeGen.JobsILPostProcessor
running zzzUnity.Burst.CodeGen.BurstILPostProcessor
[1190/1743  0s] ILPostProcess Library/Bee/artifacts/1300b0aE.dag/post-processed/Oculus.Interaction.InterfaceSupport.dll (+pdb)
Processing assembly Library/Bee/artifacts/1300b0aE.dag/Oculus.Interaction.InterfaceSupport.dll, with 134 defines and 273 references
processors: Unity.Jobs.CodeGen.JobsILPostProcessor, zzzUnity.Burst.CodeGen.BurstILPostProcessor
running Unity.Jobs.CodeGen.JobsILPostProcessor
running zzzUnity.Burst.CodeGen.BurstILPostProcessor
[1191/1743  0s] ILPostProcess Library/Bee/artifacts/1300b0aE.dag/post-processed/Unity.VisualScripting.Flow.Editor.dll (+pdb)
Processing assembly Library/Bee/artifacts/1300b0aE.dag/Unity.VisualScripting.Flow.Editor.dll, with 135 defines and 276 references
processors: Unity.Jobs.CodeGen.JobsILPostProcessor, zzzUnity.Burst.CodeGen.BurstILPostProcessor
running Unity.Jobs.CodeGen.JobsILPostProcessor
running zzzUnity.Burst.CodeGen.BurstILPostProcessor
[           0s] Csc Library/Bee/artifacts/1300b0aE.dag/Unity.RenderPipelines.Core.Runtime.Shared.dll (+2 others) [CacheWrite 00000000000000000000000000000004]
[1192/1743  0s] Csc Library/Bee/artifacts/1300b0aE.dag/Unity.VisualScripting.SettingsProvider.Editor.dll (+2 others)
[           0s] Csc Library/Bee/artifacts/1300b0aE.dag/Unity.VisualScripting.SettingsProvider.Editor.dll (+2 others) [CacheWrite 00000000000000000000000000000004]
[1193/1743  0s] Csc Library/Bee/artifacts/1300b0aE.dag/Unity.VisualScripting.State.Editor.dll (+2 others)
[1194/1743  0s] ILPostProcess Library/Bee/artifacts/1300b0aE.dag/post-processed/Unity.XR.Management.Editor.dll (+pdb)
Processing assembly Library/Bee/artifacts/1300b0aE.dag/Unity.XR.Management.Editor.dll, with 135 defines and 275 references
processors: Unity.Jobs.CodeGen.JobsILPostProcessor, zzzUnity.Burst.CodeGen.BurstILPostProcessor
running Unity.Jobs.CodeGen.JobsILPostProcessor
running zzzUnity.Burst.CodeGen.BurstILPostProcessor
[1195/1743  0s] ILPostProcess Library/Bee/artifacts/1300b0aE.dag/post-processed/Unity.RenderPipelines.Core.Runtime.Shared.dll (+pdb)
Processing assembly Library/Bee/artifacts/1300b0aE.dag/Unity.RenderPipelines.Core.Runtime.Shared.dll, with 135 defines and 262 references
processors: Unity.Jobs.CodeGen.JobsILPostProcessor, zzzUnity.Burst.CodeGen.BurstILPostProcessor
running Unity.Jobs.CodeGen.JobsILPostProcessor
running zzzUnity.Burst.CodeGen.BurstILPostProcessor
[1196/1743  0s] ILPostProcess Library/Bee/artifacts/1300b0aE.dag/post-processed/Meta.XR.Editor.Settings.dll (+pdb)
Processing assembly Library/Bee/artifacts/1300b0aE.dag/Meta.XR.Editor.Settings.dll, with 134 defines and 272 references
processors: Unity.Jobs.CodeGen.JobsILPostProcessor, zzzUnity.Burst.CodeGen.BurstILPostProcessor
running Unity.Jobs.CodeGen.JobsILPostProcessor
running zzzUnity.Burst.CodeGen.BurstILPostProcessor
[           0s] Csc Library/Bee/artifacts/1300b0aE.dag/Unity.VisualScripting.State.Editor.dll (+2 others) [CacheWrite 00000000000000000000000000000004]
[1197/1743  0s] ILPostProcess Library/Bee/artifacts/1300b0aE.dag/post-processed/Meta.WitAI.Lib.Editor.dll (+pdb)
Processing assembly Library/Bee/artifacts/1300b0aE.dag/Meta.WitAI.Lib.Editor.dll, with 134 defines and 275 references
processors: Unity.Jobs.CodeGen.JobsILPostProcessor, zzzUnity.Burst.CodeGen.BurstILPostProcessor
running Unity.Jobs.CodeGen.JobsILPostProcessor
running zzzUnity.Burst.CodeGen.BurstILPostProcessor
[1198/1743  0s] ILPostProcess Library/Bee/artifacts/1300b0aE.dag/post-processed/Unity.RenderPipeline.Universal.ShaderLibrary.dll (+pdb)
Processing assembly Library/Bee/artifacts/1300b0aE.dag/Unity.RenderPipeline.Universal.ShaderLibrary.dll, with 135 defines and 262 references
processors: Unity.Jobs.CodeGen.JobsILPostProcessor, zzzUnity.Burst.CodeGen.BurstILPostProcessor
running Unity.Jobs.CodeGen.JobsILPostProcessor
running zzzUnity.Burst.CodeGen.BurstILPostProcessor
[1199/1743  0s] ILPostProcess Library/Bee/artifacts/1300b0aE.dag/post-processed/AssistantVoiceCommandCommon.Editor.dll (+pdb)
Processing assembly Library/Bee/artifacts/1300b0aE.dag/AssistantVoiceCommandCommon.Editor.dll, with 134 defines and 273 references
processors: Unity.Jobs.CodeGen.JobsILPostProcessor, zzzUnity.Burst.CodeGen.BurstILPostProcessor
running Unity.Jobs.CodeGen.JobsILPostProcessor
running zzzUnity.Burst.CodeGen.BurstILPostProcessor
[1200/1743  0s] ILPostProcess Library/Bee/artifacts/1300b0aE.dag/post-processed/Unity.Burst.Editor.dll (+pdb)
Processing assembly Library/Bee/artifacts/1300b0aE.dag/Unity.Burst.Editor.dll, with 133 defines and 273 references
processors: Unity.Jobs.CodeGen.JobsILPostProcessor, zzzUnity.Burst.CodeGen.BurstILPostProcessor
running Unity.Jobs.CodeGen.JobsILPostProcessor
running zzzUnity.Burst.CodeGen.BurstILPostProcessor
[1201/1743  0s] MovedFromExtractor Library/Bee/artifacts/mvdfrm/Unity.RenderPipeline.Universal.ShaderLibrary.ref.dll_D7DD283915E480F1.mvfrm
[1202/1743  0s] MovedFromExtractor Library/Bee/artifacts/mvdfrm/Unity.RenderPipelines.Core.Runtime.Shared.ref.dll_7A1EBD19F46C9779.mvfrm
[1203/1743  0s] ILPostProcess Library/Bee/artifacts/1300b0aE.dag/post-processed/Unity.AI.Navigation.Updater.dll (+pdb)
Processing assembly Library/Bee/artifacts/1300b0aE.dag/Unity.AI.Navigation.Updater.dll, with 133 defines and 275 references
processors: Unity.Jobs.CodeGen.JobsILPostProcessor, zzzUnity.Burst.CodeGen.BurstILPostProcessor
running Unity.Jobs.CodeGen.JobsILPostProcessor
running zzzUnity.Burst.CodeGen.BurstILPostProcessor
[1204/1743  0s] ILPostProcess Library/Bee/artifacts/1300b0aE.dag/post-processed/Unity.WebRTC.Editor.dll (+pdb)
Processing assembly Library/Bee/artifacts/1300b0aE.dag/Unity.WebRTC.Editor.dll, with 133 defines and 274 references
processors: Unity.Jobs.CodeGen.JobsILPostProcessor, zzzUnity.Burst.CodeGen.BurstILPostProcessor
running Unity.Jobs.CodeGen.JobsILPostProcessor
running zzzUnity.Burst.CodeGen.BurstILPostProcessor
[1205/1743  0s] Csc Library/Bee/artifacts/1300b0aE.dag/Unity.RenderPipelines.Universal.Config.Runtime.dll (+2 others)
[           0s] Csc Library/Bee/artifacts/1300b0aE.dag/Unity.RenderPipelines.Universal.Config.Runtime.dll (+2 others) [CacheWrite 00000000000000000000000000000004]
[1206/1743  0s] ILPostProcess Library/Bee/artifacts/1300b0aE.dag/post-processed/Unity.InputSystem.DocCodeSamples.dll (+pdb)
Processing assembly Library/Bee/artifacts/1300b0aE.dag/Unity.InputSystem.DocCodeSamples.dll, with 133 defines and 256 references
processors: Unity.Jobs.CodeGen.JobsILPostProcessor, zzzUnity.Burst.CodeGen.BurstILPostProcessor
running Unity.Jobs.CodeGen.JobsILPostProcessor
running zzzUnity.Burst.CodeGen.BurstILPostProcessor
[1207/1743  0s] ILPostProcess Library/Bee/artifacts/1300b0aE.dag/post-processed/Meta.WitAi.Conduit.Editor.dll (+pdb)
Processing assembly Library/Bee/artifacts/1300b0aE.dag/Meta.WitAi.Conduit.Editor.dll, with 134 defines and 275 references
processors: Unity.Jobs.CodeGen.JobsILPostProcessor, zzzUnity.Burst.CodeGen.BurstILPostProcessor
running Unity.Jobs.CodeGen.JobsILPostProcessor
running zzzUnity.Burst.CodeGen.BurstILPostProcessor
[1208/1743  0s] ILPostProcess Library/Bee/artifacts/1300b0aE.dag/post-processed/Meta.XR.Editor.Id.dll (+pdb)
Processing assembly Library/Bee/artifacts/1300b0aE.dag/Meta.XR.Editor.Id.dll, with 134 defines and 272 references
processors: Unity.Jobs.CodeGen.JobsILPostProcessor, zzzUnity.Burst.CodeGen.BurstILPostProcessor
running Unity.Jobs.CodeGen.JobsILPostProcessor
running zzzUnity.Burst.CodeGen.BurstILPostProcessor
[1209/1743  0s] ILPostProcess Library/Bee/artifacts/1300b0aE.dag/post-processed/Unity.InputSystem.ForUI.dll (+pdb)
Processing assembly Library/Bee/artifacts/1300b0aE.dag/Unity.InputSystem.ForUI.dll, with 135 defines and 262 references
processors: Unity.Jobs.CodeGen.JobsILPostProcessor, zzzUnity.Burst.CodeGen.BurstILPostProcessor
running Unity.Jobs.CodeGen.JobsILPostProcessor
running zzzUnity.Burst.CodeGen.BurstILPostProcessor
[1210/1743  0s] ILPostProcess Library/Bee/artifacts/1300b0aE.dag/post-processed/Oculus.Platform.Editor.dll (+pdb)
Processing assembly Library/Bee/artifacts/1300b0aE.dag/Oculus.Platform.Editor.dll, with 135 defines and 273 references
processors: Unity.Jobs.CodeGen.JobsILPostProcessor, zzzUnity.Burst.CodeGen.BurstILPostProcessor
running Unity.Jobs.CodeGen.JobsILPostProcessor
running zzzUnity.Burst.CodeGen.BurstILPostProcessor
[1211/1743  0s] ILPostProcess Library/Bee/artifacts/1300b0aE.dag/post-processed/Unity.RenderPipelines.Core.Runtime.dll (+pdb)
Processing assembly Library/Bee/artifacts/1300b0aE.dag/Unity.RenderPipelines.Core.Runtime.dll, with 138 defines and 265 references
processors: Unity.Jobs.CodeGen.JobsILPostProcessor, zzzUnity.Burst.CodeGen.BurstILPostProcessor
running Unity.Jobs.CodeGen.JobsILPostProcessor
running zzzUnity.Burst.CodeGen.BurstILPostProcessor
[1212/1743  0s] MovedFromExtractor Library/Bee/artifacts/mvdfrm/Unity.VisualScripting.SettingsProvider.Editor.ref.dll_EE1755C0672F8EE2.mvfrm
[1213/1743  0s] CopyFiles Library/ScriptAssemblies/Unity.RenderPipeline.Universal.ShaderLibrary.dll
[1214/1743  0s] CopyFiles Library/ScriptAssemblies/Unity.VisualScripting.DocCodeExamples.dll
[1215/1743  0s] CopyFiles Library/ScriptAssemblies/Unity.Timeline.dll
[1216/1743  0s] CopyFiles Library/ScriptAssemblies/VoiceSDK.Runtime.dll
[1217/1743  0s] CopyFiles Library/ScriptAssemblies/Unity.WebRTC.dll
[1218/1743  0s] CopyFiles Library/ScriptAssemblies/VoiceSDK.Dictation.Runtime.dll
[1219/1743  0s] CopyFiles Library/ScriptAssemblies/Meta.VoiceSDK.Mic.Common.dll
[1220/1743  0s] CopyFiles Library/ScriptAssemblies/Unity.RenderPipelines.ShaderGraph.ShaderGraphLibrary.dll
[1221/1743  0s] CopyFiles Library/ScriptAssemblies/Unity.RenderPipelines.Core.ShaderLibrary.dll
[1222/1743  0s] CopyFiles Library/ScriptAssemblies/Meta.Voice.Hub.Runtime.dll
[1223/1743  0s] CopyFiles Library/ScriptAssemblies/Unity.RenderPipelines.Core.Runtime.Shared.dll
[1224/1743  0s] CopyFiles Library/ScriptAssemblies/AssistantVoiceCommandCommon.dll
[1225/1743  0s] CopyFiles Library/ScriptAssemblies/UnityEngine.XR.LegacyInputHelpers.dll
[1226/1743  0s] CopyFiles Library/ScriptAssemblies/Oculus.Platform.dll
[1227/1743  0s] CopyFiles Library/ScriptAssemblies/AssistantCoreSDKRuntime.dll
[1228/1743  0s] CopyFiles Library/ScriptAssemblies/Meta.Net.endel.nativewebsocket.dll
[1229/1743  0s] CopyFiles Library/ScriptAssemblies/Meta.Wit.Composer.dll
[1230/1743  0s] CopyFiles Library/ScriptAssemblies/Unity.VisualScripting.Flow.dll
[1231/1743  0s] CopyFiles Library/ScriptAssemblies/Oculus.Interaction.dll
[1232/1743  0s] CopyFiles Library/ScriptAssemblies/Unity.VisualScripting.Core.dll
[1233/1743  0s] CopyFiles Library/ScriptAssemblies/Meta.Voice.NLayer.dll
[1234/1743  0s] CopyFiles Library/ScriptAssemblies/UnityEngine.SpatialTracking.dll
[1235/1743  0s] CopyFiles Library/ScriptAssemblies/Unity.XR.Management.dll
[1236/1743  0s] CopyFiles Library/ScriptAssemblies/Unity.PerformanceTesting.dll
[1237/1743  0s] CopyFiles Library/ScriptAssemblies/Meta.VoiceSDK.Mic.WebGL.dll
[1238/1743  0s] CopyFiles Library/ScriptAssemblies/Meta.Wit.Dictation.dll
[1239/1743  0s] CopyFiles Library/ScriptAssemblies/Unity.InputSystem.ForUI.dll
[1240/1743  0s] CopyFiles Library/ScriptAssemblies/Unity.VisualScripting.State.dll
[1241/1743  0s] CopyFiles Library/ScriptAssemblies/Unity.XR.CoreUtils.dll
[1242/1743  0s] CopyFiles Library/ScriptAssemblies/Oculus.Interaction.Samples.dll
[1243/1743  0s] CopyFiles Library/ScriptAssemblies/Meta.XR.ImmersiveDebugger.Interface.dll
[1244/1743  0s] CopyFiles Library/ScriptAssemblies/Unity.AI.Navigation.dll
[1245/1743  0s] CopyFiles Library/ScriptAssemblies/Unity.TextMeshPro.dll
[1246/1743  0s] CopyFiles Library/ScriptAssemblies/Unity.Multiplayer.Center.Common.dll
[1247/1743  0s] CopyFiles Library/ScriptAssemblies/Meta.XR.Audio.dll
[1248/1743  0s] CopyFiles Library/ScriptAssemblies/UnityEngine.UI.dll
[1249/1743  0s] CopyFiles Library/ScriptAssemblies/Meta.WitAi.TTS.dll
[1250/1743  0s] CopyFiles Library/ScriptAssemblies/Meta.Voice.Opus.dll
[1251/1743  0s] CopyFiles Library/ScriptAssemblies/VoiceSDK.Telemetry.Runtime.dll
[1252/1743  0s] CopyFiles Library/ScriptAssemblies/Meta.WitAi.Conduit.dll
[1253/1743  0s] CopyFiles Library/ScriptAssemblies/VoiceSDK.Runtime.Composer.dll
[1254/1743  0s] CopyFiles Library/ScriptAssemblies/Meta.VoiceSDK.Mic.Other.dll
[1255/1743  0s] CopyFiles Library/ScriptAssemblies/Unity.InputSystem.TestFramework.dll
[1256/1743  0s] CopyFiles Library/ScriptAssemblies/Unity.RenderPipelines.Core.Runtime.dll
[1257/1743  0s] CopyFiles Library/ScriptAssemblies/Unity.RenderPipelines.Universal.Shaders.dll
[1258/1743  0s] CopyFiles Library/ScriptAssemblies/Unity.Mathematics.dll
[1259/1743  0s] CopyFiles Library/ScriptAssemblies/Meta.WitAi.dll
[1260/1743  0s] CopyFiles Library/ScriptAssemblies/Unity.AI.Navigation.Updater.dll
[1261/1743  0s] CopyFiles Library/ScriptAssemblies/Meta.XR.Audio.pdb
[1262/1743  0s] CopyFiles Library/ScriptAssemblies/Unity.AI.Navigation.Updater.pdb
[1263/1743  0s] CopyFiles Library/ScriptAssemblies/Meta.WitAi.Lib.dll
[1264/1743  0s] ILPostProcess Library/Bee/artifacts/1300b0aE.dag/post-processed/Meta.Wit.Dictation.Editor.dll (+pdb)
Processing assembly Library/Bee/artifacts/1300b0aE.dag/Meta.Wit.Dictation.Editor.dll, with 134 defines and 274 references
processors: Unity.Jobs.CodeGen.JobsILPostProcessor, zzzUnity.Burst.CodeGen.BurstILPostProcessor
running Unity.Jobs.CodeGen.JobsILPostProcessor
running zzzUnity.Burst.CodeGen.BurstILPostProcessor
[1265/1743  0s] CopyFiles Library/ScriptAssemblies/Unity.InputSystem.dll
[1266/1743  0s] CopyFiles Library/ScriptAssemblies/Meta.XR.Audio.Editor.dll
[1267/1743  0s] CopyFiles Library/ScriptAssemblies/AssistantVoiceCommandCommon.pdb
[1268/1743  0s] CopyFiles Library/ScriptAssemblies/Oculus.Interaction.Samples.Editor.pdb
[1269/1743  0s] CopyFiles Library/ScriptAssemblies/Unity.InputSystem.pdb
[1270/1743  0s] ILPostProcess Library/Bee/artifacts/1300b0aE.dag/post-processed/Unity.RenderPipelines.Universal.Config.Runtime.dll (+pdb)
Processing assembly Library/Bee/artifacts/1300b0aE.dag/Unity.RenderPipelines.Universal.Config.Runtime.dll, with 135 defines and 262 references
processors: Unity.Jobs.CodeGen.JobsILPostProcessor, zzzUnity.Burst.CodeGen.BurstILPostProcessor
running Unity.Jobs.CodeGen.JobsILPostProcessor
running zzzUnity.Burst.CodeGen.BurstILPostProcessor
[1271/1743  0s] CopyFiles Library/ScriptAssemblies/Unity.PerformanceTesting.Editor.pdb
[1272/1743  0s] CopyFiles Library/ScriptAssemblies/Unity.VisualScripting.Flow.Editor.pdb
[1273/1743  0s] CopyFiles Library/ScriptAssemblies/Meta.WitAI.Lib.Editor.dll
[1274/1743  0s] CopyFiles Library/ScriptAssemblies/Meta.XR.ImmersiveDebugger.Interface.pdb
[1275/1743  0s] CopyFiles Library/ScriptAssemblies/Oculus.Platform.Editor.dll
[1276/1743  0s] CopyFiles Library/ScriptAssemblies/Unity.XR.Management.Editor.dll
[1277/1743  0s] CopyFiles Library/ScriptAssemblies/UnityEditor.UI.pdb
[1278/1743  0s] CopyFiles Library/ScriptAssemblies/Unity.WebRTC.pdb
[1279/1743  0s] CopyFiles Library/ScriptAssemblies/Unity.Timeline.Editor.pdb
[1280/1743  0s] CopyFiles Library/ScriptAssemblies/VoiceSDK.Telemetry.pdb
[1281/1743  0s] CopyFiles Library/ScriptAssemblies/Oculus.Interaction.Samples.pdb
[1282/1743  0s] CopyFiles Library/ScriptAssemblies/Meta.WitAI.Lib.Editor.pdb
[1283/1743  0s] CopyFiles Library/ScriptAssemblies/Unity.AI.Navigation.Editor.dll
[1284/1743  0s] CopyFiles Library/ScriptAssemblies/Unity.Burst.Editor.dll
[1285/1743  0s] CopyFiles Library/ScriptAssemblies/NewAssembly.dll
[1286/1743  0s] CopyFiles Library/ScriptAssemblies/UnityEngine.SpatialTracking.pdb
[1287/1743  0s] CopyFiles Library/ScriptAssemblies/VoiceSDK.Telemetry.dll
[1288/1743  0s] CopyFiles Library/ScriptAssemblies/VoiceSDK.Dictation.Editor.dll
[1289/1743  0s] CopyFiles Library/ScriptAssemblies/Oculus.Platform.pdb
[1290/1743  0s] CopyFiles Library/ScriptAssemblies/Unity.VisualScripting.DocCodeExamples.pdb
[1291/1743  0s] CopyFiles Library/ScriptAssemblies/Meta.Wit.Dictation.pdb
[1292/1743  0s] CopyFiles Library/ScriptAssemblies/VoiceSDK.Editor.dll
[1293/1743  0s] CopyFiles Library/ScriptAssemblies/Unity.Timeline.pdb
[1294/1743  0s] CopyFiles Library/ScriptAssemblies/Oculus.Platform.Editor.pdb
[1295/1743  0s] CopyFiles Library/ScriptAssemblies/Meta.XR.Audio.Editor.pdb
[1296/1743  0s] CopyFiles Library/ScriptAssemblies/VoiceSDK.Editor.Composer.dll
[1297/1743  0s] CopyFiles Library/ScriptAssemblies/Meta.Voice.VSDKHub.Editor.pdb
[1298/1743  0s] CopyFiles Library/ScriptAssemblies/Unity.XR.Management.pdb
[1299/1743  0s] CopyFiles Library/ScriptAssemblies/Meta.XR.Editor.Reflection.dll
[1300/1743  0s] CopyFiles Library/ScriptAssemblies/Unity.TextMeshPro.pdb
[1301/1743  0s] CopyFiles Library/ScriptAssemblies/Unity.Searcher.Editor.pdb
[1302/1743  0s] CopyFiles Library/ScriptAssemblies/Meta.VoiceSDK.Mic.Other.pdb
[1303/1743  0s] CopyFiles Library/ScriptAssemblies/Meta.WitAi.TTS.Editor.pdb
[1304/1743  0s] ILPostProcess Library/Bee/artifacts/1300b0aE.dag/post-processed/Unity.ShaderGraph.Utilities.dll (+pdb)
Processing assembly Library/Bee/artifacts/1300b0aE.dag/Unity.ShaderGraph.Utilities.dll, with 133 defines and 272 references
processors: Unity.Jobs.CodeGen.JobsILPostProcessor, zzzUnity.Burst.CodeGen.BurstILPostProcessor
running Unity.Jobs.CodeGen.JobsILPostProcessor
running zzzUnity.Burst.CodeGen.BurstILPostProcessor
[1305/1743  0s] CopyFiles Library/ScriptAssemblies/Unity.PerformanceTesting.pdb
[1306/1743  0s] CopyFiles Library/ScriptAssemblies/Oculus.Interaction.Editor.pdb
[1307/1743  0s] CopyFiles Library/ScriptAssemblies/Unity.Timeline.Editor.dll
[1308/1743  0s] CopyFiles Library/ScriptAssemblies/Unity.RenderPipeline.Universal.ShaderLibrary.pdb
[1309/1743  0s] CopyFiles Library/ScriptAssemblies/Meta.Wit.Dictation.Editor.dll
[1310/1743  0s] ILPostProcess Library/Bee/artifacts/1300b0aE.dag/post-processed/Unity.VisualScripting.SettingsProvider.Editor.dll (+pdb)
Processing assembly Library/Bee/artifacts/1300b0aE.dag/Unity.VisualScripting.SettingsProvider.Editor.dll, with 133 defines and 277 references
processors: Unity.Jobs.CodeGen.JobsILPostProcessor, zzzUnity.Burst.CodeGen.BurstILPostProcessor
running Unity.Jobs.CodeGen.JobsILPostProcessor
running zzzUnity.Burst.CodeGen.BurstILPostProcessor
[1311/1743  0s] CopyFiles Library/ScriptAssemblies/Meta.VoiceSDK.Mic.Common.pdb
[1312/1743  0s] CopyFiles Library/ScriptAssemblies/Meta.XR.Editor.Reflection.pdb
[1313/1743  0s] CopyFiles Library/ScriptAssemblies/Unity.RenderPipelines.Universal.Config.Runtime.dll
[1314/1743  0s] CopyFiles Library/ScriptAssemblies/Meta.Wit.Dictation.Editor.pdb
[1315/1743  0s] CopyFiles Library/ScriptAssemblies/Unity.PerformanceTesting.Editor.dll
[1316/1743  0s] CopyFiles Library/ScriptAssemblies/Unity.RenderPipelines.Universal.Shaders.pdb
[1317/1743  0s] CopyFiles Library/ScriptAssemblies/Unity.RenderPipelines.ShaderGraph.ShaderGraphLibrary.pdb
[1318/1743  0s] CopyFiles Library/ScriptAssemblies/Meta.WitAi.TTS.pdb
[1319/1743  0s] CopyFiles Library/ScriptAssemblies/Unity.InputSystem.TestFramework.pdb
[1320/1743  0s] CopyFiles Library/ScriptAssemblies/Unity.Mathematics.pdb
[1321/1743  0s] CopyFiles Library/ScriptAssemblies/Meta.WitAi.Conduit.Editor.dll
[1322/1743  0s] CopyFiles Library/ScriptAssemblies/Oculus.Interaction.InterfaceSupport.dll
[1323/1743  0s] CopyFiles Library/ScriptAssemblies/Meta.WitAi.pdb
[1324/1743  0s] CopyFiles Library/ScriptAssemblies/Unity.Burst.Editor.pdb
[1325/1743  0s] CopyFiles Library/ScriptAssemblies/Unity.AI.Navigation.Editor.pdb
[1326/1743  0s] CopyFiles Library/ScriptAssemblies/Unity.VisualScripting.Core.pdb
[1327/1743  0s] CopyFiles Library/ScriptAssemblies/AssistantCoreSDKEditor.pdb
[1328/1743  0s] CopyFiles Library/ScriptAssemblies/Oculus.Interaction.InterfaceSupport.pdb
[1329/1743  0s] CopyFiles Library/ScriptAssemblies/Meta.Voice.Opus.pdb
[1330/1743  0s] CopyFiles Library/ScriptAssemblies/Oculus.Interaction.Editor.dll
[1331/1743  0s] CopyFiles Library/ScriptAssemblies/Meta.Wit.Composer.Editor.dll
[1332/1743  0s] CopyFiles Library/ScriptAssemblies/Unity.EditorCoroutines.Editor.dll
[1333/1743  0s] CopyFiles Library/ScriptAssemblies/Meta.Wit.Composer.pdb
[1334/1743  0s] CopyFiles Library/ScriptAssemblies/Unity.VisualScripting.State.pdb
[1335/1743  0s] CopyFiles Library/ScriptAssemblies/Meta.XR.Editor.Callbacks.pdb
[1336/1743  0s] CopyFiles Library/ScriptAssemblies/AssistantVoiceCommandCommon.Editor.dll
[1337/1743  0s] CopyFiles Library/ScriptAssemblies/Unity.Multiplayer.Center.Editor.dll
[1338/1743  0s] CopyFiles Library/ScriptAssemblies/Meta.WitAi.TTS.Editor.dll
[1339/1743  0s] CopyFiles Library/ScriptAssemblies/VoiceSDK.Runtime.Composer.pdb
[1340/1743  0s] CopyFiles Library/ScriptAssemblies/Unity.AI.Navigation.Editor.ConversionSystem.dll
[1341/1743  0s] CopyFiles Library/ScriptAssemblies/Unity.VisualScripting.Flow.pdb
[1342/1743  0s] CopyFiles Library/ScriptAssemblies/AssistantVoiceCommandCommon.Editor.pdb
[1343/1743  0s] CopyFiles Library/ScriptAssemblies/Unity.RenderPipelines.Core.ShaderLibrary.pdb
[1344/1743  0s] CopyFiles Library/ScriptAssemblies/Unity.XR.CoreUtils.pdb
[1345/1743  0s] CopyFiles Library/ScriptAssemblies/Unity.XR.CoreUtils.Editor.dll
[1346/1743  0s] CopyFiles Library/ScriptAssemblies/Oculus.Interaction.Samples.Editor.dll
[1347/1743  0s] CopyFiles Library/ScriptAssemblies/Meta.WitAi.Lib.pdb
[1348/1743  0s] CopyFiles Library/ScriptAssemblies/Meta.XR.Editor.Settings.pdb
[1349/1743  0s] CopyFiles Library/ScriptAssemblies/Meta.WitAi.Conduit.Editor.pdb
[1350/1743  0s] CopyFiles Library/ScriptAssemblies/Unity.InputSystem.DocCodeSamples.pdb
[1351/1743  0s] CopyFiles Library/ScriptAssemblies/VoiceSDK.Runtime.pdb
[1352/1743  0s] CopyFiles Library/ScriptAssemblies/Meta.XR.Editor.Settings.dll
[1353/1743  0s] CopyFiles Library/ScriptAssemblies/Unity.Collections.Editor.dll
[1354/1743  0s] CopyFiles Library/ScriptAssemblies/AssistantCoreSDKEditor.dll
[1355/1743  0s] CopyFiles Library/ScriptAssemblies/Meta.XR.Editor.Callbacks.dll
[1356/1743  0s] CopyFiles Library/ScriptAssemblies/Unity.Searcher.Editor.dll
[1357/1743  0s] CopyFiles Library/ScriptAssemblies/Meta.WitAi.Conduit.pdb
[1358/1743  0s] CopyFiles Library/ScriptAssemblies/Unity.WebRTC.Editor.pdb
[1359/1743  0s] CopyFiles Library/ScriptAssemblies/Unity.EditorCoroutines.Editor.pdb
[1360/1743  0s] CopyFiles Library/ScriptAssemblies/VoiceSDK.Editor.Composer.pdb
[1361/1743  0s] CopyFiles Library/ScriptAssemblies/Meta.Voice.Hub.Editor.dll
[1362/1743  0s] CopyFiles Library/ScriptAssemblies/Unity.AI.Navigation.Editor.ConversionSystem.pdb
[1363/1743  0s] CopyFiles Library/ScriptAssemblies/Unity.Multiplayer.Center.Common.pdb
[1364/1743  0s] CopyFiles Library/ScriptAssemblies/VoiceSDK.Dictation.Runtime.pdb
[1365/1743  0s] CopyFiles Library/ScriptAssemblies/Meta.Net.endel.nativewebsocket.pdb
[1366/1743  0s] CopyFiles Library/ScriptAssemblies/Unity.Rendering.LightTransport.Editor.pdb
[1367/1743  0s] CopyFiles Library/ScriptAssemblies/AssistantCoreSDKRuntime.pdb
[1368/1743  0s] CopyFiles Library/ScriptAssemblies/Unity.VisualScripting.Flow.Editor.dll
[1369/1743  0s] CopyFiles Library/ScriptAssemblies/UnityEditor.SpatialTracking.pdb
[1370/1743  0s] CopyFiles Library/ScriptAssemblies/Unity.AI.Navigation.pdb
[1371/1743  0s] CopyFiles Library/ScriptAssemblies/Meta.VoiceSDK.Mic.WebGL.pdb
[1372/1743  0s] CopyFiles Library/ScriptAssemblies/Unity.RenderPipelines.Core.Runtime.pdb
[1373/1743  0s] CopyFiles Library/ScriptAssemblies/VoiceSDK.Dictation.Editor.pdb
[1374/1743  0s] CopyFiles Library/ScriptAssemblies/Meta.Voice.NLayer.pdb
[1375/1743  0s] CopyFiles Library/ScriptAssemblies/Unity.Multiplayer.Center.Editor.pdb
[1376/1743  0s] CopyFiles Library/ScriptAssemblies/Meta.Voice.Hub.Runtime.pdb
[1377/1743  0s] CopyFiles Library/ScriptAssemblies/VoiceSDK.Telemetry.Runtime.pdb
[1378/1743  0s] CopyFiles Library/ScriptAssemblies/UnityEngine.UI.pdb
[1379/1743  0s] CopyFiles Library/ScriptAssemblies/Unity.Collections.Editor.pdb
[1380/1743  0s] CopyFiles Library/ScriptAssemblies/Unity.Mathematics.Editor.pdb
[1381/1743  0s] CopyFiles Library/ScriptAssemblies/Unity.RenderPipelines.Core.Runtime.Shared.pdb
[1382/1743  0s] CopyFiles Library/ScriptAssemblies/VoiceSDK.Editor.pdb
[1383/1743  0s] CopyFiles Library/ScriptAssemblies/Unity.RenderPipelines.Universal.Config.Runtime.pdb
[1384/1743  0s] CopyFiles Library/ScriptAssemblies/NewAssembly.pdb
[1385/1743  0s] CopyFiles Library/ScriptAssemblies/Meta.Wit.Composer.Editor.pdb
[1386/1743  0s] CopyFiles Library/ScriptAssemblies/Unity.XR.CoreUtils.Editor.pdb
[1387/1743  0s] CopyFiles Library/ScriptAssemblies/Unity.InputSystem.DocCodeSamples.dll
[1388/1743  0s] CopyFiles Library/ScriptAssemblies/Meta.XR.Editor.Id.pdb
[1389/1743  0s] CopyFiles Library/ScriptAssemblies/Meta.XR.Editor.Id.dll
[1390/1743  0s] CopyFiles Library/ScriptAssemblies/Unity.WebRTC.Editor.dll
[1391/1743  0s] CopyFiles Library/ScriptAssemblies/Unity.Rendering.LightTransport.Editor.dll
[1392/1743  0s] CopyFiles Library/ScriptAssemblies/Unity.ShaderGraph.Utilities.pdb
[1393/1743  0s] CopyFiles Library/ScriptAssemblies/Unity.ShaderGraph.Utilities.dll
[1394/1743  0s] CopyFiles Library/ScriptAssemblies/UnityEngine.XR.LegacyInputHelpers.pdb
[1395/1743  0s] CopyFiles Library/ScriptAssemblies/Meta.Voice.Hub.Editor.pdb
[1396/1743  0s] CopyFiles Library/ScriptAssemblies/Unity.XR.Management.Editor.pdb
[1397/1743  0s] CopyFiles Library/ScriptAssemblies/Unity.InputSystem.ForUI.pdb
[1398/1743  0s] CopyFiles Library/ScriptAssemblies/Unity.VisualScripting.SettingsProvider.Editor.pdb
[1399/1743  0s] CopyFiles Library/ScriptAssemblies/Unity.VisualScripting.SettingsProvider.Editor.dll
[1400/1743  0s] CopyFiles Library/ScriptAssemblies/Unity.Mathematics.Editor.dll
[1401/1743  0s] CopyFiles Library/ScriptAssemblies/UnityEditor.UI.dll
[1402/1743  0s] CopyFiles Library/ScriptAssemblies/Meta.Voice.VSDKHub.Editor.dll
[1403/1743  0s] CopyFiles Library/ScriptAssemblies/Oculus.Interaction.pdb
[1404/1743  0s] CopyFiles Library/ScriptAssemblies/UnityEditor.SpatialTracking.dll
[1405/1743  0s] MovedFromExtractor Library/Bee/artifacts/mvdfrm/Unity.VisualScripting.State.Editor.ref.dll_DC1879B0E64A8F15.mvfrm
[1406/1743  0s] ILPostProcess Library/Bee/artifacts/1300b0aE.dag/post-processed/Meta.WitAi.Editor.dll (+pdb)
Processing assembly Library/Bee/artifacts/1300b0aE.dag/Meta.WitAi.Editor.dll, with 134 defines and 280 references
processors: Unity.Jobs.CodeGen.JobsILPostProcessor, zzzUnity.Burst.CodeGen.BurstILPostProcessor
running Unity.Jobs.CodeGen.JobsILPostProcessor
running zzzUnity.Burst.CodeGen.BurstILPostProcessor
[1407/1743  0s] ILPostProcess Library/Bee/artifacts/1300b0aE.dag/post-processed/Unity.VisualScripting.State.Editor.dll (+pdb)
Processing assembly Library/Bee/artifacts/1300b0aE.dag/Unity.VisualScripting.State.Editor.dll, with 133 defines and 277 references
processors: Unity.Jobs.CodeGen.JobsILPostProcessor, zzzUnity.Burst.CodeGen.BurstILPostProcessor
running Unity.Jobs.CodeGen.JobsILPostProcessor
running zzzUnity.Burst.CodeGen.BurstILPostProcessor
[1408/1743  0s] CopyFiles Library/ScriptAssemblies/Meta.WitAi.Editor.pdb
[1409/1743  0s] CopyFiles Library/ScriptAssemblies/Meta.WitAi.Editor.dll
[1410/1743  0s] ILPostProcess Library/Bee/artifacts/1300b0aE.dag/post-processed/Unity.2D.Sprite.Editor.dll (+pdb)
Processing assembly Library/Bee/artifacts/1300b0aE.dag/Unity.2D.Sprite.Editor.dll, with 133 defines and 272 references
processors: Unity.Jobs.CodeGen.JobsILPostProcessor, zzzUnity.Burst.CodeGen.BurstILPostProcessor
running Unity.Jobs.CodeGen.JobsILPostProcessor
running zzzUnity.Burst.CodeGen.BurstILPostProcessor
[1411/1743  0s] ILPostProcess Library/Bee/artifacts/1300b0aE.dag/post-processed/Unity.VisualScripting.Core.Editor.dll (+pdb)
Processing assembly Library/Bee/artifacts/1300b0aE.dag/Unity.VisualScripting.Core.Editor.dll, with 133 defines and 273 references
processors: Unity.Jobs.CodeGen.JobsILPostProcessor, zzzUnity.Burst.CodeGen.BurstILPostProcessor
running Unity.Jobs.CodeGen.JobsILPostProcessor
running zzzUnity.Burst.CodeGen.BurstILPostProcessor
[1412/1743  0s] CopyFiles Library/ScriptAssemblies/Unity.VisualScripting.State.Editor.pdb
[1413/1743  0s] CopyFiles Library/ScriptAssemblies/Unity.2D.Sprite.Editor.dll
[1414/1743  0s] CopyFiles Library/ScriptAssemblies/Unity.VisualScripting.State.Editor.dll
[1415/1743  0s] CopyFiles Library/ScriptAssemblies/Unity.2D.Sprite.Editor.pdb
[1416/1743  0s] CopyFiles Library/ScriptAssemblies/Unity.VisualScripting.Core.Editor.pdb
[1417/1743  0s] CopyFiles Library/ScriptAssemblies/Unity.VisualScripting.Core.Editor.dll
[1418/1743  0s] MovedFromExtractor Library/Bee/artifacts/mvdfrm/Unity.RenderPipelines.Universal.Config.Runtime.ref.dll_547D2080E01BE466.mvfrm
[1419/1743  0s] MovedFromExtractor-Combine Library/Bee/artifacts/1300b0aE.dag/Unity.VisualScripting.Shared.Editor.dll.mvfrm
[1420/1743  0s] Csc Library/Bee/artifacts/1300b0aE.dag/Unity.TextMeshPro.Editor.dll (+2 others)
[           0s] Csc Library/Bee/artifacts/1300b0aE.dag/Unity.TextMeshPro.Editor.dll (+2 others) [CacheWrite 00000000000000000000000000000004]
[1421/1743  0s] ILPostProcess Library/Bee/artifacts/1300b0aE.dag/post-processed/Unity.TextMeshPro.Editor.dll (+pdb)
Processing assembly Library/Bee/artifacts/1300b0aE.dag/Unity.TextMeshPro.Editor.dll, with 133 defines and 274 references
processors: Unity.Jobs.CodeGen.JobsILPostProcessor, zzzUnity.Burst.CodeGen.BurstILPostProcessor
running Unity.Jobs.CodeGen.JobsILPostProcessor
running zzzUnity.Burst.CodeGen.BurstILPostProcessor
[1422/1743  0s] CopyFiles Library/ScriptAssemblies/Unity.TextMeshPro.Editor.dll
[1423/1743  0s] CopyFiles Library/ScriptAssemblies/Unity.TextMeshPro.Editor.pdb
[1424/1743  0s] ILPostProcess Library/Bee/artifacts/1300b0aE.dag/post-processed/Unity.Rendering.LightTransport.Runtime.dll (+pdb)
Processing assembly Library/Bee/artifacts/1300b0aE.dag/Unity.Rendering.LightTransport.Runtime.dll, with 135 defines and 264 references
processors: Unity.Jobs.CodeGen.JobsILPostProcessor, zzzUnity.Burst.CodeGen.BurstILPostProcessor
running Unity.Jobs.CodeGen.JobsILPostProcessor
running zzzUnity.Burst.CodeGen.BurstILPostProcessor
[1425/1743  0s] CopyFiles Library/ScriptAssemblies/Unity.Rendering.LightTransport.Runtime.pdb
[1426/1743  0s] CopyFiles Library/ScriptAssemblies/Unity.Rendering.LightTransport.Runtime.dll
[1427/1743  0s] MovedFromExtractor Library/Bee/artifacts/mvdfrm/Unity.TextMeshPro.Editor.ref.dll_D0BA3615D322EF6C.mvfrm
[1428/1743  0s] Csc Library/Bee/artifacts/1300b0aE.dag/Unity.VisualScripting.Shared.Editor.dll (+2 others)
[           0s] Csc Library/Bee/artifacts/1300b0aE.dag/Unity.VisualScripting.Shared.Editor.dll (+2 others) [CacheWrite 00000000000000000000000000000004]
[1429/1743  0s] ILPostProcess Library/Bee/artifacts/1300b0aE.dag/post-processed/Unity.VisualScripting.Shared.Editor.dll (+pdb)
Processing assembly Library/Bee/artifacts/1300b0aE.dag/Unity.VisualScripting.Shared.Editor.dll, with 133 defines and 278 references
processors: Unity.Jobs.CodeGen.JobsILPostProcessor, zzzUnity.Burst.CodeGen.BurstILPostProcessor
running Unity.Jobs.CodeGen.JobsILPostProcessor
running zzzUnity.Burst.CodeGen.BurstILPostProcessor
[1430/1743  0s] CopyFiles Library/ScriptAssemblies/Unity.VisualScripting.Shared.Editor.pdb
[1431/1743  0s] CopyFiles Library/ScriptAssemblies/Unity.VisualScripting.Shared.Editor.dll
[1432/1743  0s] MovedFromExtractor Library/Bee/artifacts/mvdfrm/Unity.VisualScripting.Shared.Editor.ref.dll_6CA31C4FA5286AB1.mvfrm
[1433/1743  1s] Csc Library/Bee/artifacts/1300b0aE.dag/Unity.PlasticSCM.Editor.dll (+2 others)
[           0s] Csc Library/Bee/artifacts/1300b0aE.dag/Unity.PlasticSCM.Editor.dll (+2 others) [CacheWrite 00000000000000000000000000000004]
[1434/1743  0s] Csc Library/Bee/artifacts/1300b0aE.dag/Unity.RenderPipelines.GPUDriven.Runtime.dll (+2 others)
[           0s] Csc Library/Bee/artifacts/1300b0aE.dag/Unity.RenderPipelines.GPUDriven.Runtime.dll (+2 others) [CacheWrite 00000000000000000000000000000004]
[1435/1743  0s] ILPostProcess Library/Bee/artifacts/1300b0aE.dag/post-processed/Unity.Burst.dll (+pdb)
Processing assembly Library/Bee/artifacts/1300b0aE.dag/Unity.Burst.dll, with 135 defines and 245 references
processors: Unity.Jobs.CodeGen.JobsILPostProcessor, zzzUnity.Burst.CodeGen.BurstILPostProcessor
running Unity.Jobs.CodeGen.JobsILPostProcessor
running zzzUnity.Burst.CodeGen.BurstILPostProcessor
[1436/1743  1s] ILPostProcess Library/Bee/artifacts/1300b0aE.dag/post-processed/Unity.Collections.dll (+pdb)
Processing assembly Library/Bee/artifacts/1300b0aE.dag/Unity.Collections.dll, with 137 defines and 263 references
processors: Unity.Jobs.CodeGen.JobsILPostProcessor, zzzUnity.Burst.CodeGen.BurstILPostProcessor
running Unity.Jobs.CodeGen.JobsILPostProcessor
running zzzUnity.Burst.CodeGen.BurstILPostProcessor
[1437/1743  0s] CopyFiles Library/ScriptAssemblies/Unity.Burst.pdb
[1438/1743  0s] CopyFiles Library/ScriptAssemblies/Unity.Burst.dll
[1439/1743  0s] CopyFiles Library/ScriptAssemblies/Unity.Collections.pdb
[1440/1743  0s] CopyFiles Library/ScriptAssemblies/Unity.Collections.dll
[1441/1743  0s] MovedFromExtractor Library/Bee/artifacts/mvdfrm/Unity.PlasticSCM.Editor.ref.dll_A558B9E65539D7D0.mvfrm
[1442/1743  0s] MovedFromExtractor Library/Bee/artifacts/mvdfrm/Unity.RenderPipelines.GPUDriven.Runtime.ref.dll_D787A0DCFA114319.mvfrm
[1443/1743  0s] MovedFromExtractor-Combine Library/Bee/artifacts/1300b0aE.dag/Unity.PlasticSCM.Editor.Assistant.dll.mvfrm
[1444/1743  0s] MovedFromExtractor-Combine Library/Bee/artifacts/1300b0aE.dag/Unity.PlasticSCM.Editor.Entities.dll.mvfrm
[1445/1743  0s] MovedFromExtractor-Combine Library/Bee/artifacts/1300b0aE.dag/Unity.CollabProxy.Editor.dll.mvfrm
[1446/1743  0s] MovedFromExtractor-Combine Library/Bee/artifacts/1300b0aE.dag/Unity.RenderPipelines.Universal.Runtime.dll.mvfrm
[1447/1743  0s] MovedFromExtractor-Combine Library/Bee/artifacts/1300b0aE.dag/Unity.RenderPipelines.Core.Editor.dll.mvfrm
[1448/1743  0s] Csc Library/Bee/artifacts/1300b0aE.dag/Unity.PlasticSCM.Editor.Entities.dll (+2 others)
[           0s] Csc Library/Bee/artifacts/1300b0aE.dag/Unity.PlasticSCM.Editor.Entities.dll (+2 others) [CacheWrite 00000000000000000000000000000004]
[1449/1743  0s] Csc Library/Bee/artifacts/1300b0aE.dag/Unity.PlasticSCM.Editor.Assistant.dll (+2 others)
[           0s] Csc Library/Bee/artifacts/1300b0aE.dag/Unity.PlasticSCM.Editor.Assistant.dll (+2 others) [CacheWrite 00000000000000000000000000000004]
[1450/1743  0s] Csc Library/Bee/artifacts/1300b0aE.dag/Unity.CollabProxy.Editor.dll (+2 others)
[1451/1743  0s] ILPostProcess Library/Bee/artifacts/1300b0aE.dag/post-processed/Unity.PlasticSCM.Editor.Assistant.dll (+pdb)
Processing assembly Library/Bee/artifacts/1300b0aE.dag/Unity.PlasticSCM.Editor.Assistant.dll, with 133 defines and 273 references
processors: Unity.Jobs.CodeGen.JobsILPostProcessor, zzzUnity.Burst.CodeGen.BurstILPostProcessor
running Unity.Jobs.CodeGen.JobsILPostProcessor
running zzzUnity.Burst.CodeGen.BurstILPostProcessor
[1452/1743  0s] ILPostProcess Library/Bee/artifacts/1300b0aE.dag/post-processed/Unity.PlasticSCM.Editor.Entities.dll (+pdb)
Processing assembly Library/Bee/artifacts/1300b0aE.dag/Unity.PlasticSCM.Editor.Entities.dll, with 133 defines and 273 references
processors: Unity.Jobs.CodeGen.JobsILPostProcessor, zzzUnity.Burst.CodeGen.BurstILPostProcessor
running Unity.Jobs.CodeGen.JobsILPostProcessor
running zzzUnity.Burst.CodeGen.BurstILPostProcessor
[1453/1743  0s] CopyFiles Library/ScriptAssemblies/Unity.PlasticSCM.Editor.Assistant.dll
[           0s] Csc Library/Bee/artifacts/1300b0aE.dag/Unity.CollabProxy.Editor.dll (+2 others) [CacheWrite 00000000000000000000000000000004]
[1454/1743  0s] CopyFiles Library/ScriptAssemblies/Unity.PlasticSCM.Editor.Assistant.pdb
[1455/1743  0s] CopyFiles Library/ScriptAssemblies/Unity.PlasticSCM.Editor.Entities.pdb
[1456/1743  0s] CopyFiles Library/ScriptAssemblies/Unity.PlasticSCM.Editor.Entities.dll
[1457/1743  0s] ILPostProcess Library/Bee/artifacts/1300b0aE.dag/post-processed/Unity.PlasticSCM.Editor.dll (+pdb)
Processing assembly Library/Bee/artifacts/1300b0aE.dag/Unity.PlasticSCM.Editor.dll, with 133 defines and 261 references
processors: Unity.Jobs.CodeGen.JobsILPostProcessor, zzzUnity.Burst.CodeGen.BurstILPostProcessor
running Unity.Jobs.CodeGen.JobsILPostProcessor
running zzzUnity.Burst.CodeGen.BurstILPostProcessor
[1458/1743  0s] CopyFiles Library/ScriptAssemblies/Unity.PlasticSCM.Editor.pdb
[1459/1743  0s] CopyFiles Library/ScriptAssemblies/Unity.PlasticSCM.Editor.dll
[1460/1743  0s] ILPostProcess Library/Bee/artifacts/1300b0aE.dag/post-processed/Unity.CollabProxy.Editor.dll (+pdb)
Processing assembly Library/Bee/artifacts/1300b0aE.dag/Unity.CollabProxy.Editor.dll, with 133 defines and 273 references
processors: Unity.Jobs.CodeGen.JobsILPostProcessor, zzzUnity.Burst.CodeGen.BurstILPostProcessor
running Unity.Jobs.CodeGen.JobsILPostProcessor
running zzzUnity.Burst.CodeGen.BurstILPostProcessor
[1461/1743  0s] CopyFiles Library/ScriptAssemblies/Unity.CollabProxy.Editor.dll
[1462/1743  0s] CopyFiles Library/ScriptAssemblies/Unity.CollabProxy.Editor.pdb
[1463/1743  0s] MovedFromExtractor Library/Bee/artifacts/mvdfrm/Unity.PlasticSCM.Editor.Assistant.ref.dll_F1B2679E3F4B23E0.mvfrm
[1464/1743  0s] ILPostProcess Library/Bee/artifacts/1300b0aE.dag/post-processed/Unity.RenderPipelines.GPUDriven.Runtime.dll (+pdb)
Processing assembly Library/Bee/artifacts/1300b0aE.dag/Unity.RenderPipelines.GPUDriven.Runtime.dll, with 135 defines and 265 references
processors: Unity.Jobs.CodeGen.JobsILPostProcessor, zzzUnity.Burst.CodeGen.BurstILPostProcessor
running Unity.Jobs.CodeGen.JobsILPostProcessor
running zzzUnity.Burst.CodeGen.BurstILPostProcessor
[1465/1743  0s] CopyFiles Library/ScriptAssemblies/Unity.RenderPipelines.GPUDriven.Runtime.dll
[1466/1743  0s] CopyFiles Library/ScriptAssemblies/Unity.RenderPipelines.GPUDriven.Runtime.pdb
[1467/1743  0s] Csc Library/Bee/artifacts/1300b0aE.dag/Unity.RenderPipelines.Core.Editor.dll (+2 others)
[           0s] Csc Library/Bee/artifacts/1300b0aE.dag/Unity.RenderPipelines.Core.Editor.dll (+2 others) [CacheWrite 00000000000000000000000000000004]
[1468/1743  0s] Csc Library/Bee/artifacts/1300b0aE.dag/Unity.RenderPipelines.Universal.Runtime.dll (+2 others)
[           0s] Csc Library/Bee/artifacts/1300b0aE.dag/Unity.RenderPipelines.Universal.Runtime.dll (+2 others) [CacheWrite 00000000000000000000000000000004]
[1469/1743  0s] MovedFromExtractor Library/Bee/artifacts/mvdfrm/Unity.RenderPipelines.Core.Editor.ref.dll_AA6E4515E60A494B.mvfrm
[1470/1743  0s] MovedFromExtractor Library/Bee/artifacts/mvdfrm/Unity.RenderPipelines.Universal.Runtime.ref.dll_9692FC5A7F88C564.mvfrm
[1471/1743  0s] MovedFromExtractor-Combine Library/Bee/artifacts/1300b0aE.dag/Unity.RenderPipelines.Core.Editor.Shared.dll.mvfrm
[1472/1743  0s] MovedFromExtractor-Combine Library/Bee/artifacts/1300b0aE.dag/Unity.ShaderGraph.Editor.dll.mvfrm
[1473/1743  0s] MovedFromExtractor-Combine Library/Bee/artifacts/1300b0aE.dag/Unity.RenderPipelines.Universal.2D.Runtime.dll.mvfrm
[1474/1743  0s] MovedFromExtractor-Combine Library/Bee/artifacts/1300b0aE.dag/UnityEditor.XR.LegacyInputHelpers.dll.mvfrm
[1475/1743  0s] MovedFromExtractor-Combine Library/Bee/artifacts/1300b0aE.dag/Meta.XR.BuildingBlocks.DepthAPI.dll.mvfrm
[1476/1743  0s] MovedFromExtractor-Combine Library/Bee/artifacts/1300b0aE.dag/Unity.XR.OpenXR.dll.mvfrm
[1477/1743  0s] ILPostProcess Library/Bee/artifacts/1300b0aE.dag/post-processed/Unity.RenderPipelines.Universal.Runtime.dll (+pdb)
Processing assembly Library/Bee/artifacts/1300b0aE.dag/Unity.RenderPipelines.Universal.Runtime.dll, with 141 defines and 268 references
processors: Unity.Jobs.CodeGen.JobsILPostProcessor, zzzUnity.Burst.CodeGen.BurstILPostProcessor
running Unity.Jobs.CodeGen.JobsILPostProcessor
running zzzUnity.Burst.CodeGen.BurstILPostProcessor
[1478/1743  0s] CopyFiles Library/ScriptAssemblies/Unity.RenderPipelines.Universal.Runtime.pdb
[1479/1743  0s] CopyFiles Library/ScriptAssemblies/Unity.RenderPipelines.Universal.Runtime.dll
[1480/1743  0s] Csc Library/Bee/artifacts/1300b0aE.dag/Unity.RenderPipelines.Core.Editor.Shared.dll (+2 others)
[           0s] Csc Library/Bee/artifacts/1300b0aE.dag/Unity.RenderPipelines.Core.Editor.Shared.dll (+2 others) [CacheWrite 00000000000000000000000000000004]
[1481/1743  0s] ILPostProcess Library/Bee/artifacts/1300b0aE.dag/post-processed/Unity.RenderPipelines.Core.Editor.Shared.dll (+pdb)
Processing assembly Library/Bee/artifacts/1300b0aE.dag/Unity.RenderPipelines.Core.Editor.Shared.dll, with 133 defines and 273 references
processors: Unity.Jobs.CodeGen.JobsILPostProcessor, zzzUnity.Burst.CodeGen.BurstILPostProcessor
running Unity.Jobs.CodeGen.JobsILPostProcessor
running zzzUnity.Burst.CodeGen.BurstILPostProcessor
[1482/1743  0s] CopyFiles Library/ScriptAssemblies/Unity.RenderPipelines.Core.Editor.Shared.pdb
[1483/1743  0s] CopyFiles Library/ScriptAssemblies/Unity.RenderPipelines.Core.Editor.Shared.dll
[1484/1743  0s] ILPostProcess Library/Bee/artifacts/1300b0aE.dag/post-processed/Unity.RenderPipelines.Core.Editor.dll (+pdb)
Processing assembly Library/Bee/artifacts/1300b0aE.dag/Unity.RenderPipelines.Core.Editor.dll, with 134 defines and 278 references
processors: Unity.Jobs.CodeGen.JobsILPostProcessor, zzzUnity.Burst.CodeGen.BurstILPostProcessor
running Unity.Jobs.CodeGen.JobsILPostProcessor
running zzzUnity.Burst.CodeGen.BurstILPostProcessor
[1485/1743  0s] CopyFiles Library/ScriptAssemblies/Unity.RenderPipelines.Core.Editor.pdb
[1486/1743  0s] CopyFiles Library/ScriptAssemblies/Unity.RenderPipelines.Core.Editor.dll
[1487/1743  0s] MovedFromExtractor Library/Bee/artifacts/mvdfrm/Unity.RenderPipelines.Core.Editor.Shared.ref.dll_B38CF3A4312C0B8E.mvfrm
[1488/1743  0s] Csc Library/Bee/artifacts/1300b0aE.dag/Unity.RenderPipelines.Universal.2D.Runtime.dll (+2 others)
[           0s] Csc Library/Bee/artifacts/1300b0aE.dag/Unity.RenderPipelines.Universal.2D.Runtime.dll (+2 others) [CacheWrite 00000000000000000000000000000004]
[1489/1743  0s] ILPostProcess Library/Bee/artifacts/1300b0aE.dag/post-processed/Unity.RenderPipelines.Universal.2D.Runtime.dll (+pdb)
Processing assembly Library/Bee/artifacts/1300b0aE.dag/Unity.RenderPipelines.Universal.2D.Runtime.dll, with 138 defines and 266 references
processors: Unity.Jobs.CodeGen.JobsILPostProcessor, zzzUnity.Burst.CodeGen.BurstILPostProcessor
running Unity.Jobs.CodeGen.JobsILPostProcessor
running zzzUnity.Burst.CodeGen.BurstILPostProcessor
[1490/1743  0s] CopyFiles Library/ScriptAssemblies/Unity.RenderPipelines.Universal.2D.Runtime.dll
[1491/1743  0s] CopyFiles Library/ScriptAssemblies/Unity.RenderPipelines.Universal.2D.Runtime.pdb
[1492/1743  0s] MovedFromExtractor Library/Bee/artifacts/mvdfrm/Unity.RenderPipelines.Universal.2D.Runtime.ref.dll_08FC95EA5BB50F16.mvfrm
[1493/1743  0s] Csc Library/Bee/artifacts/1300b0aE.dag/Unity.XR.OpenXR.dll (+2 others)
[1494/1743  0s] Csc Library/Bee/artifacts/1300b0aE.dag/UnityEditor.XR.LegacyInputHelpers.dll (+2 others)
[           0s] Csc Library/Bee/artifacts/1300b0aE.dag/UnityEditor.XR.LegacyInputHelpers.dll (+2 others) [CacheWrite 00000000000000000000000000000004]
[           0s] Csc Library/Bee/artifacts/1300b0aE.dag/Unity.XR.OpenXR.dll (+2 others) [CacheWrite 00000000000000000000000000000004]
[1495/1743  0s] ILPostProcess Library/Bee/artifacts/1300b0aE.dag/post-processed/UnityEditor.XR.LegacyInputHelpers.dll (+pdb)
Processing assembly Library/Bee/artifacts/1300b0aE.dag/UnityEditor.XR.LegacyInputHelpers.dll, with 136 defines and 276 references
processors: Unity.Jobs.CodeGen.JobsILPostProcessor, zzzUnity.Burst.CodeGen.BurstILPostProcessor
running Unity.Jobs.CodeGen.JobsILPostProcessor
running zzzUnity.Burst.CodeGen.BurstILPostProcessor
[1496/1743  0s] CopyFiles Library/ScriptAssemblies/UnityEditor.XR.LegacyInputHelpers.pdb
[1497/1743  0s] CopyFiles Library/ScriptAssemblies/UnityEditor.XR.LegacyInputHelpers.dll
[1498/1743  0s] ILPostProcess Library/Bee/artifacts/1300b0aE.dag/post-processed/Unity.XR.OpenXR.dll (+pdb)
Processing assembly Library/Bee/artifacts/1300b0aE.dag/Unity.XR.OpenXR.dll, with 140 defines and 265 references
processors: Unity.Jobs.CodeGen.JobsILPostProcessor, zzzUnity.Burst.CodeGen.BurstILPostProcessor
running Unity.Jobs.CodeGen.JobsILPostProcessor
running zzzUnity.Burst.CodeGen.BurstILPostProcessor
[1499/1743  0s] CopyFiles Library/ScriptAssemblies/Unity.XR.OpenXR.pdb
[1500/1743  0s] CopyFiles Library/ScriptAssemblies/Unity.XR.OpenXR.dll
[1501/1743  0s] MovedFromExtractor Library/Bee/artifacts/mvdfrm/UnityEditor.XR.LegacyInputHelpers.ref.dll_A2957EFDA2C64C37.mvfrm
[1502/1743  0s] MovedFromExtractor Library/Bee/artifacts/mvdfrm/Unity.XR.OpenXR.ref.dll_CD391CA4E5ED3B9A.mvfrm
[1503/1743  0s] MovedFromExtractor-Combine Library/Bee/artifacts/1300b0aE.dag/Oculus.Haptics.dll.mvfrm
[1504/1743  0s] MovedFromExtractor-Combine Library/Bee/artifacts/1300b0aE.dag/Unity.XR.OpenXR.Features.MetaQuestSupport.dll.mvfrm
[1505/1743  0s] MovedFromExtractor-Combine Library/Bee/artifacts/1300b0aE.dag/Unity.XR.OpenXR.Editor.dll.mvfrm
[1506/1743  0s] MovedFromExtractor-Combine Library/Bee/artifacts/1300b0aE.dag/Unity.XR.OpenXR.Features.ConformanceAutomation.dll.mvfrm
[1507/1743  0s] Csc Library/Bee/artifacts/1300b0aE.dag/Oculus.Haptics.dll (+2 others)
[           0s] Csc Library/Bee/artifacts/1300b0aE.dag/Oculus.Haptics.dll (+2 others) [CacheWrite 00000000000000000000000000000004]
[1508/1743  0s] Csc Library/Bee/artifacts/1300b0aE.dag/Unity.XR.OpenXR.Editor.dll (+2 others)
[1509/1743  0s] Csc Library/Bee/artifacts/1300b0aE.dag/Unity.XR.OpenXR.Features.MetaQuestSupport.dll (+2 others)
[1510/1743  0s] Csc Library/Bee/artifacts/1300b0aE.dag/Unity.XR.OpenXR.Features.ConformanceAutomation.dll (+2 others)
[           0s] Csc Library/Bee/artifacts/1300b0aE.dag/Unity.XR.OpenXR.Features.MetaQuestSupport.dll (+2 others) [CacheWrite 00000000000000000000000000000004]
[           0s] Csc Library/Bee/artifacts/1300b0aE.dag/Unity.XR.OpenXR.Features.ConformanceAutomation.dll (+2 others) [CacheWrite 00000000000000000000000000000004]
[           0s] Csc Library/Bee/artifacts/1300b0aE.dag/Unity.XR.OpenXR.Editor.dll (+2 others) [CacheWrite 00000000000000000000000000000004]
[1511/1743  0s] ILPostProcess Library/Bee/artifacts/1300b0aE.dag/post-processed/Oculus.Haptics.dll (+pdb)
Processing assembly Library/Bee/artifacts/1300b0aE.dag/Oculus.Haptics.dll, with 137 defines and 262 references
processors: Unity.Jobs.CodeGen.JobsILPostProcessor, zzzUnity.Burst.CodeGen.BurstILPostProcessor
running Unity.Jobs.CodeGen.JobsILPostProcessor
running zzzUnity.Burst.CodeGen.BurstILPostProcessor
[1512/1743  0s] Csc Library/Bee/artifacts/1300b0aE.dag/Oculus.Haptics.Editor.dll (+2 others)
[1513/1743  0s] CopyFiles Library/ScriptAssemblies/Oculus.Haptics.pdb
[1514/1743  0s] CopyFiles Library/ScriptAssemblies/Oculus.Haptics.dll
[           0s] Csc Library/Bee/artifacts/1300b0aE.dag/Oculus.Haptics.Editor.dll (+2 others) [CacheWrite 00000000000000000000000000000004]
[1515/1743  0s] ILPostProcess Library/Bee/artifacts/1300b0aE.dag/post-processed/Unity.XR.OpenXR.Editor.dll (+pdb)
Processing assembly Library/Bee/artifacts/1300b0aE.dag/Unity.XR.OpenXR.Editor.dll, with 135 defines and 260 references
processors: Unity.Jobs.CodeGen.JobsILPostProcessor, zzzUnity.Burst.CodeGen.BurstILPostProcessor
running Unity.Jobs.CodeGen.JobsILPostProcessor
running zzzUnity.Burst.CodeGen.BurstILPostProcessor
[1516/1743  0s] ILPostProcess Library/Bee/artifacts/1300b0aE.dag/post-processed/Unity.XR.OpenXR.Features.MetaQuestSupport.dll (+pdb)
Processing assembly Library/Bee/artifacts/1300b0aE.dag/Unity.XR.OpenXR.Features.MetaQuestSupport.dll, with 135 defines and 263 references
processors: Unity.Jobs.CodeGen.JobsILPostProcessor, zzzUnity.Burst.CodeGen.BurstILPostProcessor
running Unity.Jobs.CodeGen.JobsILPostProcessor
running zzzUnity.Burst.CodeGen.BurstILPostProcessor
[1517/1743  0s] CopyFiles Library/ScriptAssemblies/Unity.XR.OpenXR.Editor.pdb
[1518/1743  0s] CopyFiles Library/ScriptAssemblies/Unity.XR.OpenXR.Editor.dll
[1519/1743  0s] CopyFiles Library/ScriptAssemblies/Unity.XR.OpenXR.Features.MetaQuestSupport.dll
[1520/1743  0s] CopyFiles Library/ScriptAssemblies/Unity.XR.OpenXR.Features.MetaQuestSupport.pdb
[1521/1743  0s] ILPostProcess Library/Bee/artifacts/1300b0aE.dag/post-processed/Unity.XR.OpenXR.Features.ConformanceAutomation.dll (+pdb)
Processing assembly Library/Bee/artifacts/1300b0aE.dag/Unity.XR.OpenXR.Features.ConformanceAutomation.dll, with 135 defines and 262 references
processors: Unity.Jobs.CodeGen.JobsILPostProcessor, zzzUnity.Burst.CodeGen.BurstILPostProcessor
running Unity.Jobs.CodeGen.JobsILPostProcessor
running zzzUnity.Burst.CodeGen.BurstILPostProcessor
[1522/1743  0s] CopyFiles Library/ScriptAssemblies/Unity.XR.OpenXR.Features.ConformanceAutomation.dll
[1523/1743  0s] CopyFiles Library/ScriptAssemblies/Unity.XR.OpenXR.Features.ConformanceAutomation.pdb
[1524/1743  0s] MovedFromExtractor Library/Bee/artifacts/mvdfrm/Unity.XR.OpenXR.Features.MetaQuestSupport.ref.dll_F733DA097ED735AF.mvfrm
[1525/1743  0s] MovedFromExtractor Library/Bee/artifacts/mvdfrm/Unity.XR.OpenXR.Editor.ref.dll_3621FFDAA8DB43B7.mvfrm
[1526/1743  0s] MovedFromExtractor Library/Bee/artifacts/mvdfrm/Unity.XR.OpenXR.Features.ConformanceAutomation.ref.dll_F8E9C0BA9435A965.mvfrm
[1527/1743  0s] ILPostProcess Library/Bee/artifacts/1300b0aE.dag/post-processed/Oculus.Haptics.Editor.dll (+pdb)
Processing assembly Library/Bee/artifacts/1300b0aE.dag/Oculus.Haptics.Editor.dll, with 134 defines and 273 references
processors: Unity.Jobs.CodeGen.JobsILPostProcessor, zzzUnity.Burst.CodeGen.BurstILPostProcessor
running Unity.Jobs.CodeGen.JobsILPostProcessor
running zzzUnity.Burst.CodeGen.BurstILPostProcessor
[1528/1743  0s] CopyFiles Library/ScriptAssemblies/Oculus.Haptics.Editor.dll
[1529/1743  0s] CopyFiles Library/ScriptAssemblies/Oculus.Haptics.Editor.pdb
[1530/1743  0s] Csc Library/Bee/artifacts/1300b0aE.dag/Unity.ShaderGraph.Editor.dll (+2 others)
[           0s] Csc Library/Bee/artifacts/1300b0aE.dag/Unity.ShaderGraph.Editor.dll (+2 others) [CacheWrite 00000000000000000000000000000004]
[1531/1743  0s] ILPostProcess Library/Bee/artifacts/1300b0aE.dag/post-processed/Unity.ShaderGraph.Editor.dll (+pdb)
Processing assembly Library/Bee/artifacts/1300b0aE.dag/Unity.ShaderGraph.Editor.dll, with 133 defines and 276 references
processors: Unity.Jobs.CodeGen.JobsILPostProcessor, zzzUnity.Burst.CodeGen.BurstILPostProcessor
running Unity.Jobs.CodeGen.JobsILPostProcessor
running zzzUnity.Burst.CodeGen.BurstILPostProcessor
[1532/1743  0s] MovedFromExtractor-Combine Library/Bee/artifacts/1300b0aE.dag/Unity.XR.OpenXR.Features.OculusQuestSupport.dll.mvfrm
[1533/1743  0s] MovedFromExtractor-Combine Library/Bee/artifacts/1300b0aE.dag/Oculus.VR.dll.mvfrm
[1534/1743  0s] MovedFromExtractor-Combine Library/Bee/artifacts/1300b0aE.dag/Oculus.VR.Scripts.Editor.dll.mvfrm
[1535/1743  0s] MovedFromExtractor-Combine Library/Bee/artifacts/1300b0aE.dag/Unity.XR.OpenXR.Features.MetaQuestSupport.Editor.dll.mvfrm
[1536/1743  0s] MovedFromExtractor-Combine Library/Bee/artifacts/1300b0aE.dag/Unity.XR.OpenXR.Features.RuntimeDebugger.dll.mvfrm
[1537/1743  0s] MovedFromExtractor-Combine Library/Bee/artifacts/1300b0aE.dag/Unity.XR.OpenXR.Features.MockRuntime.dll.mvfrm
[1538/1743  0s] MovedFromExtractor-Combine Library/Bee/artifacts/1300b0aE.dag/Oculus.VR.Editor.dll.mvfrm
[1539/1743  0s] CopyFiles Library/ScriptAssemblies/Unity.ShaderGraph.Editor.pdb
[1540/1743  0s] CopyFiles Library/ScriptAssemblies/Unity.ShaderGraph.Editor.dll
[1541/1743  0s] MovedFromExtractor Library/Bee/artifacts/mvdfrm/Unity.ShaderGraph.Editor.ref.dll_CA6C4521A25CEDB6.mvfrm
[1542/1743  0s] MovedFromExtractor-Combine Library/Bee/artifacts/1300b0aE.dag/Unity.RenderPipelines.Universal.Editor.dll.mvfrm
[1543/1743  0s] Csc Library/Bee/artifacts/1300b0aE.dag/Unity.XR.OpenXR.Features.MockRuntime.dll (+2 others)
[           0s] Csc Library/Bee/artifacts/1300b0aE.dag/Unity.XR.OpenXR.Features.MockRuntime.dll (+2 others) [CacheWrite 00000000000000000000000000000004]
[1544/1743  0s] ILPostProcess Library/Bee/artifacts/1300b0aE.dag/post-processed/Unity.XR.OpenXR.Features.MockRuntime.dll (+pdb)
Processing assembly Library/Bee/artifacts/1300b0aE.dag/Unity.XR.OpenXR.Features.MockRuntime.dll, with 135 defines and 247 references
processors: Unity.Jobs.CodeGen.JobsILPostProcessor, zzzUnity.Burst.CodeGen.BurstILPostProcessor
running Unity.Jobs.CodeGen.JobsILPostProcessor
running zzzUnity.Burst.CodeGen.BurstILPostProcessor
[1545/1743  0s] Csc Library/Bee/artifacts/1300b0aE.dag/Unity.XR.OpenXR.Features.RuntimeDebugger.dll (+2 others)
[1546/1743  0s] Csc Library/Bee/artifacts/1300b0aE.dag/Unity.XR.OpenXR.Features.MetaQuestSupport.Editor.dll (+2 others)
[1547/1743  0s] CopyFiles Library/ScriptAssemblies/Unity.XR.OpenXR.Features.MockRuntime.pdb
[1548/1743  0s] CopyFiles Library/ScriptAssemblies/Unity.XR.OpenXR.Features.MockRuntime.dll
[           0s] Csc Library/Bee/artifacts/1300b0aE.dag/Unity.XR.OpenXR.Features.RuntimeDebugger.dll (+2 others) [CacheWrite 00000000000000000000000000000004]
[           0s] Csc Library/Bee/artifacts/1300b0aE.dag/Unity.XR.OpenXR.Features.MetaQuestSupport.Editor.dll (+2 others) [CacheWrite 00000000000000000000000000000004]
[1549/1743  0s] ILPostProcess Library/Bee/artifacts/1300b0aE.dag/post-processed/Unity.XR.OpenXR.Features.RuntimeDebugger.dll (+pdb)
Processing assembly Library/Bee/artifacts/1300b0aE.dag/Unity.XR.OpenXR.Features.RuntimeDebugger.dll, with 135 defines and 246 references
processors: Unity.Jobs.CodeGen.JobsILPostProcessor, zzzUnity.Burst.CodeGen.BurstILPostProcessor
running Unity.Jobs.CodeGen.JobsILPostProcessor
running zzzUnity.Burst.CodeGen.BurstILPostProcessor
[1550/1743  0s] ILPostProcess Library/Bee/artifacts/1300b0aE.dag/post-processed/Unity.XR.OpenXR.Features.MetaQuestSupport.Editor.dll (+pdb)
Processing assembly Library/Bee/artifacts/1300b0aE.dag/Unity.XR.OpenXR.Features.MetaQuestSupport.Editor.dll, with 134 defines and 276 references
processors: Unity.Jobs.CodeGen.JobsILPostProcessor, zzzUnity.Burst.CodeGen.BurstILPostProcessor
running Unity.Jobs.CodeGen.JobsILPostProcessor
running zzzUnity.Burst.CodeGen.BurstILPostProcessor
[1551/1743  0s] CopyFiles Library/ScriptAssemblies/Unity.XR.OpenXR.Features.RuntimeDebugger.dll
[1552/1743  0s] CopyFiles Library/ScriptAssemblies/Unity.XR.OpenXR.Features.MetaQuestSupport.Editor.dll
[1553/1743  0s] CopyFiles Library/ScriptAssemblies/Unity.XR.OpenXR.Features.MetaQuestSupport.Editor.pdb
[1554/1743  0s] CopyFiles Library/ScriptAssemblies/Unity.XR.OpenXR.Features.RuntimeDebugger.pdb
[1555/1743  0s] MovedFromExtractor Library/Bee/artifacts/mvdfrm/Unity.XR.OpenXR.Features.MockRuntime.ref.dll_5BB54C93544FF727.mvfrm
[1556/1743  0s] MovedFromExtractor Library/Bee/artifacts/mvdfrm/Unity.XR.OpenXR.Features.RuntimeDebugger.ref.dll_EE49132F7AB3C792.mvfrm
[1557/1743  0s] MovedFromExtractor Library/Bee/artifacts/mvdfrm/Unity.XR.OpenXR.Features.MetaQuestSupport.Editor.ref.dll_D7F834629185E1F2.mvfrm
[1558/1743  0s] MovedFromExtractor-Combine Library/Bee/artifacts/1300b0aE.dag/Unity.XR.OpenXR.TestTooling.dll.mvfrm
[1559/1743  0s] MovedFromExtractor-Combine Library/Bee/artifacts/1300b0aE.dag/Unity.XR.OpenXR.Features.RuntimeDebugger.Editor.dll.mvfrm
[1560/1743  0s] Csc Library/Bee/artifacts/1300b0aE.dag/Unity.XR.OpenXR.TestTooling.dll (+2 others)
[           0s] Csc Library/Bee/artifacts/1300b0aE.dag/Unity.XR.OpenXR.TestTooling.dll (+2 others) [CacheWrite 00000000000000000000000000000004]
[1561/1743  0s] ILPostProcess Library/Bee/artifacts/1300b0aE.dag/post-processed/Unity.XR.OpenXR.TestTooling.dll (+pdb)
Processing assembly Library/Bee/artifacts/1300b0aE.dag/Unity.XR.OpenXR.TestTooling.dll, with 135 defines and 249 references
processors: Unity.Jobs.CodeGen.JobsILPostProcessor, zzzUnity.Burst.CodeGen.BurstILPostProcessor
running Unity.Jobs.CodeGen.JobsILPostProcessor
running zzzUnity.Burst.CodeGen.BurstILPostProcessor
[1562/1743  0s] CopyFiles Library/ScriptAssemblies/Unity.XR.OpenXR.TestTooling.dll
[1563/1743  0s] CopyFiles Library/ScriptAssemblies/Unity.XR.OpenXR.TestTooling.pdb
[1564/1743  0s] Csc Library/Bee/artifacts/1300b0aE.dag/Unity.XR.OpenXR.Features.RuntimeDebugger.Editor.dll (+2 others)
[           0s] Csc Library/Bee/artifacts/1300b0aE.dag/Unity.XR.OpenXR.Features.RuntimeDebugger.Editor.dll (+2 others) [CacheWrite 00000000000000000000000000000004]
[1565/1743  0s] ILPostProcess Library/Bee/artifacts/1300b0aE.dag/post-processed/Unity.XR.OpenXR.Features.RuntimeDebugger.Editor.dll (+pdb)
Processing assembly Library/Bee/artifacts/1300b0aE.dag/Unity.XR.OpenXR.Features.RuntimeDebugger.Editor.dll, with 133 defines and 275 references
processors: Unity.Jobs.CodeGen.JobsILPostProcessor, zzzUnity.Burst.CodeGen.BurstILPostProcessor
running Unity.Jobs.CodeGen.JobsILPostProcessor
running zzzUnity.Burst.CodeGen.BurstILPostProcessor
[1566/1743  0s] CopyFiles Library/ScriptAssemblies/Unity.XR.OpenXR.Features.RuntimeDebugger.Editor.pdb
[1567/1743  0s] CopyFiles Library/ScriptAssemblies/Unity.XR.OpenXR.Features.RuntimeDebugger.Editor.dll
[1568/1743  0s] MovedFromExtractor Library/Bee/artifacts/mvdfrm/Unity.XR.OpenXR.Features.RuntimeDebugger.Editor.ref.dll_CB4BEE4624B29F3F.mvfrm
[1569/1743  0s] Csc Library/Bee/artifacts/1300b0aE.dag/Unity.RenderPipelines.Universal.Editor.dll (+2 others)
[           0s] Csc Library/Bee/artifacts/1300b0aE.dag/Unity.RenderPipelines.Universal.Editor.dll (+2 others) [CacheWrite 00000000000000000000000000000004]
[1570/1743  0s] ILPostProcess Library/Bee/artifacts/1300b0aE.dag/post-processed/Unity.RenderPipelines.Universal.Editor.dll (+pdb)
Processing assembly Library/Bee/artifacts/1300b0aE.dag/Unity.RenderPipelines.Universal.Editor.dll, with 135 defines and 284 references
processors: Unity.Jobs.CodeGen.JobsILPostProcessor, zzzUnity.Burst.CodeGen.BurstILPostProcessor
running Unity.Jobs.CodeGen.JobsILPostProcessor
running zzzUnity.Burst.CodeGen.BurstILPostProcessor
[1571/1743  0s] CopyFiles Library/ScriptAssemblies/Unity.RenderPipelines.Universal.Editor.pdb
[1572/1743  0s] CopyFiles Library/ScriptAssemblies/Unity.RenderPipelines.Universal.Editor.dll
[1573/1743  0s] MovedFromExtractor Library/Bee/artifacts/mvdfrm/Unity.RenderPipelines.Universal.Editor.ref.dll_ECAA9E877BE61FD7.mvfrm
[1574/1743  0s] Csc Library/Bee/artifacts/1300b0aE.dag/Oculus.VR.dll (+2 others)
[1575/1743  0s] Csc Library/Bee/artifacts/1300b0aE.dag/Unity.XR.OpenXR.Features.OculusQuestSupport.dll (+2 others)
[           0s] Csc Library/Bee/artifacts/1300b0aE.dag/Unity.XR.OpenXR.Features.OculusQuestSupport.dll (+2 others) [CacheWrite 00000000000000000000000000000004]
[           0s] Csc Library/Bee/artifacts/1300b0aE.dag/Oculus.VR.dll (+2 others) [CacheWrite 00000000000000000000000000000004]
[1576/1743  0s] ILPostProcess Library/Bee/artifacts/1300b0aE.dag/post-processed/Oculus.VR.dll (+pdb)
Processing assembly Library/Bee/artifacts/1300b0aE.dag/Oculus.VR.dll, with 145 defines and 267 references
processors: Unity.Jobs.CodeGen.JobsILPostProcessor, zzzUnity.Burst.CodeGen.BurstILPostProcessor
running Unity.Jobs.CodeGen.JobsILPostProcessor
running zzzUnity.Burst.CodeGen.BurstILPostProcessor
[1577/1743  0s] ILPostProcess Library/Bee/artifacts/1300b0aE.dag/post-processed/Unity.XR.OpenXR.Features.OculusQuestSupport.dll (+pdb)
Processing assembly Library/Bee/artifacts/1300b0aE.dag/Unity.XR.OpenXR.Features.OculusQuestSupport.dll, with 135 defines and 263 references
processors: Unity.Jobs.CodeGen.JobsILPostProcessor, zzzUnity.Burst.CodeGen.BurstILPostProcessor
running Unity.Jobs.CodeGen.JobsILPostProcessor
running zzzUnity.Burst.CodeGen.BurstILPostProcessor
[1578/1743  0s] CopyFiles Library/ScriptAssemblies/Oculus.VR.pdb
[1579/1743  0s] CopyFiles Library/ScriptAssemblies/Unity.XR.OpenXR.Features.OculusQuestSupport.dll
[1580/1743  0s] CopyFiles Library/ScriptAssemblies/Unity.XR.OpenXR.Features.OculusQuestSupport.pdb
[1581/1743  0s] CopyFiles Library/ScriptAssemblies/Oculus.VR.dll
[1582/1743  0s] MovedFromExtractor-Combine Library/Bee/artifacts/1300b0aE.dag/PPv2URPConverters.dll.mvfrm
[1583/1743  0s] MovedFromExtractor Library/Bee/artifacts/mvdfrm/Unity.XR.OpenXR.Features.OculusQuestSupport.ref.dll_54D437838FE1B0D3.mvfrm
[1584/1743  0s] MovedFromExtractor-Combine Library/Bee/artifacts/1300b0aE.dag/Unity.XR.Hands.dll.mvfrm
[1585/1743  0s] MovedFromExtractor-Combine Library/Bee/artifacts/1300b0aE.dag/Unity.XR.OpenXR.Features.OculusQuestSupport.Editor.dll.mvfrm
[1586/1743  0s] Csc Library/Bee/artifacts/1300b0aE.dag/PPv2URPConverters.dll (+2 others)
[           0s] Csc Library/Bee/artifacts/1300b0aE.dag/PPv2URPConverters.dll (+2 others) [CacheWrite 00000000000000000000000000000004]
[1587/1743  0s] Csc Library/Bee/artifacts/1300b0aE.dag/Oculus.Interaction.OVR.Samples.dll (+2 others)
[           0s] Csc Library/Bee/artifacts/1300b0aE.dag/Oculus.Interaction.OVR.Samples.dll (+2 others) [CacheWrite 00000000000000000000000000000004]
[1588/1743  0s] Csc Library/Bee/artifacts/1300b0aE.dag/Meta.XR.Editor.UserInterface.dll (+2 others)
[           0s] Csc Library/Bee/artifacts/1300b0aE.dag/Meta.XR.Editor.UserInterface.dll (+2 others) [CacheWrite 00000000000000000000000000000004]
[1589/1743  0s] Csc Library/Bee/artifacts/1300b0aE.dag/Oculus.Interaction.OVR.dll (+2 others)
[1590/1743  0s] Csc Library/Bee/artifacts/1300b0aE.dag/Meta.XR.BuildingBlocks.dll (+2 others)
[1591/1743  0s] ILPostProcess Library/Bee/artifacts/1300b0aE.dag/post-processed/Meta.XR.Editor.UserInterface.dll (+pdb)
Processing assembly Library/Bee/artifacts/1300b0aE.dag/Meta.XR.Editor.UserInterface.dll, with 134 defines and 274 references
processors: Unity.Jobs.CodeGen.JobsILPostProcessor, zzzUnity.Burst.CodeGen.BurstILPostProcessor
running Unity.Jobs.CodeGen.JobsILPostProcessor
running zzzUnity.Burst.CodeGen.BurstILPostProcessor
[1592/1743  0s] ILPostProcess Library/Bee/artifacts/1300b0aE.dag/post-processed/PPv2URPConverters.dll (+pdb)
Processing assembly Library/Bee/artifacts/1300b0aE.dag/PPv2URPConverters.dll, with 133 defines and 276 references
processors: Unity.Jobs.CodeGen.JobsILPostProcessor, zzzUnity.Burst.CodeGen.BurstILPostProcessor
running Unity.Jobs.CodeGen.JobsILPostProcessor
running zzzUnity.Burst.CodeGen.BurstILPostProcessor
[           0s] Csc Library/Bee/artifacts/1300b0aE.dag/Meta.XR.BuildingBlocks.dll (+2 others) [CacheWrite 00000000000000000000000000000004]
[1593/1743  0s] CopyFiles Library/ScriptAssemblies/Meta.XR.Editor.UserInterface.pdb
[1594/1743  0s] CopyFiles Library/ScriptAssemblies/Meta.XR.Editor.UserInterface.dll
[           0s] Csc Library/Bee/artifacts/1300b0aE.dag/Oculus.Interaction.OVR.dll (+2 others) [CacheWrite 00000000000000000000000000000004]
[1595/1743  0s] ILPostProcess Library/Bee/artifacts/1300b0aE.dag/post-processed/Oculus.Interaction.OVR.Samples.dll (+pdb)
Processing assembly Library/Bee/artifacts/1300b0aE.dag/Oculus.Interaction.OVR.Samples.dll, with 136 defines and 265 references
processors: Unity.Jobs.CodeGen.JobsILPostProcessor, zzzUnity.Burst.CodeGen.BurstILPostProcessor
running Unity.Jobs.CodeGen.JobsILPostProcessor
running zzzUnity.Burst.CodeGen.BurstILPostProcessor
[1596/1743  0s] CopyFiles Library/ScriptAssemblies/PPv2URPConverters.dll
[1597/1743  0s] CopyFiles Library/ScriptAssemblies/PPv2URPConverters.pdb
[1598/1743  0s] CopyFiles Library/ScriptAssemblies/Oculus.Interaction.OVR.Samples.dll
[1599/1743  0s] CopyFiles Library/ScriptAssemblies/Oculus.Interaction.OVR.Samples.pdb
[1600/1743  0s] ILPostProcess Library/Bee/artifacts/1300b0aE.dag/post-processed/Oculus.Interaction.OVR.dll (+pdb)
Processing assembly Library/Bee/artifacts/1300b0aE.dag/Oculus.Interaction.OVR.dll, with 136 defines and 263 references
processors: Unity.Jobs.CodeGen.JobsILPostProcessor, zzzUnity.Burst.CodeGen.BurstILPostProcessor
running Unity.Jobs.CodeGen.JobsILPostProcessor
running zzzUnity.Burst.CodeGen.BurstILPostProcessor
[1601/1743  0s] ILPostProcess Library/Bee/artifacts/1300b0aE.dag/post-processed/Meta.XR.BuildingBlocks.dll (+pdb)
Processing assembly Library/Bee/artifacts/1300b0aE.dag/Meta.XR.BuildingBlocks.dll, with 137 defines and 264 references
processors: Unity.Jobs.CodeGen.JobsILPostProcessor, zzzUnity.Burst.CodeGen.BurstILPostProcessor
running Unity.Jobs.CodeGen.JobsILPostProcessor
running zzzUnity.Burst.CodeGen.BurstILPostProcessor
[1602/1743  0s] CopyFiles Library/ScriptAssemblies/Meta.XR.BuildingBlocks.dll
[1603/1743  0s] CopyFiles Library/ScriptAssemblies/Meta.XR.BuildingBlocks.pdb
[1604/1743  0s] CopyFiles Library/ScriptAssemblies/Oculus.Interaction.OVR.pdb
[1605/1743  0s] CopyFiles Library/ScriptAssemblies/Oculus.Interaction.OVR.dll
[1606/1743  0s] Csc Library/Bee/artifacts/1300b0aE.dag/Unity.XR.OpenXR.Features.OculusQuestSupport.Editor.dll (+2 others)
[           0s] Csc Library/Bee/artifacts/1300b0aE.dag/Unity.XR.OpenXR.Features.OculusQuestSupport.Editor.dll (+2 others) [CacheWrite 00000000000000000000000000000004]
[1607/1743  0s] ILPostProcess Library/Bee/artifacts/1300b0aE.dag/post-processed/Unity.XR.OpenXR.Features.OculusQuestSupport.Editor.dll (+pdb)
Processing assembly Library/Bee/artifacts/1300b0aE.dag/Unity.XR.OpenXR.Features.OculusQuestSupport.Editor.dll, with 133 defines and 275 references
processors: Unity.Jobs.CodeGen.JobsILPostProcessor, zzzUnity.Burst.CodeGen.BurstILPostProcessor
running Unity.Jobs.CodeGen.JobsILPostProcessor
running zzzUnity.Burst.CodeGen.BurstILPostProcessor
[1608/1743  0s] CopyFiles Library/ScriptAssemblies/Unity.XR.OpenXR.Features.OculusQuestSupport.Editor.dll
[1609/1743  0s] CopyFiles Library/ScriptAssemblies/Unity.XR.OpenXR.Features.OculusQuestSupport.Editor.pdb
[1610/1743  0s] Csc Library/Bee/artifacts/1300b0aE.dag/Meta.XR.ImmersiveDebugger.dll (+2 others)
[1611/1743  0s] Csc Library/Bee/artifacts/1300b0aE.dag/Meta.XR.EnvironmentDepth.dll (+2 others)
[           0s] Csc Library/Bee/artifacts/1300b0aE.dag/Meta.XR.EnvironmentDepth.dll (+2 others) [CacheWrite 00000000000000000000000000000004]
[           0s] Csc Library/Bee/artifacts/1300b0aE.dag/Meta.XR.ImmersiveDebugger.dll (+2 others) [CacheWrite 00000000000000000000000000000004]
[1612/1743  0s] ILPostProcess Library/Bee/artifacts/1300b0aE.dag/post-processed/Meta.XR.EnvironmentDepth.dll (+pdb)
Processing assembly Library/Bee/artifacts/1300b0aE.dag/Meta.XR.EnvironmentDepth.dll, with 136 defines and 262 references
processors: Unity.Jobs.CodeGen.JobsILPostProcessor, zzzUnity.Burst.CodeGen.BurstILPostProcessor
running Unity.Jobs.CodeGen.JobsILPostProcessor
running zzzUnity.Burst.CodeGen.BurstILPostProcessor
[1613/1743  0s] ILPostProcess Library/Bee/artifacts/1300b0aE.dag/post-processed/Meta.XR.ImmersiveDebugger.dll (+pdb)
Processing assembly Library/Bee/artifacts/1300b0aE.dag/Meta.XR.ImmersiveDebugger.dll, with 136 defines and 264 references
processors: Unity.Jobs.CodeGen.JobsILPostProcessor, zzzUnity.Burst.CodeGen.BurstILPostProcessor
running Unity.Jobs.CodeGen.JobsILPostProcessor
running zzzUnity.Burst.CodeGen.BurstILPostProcessor
[1614/1743  0s] CopyFiles Library/ScriptAssemblies/Meta.XR.ImmersiveDebugger.pdb
[1615/1743  0s] CopyFiles Library/ScriptAssemblies/Meta.XR.EnvironmentDepth.dll
[1616/1743  0s] CopyFiles Library/ScriptAssemblies/Meta.XR.ImmersiveDebugger.dll
[1617/1743  0s] CopyFiles Library/ScriptAssemblies/Meta.XR.EnvironmentDepth.pdb
[1618/1743  0s] MovedFromExtractor Library/Bee/artifacts/mvdfrm/Unity.XR.OpenXR.Features.OculusQuestSupport.Editor.ref.dll_947714FF8A5EE50E.mvfrm
[1619/1743  0s] Csc Library/Bee/artifacts/1300b0aE.dag/Unity.XR.Hands.dll (+2 others)
[1620/1743  0s] Csc Library/Bee/artifacts/1300b0aE.dag/Meta.XR.BuildingBlocks.DepthAPI.dll (+2 others)
[           0s] Csc Library/Bee/artifacts/1300b0aE.dag/Meta.XR.BuildingBlocks.DepthAPI.dll (+2 others) [CacheWrite 00000000000000000000000000000004]
[1621/1743  0s] Csc Library/Bee/artifacts/1300b0aE.dag/Meta.XR.Editor.Tags.dll (+2 others)
[1622/1743  0s] Csc Library/Bee/artifacts/1300b0aE.dag/Meta.XR.Editor.StatusMenu.dll (+2 others)
[           0s] Csc Library/Bee/artifacts/1300b0aE.dag/Unity.XR.Hands.dll (+2 others) [CacheWrite 00000000000000000000000000000004]
[           0s] Csc Library/Bee/artifacts/1300b0aE.dag/Meta.XR.Editor.StatusMenu.dll (+2 others) [CacheWrite 00000000000000000000000000000004]
[           0s] Csc Library/Bee/artifacts/1300b0aE.dag/Meta.XR.Editor.Tags.dll (+2 others) [CacheWrite 00000000000000000000000000000004]
[1623/1743  0s] ILPostProcess Library/Bee/artifacts/1300b0aE.dag/post-processed/Meta.XR.BuildingBlocks.DepthAPI.dll (+pdb)
Processing assembly Library/Bee/artifacts/1300b0aE.dag/Meta.XR.BuildingBlocks.DepthAPI.dll, with 136 defines and 265 references
processors: Unity.Jobs.CodeGen.JobsILPostProcessor, zzzUnity.Burst.CodeGen.BurstILPostProcessor
running Unity.Jobs.CodeGen.JobsILPostProcessor
running zzzUnity.Burst.CodeGen.BurstILPostProcessor
[1624/1743  0s] CopyFiles Library/ScriptAssemblies/Meta.XR.BuildingBlocks.DepthAPI.dll
[1625/1743  0s] CopyFiles Library/ScriptAssemblies/Meta.XR.BuildingBlocks.DepthAPI.pdb
[1626/1743  0s] ILPostProcess Library/Bee/artifacts/1300b0aE.dag/post-processed/Meta.XR.Editor.StatusMenu.dll (+pdb)
Processing assembly Library/Bee/artifacts/1300b0aE.dag/Meta.XR.Editor.StatusMenu.dll, with 134 defines and 275 references
processors: Unity.Jobs.CodeGen.JobsILPostProcessor, zzzUnity.Burst.CodeGen.BurstILPostProcessor
running Unity.Jobs.CodeGen.JobsILPostProcessor
running zzzUnity.Burst.CodeGen.BurstILPostProcessor
[1627/1743  0s] ILPostProcess Library/Bee/artifacts/1300b0aE.dag/post-processed/Meta.XR.Editor.Tags.dll (+pdb)
Processing assembly Library/Bee/artifacts/1300b0aE.dag/Meta.XR.Editor.Tags.dll, with 134 defines and 274 references
processors: Unity.Jobs.CodeGen.JobsILPostProcessor, zzzUnity.Burst.CodeGen.BurstILPostProcessor
running Unity.Jobs.CodeGen.JobsILPostProcessor
running zzzUnity.Burst.CodeGen.BurstILPostProcessor
[1628/1743  0s] CopyFiles Library/ScriptAssemblies/Meta.XR.Editor.StatusMenu.dll
[1629/1743  0s] CopyFiles Library/ScriptAssemblies/Meta.XR.Editor.StatusMenu.pdb
[1630/1743  0s] CopyFiles Library/ScriptAssemblies/Meta.XR.Editor.Tags.dll
[1631/1743  0s] CopyFiles Library/ScriptAssemblies/Meta.XR.Editor.Tags.pdb
[1632/1743  0s] ILPostProcess Library/Bee/artifacts/1300b0aE.dag/post-processed/Unity.XR.Hands.dll (+pdb)
Processing assembly Library/Bee/artifacts/1300b0aE.dag/Unity.XR.Hands.dll, with 140 defines and 269 references
processors: Unity.Jobs.CodeGen.JobsILPostProcessor, zzzUnity.Burst.CodeGen.BurstILPostProcessor
running Unity.Jobs.CodeGen.JobsILPostProcessor
running zzzUnity.Burst.CodeGen.BurstILPostProcessor
[1633/1743  0s] CopyFiles Library/ScriptAssemblies/Unity.XR.Hands.dll
[1634/1743  0s] CopyFiles Library/ScriptAssemblies/Unity.XR.Hands.pdb
[1635/1743  0s] MovedFromExtractor Library/Bee/artifacts/mvdfrm/Unity.XR.Hands.ref.dll_CAC19070A3F388A4.mvfrm
[1636/1743  0s] MovedFromExtractor-Combine Library/Bee/artifacts/1300b0aE.dag/Oculus.Interaction.UnityXR.dll.mvfrm
[1637/1743  0s] MovedFromExtractor-Combine Library/Bee/artifacts/1300b0aE.dag/Unity.XR.Hands.CodeSamples.Editor.Tests.dll.mvfrm
[1638/1743  0s] MovedFromExtractor-Combine Library/Bee/artifacts/1300b0aE.dag/Oculus.Interaction.Editor.UnityXR.dll.mvfrm
[1639/1743  0s] MovedFromExtractor-Combine Library/Bee/artifacts/1300b0aE.dag/Unity.XR.Hands.Analytics.Editor.dll.mvfrm
[1640/1743  0s] Csc Library/Bee/artifacts/1300b0aE.dag/meta.xr.mrutilitykit.dll (+2 others)
[           0s] Csc Library/Bee/artifacts/1300b0aE.dag/meta.xr.mrutilitykit.dll (+2 others) [CacheWrite 00000000000000000000000000000004]
[1641/1743  0s] ILPostProcess Library/Bee/artifacts/1300b0aE.dag/post-processed/meta.xr.mrutilitykit.dll (+pdb)
Processing assembly Library/Bee/artifacts/1300b0aE.dag/meta.xr.mrutilitykit.dll, with 136 defines and 265 references
processors: Unity.Jobs.CodeGen.JobsILPostProcessor, zzzUnity.Burst.CodeGen.BurstILPostProcessor
running Unity.Jobs.CodeGen.JobsILPostProcessor
running zzzUnity.Burst.CodeGen.BurstILPostProcessor
[1642/1743  0s] CopyFiles Library/ScriptAssemblies/meta.xr.mrutilitykit.pdb
[1643/1743  0s] CopyFiles Library/ScriptAssemblies/meta.xr.mrutilitykit.dll
[1644/1743  0s] Csc Library/Bee/artifacts/1300b0aE.dag/Oculus.VR.Editor.dll (+2 others)
[           0s] Csc Library/Bee/artifacts/1300b0aE.dag/Oculus.VR.Editor.dll (+2 others) [CacheWrite 00000000000000000000000000000004]
[1645/1743  0s] Csc Library/Bee/artifacts/1300b0aE.dag/Unity.XR.Hands.Analytics.Editor.dll (+2 others)
[1646/1743  0s] Csc Library/Bee/artifacts/1300b0aE.dag/Oculus.Interaction.Editor.UnityXR.dll (+2 others)
[           0s] Csc Library/Bee/artifacts/1300b0aE.dag/Oculus.Interaction.Editor.UnityXR.dll (+2 others) [CacheWrite 00000000000000000000000000000004]
[           0s] Csc Library/Bee/artifacts/1300b0aE.dag/Unity.XR.Hands.Analytics.Editor.dll (+2 others) [CacheWrite 00000000000000000000000000000004]
[1647/1743  0s] Csc Library/Bee/artifacts/1300b0aE.dag/Oculus.Interaction.UnityXR.dll (+2 others)
[1648/1743  0s] ILPostProcess Library/Bee/artifacts/1300b0aE.dag/post-processed/Oculus.VR.Editor.dll (+pdb)
Processing assembly Library/Bee/artifacts/1300b0aE.dag/Oculus.VR.Editor.dll, with 140 defines and 284 references
processors: Unity.Jobs.CodeGen.JobsILPostProcessor, zzzUnity.Burst.CodeGen.BurstILPostProcessor
running Unity.Jobs.CodeGen.JobsILPostProcessor
running zzzUnity.Burst.CodeGen.BurstILPostProcessor
[1649/1743  0s] CopyFiles Library/ScriptAssemblies/Oculus.VR.Editor.pdb
[1650/1743  0s] CopyFiles Library/ScriptAssemblies/Oculus.VR.Editor.dll
[1651/1743  0s] ILPostProcess Library/Bee/artifacts/1300b0aE.dag/post-processed/Unity.XR.Hands.Analytics.Editor.dll (+pdb)
Processing assembly Library/Bee/artifacts/1300b0aE.dag/Unity.XR.Hands.Analytics.Editor.dll, with 133 defines and 274 references
processors: Unity.Jobs.CodeGen.JobsILPostProcessor, zzzUnity.Burst.CodeGen.BurstILPostProcessor
running Unity.Jobs.CodeGen.JobsILPostProcessor
running zzzUnity.Burst.CodeGen.BurstILPostProcessor
[1652/1743  0s] CopyFiles Library/ScriptAssemblies/Unity.XR.Hands.Analytics.Editor.dll
[1653/1743  0s] CopyFiles Library/ScriptAssemblies/Unity.XR.Hands.Analytics.Editor.pdb
[1654/1743  0s] ILPostProcess Library/Bee/artifacts/1300b0aE.dag/post-processed/Oculus.Interaction.Editor.UnityXR.dll (+pdb)
Processing assembly Library/Bee/artifacts/1300b0aE.dag/Oculus.Interaction.Editor.UnityXR.dll, with 136 defines and 278 references
processors: Unity.Jobs.CodeGen.JobsILPostProcessor, zzzUnity.Burst.CodeGen.BurstILPostProcessor
running Unity.Jobs.CodeGen.JobsILPostProcessor
running zzzUnity.Burst.CodeGen.BurstILPostProcessor
[1655/1743  0s] CopyFiles Library/ScriptAssemblies/Oculus.Interaction.Editor.UnityXR.dll
[1656/1743  0s] CopyFiles Library/ScriptAssemblies/Oculus.Interaction.Editor.UnityXR.pdb
[1657/1743  0s] Csc Library/Bee/artifacts/1300b0aE.dag/Meta.XR.MultiplayerBlocks.Shared.dll (+2 others)
[           0s] Csc Library/Bee/artifacts/1300b0aE.dag/Meta.XR.MultiplayerBlocks.Shared.dll (+2 others) [CacheWrite 00000000000000000000000000000004]
[1658/1743  0s] ILPostProcess Library/Bee/artifacts/1300b0aE.dag/post-processed/Meta.XR.MultiplayerBlocks.Shared.dll (+pdb)
Processing assembly Library/Bee/artifacts/1300b0aE.dag/Meta.XR.MultiplayerBlocks.Shared.dll, with 139 defines and 267 references
processors: Unity.Jobs.CodeGen.JobsILPostProcessor, zzzUnity.Burst.CodeGen.BurstILPostProcessor
running Unity.Jobs.CodeGen.JobsILPostProcessor
running zzzUnity.Burst.CodeGen.BurstILPostProcessor
[1659/1743  0s] CopyFiles Library/ScriptAssemblies/Meta.XR.MultiplayerBlocks.Shared.dll
[1660/1743  0s] CopyFiles Library/ScriptAssemblies/Meta.XR.MultiplayerBlocks.Shared.pdb
[1661/1743  0s] MovedFromExtractor Library/Bee/artifacts/mvdfrm/Unity.XR.Hands.Analytics.Editor.ref.dll_49ECAE1A0375AE05.mvfrm
[           0s] Csc Library/Bee/artifacts/1300b0aE.dag/Oculus.Interaction.UnityXR.dll (+2 others) [CacheWrite 00000000000000000000000000000004]
[1662/1743  0s] Csc Library/Bee/artifacts/1300b0aE.dag/Unity.XR.Hands.CodeSamples.Editor.Tests.dll (+2 others)
[1663/1743  0s] Csc Library/Bee/artifacts/1300b0aE.dag/Meta.XR.ImmersiveDebugger.Editor.dll (+2 others)
[           0s] Csc Library/Bee/artifacts/1300b0aE.dag/Meta.XR.ImmersiveDebugger.Editor.dll (+2 others) [CacheWrite 00000000000000000000000000000004]
[           0s] Csc Library/Bee/artifacts/1300b0aE.dag/Unity.XR.Hands.CodeSamples.Editor.Tests.dll (+2 others) [CacheWrite 00000000000000000000000000000004]
[1664/1743  0s] Csc Library/Bee/artifacts/1300b0aE.dag/Meta.XR.EnvironmentDepth.Editor.dll (+2 others)
[1665/1743  0s] Csc Library/Bee/artifacts/1300b0aE.dag/Meta.XR.Guides.Editor.dll (+2 others)
[1666/1743  0s] Csc Library/Bee/artifacts/1300b0aE.dag/Meta.XR.Editor.PlayCompanion.dll (+2 others)
[           0s] Csc Library/Bee/artifacts/1300b0aE.dag/Meta.XR.EnvironmentDepth.Editor.dll (+2 others) [CacheWrite 00000000000000000000000000000004]
[           0s] Csc Library/Bee/artifacts/1300b0aE.dag/Meta.XR.Guides.Editor.dll (+2 others) [CacheWrite 00000000000000000000000000000004]
[           0s] Csc Library/Bee/artifacts/1300b0aE.dag/Meta.XR.Editor.PlayCompanion.dll (+2 others) [CacheWrite 00000000000000000000000000000004]
[1667/1743  0s] ILPostProcess Library/Bee/artifacts/1300b0aE.dag/post-processed/Oculus.Interaction.UnityXR.dll (+pdb)
Processing assembly Library/Bee/artifacts/1300b0aE.dag/Oculus.Interaction.UnityXR.dll, with 138 defines and 253 references
processors: Unity.Jobs.CodeGen.JobsILPostProcessor, zzzUnity.Burst.CodeGen.BurstILPostProcessor
running Unity.Jobs.CodeGen.JobsILPostProcessor
running zzzUnity.Burst.CodeGen.BurstILPostProcessor
[1668/1743  0s] CopyFiles Library/ScriptAssemblies/Oculus.Interaction.UnityXR.pdb
[1669/1743  0s] CopyFiles Library/ScriptAssemblies/Oculus.Interaction.UnityXR.dll
[1670/1743  0s] ILPostProcess Library/Bee/artifacts/1300b0aE.dag/post-processed/Meta.XR.ImmersiveDebugger.Editor.dll (+pdb)
Processing assembly Library/Bee/artifacts/1300b0aE.dag/Meta.XR.ImmersiveDebugger.Editor.dll, with 134 defines and 279 references
processors: Unity.Jobs.CodeGen.JobsILPostProcessor, zzzUnity.Burst.CodeGen.BurstILPostProcessor
running Unity.Jobs.CodeGen.JobsILPostProcessor
running zzzUnity.Burst.CodeGen.BurstILPostProcessor
[1671/1743  0s] ILPostProcess Library/Bee/artifacts/1300b0aE.dag/post-processed/Unity.XR.Hands.CodeSamples.Editor.Tests.dll (+pdb)
Processing assembly Library/Bee/artifacts/1300b0aE.dag/Unity.XR.Hands.CodeSamples.Editor.Tests.dll, with 133 defines and 256 references
processors: Unity.Jobs.CodeGen.JobsILPostProcessor, zzzUnity.Burst.CodeGen.BurstILPostProcessor
running Unity.Jobs.CodeGen.JobsILPostProcessor
running zzzUnity.Burst.CodeGen.BurstILPostProcessor
[1672/1743  0s] CopyFiles Library/ScriptAssemblies/Unity.XR.Hands.CodeSamples.Editor.Tests.dll
[1673/1743  0s] CopyFiles Library/ScriptAssemblies/Meta.XR.ImmersiveDebugger.Editor.dll
[1674/1743  0s] CopyFiles Library/ScriptAssemblies/Unity.XR.Hands.CodeSamples.Editor.Tests.pdb
[1675/1743  0s] CopyFiles Library/ScriptAssemblies/Meta.XR.ImmersiveDebugger.Editor.pdb
[1676/1743  0s] ILPostProcess Library/Bee/artifacts/1300b0aE.dag/post-processed/Meta.XR.Editor.PlayCompanion.dll (+pdb)
Processing assembly Library/Bee/artifacts/1300b0aE.dag/Meta.XR.Editor.PlayCompanion.dll, with 134 defines and 276 references
processors: Unity.Jobs.CodeGen.JobsILPostProcessor, zzzUnity.Burst.CodeGen.BurstILPostProcessor
running Unity.Jobs.CodeGen.JobsILPostProcessor
running zzzUnity.Burst.CodeGen.BurstILPostProcessor
[1677/1743  0s] MovedFromExtractor-Combine Library/Bee/artifacts/1300b0aE.dag/Unity.XR.Hands.Analytics.Hooks.Editor.dll.mvfrm
[1678/1743  0s] MovedFromExtractor-Combine Library/Bee/artifacts/1300b0aE.dag/Unity.XR.Hands.Editor.dll.mvfrm
[1679/1743  0s] CopyFiles Library/ScriptAssemblies/Meta.XR.Editor.PlayCompanion.pdb
[1680/1743  0s] CopyFiles Library/ScriptAssemblies/Meta.XR.Editor.PlayCompanion.dll
[1681/1743  0s] ILPostProcess Library/Bee/artifacts/1300b0aE.dag/post-processed/Meta.XR.Guides.Editor.dll (+pdb)
Processing assembly Library/Bee/artifacts/1300b0aE.dag/Meta.XR.Guides.Editor.dll, with 135 defines and 276 references
processors: Unity.Jobs.CodeGen.JobsILPostProcessor, zzzUnity.Burst.CodeGen.BurstILPostProcessor
running Unity.Jobs.CodeGen.JobsILPostProcessor
running zzzUnity.Burst.CodeGen.BurstILPostProcessor
[1682/1743  0s] ILPostProcess Library/Bee/artifacts/1300b0aE.dag/post-processed/Meta.XR.EnvironmentDepth.Editor.dll (+pdb)
Processing assembly Library/Bee/artifacts/1300b0aE.dag/Meta.XR.EnvironmentDepth.Editor.dll, with 134 defines and 275 references
processors: Unity.Jobs.CodeGen.JobsILPostProcessor, zzzUnity.Burst.CodeGen.BurstILPostProcessor
running Unity.Jobs.CodeGen.JobsILPostProcessor
running zzzUnity.Burst.CodeGen.BurstILPostProcessor
[1683/1743  0s] Csc Library/Bee/artifacts/1300b0aE.dag/Oculus.VR.Scripts.Editor.dll (+2 others)
[1684/1743  0s] CopyFiles Library/ScriptAssemblies/Meta.XR.Guides.Editor.dll
[1685/1743  0s] CopyFiles Library/ScriptAssemblies/Meta.XR.Guides.Editor.pdb
[           0s] Csc Library/Bee/artifacts/1300b0aE.dag/Oculus.VR.Scripts.Editor.dll (+2 others) [CacheWrite 00000000000000000000000000000004]
[1686/1743  0s] CopyFiles Library/ScriptAssemblies/Meta.XR.EnvironmentDepth.Editor.pdb
[1687/1743  0s] CopyFiles Library/ScriptAssemblies/Meta.XR.EnvironmentDepth.Editor.dll
[1688/1743  0s] ILPostProcess Library/Bee/artifacts/1300b0aE.dag/post-processed/Oculus.VR.Scripts.Editor.dll (+pdb)
Processing assembly Library/Bee/artifacts/1300b0aE.dag/Oculus.VR.Scripts.Editor.dll, with 137 defines and 278 references
processors: Unity.Jobs.CodeGen.JobsILPostProcessor, zzzUnity.Burst.CodeGen.BurstILPostProcessor
running Unity.Jobs.CodeGen.JobsILPostProcessor
running zzzUnity.Burst.CodeGen.BurstILPostProcessor
[1689/1743  0s] CopyFiles Library/ScriptAssemblies/Oculus.VR.Scripts.Editor.pdb
[1690/1743  0s] CopyFiles Library/ScriptAssemblies/Oculus.VR.Scripts.Editor.dll
[1691/1743  0s] Csc Library/Bee/artifacts/1300b0aE.dag/Unity.XR.Hands.Analytics.Hooks.Editor.dll (+2 others)
[           0s] Csc Library/Bee/artifacts/1300b0aE.dag/Unity.XR.Hands.Analytics.Hooks.Editor.dll (+2 others) [CacheWrite 00000000000000000000000000000004]
[1692/1743  0s] ILPostProcess Library/Bee/artifacts/1300b0aE.dag/post-processed/Unity.XR.Hands.Analytics.Hooks.Editor.dll (+pdb)
Processing assembly Library/Bee/artifacts/1300b0aE.dag/Unity.XR.Hands.Analytics.Hooks.Editor.dll, with 133 defines and 275 references
processors: Unity.Jobs.CodeGen.JobsILPostProcessor, zzzUnity.Burst.CodeGen.BurstILPostProcessor
running Unity.Jobs.CodeGen.JobsILPostProcessor
running zzzUnity.Burst.CodeGen.BurstILPostProcessor
[1693/1743  0s] CopyFiles Library/ScriptAssemblies/Unity.XR.Hands.Analytics.Hooks.Editor.dll
[1694/1743  0s] CopyFiles Library/ScriptAssemblies/Unity.XR.Hands.Analytics.Hooks.Editor.pdb
[1695/1743  0s] Csc Library/Bee/artifacts/1300b0aE.dag/MetaXrSimulator.Editor.dll (+2 others)
[           0s] Csc Library/Bee/artifacts/1300b0aE.dag/MetaXrSimulator.Editor.dll (+2 others) [CacheWrite 00000000000000000000000000000004]
[1696/1743  0s] Csc Library/Bee/artifacts/1300b0aE.dag/Unity.XR.Hands.Editor.dll (+2 others)
[           0s] Csc Library/Bee/artifacts/1300b0aE.dag/Unity.XR.Hands.Editor.dll (+2 others) [CacheWrite 00000000000000000000000000000004]
[1697/1743  0s] ILPostProcess Library/Bee/artifacts/1300b0aE.dag/post-processed/MetaXrSimulator.Editor.dll (+pdb)
Processing assembly Library/Bee/artifacts/1300b0aE.dag/MetaXrSimulator.Editor.dll, with 137 defines and 278 references
processors: Unity.Jobs.CodeGen.JobsILPostProcessor, zzzUnity.Burst.CodeGen.BurstILPostProcessor
running Unity.Jobs.CodeGen.JobsILPostProcessor
running zzzUnity.Burst.CodeGen.BurstILPostProcessor
[1698/1743  0s] CopyFiles Library/ScriptAssemblies/MetaXrSimulator.Editor.pdb
[1699/1743  0s] CopyFiles Library/ScriptAssemblies/MetaXrSimulator.Editor.dll
[1700/1743  0s] ILPostProcess Library/Bee/artifacts/1300b0aE.dag/post-processed/Unity.XR.Hands.Editor.dll (+pdb)
Processing assembly Library/Bee/artifacts/1300b0aE.dag/Unity.XR.Hands.Editor.dll, with 134 defines and 279 references
processors: Unity.Jobs.CodeGen.JobsILPostProcessor, zzzUnity.Burst.CodeGen.BurstILPostProcessor
running Unity.Jobs.CodeGen.JobsILPostProcessor
running zzzUnity.Burst.CodeGen.BurstILPostProcessor
[1701/1743  0s] CopyFiles Library/ScriptAssemblies/Unity.XR.Hands.Editor.pdb
[1702/1743  0s] CopyFiles Library/ScriptAssemblies/Unity.XR.Hands.Editor.dll
[1703/1743  0s] MovedFromExtractor Library/Bee/artifacts/mvdfrm/Unity.XR.Hands.Analytics.Hooks.Editor.ref.dll_9DD9817640DBDC63.mvfrm
[1704/1743  0s] MovedFromExtractor Library/Bee/artifacts/mvdfrm/Unity.XR.Hands.Editor.ref.dll_89BB6257460B554D.mvfrm
[1705/1743  0s] Csc Library/Bee/artifacts/1300b0aE.dag/Meta.XR.BuildingBlocks.Editor.dll (+2 others)
[           0s] Csc Library/Bee/artifacts/1300b0aE.dag/Meta.XR.BuildingBlocks.Editor.dll (+2 others) [CacheWrite 00000000000000000000000000000004]
[1706/1743  0s] ILPostProcess Library/Bee/artifacts/1300b0aE.dag/post-processed/Meta.XR.BuildingBlocks.Editor.dll (+pdb)
Processing assembly Library/Bee/artifacts/1300b0aE.dag/Meta.XR.BuildingBlocks.Editor.dll, with 138 defines and 295 references
processors: Unity.Jobs.CodeGen.JobsILPostProcessor, zzzUnity.Burst.CodeGen.BurstILPostProcessor
running Unity.Jobs.CodeGen.JobsILPostProcessor
running zzzUnity.Burst.CodeGen.BurstILPostProcessor
[1707/1743  0s] CopyFiles Library/ScriptAssemblies/Meta.XR.BuildingBlocks.Editor.pdb
[1708/1743  0s] CopyFiles Library/ScriptAssemblies/Meta.XR.BuildingBlocks.Editor.dll
[1709/1743  0s] MovedFromExtractor-Combine Library/Bee/artifacts/1300b0aE.dag/Assembly-CSharp-Editor.dll.mvfrm
[1710/1743  0s] MovedFromExtractor-Combine Library/Bee/artifacts/1300b0aE.dag/Assembly-CSharp.dll.mvfrm
[1711/1743  0s] Csc Library/Bee/artifacts/1300b0aE.dag/meta.xr.mrutilitykit.editor.dll (+2 others)
[           0s] Csc Library/Bee/artifacts/1300b0aE.dag/meta.xr.mrutilitykit.editor.dll (+2 others) [CacheWrite 00000000000000000000000000000004]
[1712/1743  0s] ILPostProcess Library/Bee/artifacts/1300b0aE.dag/post-processed/meta.xr.mrutilitykit.editor.dll (+pdb)
Processing assembly Library/Bee/artifacts/1300b0aE.dag/meta.xr.mrutilitykit.editor.dll, with 134 defines and 276 references
processors: Unity.Jobs.CodeGen.JobsILPostProcessor, zzzUnity.Burst.CodeGen.BurstILPostProcessor
running Unity.Jobs.CodeGen.JobsILPostProcessor
running zzzUnity.Burst.CodeGen.BurstILPostProcessor
[1713/1743  0s] CopyFiles Library/ScriptAssemblies/meta.xr.mrutilitykit.editor.pdb
[1714/1743  0s] Csc Library/Bee/artifacts/1300b0aE.dag/Oculus.Interaction.OVR.Editor.dll (+2 others)
[1715/1743  0s] Csc Library/Bee/artifacts/1300b0aE.dag/Meta.XR.BuildingBlocks.DepthAPI.Editor.dll (+2 others)
[1716/1743  0s] CopyFiles Library/ScriptAssemblies/meta.xr.mrutilitykit.editor.dll
[           0s] Csc Library/Bee/artifacts/1300b0aE.dag/Meta.XR.BuildingBlocks.DepthAPI.Editor.dll (+2 others) [CacheWrite 00000000000000000000000000000004]
[           0s] Csc Library/Bee/artifacts/1300b0aE.dag/Oculus.Interaction.OVR.Editor.dll (+2 others) [CacheWrite 00000000000000000000000000000004]
[1717/1743  0s] ILPostProcess Library/Bee/artifacts/1300b0aE.dag/post-processed/Oculus.Interaction.OVR.Editor.dll (+pdb)
Processing assembly Library/Bee/artifacts/1300b0aE.dag/Oculus.Interaction.OVR.Editor.dll, with 134 defines and 279 references
processors: Unity.Jobs.CodeGen.JobsILPostProcessor, zzzUnity.Burst.CodeGen.BurstILPostProcessor
running Unity.Jobs.CodeGen.JobsILPostProcessor
running zzzUnity.Burst.CodeGen.BurstILPostProcessor
[1718/1743  0s] CopyFiles Library/ScriptAssemblies/Oculus.Interaction.OVR.Editor.dll
[1719/1743  0s] CopyFiles Library/ScriptAssemblies/Oculus.Interaction.OVR.Editor.pdb
[1720/1743  0s] ILPostProcess Library/Bee/artifacts/1300b0aE.dag/post-processed/Meta.XR.BuildingBlocks.DepthAPI.Editor.dll (+pdb)
Processing assembly Library/Bee/artifacts/1300b0aE.dag/Meta.XR.BuildingBlocks.DepthAPI.Editor.dll, with 134 defines and 281 references
processors: Unity.Jobs.CodeGen.JobsILPostProcessor, zzzUnity.Burst.CodeGen.BurstILPostProcessor
running Unity.Jobs.CodeGen.JobsILPostProcessor
running zzzUnity.Burst.CodeGen.BurstILPostProcessor
[1721/1743  0s] CopyFiles Library/ScriptAssemblies/Meta.XR.BuildingBlocks.DepthAPI.Editor.pdb
[1722/1743  0s] CopyFiles Library/ScriptAssemblies/Meta.XR.BuildingBlocks.DepthAPI.Editor.dll
[1723/1743  0s] Csc Library/Bee/artifacts/1300b0aE.dag/Meta.XR.MultiplayerBlocks.Shared.Editor.dll (+2 others)
[           0s] Csc Library/Bee/artifacts/1300b0aE.dag/Meta.XR.MultiplayerBlocks.Shared.Editor.dll (+2 others) [CacheWrite 00000000000000000000000000000004]
[1724/1743  0s] ILPostProcess Library/Bee/artifacts/1300b0aE.dag/post-processed/Meta.XR.MultiplayerBlocks.Shared.Editor.dll (+pdb)
Processing assembly Library/Bee/artifacts/1300b0aE.dag/Meta.XR.MultiplayerBlocks.Shared.Editor.dll, with 135 defines and 279 references
processors: Unity.Jobs.CodeGen.JobsILPostProcessor, zzzUnity.Burst.CodeGen.BurstILPostProcessor
running Unity.Jobs.CodeGen.JobsILPostProcessor
running zzzUnity.Burst.CodeGen.BurstILPostProcessor
[1725/1743  0s] CopyFiles Library/ScriptAssemblies/Meta.XR.MultiplayerBlocks.Shared.Editor.pdb
[1726/1743  0s] CopyFiles Library/ScriptAssemblies/Meta.XR.MultiplayerBlocks.Shared.Editor.dll
[1727/1743  0s] Csc Library/Bee/artifacts/1300b0aE.dag/Meta.XR.MultiplayerBlocks.Fusion.Editor.dll (+2 others)
[1728/1743  0s] Csc Library/Bee/artifacts/1300b0aE.dag/Meta.XR.MultiplayerBlocks.NGO.Editor.dll (+2 others)
[           0s] Csc Library/Bee/artifacts/1300b0aE.dag/Meta.XR.MultiplayerBlocks.Fusion.Editor.dll (+2 others) [CacheWrite 00000000000000000000000000000004]
[           0s] Csc Library/Bee/artifacts/1300b0aE.dag/Meta.XR.MultiplayerBlocks.NGO.Editor.dll (+2 others) [CacheWrite 00000000000000000000000000000004]
[1729/1743  0s] ILPostProcess Library/Bee/artifacts/1300b0aE.dag/post-processed/Meta.XR.MultiplayerBlocks.Fusion.Editor.dll (+pdb)
Processing assembly Library/Bee/artifacts/1300b0aE.dag/Meta.XR.MultiplayerBlocks.Fusion.Editor.dll, with 135 defines and 280 references
processors: Unity.Jobs.CodeGen.JobsILPostProcessor, zzzUnity.Burst.CodeGen.BurstILPostProcessor
running Unity.Jobs.CodeGen.JobsILPostProcessor
running zzzUnity.Burst.CodeGen.BurstILPostProcessor
[1730/1743  0s] CopyFiles Library/ScriptAssemblies/Meta.XR.MultiplayerBlocks.Fusion.Editor.dll
[1731/1743  0s] CopyFiles Library/ScriptAssemblies/Meta.XR.MultiplayerBlocks.Fusion.Editor.pdb
[1732/1743  0s] Csc Library/Bee/artifacts/1300b0aE.dag/Assembly-CSharp.dll (+2 others)
[1733/1743  0s] ILPostProcess Library/Bee/artifacts/1300b0aE.dag/post-processed/Meta.XR.MultiplayerBlocks.NGO.Editor.dll (+pdb)
Processing assembly Library/Bee/artifacts/1300b0aE.dag/Meta.XR.MultiplayerBlocks.NGO.Editor.dll, with 135 defines and 283 references
processors: Unity.Jobs.CodeGen.JobsILPostProcessor, zzzUnity.Burst.CodeGen.BurstILPostProcessor
running Unity.Jobs.CodeGen.JobsILPostProcessor
running zzzUnity.Burst.CodeGen.BurstILPostProcessor
[1734/1743  0s] CopyFiles Library/ScriptAssemblies/Meta.XR.MultiplayerBlocks.NGO.Editor.pdb
[1735/1743  0s] CopyFiles Library/ScriptAssemblies/Meta.XR.MultiplayerBlocks.NGO.Editor.dll
[1736/1743  0s] ILPostProcess Library/Bee/artifacts/1300b0aE.dag/post-processed/Assembly-CSharp.dll (+pdb)
Processing assembly Library/Bee/artifacts/1300b0aE.dag/Assembly-CSharp.dll, with 135 defines and 398 references
processors: Unity.Jobs.CodeGen.JobsILPostProcessor, zzzUnity.Burst.CodeGen.BurstILPostProcessor
running Unity.Jobs.CodeGen.JobsILPostProcessor
running zzzUnity.Burst.CodeGen.BurstILPostProcessor
[1737/1743  0s] CopyFiles Library/ScriptAssemblies/Assembly-CSharp.dll
[1738/1743  0s] CopyFiles Library/ScriptAssemblies/Assembly-CSharp.pdb
[1739/1743  0s] Csc Library/Bee/artifacts/1300b0aE.dag/Assembly-CSharp-Editor.dll (+2 others)
[1740/1743  0s] ILPostProcess Library/Bee/artifacts/1300b0aE.dag/post-processed/Assembly-CSharp-Editor.dll (+pdb)
Processing assembly Library/Bee/artifacts/1300b0aE.dag/Assembly-CSharp-Editor.dll, with 133 defines and 423 references
processors: Unity.Jobs.CodeGen.JobsILPostProcessor, zzzUnity.Burst.CodeGen.BurstILPostProcessor
running Unity.Jobs.CodeGen.JobsILPostProcessor
running zzzUnity.Burst.CodeGen.BurstILPostProcessor
[1741/1743  0s] CopyFiles Library/ScriptAssemblies/Assembly-CSharp-Editor.dll
[1742/1743  0s] CopyFiles Library/ScriptAssemblies/Assembly-CSharp-Editor.pdb
*** Tundra build success (11.57 seconds), 1604 items updated, 1743 evaluated
AssetDatabase: script compilation time: 13.328447s
Total cache size 259349372
Total cache size after purge 259349372, took 00:00:00.0753606
Begin MonoManager ReloadAssembly
Symbol file LoadedFromMemory is not a mono symbol file
- Loaded All Assemblies, in  0.649 seconds
'Packages/com.meta.xr.sdk.core/Editor/BuildingBlocks/BlocksWindowDetailsExt.cs' contains partial class of Unity.Object, exactly 1 of the partial classes needs to be in a file with the same filename. This is to know the one that can be referenced from ie. GameObjects
'Packages/com.meta.xr.sdk.core/Editor/BuildingBlocks/BlocksWindow.cs' contains partial class of Unity.Object, exactly 1 of the partial classes needs to be in a file with the same filename. This is to know the one that can be referenced from ie. GameObjects
Refreshing native plugins compatible for Editor in 17.17 ms, found 2 plugins.
Native extension for LinuxStandalone target not found
Native extension for Android target not found
Refreshing native plugins compatible for Editor in 2.02 ms, found 2 plugins.
Platform is not currently supported by OVRPlugin
UnityEngine.Debug:ExtractStackTraceNoAlloc (byte*,int,string)
UnityEngine.StackTraceUtility:ExtractStackTrace () (at /home/bokken/build/output/unity/unity/Runtime/Export/Scripting/StackTrace.cs:35)
UnityEngine.DebugLogHandler:Internal_Log (UnityEngine.LogType,UnityEngine.LogOption,string,UnityEngine.Object)
UnityEngine.DebugLogHandler:LogFormat (UnityEngine.LogType,UnityEngine.Object,string,object[])
UnityEngine.Logger:Log (UnityEngine.LogType,object)
UnityEngine.Debug:LogWarning (object)
OVRPlugin:get_version () (at ./Library/PackageCache/com.meta.xr.sdk.core@e9f929748630/Scripts/OVRPlugin.cs:75)
Oculus.VR.Editor.Utils.RemoteContentDownloader:get_SdkVersion () (at ./Library/PackageCache/com.meta.xr.sdk.core@e9f929748630/Editor/Utils/RemoteContentManager.cs:48)
Oculus.VR.Editor.Utils.RemoteContentDownloader:.ctor (double,string,string) (at ./Library/PackageCache/com.meta.xr.sdk.core@e9f929748630/Editor/Utils/RemoteContentManager.cs:62)
Oculus.VR.Editor.OVRProjectSetup.UPSTContentManager:.cctor () (at ./Library/PackageCache/com.meta.xr.sdk.core@e9f929748630/Editor/OVRProjectSetup/UPSTContentManager.cs:42)
System.Runtime.CompilerServices.RuntimeHelpers:RunClassConstructor (System.RuntimeTypeHandle)
UnityEditor.EditorAssemblies:ProcessInitializeOnLoadAttributes (System.Type[]) (at /home/bokken/build/output/unity/unity/Editor/Mono/EditorAssemblies.cs:118)

(Filename: ./Library/PackageCache/com.meta.xr.sdk.core@e9f929748630/Scripts/OVRPlugin.cs Line: 75)

Platform is not currently supported by OVRPlugin
UnityEngine.Debug:ExtractStackTraceNoAlloc (byte*,int,string)
UnityEngine.StackTraceUtility:ExtractStackTrace () (at /home/bokken/build/output/unity/unity/Runtime/Export/Scripting/StackTrace.cs:35)
UnityEngine.DebugLogHandler:Internal_Log (UnityEngine.LogType,UnityEngine.LogOption,string,UnityEngine.Object)
UnityEngine.DebugLogHandler:LogFormat (UnityEngine.LogType,UnityEngine.Object,string,object[])
UnityEngine.Logger:Log (UnityEngine.LogType,object)
UnityEngine.Debug:LogWarning (object)
OVRPlugin:get_version () (at ./Library/PackageCache/com.meta.xr.sdk.core@e9f929748630/Scripts/OVRPlugin.cs:75)
Oculus.VR.Editor.Utils.RemoteContentDownloader:get_SdkVersion () (at ./Library/PackageCache/com.meta.xr.sdk.core@e9f929748630/Editor/Utils/RemoteContentManager.cs:48)
Oculus.VR.Editor.Utils.RemoteContentDownloader:.ctor (double,string,string) (at ./Library/PackageCache/com.meta.xr.sdk.core@e9f929748630/Editor/Utils/RemoteContentManager.cs:62)
Oculus.VR.Editor.OVRProjectSetup.UPSTContentManager:.cctor () (at ./Library/PackageCache/com.meta.xr.sdk.core@e9f929748630/Editor/OVRProjectSetup/UPSTContentManager.cs:42)
System.Runtime.CompilerServices.RuntimeHelpers:RunClassConstructor (System.RuntimeTypeHandle)
UnityEditor.EditorAssemblies:ProcessInitializeOnLoadAttributes (System.Type[]) (at /home/bokken/build/output/unity/unity/Editor/Mono/EditorAssemblies.cs:118)

(Filename: ./Library/PackageCache/com.meta.xr.sdk.core@e9f929748630/Scripts/OVRPlugin.cs Line: 75)

Platform is not currently supported by OVRPlugin
UnityEngine.Debug:ExtractStackTraceNoAlloc (byte*,int,string)
UnityEngine.StackTraceUtility:ExtractStackTrace () (at /home/bokken/build/output/unity/unity/Runtime/Export/Scripting/StackTrace.cs:35)
UnityEngine.DebugLogHandler:Internal_Log (UnityEngine.LogType,UnityEngine.LogOption,string,UnityEngine.Object)
UnityEngine.DebugLogHandler:LogFormat (UnityEngine.LogType,UnityEngine.Object,string,object[])
UnityEngine.Logger:Log (UnityEngine.LogType,object)
UnityEngine.Debug:LogWarning (object)
OVRPlugin:get_version () (at ./Library/PackageCache/com.meta.xr.sdk.core@e9f929748630/Scripts/OVRPlugin.cs:75)
Oculus.VR.Editor.Utils.RemoteContentDownloader:get_SdkVersion () (at ./Library/PackageCache/com.meta.xr.sdk.core@e9f929748630/Editor/Utils/RemoteContentManager.cs:48)
Oculus.VR.Editor.Utils.RemoteContentDownloader/<DownloadContent>d__17:MoveNext () (at ./Library/PackageCache/com.meta.xr.sdk.core@e9f929748630/Editor/Utils/RemoteContentManager.cs:127)
System.Runtime.CompilerServices.AsyncTaskMethodBuilder`1<System.ValueTuple`2<bool, string>>:Start<Oculus.VR.Editor.Utils.RemoteContentDownloader/<DownloadContent>d__17> (Oculus.VR.Editor.Utils.RemoteContentDownloader/<DownloadContent>d__17&)
Oculus.VR.Editor.Utils.RemoteContentDownloader:DownloadContent ()
Oculus.VR.Editor.Utils.RemoteContentDownloader/<RefreshAndLoad>d__12:MoveNext () (at ./Library/PackageCache/com.meta.xr.sdk.core@e9f929748630/Editor/Utils/RemoteContentManager.cs:73)
System.Runtime.CompilerServices.AsyncTaskMethodBuilder`1<System.ValueTuple`2<bool, string>>:Start<Oculus.VR.Editor.Utils.RemoteContentDownloader/<RefreshAndLoad>d__12> (Oculus.VR.Editor.Utils.RemoteContentDownloader/<RefreshAndLoad>d__12&)
Oculus.VR.Editor.Utils.RemoteContentDownloader:RefreshAndLoad ()
Oculus.VR.Editor.OVRProjectSetup.UPSTContentManager/<Reload>d__7:MoveNext () (at ./Library/PackageCache/com.meta.xr.sdk.core@e9f929748630/Editor/OVRProjectSetup/UPSTContentManager.cs:68)
System.Runtime.CompilerServices.AsyncTaskMethodBuilder`1<bool>:Start<Oculus.VR.Editor.OVRProjectSetup.UPSTContentManager/<Reload>d__7> (Oculus.VR.Editor.OVRProjectSetup.UPSTContentManager/<Reload>d__7&)
Oculus.VR.Editor.OVRProjectSetup.UPSTContentManager:Reload (bool)
Oculus.VR.Editor.OVRProjectSetup.UPSTContentManager/<InitializeAsync>d__5:MoveNext () (at ./Library/PackageCache/com.meta.xr.sdk.core@e9f929748630/Editor/OVRProjectSetup/UPSTContentManager.cs:50)
System.Runtime.CompilerServices.AsyncTaskMethodBuilder:Start<Oculus.VR.Editor.OVRProjectSetup.UPSTContentManager/<InitializeAsync>d__5> (Oculus.VR.Editor.OVRProjectSetup.UPSTContentManager/<InitializeAsync>d__5&)
Oculus.VR.Editor.OVRProjectSetup.UPSTContentManager:InitializeAsync ()
Oculus.VR.Editor.OVRProjectSetup.UPSTContentManager:.cctor () (at ./Library/PackageCache/com.meta.xr.sdk.core@e9f929748630/Editor/OVRProjectSetup/UPSTContentManager.cs:44)
System.Runtime.CompilerServices.RuntimeHelpers:RunClassConstructor (System.RuntimeTypeHandle)
UnityEditor.EditorAssemblies:ProcessInitializeOnLoadAttributes (System.Type[]) (at /home/bokken/build/output/unity/unity/Editor/Mono/EditorAssemblies.cs:118)

(Filename: ./Library/PackageCache/com.meta.xr.sdk.core@e9f929748630/Scripts/OVRPlugin.cs Line: 75)

Platform is not currently supported by OVRPlugin
UnityEngine.Debug:ExtractStackTraceNoAlloc (byte*,int,string)
UnityEngine.StackTraceUtility:ExtractStackTrace () (at /home/bokken/build/output/unity/unity/Runtime/Export/Scripting/StackTrace.cs:35)
UnityEngine.DebugLogHandler:Internal_Log (UnityEngine.LogType,UnityEngine.LogOption,string,UnityEngine.Object)
UnityEngine.DebugLogHandler:LogFormat (UnityEngine.LogType,UnityEngine.Object,string,object[])
UnityEngine.Logger:Log (UnityEngine.LogType,object)
UnityEngine.Debug:LogWarning (object)
OVRPlugin:get_version () (at ./Library/PackageCache/com.meta.xr.sdk.core@e9f929748630/Scripts/OVRPlugin.cs:75)
Oculus.VR.Editor.Utils.RemoteContentDownloader:get_SdkVersion () (at ./Library/PackageCache/com.meta.xr.sdk.core@e9f929748630/Editor/Utils/RemoteContentManager.cs:48)
Oculus.VR.Editor.Utils.RemoteContentDownloader/<DownloadContent>d__17:MoveNext () (at ./Library/PackageCache/com.meta.xr.sdk.core@e9f929748630/Editor/Utils/RemoteContentManager.cs:127)
System.Runtime.CompilerServices.AsyncTaskMethodBuilder`1<System.ValueTuple`2<bool, string>>:Start<Oculus.VR.Editor.Utils.RemoteContentDownloader/<DownloadContent>d__17> (Oculus.VR.Editor.Utils.RemoteContentDownloader/<DownloadContent>d__17&)
Oculus.VR.Editor.Utils.RemoteContentDownloader:DownloadContent ()
Oculus.VR.Editor.Utils.RemoteContentDownloader/<RefreshAndLoad>d__12:MoveNext () (at ./Library/PackageCache/com.meta.xr.sdk.core@e9f929748630/Editor/Utils/RemoteContentManager.cs:73)
System.Runtime.CompilerServices.AsyncTaskMethodBuilder`1<System.ValueTuple`2<bool, string>>:Start<Oculus.VR.Editor.Utils.RemoteContentDownloader/<RefreshAndLoad>d__12> (Oculus.VR.Editor.Utils.RemoteContentDownloader/<RefreshAndLoad>d__12&)
Oculus.VR.Editor.Utils.RemoteContentDownloader:RefreshAndLoad ()
Oculus.VR.Editor.OVRProjectSetup.UPSTContentManager/<Reload>d__7:MoveNext () (at ./Library/PackageCache/com.meta.xr.sdk.core@e9f929748630/Editor/OVRProjectSetup/UPSTContentManager.cs:68)
System.Runtime.CompilerServices.AsyncTaskMethodBuilder`1<bool>:Start<Oculus.VR.Editor.OVRProjectSetup.UPSTContentManager/<Reload>d__7> (Oculus.VR.Editor.OVRProjectSetup.UPSTContentManager/<Reload>d__7&)
Oculus.VR.Editor.OVRProjectSetup.UPSTContentManager:Reload (bool)
Oculus.VR.Editor.OVRProjectSetup.UPSTContentManager/<InitializeAsync>d__5:MoveNext () (at ./Library/PackageCache/com.meta.xr.sdk.core@e9f929748630/Editor/OVRProjectSetup/UPSTContentManager.cs:50)
System.Runtime.CompilerServices.AsyncTaskMethodBuilder:Start<Oculus.VR.Editor.OVRProjectSetup.UPSTContentManager/<InitializeAsync>d__5> (Oculus.VR.Editor.OVRProjectSetup.UPSTContentManager/<InitializeAsync>d__5&)
Oculus.VR.Editor.OVRProjectSetup.UPSTContentManager:InitializeAsync ()
Oculus.VR.Editor.OVRProjectSetup.UPSTContentManager:.cctor () (at ./Library/PackageCache/com.meta.xr.sdk.core@e9f929748630/Editor/OVRProjectSetup/UPSTContentManager.cs:44)
System.Runtime.CompilerServices.RuntimeHelpers:RunClassConstructor (System.RuntimeTypeHandle)
UnityEditor.EditorAssemblies:ProcessInitializeOnLoadAttributes (System.Type[]) (at /home/bokken/build/output/unity/unity/Editor/Mono/EditorAssemblies.cs:118)

(Filename: ./Library/PackageCache/com.meta.xr.sdk.core@e9f929748630/Scripts/OVRPlugin.cs Line: 75)

Platform is not currently supported by OVRPlugin
UnityEngine.Debug:ExtractStackTraceNoAlloc (byte*,int,string)
UnityEngine.StackTraceUtility:ExtractStackTrace () (at /home/bokken/build/output/unity/unity/Runtime/Export/Scripting/StackTrace.cs:35)
UnityEngine.DebugLogHandler:Internal_Log (UnityEngine.LogType,UnityEngine.LogOption,string,UnityEngine.Object)
UnityEngine.DebugLogHandler:LogFormat (UnityEngine.LogType,UnityEngine.Object,string,object[])
UnityEngine.Logger:Log (UnityEngine.LogType,object)
UnityEngine.Debug:LogWarning (object)
OVRPlugin:get_version () (at ./Library/PackageCache/com.meta.xr.sdk.core@e9f929748630/Scripts/OVRPlugin.cs:75)
Oculus.VR.Editor.Utils.RemoteContentDownloader:get_SdkVersion () (at ./Library/PackageCache/com.meta.xr.sdk.core@e9f929748630/Editor/Utils/RemoteContentManager.cs:48)
Oculus.VR.Editor.Utils.RemoteContentDownloader:.ctor (double,string,string) (at ./Library/PackageCache/com.meta.xr.sdk.core@e9f929748630/Editor/Utils/RemoteContentManager.cs:62)
Meta.XR.BuildingBlocks.Editor.BlocksContentManager:.cctor () (at ./Library/PackageCache/com.meta.xr.sdk.core@e9f929748630/Editor/BuildingBlocks/BlocksContentManager.cs:47)
System.Runtime.CompilerServices.RuntimeHelpers:RunClassConstructor (System.RuntimeTypeHandle)
UnityEditor.EditorAssemblies:ProcessInitializeOnLoadAttributes (System.Type[]) (at /home/bokken/build/output/unity/unity/Editor/Mono/EditorAssemblies.cs:118)

(Filename: ./Library/PackageCache/com.meta.xr.sdk.core@e9f929748630/Scripts/OVRPlugin.cs Line: 75)

Platform is not currently supported by OVRPlugin
UnityEngine.Debug:ExtractStackTraceNoAlloc (byte*,int,string)
UnityEngine.StackTraceUtility:ExtractStackTrace () (at /home/bokken/build/output/unity/unity/Runtime/Export/Scripting/StackTrace.cs:35)
UnityEngine.DebugLogHandler:Internal_Log (UnityEngine.LogType,UnityEngine.LogOption,string,UnityEngine.Object)
UnityEngine.DebugLogHandler:LogFormat (UnityEngine.LogType,UnityEngine.Object,string,object[])
UnityEngine.Logger:Log (UnityEngine.LogType,object)
UnityEngine.Debug:LogWarning (object)
OVRPlugin:get_version () (at ./Library/PackageCache/com.meta.xr.sdk.core@e9f929748630/Scripts/OVRPlugin.cs:75)
Oculus.VR.Editor.Utils.RemoteContentDownloader:get_SdkVersion () (at ./Library/PackageCache/com.meta.xr.sdk.core@e9f929748630/Editor/Utils/RemoteContentManager.cs:48)
Oculus.VR.Editor.Utils.RemoteContentDownloader:.ctor (double,string,string) (at ./Library/PackageCache/com.meta.xr.sdk.core@e9f929748630/Editor/Utils/RemoteContentManager.cs:62)
Meta.XR.BuildingBlocks.Editor.BlocksContentManager:.cctor () (at ./Library/PackageCache/com.meta.xr.sdk.core@e9f929748630/Editor/BuildingBlocks/BlocksContentManager.cs:47)
System.Runtime.CompilerServices.RuntimeHelpers:RunClassConstructor (System.RuntimeTypeHandle)
UnityEditor.EditorAssemblies:ProcessInitializeOnLoadAttributes (System.Type[]) (at /home/bokken/build/output/unity/unity/Editor/Mono/EditorAssemblies.cs:118)

(Filename: ./Library/PackageCache/com.meta.xr.sdk.core@e9f929748630/Scripts/OVRPlugin.cs Line: 75)

Platform is not currently supported by OVRPlugin
UnityEngine.Debug:ExtractStackTraceNoAlloc (byte*,int,string)
UnityEngine.StackTraceUtility:ExtractStackTrace () (at /home/bokken/build/output/unity/unity/Runtime/Export/Scripting/StackTrace.cs:35)
UnityEngine.DebugLogHandler:Internal_Log (UnityEngine.LogType,UnityEngine.LogOption,string,UnityEngine.Object)
UnityEngine.DebugLogHandler:LogFormat (UnityEngine.LogType,UnityEngine.Object,string,object[])
UnityEngine.Logger:Log (UnityEngine.LogType,object)
UnityEngine.Debug:LogWarning (object)
OVRPlugin:get_version () (at ./Library/PackageCache/com.meta.xr.sdk.core@e9f929748630/Scripts/OVRPlugin.cs:75)
Oculus.VR.Editor.Utils.RemoteContentDownloader:get_SdkVersion () (at ./Library/PackageCache/com.meta.xr.sdk.core@e9f929748630/Editor/Utils/RemoteContentManager.cs:48)
Oculus.VR.Editor.Utils.RemoteContentDownloader/<DownloadContent>d__17:MoveNext () (at ./Library/PackageCache/com.meta.xr.sdk.core@e9f929748630/Editor/Utils/RemoteContentManager.cs:127)
System.Runtime.CompilerServices.AsyncTaskMethodBuilder`1<System.ValueTuple`2<bool, string>>:Start<Oculus.VR.Editor.Utils.RemoteContentDownloader/<DownloadContent>d__17> (Oculus.VR.Editor.Utils.RemoteContentDownloader/<DownloadContent>d__17&)
Oculus.VR.Editor.Utils.RemoteContentDownloader:DownloadContent ()
Oculus.VR.Editor.Utils.RemoteContentDownloader/<RefreshAndLoad>d__12:MoveNext () (at ./Library/PackageCache/com.meta.xr.sdk.core@e9f929748630/Editor/Utils/RemoteContentManager.cs:73)
System.Runtime.CompilerServices.AsyncTaskMethodBuilder`1<System.ValueTuple`2<bool, string>>:Start<Oculus.VR.Editor.Utils.RemoteContentDownloader/<RefreshAndLoad>d__12> (Oculus.VR.Editor.Utils.RemoteContentDownloader/<RefreshAndLoad>d__12&)
Oculus.VR.Editor.Utils.RemoteContentDownloader:RefreshAndLoad ()
Meta.XR.BuildingBlocks.Editor.BlocksContentManager/<Reload>d__8:MoveNext () (at ./Library/PackageCache/com.meta.xr.sdk.core@e9f929748630/Editor/BuildingBlocks/BlocksContentManager.cs:68)
System.Runtime.CompilerServices.AsyncTaskMethodBuilder`1<bool>:Start<Meta.XR.BuildingBlocks.Editor.BlocksContentManager/<Reload>d__8> (Meta.XR.BuildingBlocks.Editor.BlocksContentManager/<Reload>d__8&)
Meta.XR.BuildingBlocks.Editor.BlocksContentManager:Reload (bool)
Meta.XR.BuildingBlocks.Editor.BlocksContentManager/<InitializeAsync>d__7:MoveNext () (at ./Library/PackageCache/com.meta.xr.sdk.core@e9f929748630/Editor/BuildingBlocks/BlocksContentManager.cs:55)
System.Runtime.CompilerServices.AsyncTaskMethodBuilder:Start<Meta.XR.BuildingBlocks.Editor.BlocksContentManager/<InitializeAsync>d__7> (Meta.XR.BuildingBlocks.Editor.BlocksContentManager/<InitializeAsync>d__7&)
Meta.XR.BuildingBlocks.Editor.BlocksContentManager:InitializeAsync ()
Meta.XR.BuildingBlocks.Editor.BlocksContentManager:.cctor () (at ./Library/PackageCache/com.meta.xr.sdk.core@e9f929748630/Editor/BuildingBlocks/BlocksContentManager.cs:49)
System.Runtime.CompilerServices.RuntimeHelpers:RunClassConstructor (System.RuntimeTypeHandle)
UnityEditor.EditorAssemblies:ProcessInitializeOnLoadAttributes (System.Type[]) (at /home/bokken/build/output/unity/unity/Editor/Mono/EditorAssemblies.cs:118)

(Filename: ./Library/PackageCache/com.meta.xr.sdk.core@e9f929748630/Scripts/OVRPlugin.cs Line: 75)

Platform is not currently supported by OVRPlugin
UnityEngine.Debug:ExtractStackTraceNoAlloc (byte*,int,string)
UnityEngine.StackTraceUtility:ExtractStackTrace () (at /home/bokken/build/output/unity/unity/Runtime/Export/Scripting/StackTrace.cs:35)
UnityEngine.DebugLogHandler:Internal_Log (UnityEngine.LogType,UnityEngine.LogOption,string,UnityEngine.Object)
UnityEngine.DebugLogHandler:LogFormat (UnityEngine.LogType,UnityEngine.Object,string,object[])
UnityEngine.Logger:Log (UnityEngine.LogType,object)
UnityEngine.Debug:LogWarning (object)
OVRPlugin:get_version () (at ./Library/PackageCache/com.meta.xr.sdk.core@e9f929748630/Scripts/OVRPlugin.cs:75)
Oculus.VR.Editor.Utils.RemoteContentDownloader:get_SdkVersion () (at ./Library/PackageCache/com.meta.xr.sdk.core@e9f929748630/Editor/Utils/RemoteContentManager.cs:48)
Oculus.VR.Editor.Utils.RemoteContentDownloader/<DownloadContent>d__17:MoveNext () (at ./Library/PackageCache/com.meta.xr.sdk.core@e9f929748630/Editor/Utils/RemoteContentManager.cs:127)
System.Runtime.CompilerServices.AsyncTaskMethodBuilder`1<System.ValueTuple`2<bool, string>>:Start<Oculus.VR.Editor.Utils.RemoteContentDownloader/<DownloadContent>d__17> (Oculus.VR.Editor.Utils.RemoteContentDownloader/<DownloadContent>d__17&)
Oculus.VR.Editor.Utils.RemoteContentDownloader:DownloadContent ()
Oculus.VR.Editor.Utils.RemoteContentDownloader/<RefreshAndLoad>d__12:MoveNext () (at ./Library/PackageCache/com.meta.xr.sdk.core@e9f929748630/Editor/Utils/RemoteContentManager.cs:73)
System.Runtime.CompilerServices.AsyncTaskMethodBuilder`1<System.ValueTuple`2<bool, string>>:Start<Oculus.VR.Editor.Utils.RemoteContentDownloader/<RefreshAndLoad>d__12> (Oculus.VR.Editor.Utils.RemoteContentDownloader/<RefreshAndLoad>d__12&)
Oculus.VR.Editor.Utils.RemoteContentDownloader:RefreshAndLoad ()
Meta.XR.BuildingBlocks.Editor.BlocksContentManager/<Reload>d__8:MoveNext () (at ./Library/PackageCache/com.meta.xr.sdk.core@e9f929748630/Editor/BuildingBlocks/BlocksContentManager.cs:68)
System.Runtime.CompilerServices.AsyncTaskMethodBuilder`1<bool>:Start<Meta.XR.BuildingBlocks.Editor.BlocksContentManager/<Reload>d__8> (Meta.XR.BuildingBlocks.Editor.BlocksContentManager/<Reload>d__8&)
Meta.XR.BuildingBlocks.Editor.BlocksContentManager:Reload (bool)
Meta.XR.BuildingBlocks.Editor.BlocksContentManager/<InitializeAsync>d__7:MoveNext () (at ./Library/PackageCache/com.meta.xr.sdk.core@e9f929748630/Editor/BuildingBlocks/BlocksContentManager.cs:55)
System.Runtime.CompilerServices.AsyncTaskMethodBuilder:Start<Meta.XR.BuildingBlocks.Editor.BlocksContentManager/<InitializeAsync>d__7> (Meta.XR.BuildingBlocks.Editor.BlocksContentManager/<InitializeAsync>d__7&)
Meta.XR.BuildingBlocks.Editor.BlocksContentManager:InitializeAsync ()
Meta.XR.BuildingBlocks.Editor.BlocksContentManager:.cctor () (at ./Library/PackageCache/com.meta.xr.sdk.core@e9f929748630/Editor/BuildingBlocks/BlocksContentManager.cs:49)
System.Runtime.CompilerServices.RuntimeHelpers:RunClassConstructor (System.RuntimeTypeHandle)
UnityEditor.EditorAssemblies:ProcessInitializeOnLoadAttributes (System.Type[]) (at /home/bokken/build/output/unity/unity/Editor/Mono/EditorAssemblies.cs:118)

(Filename: ./Library/PackageCache/com.meta.xr.sdk.core@e9f929748630/Scripts/OVRPlugin.cs Line: 75)

Mono: successfully reloaded assembly
- Finished resetting the current domain, in  3.983 seconds
Domain Reload Profiling: 4629ms
	BeginReloadAssembly (123ms)
		ExecutionOrderSort (0ms)
		DisableScriptedObjects (7ms)
		BackupInstance (0ms)
		ReleaseScriptingObjects (0ms)
		CreateAndSetChildDomain (45ms)
	RebuildCommonClasses (23ms)
	RebuildNativeTypeToScriptingClass (5ms)
	initialDomainReloadingComplete (18ms)
	LoadAllAssembliesAndSetupDomain (477ms)
		LoadAssemblies (290ms)
		RebuildTransferFunctionScriptingTraits (0ms)
		AnalyzeDomain (234ms)
			TypeCache.Refresh (167ms)
				TypeCache.ScanAssembly (150ms)
			BuildScriptInfoCaches (54ms)
			ResolveRequiredComponents (11ms)
	FinalizeReload (3983ms)
		ReleaseScriptCaches (0ms)
		RebuildScriptCaches (0ms)
		SetupLoadedEditorAssemblies (3770ms)
			LogAssemblyErrors (0ms)
			InitializePlatformSupportModulesInManaged (13ms)
			SetLoadedEditorAssemblies (3ms)
			BeforeProcessingInitializeOnLoad (113ms)
			ProcessInitializeOnLoadAttributes (3468ms)
			ProcessInitializeOnLoadMethodAttributes (170ms)
			AfterProcessingInitializeOnLoad (2ms)
			EditorAssembliesLoaded (0ms)
		ExecutionOrderSort2 (0ms)
		AwakeInstancesAfterBackupRestoration (3ms)
Start importing Assets/XR/Settings/OpenXR Package Settings.asset using Guid(179847081f15de845a12ab065cc9e644) (NativeFormatImporter) -> (artifact id: 'afc87e43b05ee4769bd978d8f82f387b') in 0.00750336 seconds
Refreshing native plugins compatible for Editor in 2.10 ms, found 2 plugins.
Preloading 1 native plugins for Editor in 0.07 ms.
Asset Pipeline Refresh (id=84a11dd666d335d9abcb66d2835ce48f): Total: 20.135 seconds - Initiated by InitialRefreshV2(ForceSynchronousImport)
	Summary:
		Imports: total=0 (actual=0, local cache=0, cache server=0)
		Asset DB Process Time: managed=1 ms, native=5741 ms
		Asset DB Callback time: managed=323 ms, native=17 ms
		Scripting: domain reloads=1, domain reload time=649 ms, compile time=13350 ms, other=49 ms
		Project Asset Count: scripts=2703, non-scripts=4275
		Asset File Changes: new=0, changed=1, moved=0, deleted=0
		Scan Filter Count: 1
	InvokeCustomDependenciesCallbacks: 0.002ms
	InvokePackagesCallback: 8.367ms
	ApplyChangesToAssetFolders: 0.381ms
	Scan: 1135.017ms
	OnSourceAssetsModified: 0.713ms
	CategorizeAssetsWithTransientArtifact: 54.243ms
	ProcessAssetsWithTransientArtifactChanges: 84.218ms
	CategorizeAssets: 318.498ms
	ImportOutOfDateAssets: 4036.324ms (-9327.339ms without children)
		ImportManagerImport: 8.771ms (0.816ms without children)
			ImportInProcess: 7.954ms
		CompileScripts: 13350.483ms
		ReloadNativeAssets: 0.050ms
		UnloadImportedAssets: 0.898ms
		ReloadImportedAssets: 0.055ms
		EnsureUptoDateAssetsAreRegisteredWithGuidPM: 1.256ms
		InitializingProgressBar: 0.007ms
		PostProcessAllAssetNotificationsAddChangedAssets: 0.000ms
		OnDemandSchedulerStart: 2.143ms
	PostProcessAllAssets: 326.545ms
	Hotreload: 6.189ms
	GatherAllCurrentPrimaryArtifactRevisions: 0.000ms
	UnloadStreamsBegin: 1.218ms
	PersistCurrentRevisions: 0.168ms
	UnloadStreamsEnd: 0.001ms
	GenerateScriptTypeHashes: 247.550ms
	Untracked: 14163.195ms

Application.AssetDatabase Initial Refresh End
Shader 'Oculus/OVRMRCameraFrameLit': fallback shader 'Alpha-Diffuse' not found
Scanning for USB devices : 2.086ms
Initializing Unity extensions:
UpdateMenuTitleForLanguage: 10
[MODES] ModeService[none].Initialize
[MODES] ModeService[none].LoadModes
[MODES] Loading mode Default (0) for mode-current-id-hand-tracking-streamer
Unloading 130 Unused Serialized files (Serialized files now loaded: 0)
Unloading 9800 unused Assets / (20.4 MB). Loaded Objects now: 10387.
Memory consumption went from 262.0 MB to 241.6 MB.
Total: 17.891336 ms (FindLiveObjects: 0.743191 ms CreateObjectMapping: 0.723896 ms MarkObjects: 10.367704 ms  DeleteObjects: 6.055547 ms)

1 URP assets included in build
- Mobile_RPAsset - Assets/Settings/Mobile_RPAsset.asset
	 - Mobile_Renderer - Assets/Settings/Mobile_Renderer.asset - UnityEngine.Rendering.Universal.UniversalRendererData
UnityEngine.Debug:ExtractStackTraceNoAlloc (byte*,int,string)
UnityEngine.StackTraceUtility:ExtractStackTrace () (at /home/bokken/build/output/unity/unity/Runtime/Export/Scripting/StackTrace.cs:35)
UnityEngine.DebugLogHandler:Internal_Log (UnityEngine.LogType,UnityEngine.LogOption,string,UnityEngine.Object)
UnityEngine.DebugLogHandler:LogFormat (UnityEngine.LogType,UnityEngine.Object,string,object[])
UnityEngine.Logger:Log (UnityEngine.LogType,object)
UnityEngine.Debug:Log (object)
UnityEditor.Rendering.Universal.URPPreprocessBuild:LogIncludedAssets (System.Collections.Generic.List`1<UnityEngine.Rendering.Universal.UniversalRenderPipelineAsset>) (at ./Library/PackageCache/com.unity.render-pipelines.universal@b774104533b8/Editor/BuildProcessors/URPPreprocessBuild.cs:52)
UnityEditor.Rendering.Universal.URPPreprocessBuild:OnPreprocessBuild (UnityEditor.Build.Reporting.BuildReport) (at ./Library/PackageCache/com.unity.render-pipelines.universal@b774104533b8/Editor/BuildProcessors/URPPreprocessBuild.cs:30)
UnityEditor.Build.BuildPipelineInterfaces/<>c__DisplayClass17_0:<OnBuildPreProcess>b__1 (UnityEditor.Build.IPreprocessBuildWithReport) (at /home/bokken/build/output/unity/unity/Editor/Mono/BuildPipeline/BuildPipelineInterfaces.cs:509)
UnityEditor.Build.BuildPipelineInterfaces:InvokeCallbackInterfacesPair<UnityEditor.Build.IPreprocessBuild, UnityEditor.Build.IPreprocessBuildWithReport> (System.Collections.Generic.List`1<UnityEditor.Build.IPreprocessBuild>,System.Action`1<UnityEditor.Build.IPreprocessBuild>,System.Collections.Generic.List`1<UnityEditor.Build.IPreprocessBuildWithReport>,System.Action`1<UnityEditor.Build.IPreprocessBuildWithReport>,bool) (at /home/bokken/build/output/unity/unity/Editor/Mono/BuildPipeline/BuildPipelineInterfaces.cs:475)
UnityEditor.Build.BuildPipelineInterfaces:OnBuildPreProcess (UnityEditor.Build.Reporting.BuildReport) (at /home/bokken/build/output/unity/unity/Editor/Mono/BuildPipeline/BuildPipelineInterfaces.cs:507)
UnityEditor.BuildPipeline:BuildPlayerInternalNoCheck (string[],string,string,UnityEditor.BuildTargetGroup,UnityEditor.BuildTarget,int,UnityEditor.BuildOptions,string[],bool)
UnityEditor.BuildPipeline:BuildPlayerInternal (string[],string,string,UnityEditor.BuildTargetGroup,UnityEditor.BuildTarget,int,UnityEditor.BuildOptions,string[]) (at /home/bokken/build/output/unity/unity/Editor/Mono/BuildPipeline.bindings.cs:534)
UnityEditor.BuildPipeline:BuildPlayer (string[],string,string,UnityEditor.BuildTargetGroup,UnityEditor.BuildTarget,int,UnityEditor.BuildOptions,string[]) (at /home/bokken/build/output/unity/unity/Editor/Mono/BuildPipeline.bindings.cs:418)
UnityEditor.BuildPipeline:BuildPlayer (UnityEditor.BuildPlayerOptions) (at /home/bokken/build/output/unity/unity/Editor/Mono/BuildPipeline.bindings.cs:364)
CodexAndroidBuild:BuildApk () (at Assets/Editor/CodexAndroidBuild.cs:42)

(Filename: ./Library/PackageCache/com.unity.render-pipelines.universal@b774104533b8/Editor/BuildProcessors/URPPreprocessBuild.cs Line: 52)

[Compatibility] When using Interaction SDK with the OpenXR hand skeleton, the Hand Skeleton Version in OVRManager must be set to OpenXR.
You can fix this by going to <a href="OpenProjectSetupTool">Edit > Project Settings > Meta XR</a>
UnityEngine.Debug:ExtractStackTraceNoAlloc (byte*,int,string)
UnityEngine.StackTraceUtility:ExtractStackTrace () (at /home/bokken/build/output/unity/unity/Runtime/Export/Scripting/StackTrace.cs:35)
UnityEngine.DebugLogHandler:Internal_Log (UnityEngine.LogType,UnityEngine.LogOption,string,UnityEngine.Object)
UnityEngine.DebugLogHandler:LogFormat (UnityEngine.LogType,UnityEngine.Object,string,object[])
UnityEngine.Logger:Log (UnityEngine.LogType,object)
UnityEngine.Debug:LogWarning (object)
OVRProjectSetupBuildValidator:ValidateTask (OVRConfigurationTask,UnityEditor.BuildTargetGroup) (at ./Library/PackageCache/com.meta.xr.sdk.core@e9f929748630/Editor/OVRProjectSetup/OVRProjectSetupBuildValidator.cs:86)
OVRProjectSetupBuildValidator:PreprocessBuild (UnityEditor.BuildTargetGroup,string) (at ./Library/PackageCache/com.meta.xr.sdk.core@e9f929748630/Editor/OVRProjectSetup/OVRProjectSetupBuildValidator.cs:49)
OVRProjectSetupBuildValidator:OnPreprocessBuild (UnityEditor.Build.Reporting.BuildReport) (at ./Library/PackageCache/com.meta.xr.sdk.core@e9f929748630/Editor/OVRProjectSetup/OVRProjectSetupBuildValidator.cs:35)
UnityEditor.Build.BuildPipelineInterfaces/<>c__DisplayClass17_0:<OnBuildPreProcess>b__1 (UnityEditor.Build.IPreprocessBuildWithReport) (at /home/bokken/build/output/unity/unity/Editor/Mono/BuildPipeline/BuildPipelineInterfaces.cs:509)
UnityEditor.Build.BuildPipelineInterfaces:InvokeCallbackInterfacesPair<UnityEditor.Build.IPreprocessBuild, UnityEditor.Build.IPreprocessBuildWithReport> (System.Collections.Generic.List`1<UnityEditor.Build.IPreprocessBuild>,System.Action`1<UnityEditor.Build.IPreprocessBuild>,System.Collections.Generic.List`1<UnityEditor.Build.IPreprocessBuildWithReport>,System.Action`1<UnityEditor.Build.IPreprocessBuildWithReport>,bool) (at /home/bokken/build/output/unity/unity/Editor/Mono/BuildPipeline/BuildPipelineInterfaces.cs:475)
UnityEditor.Build.BuildPipelineInterfaces:OnBuildPreProcess (UnityEditor.Build.Reporting.BuildReport) (at /home/bokken/build/output/unity/unity/Editor/Mono/BuildPipeline/BuildPipelineInterfaces.cs:507)
UnityEditor.BuildPipeline:BuildPlayerInternalNoCheck (string[],string,string,UnityEditor.BuildTargetGroup,UnityEditor.BuildTarget,int,UnityEditor.BuildOptions,string[],bool)
UnityEditor.BuildPipeline:BuildPlayerInternal (string[],string,string,UnityEditor.BuildTargetGroup,UnityEditor.BuildTarget,int,UnityEditor.BuildOptions,string[]) (at /home/bokken/build/output/unity/unity/Editor/Mono/BuildPipeline.bindings.cs:534)
UnityEditor.BuildPipeline:BuildPlayer (string[],string,string,UnityEditor.BuildTargetGroup,UnityEditor.BuildTarget,int,UnityEditor.BuildOptions,string[]) (at /home/bokken/build/output/unity/unity/Editor/Mono/BuildPipeline.bindings.cs:418)
UnityEditor.BuildPipeline:BuildPlayer (UnityEditor.BuildPlayerOptions) (at /home/bokken/build/output/unity/unity/Editor/Mono/BuildPipeline.bindings.cs:364)
CodexAndroidBuild:BuildApk () (at Assets/Editor/CodexAndroidBuild.cs:42)

(Filename: ./Library/PackageCache/com.meta.xr.sdk.core@e9f929748630/Editor/OVRProjectSetup/OVRProjectSetupBuildValidator.cs Line: 86)

[ISDK] Hand Skeleton Version is set to OpenXR
UnityEngine.Debug:ExtractStackTraceNoAlloc (byte*,int,string)
UnityEngine.StackTraceUtility:ExtractStackTrace () (at /home/bokken/build/output/unity/unity/Runtime/Export/Scripting/StackTrace.cs:35)
UnityEngine.DebugLogHandler:Internal_Log (UnityEngine.LogType,UnityEngine.LogOption,string,UnityEngine.Object)
UnityEngine.DebugLogHandler:LogFormat (UnityEngine.LogType,UnityEngine.Object,string,object[])
UnityEngine.Logger:Log (UnityEngine.LogType,object)
UnityEngine.Debug:Log (object)
Oculus.Interaction.Editor.LogSkeletonVersion:LogHandSkeletonVersion () (at ./Library/PackageCache/com.meta.xr.sdk.interaction@0b18fe126659/Editor/PackageUpgradeOpenXR.cs:305)
Oculus.Interaction.Editor.LogSkeletonVersion:OnPreprocessBuild (UnityEditor.Build.Reporting.BuildReport) (at ./Library/PackageCache/com.meta.xr.sdk.interaction@0b18fe126659/Editor/PackageUpgradeOpenXR.cs:299)
UnityEditor.Build.BuildPipelineInterfaces/<>c__DisplayClass17_0:<OnBuildPreProcess>b__1 (UnityEditor.Build.IPreprocessBuildWithReport) (at /home/bokken/build/output/unity/unity/Editor/Mono/BuildPipeline/BuildPipelineInterfaces.cs:509)
UnityEditor.Build.BuildPipelineInterfaces:InvokeCallbackInterfacesPair<UnityEditor.Build.IPreprocessBuild, UnityEditor.Build.IPreprocessBuildWithReport> (System.Collections.Generic.List`1<UnityEditor.Build.IPreprocessBuild>,System.Action`1<UnityEditor.Build.IPreprocessBuild>,System.Collections.Generic.List`1<UnityEditor.Build.IPreprocessBuildWithReport>,System.Action`1<UnityEditor.Build.IPreprocessBuildWithReport>,bool) (at /home/bokken/build/output/unity/unity/Editor/Mono/BuildPipeline/BuildPipelineInterfaces.cs:475)
UnityEditor.Build.BuildPipelineInterfaces:OnBuildPreProcess (UnityEditor.Build.Reporting.BuildReport) (at /home/bokken/build/output/unity/unity/Editor/Mono/BuildPipeline/BuildPipelineInterfaces.cs:507)
UnityEditor.BuildPipeline:BuildPlayerInternalNoCheck (string[],string,string,UnityEditor.BuildTargetGroup,UnityEditor.BuildTarget,int,UnityEditor.BuildOptions,string[],bool)
UnityEditor.BuildPipeline:BuildPlayerInternal (string[],string,string,UnityEditor.BuildTargetGroup,UnityEditor.BuildTarget,int,UnityEditor.BuildOptions,string[]) (at /home/bokken/build/output/unity/unity/Editor/Mono/BuildPipeline.bindings.cs:534)
UnityEditor.BuildPipeline:BuildPlayer (string[],string,string,UnityEditor.BuildTargetGroup,UnityEditor.BuildTarget,int,UnityEditor.BuildOptions,string[]) (at /home/bokken/build/output/unity/unity/Editor/Mono/BuildPipeline.bindings.cs:418)
UnityEditor.BuildPipeline:BuildPlayer (UnityEditor.BuildPlayerOptions) (at /home/bokken/build/output/unity/unity/Editor/Mono/BuildPipeline.bindings.cs:364)
CodexAndroidBuild:BuildApk () (at Assets/Editor/CodexAndroidBuild.cs:42)

(Filename: ./Library/PackageCache/com.meta.xr.sdk.interaction@0b18fe126659/Editor/PackageUpgradeOpenXR.cs Line: 305)

Using the Screen Space Ambient Occlusion render feature results in significant performance overhead when the application is running natively on device. Disabling or removing that render feature is recommended.
UnityEngine.Debug:ExtractStackTraceNoAlloc (byte*,int,string)
UnityEngine.StackTraceUtility:ExtractStackTrace () (at /home/bokken/build/output/unity/unity/Runtime/Export/Scripting/StackTrace.cs:35)
UnityEngine.DebugLogHandler:Internal_Log (UnityEngine.LogType,UnityEngine.LogOption,string,UnityEngine.Object)
UnityEngine.DebugLogHandler:LogFormat (UnityEngine.LogType,UnityEngine.Object,string,object[])
UnityEngine.Logger:Log (UnityEngine.LogType,object)
UnityEngine.Debug:LogWarning (object)
UnityEditor.XR.OpenXR.OpenXRProjectValidation:LogBuildValidationIssues (UnityEditor.BuildTargetGroup) (at ./Library/PackageCache/com.unity.xr.openxr@58837b2992e0/Runtime/OpenXRProjectValidation.cs:491)
UnityEditor.XR.OpenXR.OpenXRProjectValidationBuildStep:OnPreprocessBuild (UnityEditor.Build.Reporting.BuildReport) (at ./Library/PackageCache/com.unity.xr.openxr@58837b2992e0/Editor/OpenXRProjectValidationRulesSetup.cs:263)
UnityEditor.Build.BuildPipelineInterfaces/<>c__DisplayClass17_0:<OnBuildPreProcess>b__1 (UnityEditor.Build.IPreprocessBuildWithReport) (at /home/bokken/build/output/unity/unity/Editor/Mono/BuildPipeline/BuildPipelineInterfaces.cs:509)
UnityEditor.Build.BuildPipelineInterfaces:InvokeCallbackInterfacesPair<UnityEditor.Build.IPreprocessBuild, UnityEditor.Build.IPreprocessBuildWithReport> (System.Collections.Generic.List`1<UnityEditor.Build.IPreprocessBuild>,System.Action`1<UnityEditor.Build.IPreprocessBuild>,System.Collections.Generic.List`1<UnityEditor.Build.IPreprocessBuildWithReport>,System.Action`1<UnityEditor.Build.IPreprocessBuildWithReport>,bool) (at /home/bokken/build/output/unity/unity/Editor/Mono/BuildPipeline/BuildPipelineInterfaces.cs:475)
UnityEditor.Build.BuildPipelineInterfaces:OnBuildPreProcess (UnityEditor.Build.Reporting.BuildReport) (at /home/bokken/build/output/unity/unity/Editor/Mono/BuildPipeline/BuildPipelineInterfaces.cs:507)
UnityEditor.BuildPipeline:BuildPlayerInternalNoCheck (string[],string,string,UnityEditor.BuildTargetGroup,UnityEditor.BuildTarget,int,UnityEditor.BuildOptions,string[],bool)
UnityEditor.BuildPipeline:BuildPlayerInternal (string[],string,string,UnityEditor.BuildTargetGroup,UnityEditor.BuildTarget,int,UnityEditor.BuildOptions,string[]) (at /home/bokken/build/output/unity/unity/Editor/Mono/BuildPipeline.bindings.cs:534)
UnityEditor.BuildPipeline:BuildPlayer (string[],string,string,UnityEditor.BuildTargetGroup,UnityEditor.BuildTarget,int,UnityEditor.BuildOptions,string[]) (at /home/bokken/build/output/unity/unity/Editor/Mono/BuildPipeline.bindings.cs:418)
UnityEditor.BuildPipeline:BuildPlayer (UnityEditor.BuildPlayerOptions) (at /home/bokken/build/output/unity/unity/Editor/Mono/BuildPipeline.bindings.cs:364)
CodexAndroidBuild:BuildApk () (at Assets/Editor/CodexAndroidBuild.cs:42)

(Filename: ./Library/PackageCache/com.unity.xr.openxr@58837b2992e0/Runtime/OpenXRProjectValidation.cs Line: 491)

[Optional] Latency Optimization is recommended to be set to <b>Prioritize Input Polling</b> when Meta Quest support is enabled.
UnityEngine.Debug:ExtractStackTraceNoAlloc (byte*,int,string)
UnityEngine.StackTraceUtility:ExtractStackTrace () (at /home/bokken/build/output/unity/unity/Runtime/Export/Scripting/StackTrace.cs:35)
UnityEngine.DebugLogHandler:Internal_Log (UnityEngine.LogType,UnityEngine.LogOption,string,UnityEngine.Object)
UnityEngine.DebugLogHandler:LogFormat (UnityEngine.LogType,UnityEngine.Object,string,object[])
UnityEngine.Logger:Log (UnityEngine.LogType,object)
UnityEngine.Debug:LogWarning (object)
UnityEditor.XR.OpenXR.OpenXRProjectValidation:LogBuildValidationIssues (UnityEditor.BuildTargetGroup) (at ./Library/PackageCache/com.unity.xr.openxr@58837b2992e0/Runtime/OpenXRProjectValidation.cs:491)
UnityEditor.XR.OpenXR.OpenXRProjectValidationBuildStep:OnPreprocessBuild (UnityEditor.Build.Reporting.BuildReport) (at ./Library/PackageCache/com.unity.xr.openxr@58837b2992e0/Editor/OpenXRProjectValidationRulesSetup.cs:263)
UnityEditor.Build.BuildPipelineInterfaces/<>c__DisplayClass17_0:<OnBuildPreProcess>b__1 (UnityEditor.Build.IPreprocessBuildWithReport) (at /home/bokken/build/output/unity/unity/Editor/Mono/BuildPipeline/BuildPipelineInterfaces.cs:509)
UnityEditor.Build.BuildPipelineInterfaces:InvokeCallbackInterfacesPair<UnityEditor.Build.IPreprocessBuild, UnityEditor.Build.IPreprocessBuildWithReport> (System.Collections.Generic.List`1<UnityEditor.Build.IPreprocessBuild>,System.Action`1<UnityEditor.Build.IPreprocessBuild>,System.Collections.Generic.List`1<UnityEditor.Build.IPreprocessBuildWithReport>,System.Action`1<UnityEditor.Build.IPreprocessBuildWithReport>,bool) (at /home/bokken/build/output/unity/unity/Editor/Mono/BuildPipeline/BuildPipelineInterfaces.cs:475)
UnityEditor.Build.BuildPipelineInterfaces:OnBuildPreProcess (UnityEditor.Build.Reporting.BuildReport) (at /home/bokken/build/output/unity/unity/Editor/Mono/BuildPipeline/BuildPipelineInterfaces.cs:507)
UnityEditor.BuildPipeline:BuildPlayerInternalNoCheck (string[],string,string,UnityEditor.BuildTargetGroup,UnityEditor.BuildTarget,int,UnityEditor.BuildOptions,string[],bool)
UnityEditor.BuildPipeline:BuildPlayerInternal (string[],string,string,UnityEditor.BuildTargetGroup,UnityEditor.BuildTarget,int,UnityEditor.BuildOptions,string[]) (at /home/bokken/build/output/unity/unity/Editor/Mono/BuildPipeline.bindings.cs:534)
UnityEditor.BuildPipeline:BuildPlayer (string[],string,string,UnityEditor.BuildTargetGroup,UnityEditor.BuildTarget,int,UnityEditor.BuildOptions,string[]) (at /home/bokken/build/output/unity/unity/Editor/Mono/BuildPipeline.bindings.cs:418)
UnityEditor.BuildPipeline:BuildPlayer (UnityEditor.BuildPlayerOptions) (at /home/bokken/build/output/unity/unity/Editor/Mono/BuildPipeline.bindings.cs:364)
CodexAndroidBuild:BuildApk () (at Assets/Editor/CodexAndroidBuild.cs:42)

(Filename: ./Library/PackageCache/com.unity.xr.openxr@58837b2992e0/Runtime/OpenXRProjectValidation.cs Line: 491)

Start importing Assets/XR/Settings/OpenXR Package Settings.asset using Guid(179847081f15de845a12ab065cc9e644) (NativeFormatImporter) -> (artifact id: 'afc87e43b05ee4769bd978d8f82f387b') in 0.001175141 seconds
Refreshing native plugins compatible for Editor in 1.92 ms, found 2 plugins.
Preloading 1 native plugins for Editor in 0.04 ms.
Asset Pipeline Refresh (id=13be3237233e7fba0a5f781ec12dea8f): Total: 0.052 seconds - Initiated by StopAssetImportingV2(NoUpdateAssetOptions)
[Meta] libopenxr_loader.so from other packages will be disabled because of enabled MetaXRFeature: Packages/com.unity.xr.openxr/Runtime/MockRuntime/android/arm64/libopenxr_loader.so
UnityEngine.Debug:ExtractStackTraceNoAlloc (byte*,int,string)
UnityEngine.StackTraceUtility:ExtractStackTrace () (at /home/bokken/build/output/unity/unity/Runtime/Export/Scripting/StackTrace.cs:35)
UnityEngine.DebugLogHandler:Internal_Log (UnityEngine.LogType,UnityEngine.LogOption,string,UnityEngine.Object)
UnityEngine.DebugLogHandler:LogFormat (UnityEngine.LogType,UnityEngine.Object,string,object[])
UnityEngine.Logger:LogFormat (UnityEngine.LogType,string,object[])
UnityEngine.Debug:LogFormat (string,object[])
OVRGradleGeneration:OnPreprocessBuild (UnityEditor.Build.Reporting.BuildReport) (at ./Library/PackageCache/com.meta.xr.sdk.core@e9f929748630/Editor/OVRGradleGeneration.cs:181)
UnityEditor.Build.BuildPipelineInterfaces/<>c__DisplayClass17_0:<OnBuildPreProcess>b__1 (UnityEditor.Build.IPreprocessBuildWithReport) (at /home/bokken/build/output/unity/unity/Editor/Mono/BuildPipeline/BuildPipelineInterfaces.cs:509)
UnityEditor.Build.BuildPipelineInterfaces:InvokeCallbackInterfacesPair<UnityEditor.Build.IPreprocessBuild, UnityEditor.Build.IPreprocessBuildWithReport> (System.Collections.Generic.List`1<UnityEditor.Build.IPreprocessBuild>,System.Action`1<UnityEditor.Build.IPreprocessBuild>,System.Collections.Generic.List`1<UnityEditor.Build.IPreprocessBuildWithReport>,System.Action`1<UnityEditor.Build.IPreprocessBuildWithReport>,bool) (at /home/bokken/build/output/unity/unity/Editor/Mono/BuildPipeline/BuildPipelineInterfaces.cs:475)
UnityEditor.Build.BuildPipelineInterfaces:OnBuildPreProcess (UnityEditor.Build.Reporting.BuildReport) (at /home/bokken/build/output/unity/unity/Editor/Mono/BuildPipeline/BuildPipelineInterfaces.cs:507)
UnityEditor.BuildPipeline:BuildPlayerInternalNoCheck (string[],string,string,UnityEditor.BuildTargetGroup,UnityEditor.BuildTarget,int,UnityEditor.BuildOptions,string[],bool)
UnityEditor.BuildPipeline:BuildPlayerInternal (string[],string,string,UnityEditor.BuildTargetGroup,UnityEditor.BuildTarget,int,UnityEditor.BuildOptions,string[]) (at /home/bokken/build/output/unity/unity/Editor/Mono/BuildPipeline.bindings.cs:534)
UnityEditor.BuildPipeline:BuildPlayer (string[],string,string,UnityEditor.BuildTargetGroup,UnityEditor.BuildTarget,int,UnityEditor.BuildOptions,string[]) (at /home/bokken/build/output/unity/unity/Editor/Mono/BuildPipeline.bindings.cs:418)
UnityEditor.BuildPipeline:BuildPlayer (UnityEditor.BuildPlayerOptions) (at /home/bokken/build/output/unity/unity/Editor/Mono/BuildPipeline.bindings.cs:364)
CodexAndroidBuild:BuildApk () (at Assets/Editor/CodexAndroidBuild.cs:42)

(Filename: ./Library/PackageCache/com.meta.xr.sdk.core@e9f929748630/Editor/OVRGradleGeneration.cs Line: 181)

[Meta] libopenxr_loader.so from other packages will be disabled because of enabled MetaXRFeature: Packages/com.unity.xr.openxr/RuntimeLoaders/android/openxr_loader.aar
UnityEngine.Debug:ExtractStackTraceNoAlloc (byte*,int,string)
UnityEngine.StackTraceUtility:ExtractStackTrace () (at /home/bokken/build/output/unity/unity/Runtime/Export/Scripting/StackTrace.cs:35)
UnityEngine.DebugLogHandler:Internal_Log (UnityEngine.LogType,UnityEngine.LogOption,string,UnityEngine.Object)
UnityEngine.DebugLogHandler:LogFormat (UnityEngine.LogType,UnityEngine.Object,string,object[])
UnityEngine.Logger:LogFormat (UnityEngine.LogType,string,object[])
UnityEngine.Debug:LogFormat (string,object[])
OVRGradleGeneration:OnPreprocessBuild (UnityEditor.Build.Reporting.BuildReport) (at ./Library/PackageCache/com.meta.xr.sdk.core@e9f929748630/Editor/OVRGradleGeneration.cs:181)
UnityEditor.Build.BuildPipelineInterfaces/<>c__DisplayClass17_0:<OnBuildPreProcess>b__1 (UnityEditor.Build.IPreprocessBuildWithReport) (at /home/bokken/build/output/unity/unity/Editor/Mono/BuildPipeline/BuildPipelineInterfaces.cs:509)
UnityEditor.Build.BuildPipelineInterfaces:InvokeCallbackInterfacesPair<UnityEditor.Build.IPreprocessBuild, UnityEditor.Build.IPreprocessBuildWithReport> (System.Collections.Generic.List`1<UnityEditor.Build.IPreprocessBuild>,System.Action`1<UnityEditor.Build.IPreprocessBuild>,System.Collections.Generic.List`1<UnityEditor.Build.IPreprocessBuildWithReport>,System.Action`1<UnityEditor.Build.IPreprocessBuildWithReport>,bool) (at /home/bokken/build/output/unity/unity/Editor/Mono/BuildPipeline/BuildPipelineInterfaces.cs:475)
UnityEditor.Build.BuildPipelineInterfaces:OnBuildPreProcess (UnityEditor.Build.Reporting.BuildReport) (at /home/bokken/build/output/unity/unity/Editor/Mono/BuildPipeline/BuildPipelineInterfaces.cs:507)
UnityEditor.BuildPipeline:BuildPlayerInternalNoCheck (string[],string,string,UnityEditor.BuildTargetGroup,UnityEditor.BuildTarget,int,UnityEditor.BuildOptions,string[],bool)
UnityEditor.BuildPipeline:BuildPlayerInternal (string[],string,string,UnityEditor.BuildTargetGroup,UnityEditor.BuildTarget,int,UnityEditor.BuildOptions,string[]) (at /home/bokken/build/output/unity/unity/Editor/Mono/BuildPipeline.bindings.cs:534)
UnityEditor.BuildPipeline:BuildPlayer (string[],string,string,UnityEditor.BuildTargetGroup,UnityEditor.BuildTarget,int,UnityEditor.BuildOptions,string[]) (at /home/bokken/build/output/unity/unity/Editor/Mono/BuildPipeline.bindings.cs:418)
UnityEditor.BuildPipeline:BuildPlayer (UnityEditor.BuildPlayerOptions) (at /home/bokken/build/output/unity/unity/Editor/Mono/BuildPipeline.bindings.cs:364)
CodexAndroidBuild:BuildApk () (at Assets/Editor/CodexAndroidBuild.cs:42)

(Filename: ./Library/PackageCache/com.meta.xr.sdk.core@e9f929748630/Editor/OVRGradleGeneration.cs Line: 181)

[Meta] Native plugin included in build because of enabled MetaXRFeature: Packages/com.meta.xr.sdk.core/Plugins/AndroidOpenXR/OVRPlugin.aar
UnityEngine.Debug:ExtractStackTraceNoAlloc (byte*,int,string)
UnityEngine.StackTraceUtility:ExtractStackTrace () (at /home/bokken/build/output/unity/unity/Runtime/Export/Scripting/StackTrace.cs:35)
UnityEngine.DebugLogHandler:Internal_Log (UnityEngine.LogType,UnityEngine.LogOption,string,UnityEngine.Object)
UnityEngine.DebugLogHandler:LogFormat (UnityEngine.LogType,UnityEngine.Object,string,object[])
UnityEngine.Logger:LogFormat (UnityEngine.LogType,string,object[])
UnityEngine.Debug:LogFormat (string,object[])
OVRGradleGeneration:OnPreprocessBuild (UnityEditor.Build.Reporting.BuildReport) (at ./Library/PackageCache/com.meta.xr.sdk.core@e9f929748630/Editor/OVRGradleGeneration.cs:170)
UnityEditor.Build.BuildPipelineInterfaces/<>c__DisplayClass17_0:<OnBuildPreProcess>b__1 (UnityEditor.Build.IPreprocessBuildWithReport) (at /home/bokken/build/output/unity/unity/Editor/Mono/BuildPipeline/BuildPipelineInterfaces.cs:509)
UnityEditor.Build.BuildPipelineInterfaces:InvokeCallbackInterfacesPair<UnityEditor.Build.IPreprocessBuild, UnityEditor.Build.IPreprocessBuildWithReport> (System.Collections.Generic.List`1<UnityEditor.Build.IPreprocessBuild>,System.Action`1<UnityEditor.Build.IPreprocessBuild>,System.Collections.Generic.List`1<UnityEditor.Build.IPreprocessBuildWithReport>,System.Action`1<UnityEditor.Build.IPreprocessBuildWithReport>,bool) (at /home/bokken/build/output/unity/unity/Editor/Mono/BuildPipeline/BuildPipelineInterfaces.cs:475)
UnityEditor.Build.BuildPipelineInterfaces:OnBuildPreProcess (UnityEditor.Build.Reporting.BuildReport) (at /home/bokken/build/output/unity/unity/Editor/Mono/BuildPipeline/BuildPipelineInterfaces.cs:507)
UnityEditor.BuildPipeline:BuildPlayerInternalNoCheck (string[],string,string,UnityEditor.BuildTargetGroup,UnityEditor.BuildTarget,int,UnityEditor.BuildOptions,string[],bool)
UnityEditor.BuildPipeline:BuildPlayerInternal (string[],string,string,UnityEditor.BuildTargetGroup,UnityEditor.BuildTarget,int,UnityEditor.BuildOptions,string[]) (at /home/bokken/build/output/unity/unity/Editor/Mono/BuildPipeline.bindings.cs:534)
UnityEditor.BuildPipeline:BuildPlayer (string[],string,string,UnityEditor.BuildTargetGroup,UnityEditor.BuildTarget,int,UnityEditor.BuildOptions,string[]) (at /home/bokken/build/output/unity/unity/Editor/Mono/BuildPipeline.bindings.cs:418)
UnityEditor.BuildPipeline:BuildPlayer (UnityEditor.BuildPlayerOptions) (at /home/bokken/build/output/unity/unity/Editor/Mono/BuildPipeline.bindings.cs:364)
CodexAndroidBuild:BuildApk () (at Assets/Editor/CodexAndroidBuild.cs:42)

(Filename: ./Library/PackageCache/com.meta.xr.sdk.core@e9f929748630/Editor/OVRGradleGeneration.cs Line: 170)

Start importing ProjectSettings/ProjectSettings.asset using Guid(00000000000000004000000000000000) (LibraryAssetImporter) -> (artifact id: '62d446a5a979aab65e7cf17438476794') in 0.001040379 seconds
Start importing ProjectSettings/GraphicsSettings.asset using Guid(00000000000000006100000000000000) (LibraryAssetImporter) -> (artifact id: '7971743a43fa757e955096692620268d') in 0.000381432 seconds
Start importing Assets/Settings/UniversalRenderPipelineGlobalSettings.asset using Guid(18dc0cd2c080841dea60987a38ce93fa) (NativeFormatImporter) -> (artifact id: 'cd803d43115c640ab749b526bedaaa8f') in 0.000668019 seconds
Start importing Assets/Settings/Mobile_RPAsset.asset using Guid(5e6cbd92db86f4b18aec3ed561671858) (NativeFormatImporter) -> (artifact id: '281561d5ab107c78efd9c6178f1fc871') in 0.000431896 seconds
Start importing Assets/Resources/PerformanceTestRunInfo.json using Guid(da05010290ac31e83b8e23128ddf2e16) (TextScriptImporter) -> (artifact id: '376da8a86a29c31888a4a2e2bc549b6a') in 0.00147912 seconds
Shader 'Meta/MRUK/Scene/HighlightsAndShadows': fallback shader 'Off' not found
Shader Hidden/ProbeVolume/VoxelizeScene is not supported: GPU does not support conservative rasterization
Refreshing native plugins compatible for Editor in 2.47 ms, found 2 plugins.
Preloading 1 native plugins for Editor in 0.05 ms.
Asset Pipeline Refresh (id=89a0c78fe61695648865b77106859eba): Total: 0.345 seconds - Initiated by StopAssetImportingV2(NoUpdateAssetOptions)
	Summary:
		Imports: total=5 (actual=5, local cache=0, cache server=0)
		Asset DB Process Time: managed=0 ms, native=275 ms
		Asset DB Callback time: managed=43 ms, native=25 ms
		Scripting: domain reloads=0, domain reload time=0 ms, compile time=0 ms, other=0 ms
		Project Asset Count: scripts=2703, non-scripts=4275
		Asset File Changes: new=0, changed=2, moved=0, deleted=0
		Scan Filter Count: 1
	InvokeCustomDependenciesCallbacks: 0.001ms
	InvokePackagesCallback: 0.001ms
	ApplyChangesToAssetFolders: 0.177ms
	Scan: 216.038ms
	OnSourceAssetsModified: 0.583ms
	CategorizeAssetsWithTransientArtifact: 0.014ms
	ProcessAssetsWithTransientArtifactChanges: 0.159ms
	CategorizeAssets: 43.357ms
	ImportOutOfDateAssets: 10.037ms (0.687ms without children)
		ImportManagerImport: 7.143ms (2.387ms without children)
			ImportInProcess: 4.729ms
			UpdateCategorizedAssets: 0.027ms
		ReloadNativeAssets: 0.228ms
		UnloadImportedAssets: 0.237ms
		ReloadImportedAssets: 0.000ms
		EnsureUptoDateAssetsAreRegisteredWithGuidPM: 1.162ms
		InitializingProgressBar: 0.007ms
		PostProcessAllAssetNotificationsAddChangedAssets: 0.001ms
		OnDemandSchedulerStart: 0.572ms
	PostProcessAllAssets: 318.411ms
	Hotreload: 3.640ms
	GatherAllCurrentPrimaryArtifactRevisions: 0.443ms
	UnloadStreamsBegin: 0.001ms
	PersistCurrentRevisions: 0.453ms
	UnloadStreamsEnd: 0.000ms
	Untracked: -248.156ms

DisplayProgressbar: Checking prerequisites
PlayerSettings->Active Input Handling is set to Both, this is unsupported on Android and might cause issues with input and application performance. Please choose only one active input handling.
UnityEngine.Debug:ExtractStackTraceNoAlloc (byte*,int,string)
UnityEngine.StackTraceUtility:ExtractStackTrace () (at /home/bokken/build/output/unity/unity/Runtime/Export/Scripting/StackTrace.cs:35)
UnityEngine.DebugLogHandler:Internal_Log (UnityEngine.LogType,UnityEngine.LogOption,string,UnityEngine.Object)
UnityEngine.DebugLogHandler:LogFormat (UnityEngine.LogType,UnityEngine.Object,string,object[])
UnityEngine.Logger:Log (UnityEngine.LogType,object)
UnityEngine.Debug:LogWarning (object)
UnityEditor.Android.PostProcessor.Tasks.CheckPrerequisites:ValidateInputHandling () (at /home/bokken/build/output/unity/unity/PlatformDependent/AndroidPlayer/Editor/Managed/PostProcessor/Tasks/CheckPrerequisites.cs:116)
UnityEditor.Android.PostProcessor.Tasks.CheckPrerequisites:Execute (UnityEditor.Android.PostProcessor.PostProcessorContext) (at /home/bokken/build/output/unity/unity/PlatformDependent/AndroidPlayer/Editor/Managed/PostProcessor/Tasks/CheckPrerequisites.cs:64)
UnityEditor.Android.PostProcessor.PostProcessRunner:RunAllTasks (UnityEditor.Android.PostProcessor.PostProcessorContext) (at /home/bokken/build/output/unity/unity/PlatformDependent/AndroidPlayer/Editor/Managed/PostProcessor/AndroidPostProcessor.cs:112)
UnityEditor.Android.PostProcessAndroidPlayer:PrepareForBuild (UnityEditor.BuildOptions,UnityEditor.BuildTarget) (at /home/bokken/build/output/unity/unity/PlatformDependent/AndroidPlayer/Editor/Managed/PostProcessAndroidPlayer.cs:60)
UnityEditor.Android.AndroidBuildPostprocessor:PrepareForBuild (UnityEditor.BuildPlayerOptions) (at /home/bokken/build/output/unity/unity/PlatformDependent/AndroidPlayer/Editor/Managed/ExtensionModule.cs:1174)
UnityEditor.PostprocessBuildPlayer:PrepareForBuild (UnityEditor.BuildPlayerOptions) (at /home/bokken/build/output/unity/unity/Editor/Mono/BuildPipeline/PostprocessBuildPlayer.cs:86)
UnityEditor.BuildPipeline:BuildPlayerInternalNoCheck (string[],string,string,UnityEditor.BuildTargetGroup,UnityEditor.BuildTarget,int,UnityEditor.BuildOptions,string[],bool)
UnityEditor.BuildPipeline:BuildPlayerInternal (string[],string,string,UnityEditor.BuildTargetGroup,UnityEditor.BuildTarget,int,UnityEditor.BuildOptions,string[]) (at /home/bokken/build/output/unity/unity/Editor/Mono/BuildPipeline.bindings.cs:534)
UnityEditor.BuildPipeline:BuildPlayer (string[],string,string,UnityEditor.BuildTargetGroup,UnityEditor.BuildTarget,int,UnityEditor.BuildOptions,string[]) (at /home/bokken/build/output/unity/unity/Editor/Mono/BuildPipeline.bindings.cs:418)
UnityEditor.BuildPipeline:BuildPlayer (UnityEditor.BuildPlayerOptions) (at /home/bokken/build/output/unity/unity/Editor/Mono/BuildPipeline.bindings.cs:364)
CodexAndroidBuild:BuildApk () (at Assets/Editor/CodexAndroidBuild.cs:42)

(Filename: /home/bokken/build/output/unity/unity/PlatformDependent/AndroidPlayer/Editor/Managed/PostProcessor/Tasks/CheckPrerequisites.cs Line: 116)

Android PostProcess task "Checking prerequisites" took 53.4744 ms
DisplayProgressbar: Detect Java Development Kit (JDK)
Android PostProcess task "Detect Java Development Kit (JDK)" took 89.4996 ms
DisplayProgressbar: Detecting Android SDK
 Failed to download any source lists!
UnityEngine.Debug:ExtractStackTraceNoAlloc (byte*,int,string)
UnityEngine.StackTraceUtility:ExtractStackTrace () (at /home/bokken/build/output/unity/unity/Runtime/Export/Scripting/StackTrace.cs:35)
UnityEngine.DebugLogHandler:Internal_Log (UnityEngine.LogType,UnityEngine.LogOption,string,UnityEngine.Object)
UnityEngine.DebugLogHandler:LogFormat (UnityEngine.LogType,UnityEngine.Object,string,object[])
UnityEngine.Logger:Log (UnityEngine.LogType,object)
UnityEngine.Debug:LogWarning (object)
UnityEditor.Android.AndroidSDKTools:DetectErrorsAndWarnings (string,string,string[]) (at /home/bokken/build/output/unity/unity/PlatformDependent/AndroidPlayer/Editor/Managed/Android/AndroidSDKTools.cs:652)
UnityEditor.Android.AndroidSDKTools:RunAndroidSdkTool (string,string,bool,string,string,string[]) (at /home/bokken/build/output/unity/unity/PlatformDependent/AndroidPlayer/Editor/Managed/Android/AndroidSDKTools.cs:570)
UnityEditor.Android.AndroidSDKTools:ListComponentsVersions () (at /home/bokken/build/output/unity/unity/PlatformDependent/AndroidPlayer/Editor/Managed/Android/AndroidSDKTools.cs:426)
UnityEditor.Android.SDKManager:UpdatePackagesList () (at /home/bokken/build/output/unity/unity/PlatformDependent/AndroidPlayer/Editor/Managed/Android/SDKManager.cs:93)
UnityEditor.Android.SDKManager:HighestVersionInstalled (UnityEditor.Android.SDKManager/Component) (at /home/bokken/build/output/unity/unity/PlatformDependent/AndroidPlayer/Editor/Managed/Android/SDKManager.cs:287)
UnityEditor.Android.PostProcessor.Tasks.CheckAndroidSDK/SDKToolsDetector:GetVersion () (at /home/bokken/build/output/unity/unity/PlatformDependent/AndroidPlayer/Editor/Managed/PostProcessor/Tasks/CheckAndroidSDK.cs:221)
UnityEditor.Android.PostProcessor.Tasks.CheckAndroidSDK/SDKComponentDetector:Detect (System.Version,UnityEditor.Android.PostProcessor.ProgressHandler) (at /home/bokken/build/output/unity/unity/PlatformDependent/AndroidPlayer/Editor/Managed/PostProcessor/Tasks/CheckAndroidSDK.cs:168)
UnityEditor.Android.PostProcessor.Tasks.CheckAndroidSDK:EnsureSDKComponentVersion (System.Version,UnityEditor.Android.PostProcessor.Tasks.CheckAndroidSDK/SDKComponentDetector) (at /home/bokken/build/output/unity/unity/PlatformDependent/AndroidPlayer/Editor/Managed/PostProcessor/Tasks/CheckAndroidSDK.cs:318)
UnityEditor.Android.PostProcessor.Tasks.CheckAndroidSDK:Execute (UnityEditor.Android.PostProcessor.PostProcessorContext) (at /home/bokken/build/output/unity/unity/PlatformDependent/AndroidPlayer/Editor/Managed/PostProcessor/Tasks/CheckAndroidSDK.cs:53)
UnityEditor.Android.PostProcessor.PostProcessRunner:RunAllTasks (UnityEditor.Android.PostProcessor.PostProcessorContext) (at /home/bokken/build/output/unity/unity/PlatformDependent/AndroidPlayer/Editor/Managed/PostProcessor/AndroidPostProcessor.cs:112)
UnityEditor.Android.PostProcessAndroidPlayer:PrepareForBuild (UnityEditor.BuildOptions,UnityEditor.BuildTarget) (at /home/bokken/build/output/unity/unity/PlatformDependent/AndroidPlayer/Editor/Managed/PostProcessAndroidPlayer.cs:60)
UnityEditor.Android.AndroidBuildPostprocessor:PrepareForBuild (UnityEditor.BuildPlayerOptions) (at /home/bokken/build/output/unity/unity/PlatformDependent/AndroidPlayer/Editor/Managed/ExtensionModule.cs:1174)
UnityEditor.PostprocessBuildPlayer:PrepareForBuild (UnityEditor.BuildPlayerOptions) (at /home/bokken/build/output/unity/unity/Editor/Mono/BuildPipeline/PostprocessBuildPlayer.cs:86)
UnityEditor.BuildPipeline:BuildPlayerInternalNoCheck (string[],string,string,UnityEditor.BuildTargetGroup,UnityEditor.BuildTarget,int,UnityEditor.BuildOptions,string[],bool)
UnityEditor.BuildPipeline:BuildPlayerInternal (string[],string,string,UnityEditor.BuildTargetGroup,UnityEditor.BuildTarget,int,UnityEditor.BuildOptions,string[]) (at /home/bokken/build/output/unity/unity/Editor/Mono/BuildPipeline.bindings.cs:534)
UnityEditor.BuildPipeline:BuildPlayer (string[],string,string,UnityEditor.BuildTargetGroup,UnityEditor.BuildTarget,int,UnityEditor.BuildOptions,string[]) (at /home/bokken/build/output/unity/unity/Editor/Mono/BuildPipeline.bindings.cs:418)
UnityEditor.BuildPipeline:BuildPlayer (UnityEditor.BuildPlayerOptions) (at /home/bokken/build/output/unity/unity/Editor/Mono/BuildPipeline.bindings.cs:364)
CodexAndroidBuild:BuildApk () (at Assets/Editor/CodexAndroidBuild.cs:42)

(Filename: /home/bokken/build/output/unity/unity/PlatformDependent/AndroidPlayer/Editor/Managed/Android/AndroidSDKTools.cs Line: 652)

 Still waiting for package manifests to be fetched remotely.
UnityEngine.Debug:ExtractStackTraceNoAlloc (byte*,int,string)
UnityEngine.StackTraceUtility:ExtractStackTrace () (at /home/bokken/build/output/unity/unity/Runtime/Export/Scripting/StackTrace.cs:35)
UnityEngine.DebugLogHandler:Internal_Log (UnityEngine.LogType,UnityEngine.LogOption,string,UnityEngine.Object)
UnityEngine.DebugLogHandler:LogFormat (UnityEngine.LogType,UnityEngine.Object,string,object[])
UnityEngine.Logger:Log (UnityEngine.LogType,object)
UnityEngine.Debug:LogWarning (object)
UnityEditor.Android.AndroidSDKTools:DetectErrorsAndWarnings (string,string,string[]) (at /home/bokken/build/output/unity/unity/PlatformDependent/AndroidPlayer/Editor/Managed/Android/AndroidSDKTools.cs:652)
UnityEditor.Android.AndroidSDKTools:RunAndroidSdkTool (string,string,bool,string,string,string[]) (at /home/bokken/build/output/unity/unity/PlatformDependent/AndroidPlayer/Editor/Managed/Android/AndroidSDKTools.cs:570)
UnityEditor.Android.AndroidSDKTools:ListComponentsVersions () (at /home/bokken/build/output/unity/unity/PlatformDependent/AndroidPlayer/Editor/Managed/Android/AndroidSDKTools.cs:426)
UnityEditor.Android.SDKManager:UpdatePackagesList () (at /home/bokken/build/output/unity/unity/PlatformDependent/AndroidPlayer/Editor/Managed/Android/SDKManager.cs:93)
UnityEditor.Android.SDKManager:HighestVersionInstalled (UnityEditor.Android.SDKManager/Component) (at /home/bokken/build/output/unity/unity/PlatformDependent/AndroidPlayer/Editor/Managed/Android/SDKManager.cs:287)
UnityEditor.Android.PostProcessor.Tasks.CheckAndroidSDK/SDKToolsDetector:GetVersion () (at /home/bokken/build/output/unity/unity/PlatformDependent/AndroidPlayer/Editor/Managed/PostProcessor/Tasks/CheckAndroidSDK.cs:221)
UnityEditor.Android.PostProcessor.Tasks.CheckAndroidSDK/SDKComponentDetector:Detect (System.Version,UnityEditor.Android.PostProcessor.ProgressHandler) (at /home/bokken/build/output/unity/unity/PlatformDependent/AndroidPlayer/Editor/Managed/PostProcessor/Tasks/CheckAndroidSDK.cs:168)
UnityEditor.Android.PostProcessor.Tasks.CheckAndroidSDK:EnsureSDKComponentVersion (System.Version,UnityEditor.Android.PostProcessor.Tasks.CheckAndroidSDK/SDKComponentDetector) (at /home/bokken/build/output/unity/unity/PlatformDependent/AndroidPlayer/Editor/Managed/PostProcessor/Tasks/CheckAndroidSDK.cs:318)
UnityEditor.Android.PostProcessor.Tasks.CheckAndroidSDK:Execute (UnityEditor.Android.PostProcessor.PostProcessorContext) (at /home/bokken/build/output/unity/unity/PlatformDependent/AndroidPlayer/Editor/Managed/PostProcessor/Tasks/CheckAndroidSDK.cs:53)
UnityEditor.Android.PostProcessor.PostProcessRunner:RunAllTasks (UnityEditor.Android.PostProcessor.PostProcessorContext) (at /home/bokken/build/output/unity/unity/PlatformDependent/AndroidPlayer/Editor/Managed/PostProcessor/AndroidPostProcessor.cs:112)
UnityEditor.Android.PostProcessAndroidPlayer:PrepareForBuild (UnityEditor.BuildOptions,UnityEditor.BuildTarget) (at /home/bokken/build/output/unity/unity/PlatformDependent/AndroidPlayer/Editor/Managed/PostProcessAndroidPlayer.cs:60)
UnityEditor.Android.AndroidBuildPostprocessor:PrepareForBuild (UnityEditor.BuildPlayerOptions) (at /home/bokken/build/output/unity/unity/PlatformDependent/AndroidPlayer/Editor/Managed/ExtensionModule.cs:1174)
UnityEditor.PostprocessBuildPlayer:PrepareForBuild (UnityEditor.BuildPlayerOptions) (at /home/bokken/build/output/unity/unity/Editor/Mono/BuildPipeline/PostprocessBuildPlayer.cs:86)
UnityEditor.BuildPipeline:BuildPlayerInternalNoCheck (string[],string,string,UnityEditor.BuildTargetGroup,UnityEditor.BuildTarget,int,UnityEditor.BuildOptions,string[],bool)
UnityEditor.BuildPipeline:BuildPlayerInternal (string[],string,string,UnityEditor.BuildTargetGroup,UnityEditor.BuildTarget,int,UnityEditor.BuildOptions,string[]) (at /home/bokken/build/output/unity/unity/Editor/Mono/BuildPipeline.bindings.cs:534)
UnityEditor.BuildPipeline:BuildPlayer (string[],string,string,UnityEditor.BuildTargetGroup,UnityEditor.BuildTarget,int,UnityEditor.BuildOptions,string[]) (at /home/bokken/build/output/unity/unity/Editor/Mono/BuildPipeline.bindings.cs:418)
UnityEditor.BuildPipeline:BuildPlayer (UnityEditor.BuildPlayerOptions) (at /home/bokken/build/output/unity/unity/Editor/Mono/BuildPipeline.bindings.cs:364)
CodexAndroidBuild:BuildApk () (at Assets/Editor/CodexAndroidBuild.cs:42)

(Filename: /home/bokken/build/output/unity/unity/PlatformDependent/AndroidPlayer/Editor/Managed/Android/AndroidSDKTools.cs Line: 652)

 Still waiting for package manifests to be fetched remotely.
UnityEngine.Debug:ExtractStackTraceNoAlloc (byte*,int,string)
UnityEngine.StackTraceUtility:ExtractStackTrace () (at /home/bokken/build/output/unity/unity/Runtime/Export/Scripting/StackTrace.cs:35)
UnityEngine.DebugLogHandler:Internal_Log (UnityEngine.LogType,UnityEngine.LogOption,string,UnityEngine.Object)
UnityEngine.DebugLogHandler:LogFormat (UnityEngine.LogType,UnityEngine.Object,string,object[])
UnityEngine.Logger:Log (UnityEngine.LogType,object)
UnityEngine.Debug:LogWarning (object)
UnityEditor.Android.AndroidSDKTools:DetectErrorsAndWarnings (string,string,string[]) (at /home/bokken/build/output/unity/unity/PlatformDependent/AndroidPlayer/Editor/Managed/Android/AndroidSDKTools.cs:652)
UnityEditor.Android.AndroidSDKTools:RunAndroidSdkTool (string,string,bool,string,string,string[]) (at /home/bokken/build/output/unity/unity/PlatformDependent/AndroidPlayer/Editor/Managed/Android/AndroidSDKTools.cs:570)
UnityEditor.Android.AndroidSDKTools:ListComponentsVersions () (at /home/bokken/build/output/unity/unity/PlatformDependent/AndroidPlayer/Editor/Managed/Android/AndroidSDKTools.cs:426)
UnityEditor.Android.SDKManager:UpdatePackagesList () (at /home/bokken/build/output/unity/unity/PlatformDependent/AndroidPlayer/Editor/Managed/Android/SDKManager.cs:93)
UnityEditor.Android.SDKManager:HighestVersionInstalled (UnityEditor.Android.SDKManager/Component) (at /home/bokken/build/output/unity/unity/PlatformDependent/AndroidPlayer/Editor/Managed/Android/SDKManager.cs:287)
UnityEditor.Android.PostProcessor.Tasks.CheckAndroidSDK/SDKToolsDetector:GetVersion () (at /home/bokken/build/output/unity/unity/PlatformDependent/AndroidPlayer/Editor/Managed/PostProcessor/Tasks/CheckAndroidSDK.cs:221)
UnityEditor.Android.PostProcessor.Tasks.CheckAndroidSDK/SDKComponentDetector:Detect (System.Version,UnityEditor.Android.PostProcessor.ProgressHandler) (at /home/bokken/build/output/unity/unity/PlatformDependent/AndroidPlayer/Editor/Managed/PostProcessor/Tasks/CheckAndroidSDK.cs:168)
UnityEditor.Android.PostProcessor.Tasks.CheckAndroidSDK:EnsureSDKComponentVersion (System.Version,UnityEditor.Android.PostProcessor.Tasks.CheckAndroidSDK/SDKComponentDetector) (at /home/bokken/build/output/unity/unity/PlatformDependent/AndroidPlayer/Editor/Managed/PostProcessor/Tasks/CheckAndroidSDK.cs:318)
UnityEditor.Android.PostProcessor.Tasks.CheckAndroidSDK:Execute (UnityEditor.Android.PostProcessor.PostProcessorContext) (at /home/bokken/build/output/unity/unity/PlatformDependent/AndroidPlayer/Editor/Managed/PostProcessor/Tasks/CheckAndroidSDK.cs:53)
UnityEditor.Android.PostProcessor.PostProcessRunner:RunAllTasks (UnityEditor.Android.PostProcessor.PostProcessorContext) (at /home/bokken/build/output/unity/unity/PlatformDependent/AndroidPlayer/Editor/Managed/PostProcessor/AndroidPostProcessor.cs:112)
UnityEditor.Android.PostProcessAndroidPlayer:PrepareForBuild (UnityEditor.BuildOptions,UnityEditor.BuildTarget) (at /home/bokken/build/output/unity/unity/PlatformDependent/AndroidPlayer/Editor/Managed/PostProcessAndroidPlayer.cs:60)
UnityEditor.Android.AndroidBuildPostprocessor:PrepareForBuild (UnityEditor.BuildPlayerOptions) (at /home/bokken/build/output/unity/unity/PlatformDependent/AndroidPlayer/Editor/Managed/ExtensionModule.cs:1174)
UnityEditor.PostprocessBuildPlayer:PrepareForBuild (UnityEditor.BuildPlayerOptions) (at /home/bokken/build/output/unity/unity/Editor/Mono/BuildPipeline/PostprocessBuildPlayer.cs:86)
UnityEditor.BuildPipeline:BuildPlayerInternalNoCheck (string[],string,string,UnityEditor.BuildTargetGroup,UnityEditor.BuildTarget,int,UnityEditor.BuildOptions,string[],bool)
UnityEditor.BuildPipeline:BuildPlayerInternal (string[],string,string,UnityEditor.BuildTargetGroup,UnityEditor.BuildTarget,int,UnityEditor.BuildOptions,string[]) (at /home/bokken/build/output/unity/unity/Editor/Mono/BuildPipeline.bindings.cs:534)
UnityEditor.BuildPipeline:BuildPlayer (string[],string,string,UnityEditor.BuildTargetGroup,UnityEditor.BuildTarget,int,UnityEditor.BuildOptions,string[]) (at /home/bokken/build/output/unity/unity/Editor/Mono/BuildPipeline.bindings.cs:418)
UnityEditor.BuildPipeline:BuildPlayer (UnityEditor.BuildPlayerOptions) (at /home/bokken/build/output/unity/unity/Editor/Mono/BuildPipeline.bindings.cs:364)
CodexAndroidBuild:BuildApk () (at Assets/Editor/CodexAndroidBuild.cs:42)

(Filename: /home/bokken/build/output/unity/unity/PlatformDependent/AndroidPlayer/Editor/Managed/Android/AndroidSDKTools.cs Line: 652)

 Still waiting for package manifests to be fetched remotely.
UnityEngine.Debug:ExtractStackTraceNoAlloc (byte*,int,string)
UnityEngine.StackTraceUtility:ExtractStackTrace () (at /home/bokken/build/output/unity/unity/Runtime/Export/Scripting/StackTrace.cs:35)
UnityEngine.DebugLogHandler:Internal_Log (UnityEngine.LogType,UnityEngine.LogOption,string,UnityEngine.Object)
UnityEngine.DebugLogHandler:LogFormat (UnityEngine.LogType,UnityEngine.Object,string,object[])
UnityEngine.Logger:Log (UnityEngine.LogType,object)
UnityEngine.Debug:LogWarning (object)
UnityEditor.Android.AndroidSDKTools:DetectErrorsAndWarnings (string,string,string[]) (at /home/bokken/build/output/unity/unity/PlatformDependent/AndroidPlayer/Editor/Managed/Android/AndroidSDKTools.cs:652)
UnityEditor.Android.AndroidSDKTools:RunAndroidSdkTool (string,string,bool,string,string,string[]) (at /home/bokken/build/output/unity/unity/PlatformDependent/AndroidPlayer/Editor/Managed/Android/AndroidSDKTools.cs:570)
UnityEditor.Android.AndroidSDKTools:ListComponentsVersions () (at /home/bokken/build/output/unity/unity/PlatformDependent/AndroidPlayer/Editor/Managed/Android/AndroidSDKTools.cs:426)
UnityEditor.Android.SDKManager:UpdatePackagesList () (at /home/bokken/build/output/unity/unity/PlatformDependent/AndroidPlayer/Editor/Managed/Android/SDKManager.cs:93)
UnityEditor.Android.SDKManager:HighestVersionInstalled (UnityEditor.Android.SDKManager/Component) (at /home/bokken/build/output/unity/unity/PlatformDependent/AndroidPlayer/Editor/Managed/Android/SDKManager.cs:287)
UnityEditor.Android.PostProcessor.Tasks.CheckAndroidSDK/SDKToolsDetector:GetVersion () (at /home/bokken/build/output/unity/unity/PlatformDependent/AndroidPlayer/Editor/Managed/PostProcessor/Tasks/CheckAndroidSDK.cs:221)
UnityEditor.Android.PostProcessor.Tasks.CheckAndroidSDK/SDKComponentDetector:Detect (System.Version,UnityEditor.Android.PostProcessor.ProgressHandler) (at /home/bokken/build/output/unity/unity/PlatformDependent/AndroidPlayer/Editor/Managed/PostProcessor/Tasks/CheckAndroidSDK.cs:168)
UnityEditor.Android.PostProcessor.Tasks.CheckAndroidSDK:EnsureSDKComponentVersion (System.Version,UnityEditor.Android.PostProcessor.Tasks.CheckAndroidSDK/SDKComponentDetector) (at /home/bokken/build/output/unity/unity/PlatformDependent/AndroidPlayer/Editor/Managed/PostProcessor/Tasks/CheckAndroidSDK.cs:318)
UnityEditor.Android.PostProcessor.Tasks.CheckAndroidSDK:Execute (UnityEditor.Android.PostProcessor.PostProcessorContext) (at /home/bokken/build/output/unity/unity/PlatformDependent/AndroidPlayer/Editor/Managed/PostProcessor/Tasks/CheckAndroidSDK.cs:53)
UnityEditor.Android.PostProcessor.PostProcessRunner:RunAllTasks (UnityEditor.Android.PostProcessor.PostProcessorContext) (at /home/bokken/build/output/unity/unity/PlatformDependent/AndroidPlayer/Editor/Managed/PostProcessor/AndroidPostProcessor.cs:112)
UnityEditor.Android.PostProcessAndroidPlayer:PrepareForBuild (UnityEditor.BuildOptions,UnityEditor.BuildTarget) (at /home/bokken/build/output/unity/unity/PlatformDependent/AndroidPlayer/Editor/Managed/PostProcessAndroidPlayer.cs:60)
UnityEditor.Android.AndroidBuildPostprocessor:PrepareForBuild (UnityEditor.BuildPlayerOptions) (at /home/bokken/build/output/unity/unity/PlatformDependent/AndroidPlayer/Editor/Managed/ExtensionModule.cs:1174)
UnityEditor.PostprocessBuildPlayer:PrepareForBuild (UnityEditor.BuildPlayerOptions) (at /home/bokken/build/output/unity/unity/Editor/Mono/BuildPipeline/PostprocessBuildPlayer.cs:86)
UnityEditor.BuildPipeline:BuildPlayerInternalNoCheck (string[],string,string,UnityEditor.BuildTargetGroup,UnityEditor.BuildTarget,int,UnityEditor.BuildOptions,string[],bool)
UnityEditor.BuildPipeline:BuildPlayerInternal (string[],string,string,UnityEditor.BuildTargetGroup,UnityEditor.BuildTarget,int,UnityEditor.BuildOptions,string[]) (at /home/bokken/build/output/unity/unity/Editor/Mono/BuildPipeline.bindings.cs:534)
UnityEditor.BuildPipeline:BuildPlayer (string[],string,string,UnityEditor.BuildTargetGroup,UnityEditor.BuildTarget,int,UnityEditor.BuildOptions,string[]) (at /home/bokken/build/output/unity/unity/Editor/Mono/BuildPipeline.bindings.cs:418)
UnityEditor.BuildPipeline:BuildPlayer (UnityEditor.BuildPlayerOptions) (at /home/bokken/build/output/unity/unity/Editor/Mono/BuildPipeline.bindings.cs:364)
CodexAndroidBuild:BuildApk () (at Assets/Editor/CodexAndroidBuild.cs:42)

(Filename: /home/bokken/build/output/unity/unity/PlatformDependent/AndroidPlayer/Editor/Managed/Android/AndroidSDKTools.cs Line: 652)

 Failed to download any source lists!
UnityEngine.Debug:ExtractStackTraceNoAlloc (byte*,int,string)
UnityEngine.StackTraceUtility:ExtractStackTrace () (at /home/bokken/build/output/unity/unity/Runtime/Export/Scripting/StackTrace.cs:35)
UnityEngine.DebugLogHandler:Internal_Log (UnityEngine.LogType,UnityEngine.LogOption,string,UnityEngine.Object)
UnityEngine.DebugLogHandler:LogFormat (UnityEngine.LogType,UnityEngine.Object,string,object[])
UnityEngine.Logger:Log (UnityEngine.LogType,object)
UnityEngine.Debug:LogWarning (object)
UnityEditor.Android.AndroidSDKTools:DetectErrorsAndWarnings (string,string,string[]) (at /home/bokken/build/output/unity/unity/PlatformDependent/AndroidPlayer/Editor/Managed/Android/AndroidSDKTools.cs:652)
UnityEditor.Android.AndroidSDKTools:RunAndroidSdkTool (string,string,bool,string,string,string[]) (at /home/bokken/build/output/unity/unity/PlatformDependent/AndroidPlayer/Editor/Managed/Android/AndroidSDKTools.cs:570)
UnityEditor.Android.AndroidSDKTools:ListComponentsVersions () (at /home/bokken/build/output/unity/unity/PlatformDependent/AndroidPlayer/Editor/Managed/Android/AndroidSDKTools.cs:426)
UnityEditor.Android.SDKManager:UpdatePackagesList () (at /home/bokken/build/output/unity/unity/PlatformDependent/AndroidPlayer/Editor/Managed/Android/SDKManager.cs:93)
UnityEditor.Android.SDKManager:HighestVersionInstalled (UnityEditor.Android.SDKManager/Component) (at /home/bokken/build/output/unity/unity/PlatformDependent/AndroidPlayer/Editor/Managed/Android/SDKManager.cs:287)
UnityEditor.Android.PostProcessor.Tasks.CheckAndroidSDK/SDKPlatformToolsDetector:GetVersion () (at /home/bokken/build/output/unity/unity/PlatformDependent/AndroidPlayer/Editor/Managed/PostProcessor/Tasks/CheckAndroidSDK.cs:275)
UnityEditor.Android.PostProcessor.Tasks.CheckAndroidSDK/SDKComponentDetector:Detect (System.Version,UnityEditor.Android.PostProcessor.ProgressHandler) (at /home/bokken/build/output/unity/unity/PlatformDependent/AndroidPlayer/Editor/Managed/PostProcessor/Tasks/CheckAndroidSDK.cs:168)
UnityEditor.Android.PostProcessor.Tasks.CheckAndroidSDK:EnsureSDKComponentVersion (System.Version,UnityEditor.Android.PostProcessor.Tasks.CheckAndroidSDK/SDKComponentDetector) (at /home/bokken/build/output/unity/unity/PlatformDependent/AndroidPlayer/Editor/Managed/PostProcessor/Tasks/CheckAndroidSDK.cs:318)
UnityEditor.Android.PostProcessor.Tasks.CheckAndroidSDK:EnsureSDKComponentVersion (int,UnityEditor.Android.PostProcessor.Tasks.CheckAndroidSDK/SDKComponentDetector) (at /home/bokken/build/output/unity/unity/PlatformDependent/AndroidPlayer/Editor/Managed/PostProcessor/Tasks/CheckAndroidSDK.cs:311)
UnityEditor.Android.PostProcessor.Tasks.CheckAndroidSDK:Execute (UnityEditor.Android.PostProcessor.PostProcessorContext) (at /home/bokken/build/output/unity/unity/PlatformDependent/AndroidPlayer/Editor/Managed/PostProcessor/Tasks/CheckAndroidSDK.cs:54)
UnityEditor.Android.PostProcessor.PostProcessRunner:RunAllTasks (UnityEditor.Android.PostProcessor.PostProcessorContext) (at /home/bokken/build/output/unity/unity/PlatformDependent/AndroidPlayer/Editor/Managed/PostProcessor/AndroidPostProcessor.cs:112)
UnityEditor.Android.PostProcessAndroidPlayer:PrepareForBuild (UnityEditor.BuildOptions,UnityEditor.BuildTarget) (at /home/bokken/build/output/unity/unity/PlatformDependent/AndroidPlayer/Editor/Managed/PostProcessAndroidPlayer.cs:60)
UnityEditor.Android.AndroidBuildPostprocessor:PrepareForBuild (UnityEditor.BuildPlayerOptions) (at /home/bokken/build/output/unity/unity/PlatformDependent/AndroidPlayer/Editor/Managed/ExtensionModule.cs:1174)
UnityEditor.PostprocessBuildPlayer:PrepareForBuild (UnityEditor.BuildPlayerOptions) (at /home/bokken/build/output/unity/unity/Editor/Mono/BuildPipeline/PostprocessBuildPlayer.cs:86)
UnityEditor.BuildPipeline:BuildPlayerInternalNoCheck (string[],string,string,UnityEditor.BuildTargetGroup,UnityEditor.BuildTarget,int,UnityEditor.BuildOptions,string[],bool)
UnityEditor.BuildPipeline:BuildPlayerInternal (string[],string,string,UnityEditor.BuildTargetGroup,UnityEditor.BuildTarget,int,UnityEditor.BuildOptions,string[]) (at /home/bokken/build/output/unity/unity/Editor/Mono/BuildPipeline.bindings.cs:534)
UnityEditor.BuildPipeline:BuildPlayer (string[],string,string,UnityEditor.BuildTargetGroup,UnityEditor.BuildTarget,int,UnityEditor.BuildOptions,string[]) (at /home/bokken/build/output/unity/unity/Editor/Mono/BuildPipeline.bindings.cs:418)
UnityEditor.BuildPipeline:BuildPlayer (UnityEditor.BuildPlayerOptions) (at /home/bokken/build/output/unity/unity/Editor/Mono/BuildPipeline.bindings.cs:364)
CodexAndroidBuild:BuildApk () (at Assets/Editor/CodexAndroidBuild.cs:42)

(Filename: /home/bokken/build/output/unity/unity/PlatformDependent/AndroidPlayer/Editor/Managed/Android/AndroidSDKTools.cs Line: 652)

 Still waiting for package manifests to be fetched remotely.
UnityEngine.Debug:ExtractStackTraceNoAlloc (byte*,int,string)
UnityEngine.StackTraceUtility:ExtractStackTrace () (at /home/bokken/build/output/unity/unity/Runtime/Export/Scripting/StackTrace.cs:35)
UnityEngine.DebugLogHandler:Internal_Log (UnityEngine.LogType,UnityEngine.LogOption,string,UnityEngine.Object)
UnityEngine.DebugLogHandler:LogFormat (UnityEngine.LogType,UnityEngine.Object,string,object[])
UnityEngine.Logger:Log (UnityEngine.LogType,object)
UnityEngine.Debug:LogWarning (object)
UnityEditor.Android.AndroidSDKTools:DetectErrorsAndWarnings (string,string,string[]) (at /home/bokken/build/output/unity/unity/PlatformDependent/AndroidPlayer/Editor/Managed/Android/AndroidSDKTools.cs:652)
UnityEditor.Android.AndroidSDKTools:RunAndroidSdkTool (string,string,bool,string,string,string[]) (at /home/bokken/build/output/unity/unity/PlatformDependent/AndroidPlayer/Editor/Managed/Android/AndroidSDKTools.cs:570)
UnityEditor.Android.AndroidSDKTools:ListComponentsVersions () (at /home/bokken/build/output/unity/unity/PlatformDependent/AndroidPlayer/Editor/Managed/Android/AndroidSDKTools.cs:426)
UnityEditor.Android.SDKManager:UpdatePackagesList () (at /home/bokken/build/output/unity/unity/PlatformDependent/AndroidPlayer/Editor/Managed/Android/SDKManager.cs:93)
UnityEditor.Android.SDKManager:HighestVersionInstalled (UnityEditor.Android.SDKManager/Component) (at /home/bokken/build/output/unity/unity/PlatformDependent/AndroidPlayer/Editor/Managed/Android/SDKManager.cs:287)
UnityEditor.Android.PostProcessor.Tasks.CheckAndroidSDK/SDKPlatformToolsDetector:GetVersion () (at /home/bokken/build/output/unity/unity/PlatformDependent/AndroidPlayer/Editor/Managed/PostProcessor/Tasks/CheckAndroidSDK.cs:275)
UnityEditor.Android.PostProcessor.Tasks.CheckAndroidSDK/SDKComponentDetector:Detect (System.Version,UnityEditor.Android.PostProcessor.ProgressHandler) (at /home/bokken/build/output/unity/unity/PlatformDependent/AndroidPlayer/Editor/Managed/PostProcessor/Tasks/CheckAndroidSDK.cs:168)
UnityEditor.Android.PostProcessor.Tasks.CheckAndroidSDK:EnsureSDKComponentVersion (System.Version,UnityEditor.Android.PostProcessor.Tasks.CheckAndroidSDK/SDKComponentDetector) (at /home/bokken/build/output/unity/unity/PlatformDependent/AndroidPlayer/Editor/Managed/PostProcessor/Tasks/CheckAndroidSDK.cs:318)
UnityEditor.Android.PostProcessor.Tasks.CheckAndroidSDK:EnsureSDKComponentVersion (int,UnityEditor.Android.PostProcessor.Tasks.CheckAndroidSDK/SDKComponentDetector) (at /home/bokken/build/output/unity/unity/PlatformDependent/AndroidPlayer/Editor/Managed/PostProcessor/Tasks/CheckAndroidSDK.cs:311)
UnityEditor.Android.PostProcessor.Tasks.CheckAndroidSDK:Execute (UnityEditor.Android.PostProcessor.PostProcessorContext) (at /home/bokken/build/output/unity/unity/PlatformDependent/AndroidPlayer/Editor/Managed/PostProcessor/Tasks/CheckAndroidSDK.cs:54)
UnityEditor.Android.PostProcessor.PostProcessRunner:RunAllTasks (UnityEditor.Android.PostProcessor.PostProcessorContext) (at /home/bokken/build/output/unity/unity/PlatformDependent/AndroidPlayer/Editor/Managed/PostProcessor/AndroidPostProcessor.cs:112)
UnityEditor.Android.PostProcessAndroidPlayer:PrepareForBuild (UnityEditor.BuildOptions,UnityEditor.BuildTarget) (at /home/bokken/build/output/unity/unity/PlatformDependent/AndroidPlayer/Editor/Managed/PostProcessAndroidPlayer.cs:60)
UnityEditor.Android.AndroidBuildPostprocessor:PrepareForBuild (UnityEditor.BuildPlayerOptions) (at /home/bokken/build/output/unity/unity/PlatformDependent/AndroidPlayer/Editor/Managed/ExtensionModule.cs:1174)
UnityEditor.PostprocessBuildPlayer:PrepareForBuild (UnityEditor.BuildPlayerOptions) (at /home/bokken/build/output/unity/unity/Editor/Mono/BuildPipeline/PostprocessBuildPlayer.cs:86)
UnityEditor.BuildPipeline:BuildPlayerInternalNoCheck (string[],string,string,UnityEditor.BuildTargetGroup,UnityEditor.BuildTarget,int,UnityEditor.BuildOptions,string[],bool)
UnityEditor.BuildPipeline:BuildPlayerInternal (string[],string,string,UnityEditor.BuildTargetGroup,UnityEditor.BuildTarget,int,UnityEditor.BuildOptions,string[]) (at /home/bokken/build/output/unity/unity/Editor/Mono/BuildPipeline.bindings.cs:534)
UnityEditor.BuildPipeline:BuildPlayer (string[],string,string,UnityEditor.BuildTargetGroup,UnityEditor.BuildTarget,int,UnityEditor.BuildOptions,string[]) (at /home/bokken/build/output/unity/unity/Editor/Mono/BuildPipeline.bindings.cs:418)
UnityEditor.BuildPipeline:BuildPlayer (UnityEditor.BuildPlayerOptions) (at /home/bokken/build/output/unity/unity/Editor/Mono/BuildPipeline.bindings.cs:364)
CodexAndroidBuild:BuildApk () (at Assets/Editor/CodexAndroidBuild.cs:42)

(Filename: /home/bokken/build/output/unity/unity/PlatformDependent/AndroidPlayer/Editor/Managed/Android/AndroidSDKTools.cs Line: 652)

 Still waiting for package manifests to be fetched remotely.
UnityEngine.Debug:ExtractStackTraceNoAlloc (byte*,int,string)
UnityEngine.StackTraceUtility:ExtractStackTrace () (at /home/bokken/build/output/unity/unity/Runtime/Export/Scripting/StackTrace.cs:35)
UnityEngine.DebugLogHandler:Internal_Log (UnityEngine.LogType,UnityEngine.LogOption,string,UnityEngine.Object)
UnityEngine.DebugLogHandler:LogFormat (UnityEngine.LogType,UnityEngine.Object,string,object[])
UnityEngine.Logger:Log (UnityEngine.LogType,object)
UnityEngine.Debug:LogWarning (object)
UnityEditor.Android.AndroidSDKTools:DetectErrorsAndWarnings (string,string,string[]) (at /home/bokken/build/output/unity/unity/PlatformDependent/AndroidPlayer/Editor/Managed/Android/AndroidSDKTools.cs:652)
UnityEditor.Android.AndroidSDKTools:RunAndroidSdkTool (string,string,bool,string,string,string[]) (at /home/bokken/build/output/unity/unity/PlatformDependent/AndroidPlayer/Editor/Managed/Android/AndroidSDKTools.cs:570)
UnityEditor.Android.AndroidSDKTools:ListComponentsVersions () (at /home/bokken/build/output/unity/unity/PlatformDependent/AndroidPlayer/Editor/Managed/Android/AndroidSDKTools.cs:426)
UnityEditor.Android.SDKManager:UpdatePackagesList () (at /home/bokken/build/output/unity/unity/PlatformDependent/AndroidPlayer/Editor/Managed/Android/SDKManager.cs:93)
UnityEditor.Android.SDKManager:HighestVersionInstalled (UnityEditor.Android.SDKManager/Component) (at /home/bokken/build/output/unity/unity/PlatformDependent/AndroidPlayer/Editor/Managed/Android/SDKManager.cs:287)
UnityEditor.Android.PostProcessor.Tasks.CheckAndroidSDK/SDKPlatformToolsDetector:GetVersion () (at /home/bokken/build/output/unity/unity/PlatformDependent/AndroidPlayer/Editor/Managed/PostProcessor/Tasks/CheckAndroidSDK.cs:275)
UnityEditor.Android.PostProcessor.Tasks.CheckAndroidSDK/SDKComponentDetector:Detect (System.Version,UnityEditor.Android.PostProcessor.ProgressHandler) (at /home/bokken/build/output/unity/unity/PlatformDependent/AndroidPlayer/Editor/Managed/PostProcessor/Tasks/CheckAndroidSDK.cs:168)
UnityEditor.Android.PostProcessor.Tasks.CheckAndroidSDK:EnsureSDKComponentVersion (System.Version,UnityEditor.Android.PostProcessor.Tasks.CheckAndroidSDK/SDKComponentDetector) (at /home/bokken/build/output/unity/unity/PlatformDependent/AndroidPlayer/Editor/Managed/PostProcessor/Tasks/CheckAndroidSDK.cs:318)
UnityEditor.Android.PostProcessor.Tasks.CheckAndroidSDK:EnsureSDKComponentVersion (int,UnityEditor.Android.PostProcessor.Tasks.CheckAndroidSDK/SDKComponentDetector) (at /home/bokken/build/output/unity/unity/PlatformDependent/AndroidPlayer/Editor/Managed/PostProcessor/Tasks/CheckAndroidSDK.cs:311)
UnityEditor.Android.PostProcessor.Tasks.CheckAndroidSDK:Execute (UnityEditor.Android.PostProcessor.PostProcessorContext) (at /home/bokken/build/output/unity/unity/PlatformDependent/AndroidPlayer/Editor/Managed/PostProcessor/Tasks/CheckAndroidSDK.cs:54)
UnityEditor.Android.PostProcessor.PostProcessRunner:RunAllTasks (UnityEditor.Android.PostProcessor.PostProcessorContext) (at /home/bokken/build/output/unity/unity/PlatformDependent/AndroidPlayer/Editor/Managed/PostProcessor/AndroidPostProcessor.cs:112)
UnityEditor.Android.PostProcessAndroidPlayer:PrepareForBuild (UnityEditor.BuildOptions,UnityEditor.BuildTarget) (at /home/bokken/build/output/unity/unity/PlatformDependent/AndroidPlayer/Editor/Managed/PostProcessAndroidPlayer.cs:60)
UnityEditor.Android.AndroidBuildPostprocessor:PrepareForBuild (UnityEditor.BuildPlayerOptions) (at /home/bokken/build/output/unity/unity/PlatformDependent/AndroidPlayer/Editor/Managed/ExtensionModule.cs:1174)
UnityEditor.PostprocessBuildPlayer:PrepareForBuild (UnityEditor.BuildPlayerOptions) (at /home/bokken/build/output/unity/unity/Editor/Mono/BuildPipeline/PostprocessBuildPlayer.cs:86)
UnityEditor.BuildPipeline:BuildPlayerInternalNoCheck (string[],string,string,UnityEditor.BuildTargetGroup,UnityEditor.BuildTarget,int,UnityEditor.BuildOptions,string[],bool)
UnityEditor.BuildPipeline:BuildPlayerInternal (string[],string,string,UnityEditor.BuildTargetGroup,UnityEditor.BuildTarget,int,UnityEditor.BuildOptions,string[]) (at /home/bokken/build/output/unity/unity/Editor/Mono/BuildPipeline.bindings.cs:534)
UnityEditor.BuildPipeline:BuildPlayer (string[],string,string,UnityEditor.BuildTargetGroup,UnityEditor.BuildTarget,int,UnityEditor.BuildOptions,string[]) (at /home/bokken/build/output/unity/unity/Editor/Mono/BuildPipeline.bindings.cs:418)
UnityEditor.BuildPipeline:BuildPlayer (UnityEditor.BuildPlayerOptions) (at /home/bokken/build/output/unity/unity/Editor/Mono/BuildPipeline.bindings.cs:364)
CodexAndroidBuild:BuildApk () (at Assets/Editor/CodexAndroidBuild.cs:42)

(Filename: /home/bokken/build/output/unity/unity/PlatformDependent/AndroidPlayer/Editor/Managed/Android/AndroidSDKTools.cs Line: 652)

 Still waiting for package manifests to be fetched remotely.
UnityEngine.Debug:ExtractStackTraceNoAlloc (byte*,int,string)
UnityEngine.StackTraceUtility:ExtractStackTrace () (at /home/bokken/build/output/unity/unity/Runtime/Export/Scripting/StackTrace.cs:35)
UnityEngine.DebugLogHandler:Internal_Log (UnityEngine.LogType,UnityEngine.LogOption,string,UnityEngine.Object)
UnityEngine.DebugLogHandler:LogFormat (UnityEngine.LogType,UnityEngine.Object,string,object[])
UnityEngine.Logger:Log (UnityEngine.LogType,object)
UnityEngine.Debug:LogWarning (object)
UnityEditor.Android.AndroidSDKTools:DetectErrorsAndWarnings (string,string,string[]) (at /home/bokken/build/output/unity/unity/PlatformDependent/AndroidPlayer/Editor/Managed/Android/AndroidSDKTools.cs:652)
UnityEditor.Android.AndroidSDKTools:RunAndroidSdkTool (string,string,bool,string,string,string[]) (at /home/bokken/build/output/unity/unity/PlatformDependent/AndroidPlayer/Editor/Managed/Android/AndroidSDKTools.cs:570)
UnityEditor.Android.AndroidSDKTools:ListComponentsVersions () (at /home/bokken/build/output/unity/unity/PlatformDependent/AndroidPlayer/Editor/Managed/Android/AndroidSDKTools.cs:426)
UnityEditor.Android.SDKManager:UpdatePackagesList () (at /home/bokken/build/output/unity/unity/PlatformDependent/AndroidPlayer/Editor/Managed/Android/SDKManager.cs:93)
UnityEditor.Android.SDKManager:HighestVersionInstalled (UnityEditor.Android.SDKManager/Component) (at /home/bokken/build/output/unity/unity/PlatformDependent/AndroidPlayer/Editor/Managed/Android/SDKManager.cs:287)
UnityEditor.Android.PostProcessor.Tasks.CheckAndroidSDK/SDKPlatformToolsDetector:GetVersion () (at /home/bokken/build/output/unity/unity/PlatformDependent/AndroidPlayer/Editor/Managed/PostProcessor/Tasks/CheckAndroidSDK.cs:275)
UnityEditor.Android.PostProcessor.Tasks.CheckAndroidSDK/SDKComponentDetector:Detect (System.Version,UnityEditor.Android.PostProcessor.ProgressHandler) (at /home/bokken/build/output/unity/unity/PlatformDependent/AndroidPlayer/Editor/Managed/PostProcessor/Tasks/CheckAndroidSDK.cs:168)
UnityEditor.Android.PostProcessor.Tasks.CheckAndroidSDK:EnsureSDKComponentVersion (System.Version,UnityEditor.Android.PostProcessor.Tasks.CheckAndroidSDK/SDKComponentDetector) (at /home/bokken/build/output/unity/unity/PlatformDependent/AndroidPlayer/Editor/Managed/PostProcessor/Tasks/CheckAndroidSDK.cs:318)
UnityEditor.Android.PostProcessor.Tasks.CheckAndroidSDK:EnsureSDKComponentVersion (int,UnityEditor.Android.PostProcessor.Tasks.CheckAndroidSDK/SDKComponentDetector) (at /home/bokken/build/output/unity/unity/PlatformDependent/AndroidPlayer/Editor/Managed/PostProcessor/Tasks/CheckAndroidSDK.cs:311)
UnityEditor.Android.PostProcessor.Tasks.CheckAndroidSDK:Execute (UnityEditor.Android.PostProcessor.PostProcessorContext) (at /home/bokken/build/output/unity/unity/PlatformDependent/AndroidPlayer/Editor/Managed/PostProcessor/Tasks/CheckAndroidSDK.cs:54)
UnityEditor.Android.PostProcessor.PostProcessRunner:RunAllTasks (UnityEditor.Android.PostProcessor.PostProcessorContext) (at /home/bokken/build/output/unity/unity/PlatformDependent/AndroidPlayer/Editor/Managed/PostProcessor/AndroidPostProcessor.cs:112)
UnityEditor.Android.PostProcessAndroidPlayer:PrepareForBuild (UnityEditor.BuildOptions,UnityEditor.BuildTarget) (at /home/bokken/build/output/unity/unity/PlatformDependent/AndroidPlayer/Editor/Managed/PostProcessAndroidPlayer.cs:60)
UnityEditor.Android.AndroidBuildPostprocessor:PrepareForBuild (UnityEditor.BuildPlayerOptions) (at /home/bokken/build/output/unity/unity/PlatformDependent/AndroidPlayer/Editor/Managed/ExtensionModule.cs:1174)
UnityEditor.PostprocessBuildPlayer:PrepareForBuild (UnityEditor.BuildPlayerOptions) (at /home/bokken/build/output/unity/unity/Editor/Mono/BuildPipeline/PostprocessBuildPlayer.cs:86)
UnityEditor.BuildPipeline:BuildPlayerInternalNoCheck (string[],string,string,UnityEditor.BuildTargetGroup,UnityEditor.BuildTarget,int,UnityEditor.BuildOptions,string[],bool)
UnityEditor.BuildPipeline:BuildPlayerInternal (string[],string,string,UnityEditor.BuildTargetGroup,UnityEditor.BuildTarget,int,UnityEditor.BuildOptions,string[]) (at /home/bokken/build/output/unity/unity/Editor/Mono/BuildPipeline.bindings.cs:534)
UnityEditor.BuildPipeline:BuildPlayer (string[],string,string,UnityEditor.BuildTargetGroup,UnityEditor.BuildTarget,int,UnityEditor.BuildOptions,string[]) (at /home/bokken/build/output/unity/unity/Editor/Mono/BuildPipeline.bindings.cs:418)
UnityEditor.BuildPipeline:BuildPlayer (UnityEditor.BuildPlayerOptions) (at /home/bokken/build/output/unity/unity/Editor/Mono/BuildPipeline.bindings.cs:364)
CodexAndroidBuild:BuildApk () (at Assets/Editor/CodexAndroidBuild.cs:42)

(Filename: /home/bokken/build/output/unity/unity/PlatformDependent/AndroidPlayer/Editor/Managed/Android/AndroidSDKTools.cs Line: 652)

[40m[32minfo[39m[22m[49m: Microsoft.Hosting.Lifetime[0]
      Application is shutting down...
[40m[32minfo[39m[22m[49m: Unity.ILPP.Runner.PostProcessingAssemblyLoadContext[0]
      ALC ILPP context 1 is unloading
