[Licensing::Module] Trying to connect to existing licensing client channel...
Built from '6000.0/staging' branch; Version is '6000.0.65f1 (a18e2220bd50) revision 10587682'; Using compiler version '193933523'; Build Type 'Release'
[Licensing::IpcConnector] Successfully connected to: "LicenseClient-wdy" at "2026-07-30T12:25:22.5796704Z"
OS: 'Windows 11  (10.0.26200) 64bit CoreCountrySpecific' Language: 'zh' Physical Memory: 31909 MB
BatchMode: 1, IsHumanControllingUs: 0, StartBugReporterOnCrash: 0, Is64bit: 1
Date: 2026-07-30T12:25:22Z

COMMAND LINE ARGUMENTS:
C:\Program Files\Unity\Hub\Editor\6000.0.65f1\Editor\Unity.exe
-batchmode
-nographics
-quit
-projectPath
D:\hand-tracking-streamer-main\hand-tracking-streamer-main\hand_tracking_streamer
-executeMethod
CodexAndroidBuild.BuildApk
-logFile
D:\hand-tracking-streamer-main\hand-tracking-streamer-main\unity_android_build_perf2.log
Successfully changed project path to: D:\hand-tracking-streamer-main\hand-tracking-streamer-main\hand_tracking_streamer
D:/hand-tracking-streamer-main/hand-tracking-streamer-main/hand_tracking_streamer
[UnityMemory] Configuration Parameters - Can be set up in boot.config
    "memorysetup-bucket-allocator-granularity=16"
    "memorysetup-bucket-allocator-bucket-count=8"
    "memorysetup-bucket-allocator-block-size=33554432"
    "memorysetup-bucket-allocator-block-count=8"
    "memorysetup-main-allocator-block-size=16777216"
    "memorysetup-thread-allocator-block-size=16777216"
    "memorysetup-gfx-main-allocator-block-size=16777216"
    "memorysetup-gfx-thread-allocator-block-size=16777216"
    "memorysetup-cache-allocator-block-size=4194304"
    "memorysetup-typetree-allocator-block-size=2097152"
    "memorysetup-profiler-bucket-allocator-granularity=16"
    "memorysetup-profiler-bucket-allocator-bucket-count=8"
    "memorysetup-profiler-bucket-allocator-block-size=33554432"
    "memorysetup-profiler-bucket-allocator-block-count=8"
    "memorysetup-profiler-allocator-block-size=16777216"
    "memorysetup-profiler-editor-allocator-block-size=1048576"
    "memorysetup-temp-allocator-size-main=16777216"
    "memorysetup-job-temp-allocator-block-size=2097152"
    "memorysetup-job-temp-allocator-block-size-background=1048576"
    "memorysetup-job-temp-allocator-reduction-small-platforms=262144"
    "memorysetup-allocator-temp-initial-block-size-main=262144"
    "memorysetup-allocator-temp-initial-block-size-worker=262144"
    "memorysetup-temp-allocator-size-background-worker=32768"
    "memorysetup-temp-allocator-size-job-worker=262144"
    "memorysetup-temp-allocator-size-preload-manager=33554432"
    "memorysetup-temp-allocator-size-nav-mesh-worker=65536"
    "memorysetup-temp-allocator-size-audio-worker=65536"
    "memorysetup-temp-allocator-size-cloud-worker=32768"
    "memorysetup-temp-allocator-size-gi-baking-worker=262144"
    "memorysetup-temp-allocator-size-gi-baking-worker=262144"
    "memorysetup-temp-allocator-size-gi-baking-worker=262144"
    "memorysetup-temp-allocator-size-gi-baking-worker=262144"
    "memorysetup-temp-allocator-size-gi-baking-worker=262144"
    "memorysetup-temp-allocator-size-gfx=262144"
Player connection [45288]  Target information:

Player connection [45288]  * "[IP] 198.18.0.1 [Port] 55504 [Flags] 2 [Guid] 1159575753 [EditorId] 1159575753 [Version] 1048832 [Id] WindowsEditor(7,LAPTOP-DVU3PQ4G) [Debug] 1 [PackageName] WindowsEditor [ProjectName] Editor" 

Player connection [45288]  * "[IP] 10.11.203.31 [Port] 55504 [Flags] 2 [Guid] 1159575753 [EditorId] 1159575753 [Version] 1048832 [Id] WindowsEditor(7,LAPTOP-DVU3PQ4G) [Debug] 1 [PackageName] WindowsEditor [ProjectName] Editor" 

Player connection [45288] Host joined multi-casting on [225.0.0.222:54997]...
Player connection [45288] Host joined alternative multi-casting on [225.0.0.222:34997]...
Input System module state changed to: Initialized.
[Physics::Module] Initialized fallback backend.
[Physics::Module] Id: 0xdecafbad
[Package Manager] Connected to IPC stream "Upm-34192" after 0.3 seconds.
Library Redirect Path: Library/
[Physics::Module] Selected backend.
[Physics::Module] Name: PhysX
[Physics::Module] Id: 0xf2b8ea05
[Physics::Module] SDK Version: 4.1.2
[Physics::Module] Integration Version: 1.0.0
[Physics::Module] Threading Mode: Multi-Threaded
Artifact Garbage Collection - Removed 3 unused hashed content files[Licensing::Module] Licensing is not yet initialized.
[Licensing::Client] Error: HandshakeResponse reported an error:
	ResponseCode: 505
	ResponseStatus: Unsupported protocol version '1.17.4'.
[Licensing::Module] Error: Failed to handshake to channel: "LicenseClient-wdy"
[Licensing::IpcConnector] LicenseClient-wdy channel disconnected successfully.
[Licensing::IpcConnector] Channel LicenseClient-wdy-6000.0.65 doesn't exist
[Licensing::Module] Successfully launched the LicensingClient (PId: 19512)
[Licensing::IpcConnector] Successfully connected to: "LicenseClient-wdy-6000.0.65" at "2026-07-30T12:25:24.0750133Z"
[Licensing::Client] Handshaking with LicensingClient:
  Version:                 1.17.4+4293ba1
  Session Id:              82b269d474954e8396294017673e9453
  Correlation Id:          a935b2c489a01eb2907f85f18846ba77
  External correlation Id: 3391550002774702156
  Machine Id:              Keg8ATGnefuppokOsBSKSvg5jv8=
[Licensing::Module] Successfully connected to LicensingClient on channel: "LicenseClient-wdy-6000.0.65" (connect: 0.37s, validation: 0.05s, handshake: 1.18s)
[Licensing::IpcConnector] Successfully connected to: "LicenseClient-wdy-6000.0.65-notifications" at "2026-07-30T12:25:25.3086367Z"
[Licensing::Module] Connected to LicensingClient (PId: 19512, launch time: 0.01, total connection time: 1.61s)
[Licensing::Module] Error: Access token is unavailable; failed to update
[Licensing::Client] Successfully resolved entitlement details
[Licensing::Module] License group:
  Id: ewogICJzdWJzR3JvdXAiIDogInVuaXR5IGVkaXRvciIsCiAgIm5hbWVzcGFjZSIgOiAidW5pdHlfZWRpdG9yIiwKICAidHlwZSIgOiAiRURJVE9SIiwKICAidGFnIiA6ICJVbml0eVBlcnNvbmFsXXXX
  Product: Unity Personal Version
  Type: Assigned
  Expiration: Unlimited
[Licensing::Client] Successfully updated license, isAsync: True, time: 0.01
[Licensing::Client] Successfully resolved entitlement details
[Licensing::Module] Licensing Background thread has ended after 2.75s
[Licensing::Module] Licensing is initialized (took 2.16s).
[Licensing::Client] Successfully resolved entitlement details
Refreshing native plugins compatible for Editor in 0.94 ms, found 0 plugins.
Preloading 0 native plugins for Editor in 0.00 ms.
Initialize engine version: 6000.0.65f1 (a18e2220bd50)
[Subsystems] Discovering subsystems at path C:/Program Files/Unity/Hub/Editor/6000.0.65f1/Editor/Data/Resources/UnitySubsystems
[Subsystems] Discovering subsystems at path D:/hand-tracking-streamer-main/hand-tracking-streamer-main/hand_tracking_streamer/Assets
Forcing GfxDevice: Null
GfxDevice: creating device client; kGfxThreadingModeNonThreaded
NullGfxDevice:
    Version:  NULL 1.0 [1.0]
    Renderer: Null Device
    Vendor:   Unity Technologies
Shader Hidden/ProbeVolume/VoxelizeScene is not supported: GPU does not support conservative rasterization
Shader 'Meta/MRUK/Scene/HighlightsAndShadows': fallback shader 'Off' not found
Shader 'Oculus/OVRMRCameraFrameLit': fallback shader 'Alpha-Diffuse' not found
Initialize mono
Mono path[0] = 'C:/Program Files/Unity/Hub/Editor/6000.0.65f1/Editor/Data/Managed'
Mono path[1] = 'C:/Program Files/Unity/Hub/Editor/6000.0.65f1/Editor/Data/MonoBleedingEdge/lib/mono/unityjit-win32'
Mono config path = 'C:/Program Files/Unity/Hub/Editor/6000.0.65f1/Editor/Data/MonoBleedingEdge/etc'
Using monoOptions --debugger-agent=transport=dt_socket,embedding=1,server=y,suspend=n,address=127.0.0.1:56192
Using cacheserver namespaces - metadata:defaultmetadata, artifacts:defaultartifacts
Using cacheserver namespaces - metadata:defaultmetadata, artifacts:defaultartifacts
ImportWorker Server TCP listen port: 0
AcceleratorClientConnectionCallback - disconnected - :0
Begin MonoManager ReloadAssembly
Registering precompiled unity dll's ...
Register platform support module: C:/Program Files/Unity/Hub/Editor/6000.0.65f1/Editor/Data/PlaybackEngines/WindowsStandaloneSupport/UnityEditor.WindowsStandalone.Extensions.dll
Register platform support module: C:/Program Files/Unity/Hub/Editor/6000.0.65f1/Editor/Data/PlaybackEngines/AndroidPlayer/UnityEditor.Android.Extensions.dll
Registered in 0.006306 seconds.
- Loaded All Assemblies, in  0.367 seconds
Native extension for Android target not found
Android Extension - Scanning For ADB Devices 295 ms
Native extension for WindowsStandalone target not found
Mono: successfully reloaded assembly
- Finished resetting the current domain, in  0.536 seconds
Domain Reload Profiling: 898ms
	BeginReloadAssembly (151ms)
		ExecutionOrderSort (0ms)
		DisableScriptedObjects (0ms)
		BackupInstance (0ms)
		ReleaseScriptingObjects (0ms)
		CreateAndSetChildDomain (1ms)
	RebuildCommonClasses (28ms)
	RebuildNativeTypeToScriptingClass (7ms)
	initialDomainReloadingComplete (47ms)
	LoadAllAssembliesAndSetupDomain (128ms)
		LoadAssemblies (149ms)
		RebuildTransferFunctionScriptingTraits (0ms)
		AnalyzeDomain (122ms)
			TypeCache.Refresh (121ms)
				TypeCache.ScanAssembly (112ms)
			BuildScriptInfoCaches (0ms)
			ResolveRequiredComponents (0ms)
	FinalizeReload (537ms)
		ReleaseScriptCaches (0ms)
		RebuildScriptCaches (0ms)
		SetupLoadedEditorAssemblies (513ms)
			LogAssemblyErrors (0ms)
			InitializePlatformSupportModulesInManaged (358ms)
			SetLoadedEditorAssemblies (4ms)
			BeforeProcessingInitializeOnLoad (36ms)
			ProcessInitializeOnLoadAttributes (79ms)
			ProcessInitializeOnLoadMethodAttributes (36ms)
			AfterProcessingInitializeOnLoad (0ms)
			EditorAssembliesLoaded (0ms)
		ExecutionOrderSort2 (0ms)
		AwakeInstancesAfterBackupRestoration (0ms)
[Licensing::Client] Successfully resolved entitlement details
[Licensing::Client] Successfully resolved entitlement details
Application.AssetDatabase Initial Refresh Start
Package Manager log level set to [2]
[Package Manager] Restoring resolved packages state from cache
[Licensing::Client] Successfully resolved entitlement details
[Package Manager] Registered 76 packages:
  Packages from [https://packages.unity.com]:
    com.meta.xr.sdk.all@72.0.0 (location: D:\hand-tracking-streamer-main\hand-tracking-streamer-main\hand_tracking_streamer\Library\PackageCache\com.meta.xr.sdk.all@ce6efd8df4dc)
    com.unity.ai.navigation@2.0.14 (location: D:\hand-tracking-streamer-main\hand-tracking-streamer-main\hand_tracking_streamer\Library\PackageCache\com.unity.ai.navigation@134dd6a3b97b)
    com.unity.collab-proxy@2.13.3 (location: D:\hand-tracking-streamer-main\hand-tracking-streamer-main\hand_tracking_streamer\Library\PackageCache\com.unity.collab-proxy@4f3be89e8675)
    com.unity.ide.rider@3.0.38 (location: D:\hand-tracking-streamer-main\hand-tracking-streamer-main\hand_tracking_streamer\Library\PackageCache\com.unity.ide.rider@1f60b3138684)
    com.unity.ide.visualstudio@2.0.26 (location: D:\hand-tracking-streamer-main\hand-tracking-streamer-main\hand_tracking_streamer\Library\PackageCache\com.unity.ide.visualstudio@a99d56dec63f)
    com.unity.inputsystem@1.19.0 (location: D:\hand-tracking-streamer-main\hand-tracking-streamer-main\hand_tracking_streamer\Library\PackageCache\com.unity.inputsystem@21a28c3a6c83)
    com.unity.nuget.newtonsoft-json@3.2.2 (location: D:\hand-tracking-streamer-main\hand-tracking-streamer-main\hand_tracking_streamer\Library\PackageCache\com.unity.nuget.newtonsoft-json@4dfd81071c64)
    com.unity.timeline@1.8.12 (location: D:\hand-tracking-streamer-main\hand-tracking-streamer-main\hand_tracking_streamer\Library\PackageCache\com.unity.timeline@8cd8509afae5)
    com.unity.visualscripting@1.9.11 (location: D:\hand-tracking-streamer-main\hand-tracking-streamer-main\hand_tracking_streamer\Library\PackageCache\com.unity.visualscripting@8bed5ad90189)
    com.unity.webrtc@3.0.0-pre.8 (location: D:\hand-tracking-streamer-main\hand-tracking-streamer-main\hand_tracking_streamer\Library\PackageCache\com.unity.webrtc@cd5330803ce2)
    com.unity.xr.hands@1.8.0 (location: D:\hand-tracking-streamer-main\hand-tracking-streamer-main\hand_tracking_streamer\Library\PackageCache\com.unity.xr.hands@ed65bce01132)
    com.unity.xr.openxr@1.17.1 (location: D:\hand-tracking-streamer-main\hand-tracking-streamer-main\hand_tracking_streamer\Library\PackageCache\com.unity.xr.openxr@58837b2992e0)
    com.unity.xr.core-utils@2.5.3 (location: D:\hand-tracking-streamer-main\hand-tracking-streamer-main\hand_tracking_streamer\Library\PackageCache\com.unity.xr.core-utils@f0450cbac8d6)
    com.unity.xr.management@4.5.3 (location: D:\hand-tracking-streamer-main\hand-tracking-streamer-main\hand_tracking_streamer\Library\PackageCache\com.unity.xr.management@574ebfb1e976)
    com.unity.xr.legacyinputhelpers@2.1.12 (location: D:\hand-tracking-streamer-main\hand-tracking-streamer-main\hand_tracking_streamer\Library\PackageCache\com.unity.xr.legacyinputhelpers@b7579e86f3b4)
    com.unity.mathematics@1.3.2 (location: D:\hand-tracking-streamer-main\hand-tracking-streamer-main\hand_tracking_streamer\Library\PackageCache\com.unity.mathematics@8017b507cc74)
    com.unity.editorcoroutines@1.0.0 (location: D:\hand-tracking-streamer-main\hand-tracking-streamer-main\hand_tracking_streamer\Library\PackageCache\com.unity.editorcoroutines@7d48783e7b8c)
    com.unity.collections@2.6.2 (location: D:\hand-tracking-streamer-main\hand-tracking-streamer-main\hand_tracking_streamer\Library\PackageCache\com.unity.collections@aea9d3bd5e19)
    com.meta.xr.sdk.core@72.0.0 (location: D:\hand-tracking-streamer-main\hand-tracking-streamer-main\hand_tracking_streamer\Library\PackageCache\com.meta.xr.sdk.core@e9f929748630)
    com.meta.xr.sdk.audio@72.0.0 (location: D:\hand-tracking-streamer-main\hand-tracking-streamer-main\hand_tracking_streamer\Library\PackageCache\com.meta.xr.sdk.audio@2d4a62e92bfb)
    com.meta.xr.sdk.voice@71.0.0 (location: D:\hand-tracking-streamer-main\hand-tracking-streamer-main\hand_tracking_streamer\Library\PackageCache\com.meta.xr.sdk.voice@b496f38703e7)
    com.meta.xr.simulator@72.0.0 (location: D:\hand-tracking-streamer-main\hand-tracking-streamer-main\hand_tracking_streamer\Library\PackageCache\com.meta.xr.simulator@dd003f206ffc)
    com.meta.xr.sdk.haptics@72.0.0 (location: D:\hand-tracking-streamer-main\hand-tracking-streamer-main\hand_tracking_streamer\Library\PackageCache\com.meta.xr.sdk.haptics@8756922b2427)
    com.meta.xr.mrutilitykit@72.0.0 (location: D:\hand-tracking-streamer-main\hand-tracking-streamer-main\hand_tracking_streamer\Library\PackageCache\com.meta.xr.mrutilitykit@25f9a1a2fd4d)
    com.meta.xr.sdk.platform@72.0.0 (location: D:\hand-tracking-streamer-main\hand-tracking-streamer-main\hand_tracking_streamer\Library\PackageCache\com.meta.xr.sdk.platform@b512726bfcf7)
    com.meta.xr.sdk.interaction@72.0.0 (location: D:\hand-tracking-streamer-main\hand-tracking-streamer-main\hand_tracking_streamer\Library\PackageCache\com.meta.xr.sdk.interaction@0b18fe126659)
    com.meta.xr.sdk.interaction.ovr@72.0.0 (location: D:\hand-tracking-streamer-main\hand-tracking-streamer-main\hand_tracking_streamer\Library\PackageCache\com.meta.xr.sdk.interaction.ovr@1f082c58882e)
    com.unity.searcher@4.9.3 (location: D:\hand-tracking-streamer-main\hand-tracking-streamer-main\hand_tracking_streamer\Library\PackageCache\com.unity.searcher@1e17ce91558d)
    com.unity.burst@1.8.27 (location: D:\hand-tracking-streamer-main\hand-tracking-streamer-main\hand_tracking_streamer\Library\PackageCache\com.unity.burst@973857688024)
    com.unity.nuget.mono-cecil@1.11.5 (location: D:\hand-tracking-streamer-main\hand-tracking-streamer-main\hand_tracking_streamer\Library\PackageCache\com.unity.nuget.mono-cecil@d78732e851eb)
    com.unity.test-framework.performance@3.2.0 (location: D:\hand-tracking-streamer-main\hand-tracking-streamer-main\hand_tracking_streamer\Library\PackageCache\com.unity.test-framework.performance@0840f58e4562)
  Built-in packages:
    com.unity.2d.sprite@1.0.0 (location: D:\hand-tracking-streamer-main\hand-tracking-streamer-main\hand_tracking_streamer\Library\PackageCache\com.unity.2d.sprite@6be4bb429b13)
    com.unity.multiplayer.center@1.0.0 (location: D:\hand-tracking-streamer-main\hand-tracking-streamer-main\hand_tracking_streamer\Library\PackageCache\com.unity.multiplayer.center@f3fb577b3546)
    com.unity.render-pipelines.universal@17.0.4 (location: D:\hand-tracking-streamer-main\hand-tracking-streamer-main\hand_tracking_streamer\Library\PackageCache\com.unity.render-pipelines.universal@ed510449c14c)
    com.unity.test-framework@1.6.0 (location: D:\hand-tracking-streamer-main\hand-tracking-streamer-main\hand_tracking_streamer\Library\PackageCache\com.unity.test-framework@24afccc4ed24)
    com.unity.ugui@2.0.0 (location: D:\hand-tracking-streamer-main\hand-tracking-streamer-main\hand_tracking_streamer\Library\PackageCache\com.unity.ugui@cdea37cdf817)
    com.unity.modules.accessibility@1.0.0 (location: C:\Program Files\Unity\Hub\Editor\6000.0.65f1\Editor\Data\Resources\PackageManager\BuiltInPackages\com.unity.modules.accessibility)
    com.unity.modules.ai@1.0.0 (location: C:\Program Files\Unity\Hub\Editor\6000.0.65f1\Editor\Data\Resources\PackageManager\BuiltInPackages\com.unity.modules.ai)
    com.unity.modules.androidjni@1.0.0 (location: C:\Program Files\Unity\Hub\Editor\6000.0.65f1\Editor\Data\Resources\PackageManager\BuiltInPackages\com.unity.modules.androidjni)
    com.unity.modules.animation@1.0.0 (location: C:\Program Files\Unity\Hub\Editor\6000.0.65f1\Editor\Data\Resources\PackageManager\BuiltInPackages\com.unity.modules.animation)
    com.unity.modules.assetbundle@1.0.0 (location: C:\Program Files\Unity\Hub\Editor\6000.0.65f1\Editor\Data\Resources\PackageManager\BuiltInPackages\com.unity.modules.assetbundle)
    com.unity.modules.audio@1.0.0 (location: C:\Program Files\Unity\Hub\Editor\6000.0.65f1\Editor\Data\Resources\PackageManager\BuiltInPackages\com.unity.modules.audio)
    com.unity.modules.cloth@1.0.0 (location: C:\Program Files\Unity\Hub\Editor\6000.0.65f1\Editor\Data\Resources\PackageManager\BuiltInPackages\com.unity.modules.cloth)
    com.unity.modules.director@1.0.0 (location: C:\Program Files\Unity\Hub\Editor\6000.0.65f1\Editor\Data\Resources\PackageManager\BuiltInPackages\com.unity.modules.director)
    com.unity.modules.imageconversion@1.0.0 (location: C:\Program Files\Unity\Hub\Editor\6000.0.65f1\Editor\Data\Resources\PackageManager\BuiltInPackages\com.unity.modules.imageconversion)
    com.unity.modules.imgui@1.0.0 (location: C:\Program Files\Unity\Hub\Editor\6000.0.65f1\Editor\Data\Resources\PackageManager\BuiltInPackages\com.unity.modules.imgui)
    com.unity.modules.jsonserialize@1.0.0 (location: C:\Program Files\Unity\Hub\Editor\6000.0.65f1\Editor\Data\Resources\PackageManager\BuiltInPackages\com.unity.modules.jsonserialize)
    com.unity.modules.particlesystem@1.0.0 (location: C:\Program Files\Unity\Hub\Editor\6000.0.65f1\Editor\Data\Resources\PackageManager\BuiltInPackages\com.unity.modules.particlesystem)
    com.unity.modules.physics@1.0.0 (location: C:\Program Files\Unity\Hub\Editor\6000.0.65f1\Editor\Data\Resources\PackageManager\BuiltInPackages\com.unity.modules.physics)
    com.unity.modules.physics2d@1.0.0 (location: C:\Program Files\Unity\Hub\Editor\6000.0.65f1\Editor\Data\Resources\PackageManager\BuiltInPackages\com.unity.modules.physics2d)
    com.unity.modules.screencapture@1.0.0 (location: C:\Program Files\Unity\Hub\Editor\6000.0.65f1\Editor\Data\Resources\PackageManager\BuiltInPackages\com.unity.modules.screencapture)
    com.unity.modules.terrain@1.0.0 (location: C:\Program Files\Unity\Hub\Editor\6000.0.65f1\Editor\Data\Resources\PackageManager\BuiltInPackages\com.unity.modules.terrain)
    com.unity.modules.terrainphysics@1.0.0 (location: C:\Program Files\Unity\Hub\Editor\6000.0.65f1\Editor\Data\Resources\PackageManager\BuiltInPackages\com.unity.modules.terrainphysics)
    com.unity.modules.tilemap@1.0.0 (location: C:\Program Files\Unity\Hub\Editor\6000.0.65f1\Editor\Data\Resources\PackageManager\BuiltInPackages\com.unity.modules.tilemap)
    com.unity.modules.ui@1.0.0 (location: C:\Program Files\Unity\Hub\Editor\6000.0.65f1\Editor\Data\Resources\PackageManager\BuiltInPackages\com.unity.modules.ui)
    com.unity.modules.uielements@1.0.0 (location: C:\Program Files\Unity\Hub\Editor\6000.0.65f1\Editor\Data\Resources\PackageManager\BuiltInPackages\com.unity.modules.uielements)
    com.unity.modules.umbra@1.0.0 (location: C:\Program Files\Unity\Hub\Editor\6000.0.65f1\Editor\Data\Resources\PackageManager\BuiltInPackages\com.unity.modules.umbra)
    com.unity.modules.unityanalytics@1.0.0 (location: C:\Program Files\Unity\Hub\Editor\6000.0.65f1\Editor\Data\Resources\PackageManager\BuiltInPackages\com.unity.modules.unityanalytics)
    com.unity.modules.unitywebrequest@1.0.0 (location: C:\Program Files\Unity\Hub\Editor\6000.0.65f1\Editor\Data\Resources\PackageManager\BuiltInPackages\com.unity.modules.unitywebrequest)
    com.unity.modules.unitywebrequestassetbundle@1.0.0 (location: C:\Program Files\Unity\Hub\Editor\6000.0.65f1\Editor\Data\Resources\PackageManager\BuiltInPackages\com.unity.modules.unitywebrequestassetbundle)
    com.unity.modules.unitywebrequestaudio@1.0.0 (location: C:\Program Files\Unity\Hub\Editor\6000.0.65f1\Editor\Data\Resources\PackageManager\BuiltInPackages\com.unity.modules.unitywebrequestaudio)
    com.unity.modules.unitywebrequesttexture@1.0.0 (location: C:\Program Files\Unity\Hub\Editor\6000.0.65f1\Editor\Data\Resources\PackageManager\BuiltInPackages\com.unity.modules.unitywebrequesttexture)
    com.unity.modules.unitywebrequestwww@1.0.0 (location: C:\Program Files\Unity\Hub\Editor\6000.0.65f1\Editor\Data\Resources\PackageManager\BuiltInPackages\com.unity.modules.unitywebrequestwww)
    com.unity.modules.vehicles@1.0.0 (location: C:\Program Files\Unity\Hub\Editor\6000.0.65f1\Editor\Data\Resources\PackageManager\BuiltInPackages\com.unity.modules.vehicles)
    com.unity.modules.video@1.0.0 (location: C:\Program Files\Unity\Hub\Editor\6000.0.65f1\Editor\Data\Resources\PackageManager\BuiltInPackages\com.unity.modules.video)
    com.unity.modules.wind@1.0.0 (location: C:\Program Files\Unity\Hub\Editor\6000.0.65f1\Editor\Data\Resources\PackageManager\BuiltInPackages\com.unity.modules.wind)
    com.unity.modules.xr@1.0.0 (location: C:\Program Files\Unity\Hub\Editor\6000.0.65f1\Editor\Data\Resources\PackageManager\BuiltInPackages\com.unity.modules.xr)
    com.unity.modules.subsystems@1.0.0 (location: C:\Program Files\Unity\Hub\Editor\6000.0.65f1\Editor\Data\Resources\PackageManager\BuiltInPackages\com.unity.modules.subsystems)
    com.unity.modules.hierarchycore@1.0.0 (location: C:\Program Files\Unity\Hub\Editor\6000.0.65f1\Editor\Data\Resources\PackageManager\BuiltInPackages\com.unity.modules.hierarchycore)
    com.unity.ext.nunit@2.0.5 (location: D:\hand-tracking-streamer-main\hand-tracking-streamer-main\hand_tracking_streamer\Library\PackageCache\com.unity.ext.nunit@031a54704bff)
    com.unity.render-pipelines.core@17.0.4 (location: D:\hand-tracking-streamer-main\hand-tracking-streamer-main\hand_tracking_streamer\Library\PackageCache\com.unity.render-pipelines.core@62d537d586b0)
    com.unity.shadergraph@17.0.4 (location: D:\hand-tracking-streamer-main\hand-tracking-streamer-main\hand_tracking_streamer\Library\PackageCache\com.unity.shadergraph@028da0e38ee1)
    com.unity.render-pipelines.universal-config@17.0.3 (location: D:\hand-tracking-streamer-main\hand-tracking-streamer-main\hand_tracking_streamer\Library\PackageCache\com.unity.render-pipelines.universal-config@dd206bf35d04)
    com.unity.modules.vr@1.0.0 (location: C:\Program Files\Unity\Hub\Editor\6000.0.65f1\Editor\Data\Resources\PackageManager\BuiltInPackages\com.unity.modules.vr)
    com.unity.rendering.light-transport@1.0.1 (location: D:\hand-tracking-streamer-main\hand-tracking-streamer-main\hand_tracking_streamer\Library\PackageCache\com.unity.rendering.light-transport@9bd588f963c0)
    com.unity.textmeshpro@5.0.0 (location: D:\hand-tracking-streamer-main\hand-tracking-streamer-main\hand_tracking_streamer\Library\PackageCache\com.unity.textmeshpro@53f43edfd2e0)
[Subsystems] Looking for new subsystems at path D:\hand-tracking-streamer-main\hand-tracking-streamer-main\hand_tracking_streamer\Library\PackageCache\com.unity.xr.openxr@58837b2992e0
[Subsystems] Novel subsystem found at Library/PackageCache/com.unity.xr.openxr@58837b2992e0/Runtime/UnitySubsystemsManifest.json
[Subsystems] Discovering subsystems at path C:/Program Files/Unity/Hub/Editor/6000.0.65f1/Editor/Data/Resources/UnitySubsystems
[Subsystems] Discovering subsystems at path D:/hand-tracking-streamer-main/hand-tracking-streamer-main/hand_tracking_streamer/Assets
[Subsystems] Discovering subsystems at path D:\hand-tracking-streamer-main\hand-tracking-streamer-main\hand_tracking_streamer\Library\PackageCache\com.unity.xr.openxr@58837b2992e0
[Subsystems] No descriptors matched for  examples in Library/PackageCache/com.unity.xr.openxr@58837b2992e0/Runtime/UnitySubsystemsManifest.json.
[Subsystems] 1 'inputs' descriptors matched in Library/PackageCache/com.unity.xr.openxr@58837b2992e0/Runtime/UnitySubsystemsManifest.json
[Subsystems] 1 'displays' descriptors matched in Library/PackageCache/com.unity.xr.openxr@58837b2992e0/Runtime/UnitySubsystemsManifest.json
[Subsystems] No descriptors matched for  meshings in Library/PackageCache/com.unity.xr.openxr@58837b2992e0/Runtime/UnitySubsystemsManifest.json.
[Package Manager] Done registering packages in 0.02 seconds
[ScriptCompilation] Requested script compilation because: Assetdatabase observed changes in script compilation related files
Starting: C:\Program Files\Unity\Hub\Editor\6000.0.65f1\Editor\Data\bee_backend.exe --ipc --defer-dag-verification --dagfile="Library/Bee/1300b0aE.dag" --continue-on-failure --profile="Library/Bee/backend1.traceevents" ScriptAssemblies
WorkingDir: D:/hand-tracking-streamer-main/hand-tracking-streamer-main/hand_tracking_streamer
DisplayProgressbar: Compiling Scripts
ExitCode: 0 Duration: 2s305ms
[ 646/1908  0s] WriteResponseFile Library/Bee/artifacts/rsp/4747638433968585886.rsp
[1413/1908  0s] ILPP-Configuration Library/ilpp-configuration.nevergeneratedoutput
[1900/1908  1s] Csc Library/Bee/artifacts/1300b0aE.dag/Assembly-CSharp.dll (+2 others)
Assets\Scripts\QuestPerformanceController.cs(16,18): warning CS0414: The field 'QuestPerformanceController._configured' is assigned but its value is never used
[1902/1908  0s] ILPostProcess Library/Bee/artifacts/1300b0aE.dag/post-processed/Assembly-CSharp-Editor.dll (+pdb)
Processing assembly Library/Bee/artifacts/1300b0aE.dag/Assembly-CSharp-Editor.dll, with 133 defines and 423 references

processors: Unity.Jobs.CodeGen.JobsILPostProcessor, zzzUnity.Burst.CodeGen.BurstILPostProcessor

running Unity.Jobs.CodeGen.JobsILPostProcessor

running zzzUnity.Burst.CodeGen.BurstILPostProcessor
[1903/1908  0s] ILPostProcess Library/Bee/artifacts/1300b0aE.dag/post-processed/Assembly-CSharp.dll (+pdb)
Processing assembly Library/Bee/artifacts/1300b0aE.dag/Assembly-CSharp.dll, with 135 defines and 398 references

processors: Unity.Jobs.CodeGen.JobsILPostProcessor, zzzUnity.Burst.CodeGen.BurstILPostProcessor

running Unity.Jobs.CodeGen.JobsILPostProcessor

running zzzUnity.Burst.CodeGen.BurstILPostProcessor
[1906/1908  0s] CopyFiles Library/ScriptAssemblies/Assembly-CSharp.pdb
[1907/1908  0s] CopyFiles Library/ScriptAssemblies/Assembly-CSharp.dll
*** Tundra build success (2.25 seconds), 7 items updated, 1908 evaluated
Assets\Scripts\QuestPerformanceController.cs(16,18): warning CS0414: The field 'QuestPerformanceController._configured' is assigned but its value is never used
AssetDatabase: script compilation time: 2.755434s
Begin MonoManager ReloadAssembly
- Loaded All Assemblies, in  1.218 seconds
'Packages/com.meta.xr.sdk.core/Editor/BuildingBlocks/BlocksWindowDetailsExt.cs' contains partial class of Unity.Object, exactly 1 of the partial classes needs to be in a file with the same filename. This is to know the one that can be referenced from ie. GameObjects
'Packages/com.meta.xr.sdk.core/Editor/BuildingBlocks/BlocksWindow.cs' contains partial class of Unity.Object, exactly 1 of the partial classes needs to be in a file with the same filename. This is to know the one that can be referenced from ie. GameObjects
Refreshing native plugins compatible for Editor in 10.42 ms, found 20 plugins.
Native extension for Android target not found
Native extension for WindowsStandalone target not found
Refreshing native plugins compatible for Editor in 10.50 ms, found 20 plugins.
Mono: successfully reloaded assembly
- Finished resetting the current domain, in  3.425 seconds
Domain Reload Profiling: 4638ms
	BeginReloadAssembly (263ms)
		ExecutionOrderSort (0ms)
		DisableScriptedObjects (9ms)
		BackupInstance (0ms)
		ReleaseScriptingObjects (0ms)
		CreateAndSetChildDomain (147ms)
	RebuildCommonClasses (28ms)
	RebuildNativeTypeToScriptingClass (8ms)
	initialDomainReloadingComplete (29ms)
	LoadAllAssembliesAndSetupDomain (885ms)
		LoadAssemblies (680ms)
		RebuildTransferFunctionScriptingTraits (0ms)
		AnalyzeDomain (282ms)
			TypeCache.Refresh (195ms)
				TypeCache.ScanAssembly (181ms)
			BuildScriptInfoCaches (69ms)
			ResolveRequiredComponents (13ms)
	FinalizeReload (3426ms)
		ReleaseScriptCaches (0ms)
		RebuildScriptCaches (0ms)
		SetupLoadedEditorAssemblies (3194ms)
			LogAssemblyErrors (0ms)
			InitializePlatformSupportModulesInManaged (23ms)
			SetLoadedEditorAssemblies (5ms)
			BeforeProcessingInitializeOnLoad (141ms)
			ProcessInitializeOnLoadAttributes (2828ms)
			ProcessInitializeOnLoadMethodAttributes (185ms)
			AfterProcessingInitializeOnLoad (11ms)
			EditorAssembliesLoaded (1ms)
		ExecutionOrderSort2 (0ms)
		AwakeInstancesAfterBackupRestoration (8ms)
Start importing Assets/XR/Settings/OpenXR Package Settings.asset using Guid(179847081f15de845a12ab065cc9e644) (NativeFormatImporter) -> (artifact id: 'af011dc5cd556e85d4389a17ccfd6898') in 0.0172713 seconds
Refreshing native plugins compatible for Editor in 16.38 ms, found 20 plugins.
Preloading 3 native plugins for Editor in 3.74 ms.
Asset Pipeline Refresh (id=c76db5661e2a102449e5428924619981): Total: 8.796 seconds - Initiated by InitialRefreshV2(ForceSynchronousImport)
	Summary:
		Imports: total=0 (actual=0, local cache=0, cache server=0)
		Asset DB Process Time: managed=3 ms, native=4253 ms
		Asset DB Callback time: managed=444 ms, native=48 ms
		Scripting: domain reloads=1, domain reload time=1219 ms, compile time=2757 ms, other=70 ms
		Project Asset Count: scripts=2703, non-scripts=4273
		Asset File Changes: new=0, changed=4, moved=0, deleted=0
		Scan Filter Count: 0
	InvokeCustomDependenciesCallbacks: 0.002ms
	InvokePackagesCallback: 24.813ms
	ApplyChangesToAssetFolders: 0.771ms
	Scan: 230.812ms
	OnSourceAssetsModified: 1.253ms
	CategorizeAssetsWithTransientArtifact: 125.847ms
	ProcessAssetsWithTransientArtifactChanges: 118.472ms
	CategorizeAssets: 105.443ms
	ImportOutOfDateAssets: 3485.284ms (701.286ms without children)
		ImportManagerImport: 20.488ms (2.783ms without children)
			ImportInProcess: 17.704ms
		CompileScripts: 2757.359ms
		ReloadNativeAssets: 0.105ms
		UnloadImportedAssets: 1.718ms
		ReloadImportedAssets: 0.215ms
		EnsureUptoDateAssetsAreRegisteredWithGuidPM: 3.362ms
		InitializingProgressBar: 0.012ms
		PostProcessAllAssetNotificationsAddChangedAssets: 0.002ms
		OnDemandSchedulerStart: 0.737ms
	PostProcessAllAssets: 446.310ms
	Hotreload: 23.179ms
	GatherAllCurrentPrimaryArtifactRevisions: 0.002ms
	UnloadStreamsBegin: 2.910ms
	PersistCurrentRevisions: 0.280ms
	UnloadStreamsEnd: 0.002ms
	GenerateScriptTypeHashes: 17.077ms
	Untracked: 4231.099ms

Application.AssetDatabase Initial Refresh End
Scanning for USB devices : 3.613ms
Initializing Unity extensions:
[MODES] ModeService[none].Initialize
[MODES] ModeService[none].LoadModes
[MODES] Loading mode Default (0) for mode-current-id-hand-tracking-streamer
Unloading 47 Unused Serialized files (Serialized files now loaded: 0)
Unloading 9715 unused Assets / (6.0 MB). Loaded Objects now: 10485.
Memory consumption went from 247.6 MB to 241.6 MB.
Total: 15.470700 ms (FindLiveObjects: 1.020800 ms CreateObjectMapping: 0.909300 ms MarkObjects: 8.970100 ms  DeleteObjects: 4.568800 ms)

1 URP assets included in build
- Mobile_RPAsset - Assets/Settings/Mobile_RPAsset.asset
	 - Mobile_Renderer - Assets/Settings/Mobile_Renderer.asset - UnityEngine.Rendering.Universal.UniversalRendererData
UnityEngine.Debug:ExtractStackTraceNoAlloc (byte*,int,string)
UnityEngine.StackTraceUtility:ExtractStackTrace ()
UnityEngine.DebugLogHandler:Internal_Log (UnityEngine.LogType,UnityEngine.LogOption,string,UnityEngine.Object)
UnityEngine.DebugLogHandler:LogFormat (UnityEngine.LogType,UnityEngine.Object,string,object[])
UnityEngine.Logger:Log (UnityEngine.LogType,object)
UnityEngine.Debug:Log (object)
UnityEditor.Rendering.Universal.URPPreprocessBuild:LogIncludedAssets (System.Collections.Generic.List`1<UnityEngine.Rendering.Universal.UniversalRenderPipelineAsset>) (at ./Library/PackageCache/com.unity.render-pipelines.universal@ed510449c14c/Editor/BuildProcessors/URPPreprocessBuild.cs:52)
UnityEditor.Rendering.Universal.URPPreprocessBuild:OnPreprocessBuild (UnityEditor.Build.Reporting.BuildReport) (at ./Library/PackageCache/com.unity.render-pipelines.universal@ed510449c14c/Editor/BuildProcessors/URPPreprocessBuild.cs:30)
UnityEditor.Build.BuildPipelineInterfaces/<>c__DisplayClass17_0:<OnBuildPreProcess>b__1 (UnityEditor.Build.IPreprocessBuildWithReport)
UnityEditor.Build.BuildPipelineInterfaces:InvokeCallbackInterfacesPair<UnityEditor.Build.IPreprocessBuild, UnityEditor.Build.IPreprocessBuildWithReport> (System.Collections.Generic.List`1<UnityEditor.Build.IPreprocessBuild>,System.Action`1<UnityEditor.Build.IPreprocessBuild>,System.Collections.Generic.List`1<UnityEditor.Build.IPreprocessBuildWithReport>,System.Action`1<UnityEditor.Build.IPreprocessBuildWithReport>,bool)
UnityEditor.Build.BuildPipelineInterfaces:OnBuildPreProcess (UnityEditor.Build.Reporting.BuildReport)
UnityEditor.BuildPipeline:BuildPlayerInternalNoCheck (string[],string,string,UnityEditor.BuildTargetGroup,UnityEditor.BuildTarget,int,UnityEditor.BuildOptions,string[],bool)
UnityEditor.BuildPipeline:BuildPlayerInternal (string[],string,string,UnityEditor.BuildTargetGroup,UnityEditor.BuildTarget,int,UnityEditor.BuildOptions,string[])
UnityEditor.BuildPipeline:BuildPlayer (string[],string,string,UnityEditor.BuildTargetGroup,UnityEditor.BuildTarget,int,UnityEditor.BuildOptions,string[])
UnityEditor.BuildPipeline:BuildPlayer (UnityEditor.BuildPlayerOptions)
CodexAndroidBuild:BuildApk () (at Assets/Editor/CodexAndroidBuild.cs:33)

(Filename: ./Library/PackageCache/com.unity.render-pipelines.universal@ed510449c14c/Editor/BuildProcessors/URPPreprocessBuild.cs Line: 52)

[ISDK] Hand Skeleton Version is set to OpenXR
UnityEngine.Debug:ExtractStackTraceNoAlloc (byte*,int,string)
UnityEngine.StackTraceUtility:ExtractStackTrace ()
UnityEngine.DebugLogHandler:Internal_Log (UnityEngine.LogType,UnityEngine.LogOption,string,UnityEngine.Object)
UnityEngine.DebugLogHandler:LogFormat (UnityEngine.LogType,UnityEngine.Object,string,object[])
UnityEngine.Logger:Log (UnityEngine.LogType,object)
UnityEngine.Debug:Log (object)
Oculus.Interaction.Editor.LogSkeletonVersion:LogHandSkeletonVersion () (at ./Library/PackageCache/com.meta.xr.sdk.interaction@0b18fe126659/Editor/PackageUpgradeOpenXR.cs:305)
Oculus.Interaction.Editor.LogSkeletonVersion:OnPreprocessBuild (UnityEditor.Build.Reporting.BuildReport) (at ./Library/PackageCache/com.meta.xr.sdk.interaction@0b18fe126659/Editor/PackageUpgradeOpenXR.cs:299)
UnityEditor.Build.BuildPipelineInterfaces/<>c__DisplayClass17_0:<OnBuildPreProcess>b__1 (UnityEditor.Build.IPreprocessBuildWithReport)
UnityEditor.Build.BuildPipelineInterfaces:InvokeCallbackInterfacesPair<UnityEditor.Build.IPreprocessBuild, UnityEditor.Build.IPreprocessBuildWithReport> (System.Collections.Generic.List`1<UnityEditor.Build.IPreprocessBuild>,System.Action`1<UnityEditor.Build.IPreprocessBuild>,System.Collections.Generic.List`1<UnityEditor.Build.IPreprocessBuildWithReport>,System.Action`1<UnityEditor.Build.IPreprocessBuildWithReport>,bool)
UnityEditor.Build.BuildPipelineInterfaces:OnBuildPreProcess (UnityEditor.Build.Reporting.BuildReport)
UnityEditor.BuildPipeline:BuildPlayerInternalNoCheck (string[],string,string,UnityEditor.BuildTargetGroup,UnityEditor.BuildTarget,int,UnityEditor.BuildOptions,string[],bool)
UnityEditor.BuildPipeline:BuildPlayerInternal (string[],string,string,UnityEditor.BuildTargetGroup,UnityEditor.BuildTarget,int,UnityEditor.BuildOptions,string[])
UnityEditor.BuildPipeline:BuildPlayer (string[],string,string,UnityEditor.BuildTargetGroup,UnityEditor.BuildTarget,int,UnityEditor.BuildOptions,string[])
UnityEditor.BuildPipeline:BuildPlayer (UnityEditor.BuildPlayerOptions)
CodexAndroidBuild:BuildApk () (at Assets/Editor/CodexAndroidBuild.cs:33)

(Filename: ./Library/PackageCache/com.meta.xr.sdk.interaction@0b18fe126659/Editor/PackageUpgradeOpenXR.cs Line: 305)

Using the Screen Space Ambient Occlusion render feature results in significant performance overhead when the application is running natively on device. Disabling or removing that render feature is recommended.
UnityEngine.Debug:ExtractStackTraceNoAlloc (byte*,int,string)
UnityEngine.StackTraceUtility:ExtractStackTrace ()
UnityEngine.DebugLogHandler:Internal_Log (UnityEngine.LogType,UnityEngine.LogOption,string,UnityEngine.Object)
UnityEngine.DebugLogHandler:LogFormat (UnityEngine.LogType,UnityEngine.Object,string,object[])
UnityEngine.Logger:Log (UnityEngine.LogType,object)
UnityEngine.Debug:LogWarning (object)
UnityEditor.XR.OpenXR.OpenXRProjectValidation:LogBuildValidationIssues (UnityEditor.BuildTargetGroup) (at ./Library/PackageCache/com.unity.xr.openxr@58837b2992e0/Runtime/OpenXRProjectValidation.cs:491)
UnityEditor.XR.OpenXR.OpenXRProjectValidationBuildStep:OnPreprocessBuild (UnityEditor.Build.Reporting.BuildReport) (at ./Library/PackageCache/com.unity.xr.openxr@58837b2992e0/Editor/OpenXRProjectValidationRulesSetup.cs:263)
UnityEditor.Build.BuildPipelineInterfaces/<>c__DisplayClass17_0:<OnBuildPreProcess>b__1 (UnityEditor.Build.IPreprocessBuildWithReport)
UnityEditor.Build.BuildPipelineInterfaces:InvokeCallbackInterfacesPair<UnityEditor.Build.IPreprocessBuild, UnityEditor.Build.IPreprocessBuildWithReport> (System.Collections.Generic.List`1<UnityEditor.Build.IPreprocessBuild>,System.Action`1<UnityEditor.Build.IPreprocessBuild>,System.Collections.Generic.List`1<UnityEditor.Build.IPreprocessBuildWithReport>,System.Action`1<UnityEditor.Build.IPreprocessBuildWithReport>,bool)
UnityEditor.Build.BuildPipelineInterfaces:OnBuildPreProcess (UnityEditor.Build.Reporting.BuildReport)
UnityEditor.BuildPipeline:BuildPlayerInternalNoCheck (string[],string,string,UnityEditor.BuildTargetGroup,UnityEditor.BuildTarget,int,UnityEditor.BuildOptions,string[],bool)
UnityEditor.BuildPipeline:BuildPlayerInternal (string[],string,string,UnityEditor.BuildTargetGroup,UnityEditor.BuildTarget,int,UnityEditor.BuildOptions,string[])
UnityEditor.BuildPipeline:BuildPlayer (string[],string,string,UnityEditor.BuildTargetGroup,UnityEditor.BuildTarget,int,UnityEditor.BuildOptions,string[])
UnityEditor.BuildPipeline:BuildPlayer (UnityEditor.BuildPlayerOptions)
CodexAndroidBuild:BuildApk () (at Assets/Editor/CodexAndroidBuild.cs:33)

(Filename: ./Library/PackageCache/com.unity.xr.openxr@58837b2992e0/Runtime/OpenXRProjectValidation.cs Line: 491)

Start importing Assets/XR/Settings/OpenXR Package Settings.asset using Guid(179847081f15de845a12ab065cc9e644) (NativeFormatImporter) -> (artifact id: 'af011dc5cd556e85d4389a17ccfd6898') in 0.0027302 seconds
Refreshing native plugins compatible for Editor in 9.97 ms, found 20 plugins.
Preloading 3 native plugins for Editor in 0.12 ms.
Asset Pipeline Refresh (id=4ad180bb9536db5408540d6fdf486f69): Total: 0.081 seconds - Initiated by StopAssetImportingV2(NoUpdateAssetOptions)
[Meta] libopenxr_loader.so from other packages will be disabled because of enabled MetaXRFeature: Packages/com.unity.xr.openxr/Runtime/MockRuntime/android/arm64/libopenxr_loader.so
UnityEngine.Debug:ExtractStackTraceNoAlloc (byte*,int,string)
UnityEngine.StackTraceUtility:ExtractStackTrace ()
UnityEngine.DebugLogHandler:Internal_Log (UnityEngine.LogType,UnityEngine.LogOption,string,UnityEngine.Object)
UnityEngine.DebugLogHandler:LogFormat (UnityEngine.LogType,UnityEngine.Object,string,object[])
UnityEngine.Logger:LogFormat (UnityEngine.LogType,string,object[])
UnityEngine.Debug:LogFormat (string,object[])
OVRGradleGeneration:OnPreprocessBuild (UnityEditor.Build.Reporting.BuildReport) (at ./Library/PackageCache/com.meta.xr.sdk.core@e9f929748630/Editor/OVRGradleGeneration.cs:181)
UnityEditor.Build.BuildPipelineInterfaces/<>c__DisplayClass17_0:<OnBuildPreProcess>b__1 (UnityEditor.Build.IPreprocessBuildWithReport)
UnityEditor.Build.BuildPipelineInterfaces:InvokeCallbackInterfacesPair<UnityEditor.Build.IPreprocessBuild, UnityEditor.Build.IPreprocessBuildWithReport> (System.Collections.Generic.List`1<UnityEditor.Build.IPreprocessBuild>,System.Action`1<UnityEditor.Build.IPreprocessBuild>,System.Collections.Generic.List`1<UnityEditor.Build.IPreprocessBuildWithReport>,System.Action`1<UnityEditor.Build.IPreprocessBuildWithReport>,bool)
UnityEditor.Build.BuildPipelineInterfaces:OnBuildPreProcess (UnityEditor.Build.Reporting.BuildReport)
UnityEditor.BuildPipeline:BuildPlayerInternalNoCheck (string[],string,string,UnityEditor.BuildTargetGroup,UnityEditor.BuildTarget,int,UnityEditor.BuildOptions,string[],bool)
UnityEditor.BuildPipeline:BuildPlayerInternal (string[],string,string,UnityEditor.BuildTargetGroup,UnityEditor.BuildTarget,int,UnityEditor.BuildOptions,string[])
UnityEditor.BuildPipeline:BuildPlayer (string[],string,string,UnityEditor.BuildTargetGroup,UnityEditor.BuildTarget,int,UnityEditor.BuildOptions,string[])
UnityEditor.BuildPipeline:BuildPlayer (UnityEditor.BuildPlayerOptions)
CodexAndroidBuild:BuildApk () (at Assets/Editor/CodexAndroidBuild.cs:33)

(Filename: ./Library/PackageCache/com.meta.xr.sdk.core@e9f929748630/Editor/OVRGradleGeneration.cs Line: 181)

[Meta] libopenxr_loader.so from other packages will be disabled because of enabled MetaXRFeature: Packages/com.unity.xr.openxr/RuntimeLoaders/android/openxr_loader.aar
UnityEngine.Debug:ExtractStackTraceNoAlloc (byte*,int,string)
UnityEngine.StackTraceUtility:ExtractStackTrace ()
UnityEngine.DebugLogHandler:Internal_Log (UnityEngine.LogType,UnityEngine.LogOption,string,UnityEngine.Object)
UnityEngine.DebugLogHandler:LogFormat (UnityEngine.LogType,UnityEngine.Object,string,object[])
UnityEngine.Logger:LogFormat (UnityEngine.LogType,string,object[])
UnityEngine.Debug:LogFormat (string,object[])
OVRGradleGeneration:OnPreprocessBuild (UnityEditor.Build.Reporting.BuildReport) (at ./Library/PackageCache/com.meta.xr.sdk.core@e9f929748630/Editor/OVRGradleGeneration.cs:181)
UnityEditor.Build.BuildPipelineInterfaces/<>c__DisplayClass17_0:<OnBuildPreProcess>b__1 (UnityEditor.Build.IPreprocessBuildWithReport)
UnityEditor.Build.BuildPipelineInterfaces:InvokeCallbackInterfacesPair<UnityEditor.Build.IPreprocessBuild, UnityEditor.Build.IPreprocessBuildWithReport> (System.Collections.Generic.List`1<UnityEditor.Build.IPreprocessBuild>,System.Action`1<UnityEditor.Build.IPreprocessBuild>,System.Collections.Generic.List`1<UnityEditor.Build.IPreprocessBuildWithReport>,System.Action`1<UnityEditor.Build.IPreprocessBuildWithReport>,bool)
UnityEditor.Build.BuildPipelineInterfaces:OnBuildPreProcess (UnityEditor.Build.Reporting.BuildReport)
UnityEditor.BuildPipeline:BuildPlayerInternalNoCheck (string[],string,string,UnityEditor.BuildTargetGroup,UnityEditor.BuildTarget,int,UnityEditor.BuildOptions,string[],bool)
UnityEditor.BuildPipeline:BuildPlayerInternal (string[],string,string,UnityEditor.BuildTargetGroup,UnityEditor.BuildTarget,int,UnityEditor.BuildOptions,string[])
UnityEditor.BuildPipeline:BuildPlayer (string[],string,string,UnityEditor.BuildTargetGroup,UnityEditor.BuildTarget,int,UnityEditor.BuildOptions,string[])
UnityEditor.BuildPipeline:BuildPlayer (UnityEditor.BuildPlayerOptions)
CodexAndroidBuild:BuildApk () (at Assets/Editor/CodexAndroidBuild.cs:33)

(Filename: ./Library/PackageCache/com.meta.xr.sdk.core@e9f929748630/Editor/OVRGradleGeneration.cs Line: 181)

[Meta] Native plugin included in build because of enabled MetaXRFeature: Packages/com.meta.xr.sdk.core/Plugins/AndroidOpenXR/OVRPlugin.aar
UnityEngine.Debug:ExtractStackTraceNoAlloc (byte*,int,string)
UnityEngine.StackTraceUtility:ExtractStackTrace ()
UnityEngine.DebugLogHandler:Internal_Log (UnityEngine.LogType,UnityEngine.LogOption,string,UnityEngine.Object)
UnityEngine.DebugLogHandler:LogFormat (UnityEngine.LogType,UnityEngine.Object,string,object[])
UnityEngine.Logger:LogFormat (UnityEngine.LogType,string,object[])
UnityEngine.Debug:LogFormat (string,object[])
OVRGradleGeneration:OnPreprocessBuild (UnityEditor.Build.Reporting.BuildReport) (at ./Library/PackageCache/com.meta.xr.sdk.core@e9f929748630/Editor/OVRGradleGeneration.cs:170)
UnityEditor.Build.BuildPipelineInterfaces/<>c__DisplayClass17_0:<OnBuildPreProcess>b__1 (UnityEditor.Build.IPreprocessBuildWithReport)
UnityEditor.Build.BuildPipelineInterfaces:InvokeCallbackInterfacesPair<UnityEditor.Build.IPreprocessBuild, UnityEditor.Build.IPreprocessBuildWithReport> (System.Collections.Generic.List`1<UnityEditor.Build.IPreprocessBuild>,System.Action`1<UnityEditor.Build.IPreprocessBuild>,System.Collections.Generic.List`1<UnityEditor.Build.IPreprocessBuildWithReport>,System.Action`1<UnityEditor.Build.IPreprocessBuildWithReport>,bool)
UnityEditor.Build.BuildPipelineInterfaces:OnBuildPreProcess (UnityEditor.Build.Reporting.BuildReport)
UnityEditor.BuildPipeline:BuildPlayerInternalNoCheck (string[],string,string,UnityEditor.BuildTargetGroup,UnityEditor.BuildTarget,int,UnityEditor.BuildOptions,string[],bool)
UnityEditor.BuildPipeline:BuildPlayerInternal (string[],string,string,UnityEditor.BuildTargetGroup,UnityEditor.BuildTarget,int,UnityEditor.BuildOptions,string[])
UnityEditor.BuildPipeline:BuildPlayer (string[],string,string,UnityEditor.BuildTargetGroup,UnityEditor.BuildTarget,int,UnityEditor.BuildOptions,string[])
UnityEditor.BuildPipeline:BuildPlayer (UnityEditor.BuildPlayerOptions)
CodexAndroidBuild:BuildApk () (at Assets/Editor/CodexAndroidBuild.cs:33)

(Filename: ./Library/PackageCache/com.meta.xr.sdk.core@e9f929748630/Editor/OVRGradleGeneration.cs Line: 170)

Start importing ProjectSettings/ProjectSettings.asset using Guid(00000000000000004000000000000000) (LibraryAssetImporter) -> (artifact id: '5c574d90c9f65425a84954b66c0a8133') in 0.0034187 seconds
Start importing ProjectSettings/GraphicsSettings.asset using Guid(00000000000000006100000000000000) (LibraryAssetImporter) -> (artifact id: '7971743a43fa757e955096692620268d') in 0.0017295 seconds
Start importing Assets/Settings/UniversalRenderPipelineGlobalSettings.asset using Guid(18dc0cd2c080841dea60987a38ce93fa) (NativeFormatImporter) -> (artifact id: 'cd803d43115c640ab749b526bedaaa8f') in 0.0020264 seconds
Start importing Assets/Settings/Mobile_RPAsset.asset using Guid(5e6cbd92db86f4b18aec3ed561671858) (NativeFormatImporter) -> (artifact id: '1c6a9a0c043b5ee75dbc39aacc4007d9') in 0.0020904 seconds
Start importing Assets/Resources/PerformanceTestRunSettings.json using Guid(b1b2fc6618d2aff4e94be6389892e8ca) (TextScriptImporter) -> (artifact id: '978dda1a6a3bcbac10f540d8bcb32e89') in 0.0129848 seconds
Start importing Assets/Resources/PerformanceTestRunInfo.json using Guid(6eba8e50677c2e14786f384b5dc0a80f) (TextScriptImporter) -> (artifact id: '0b48b674251cc905d7c39bf727a20b16') in 0.012028 seconds
Shader Hidden/ProbeVolume/VoxelizeScene is not supported: GPU does not support conservative rasterization
Shader 'Oculus/OVRMRCameraFrameLit': fallback shader 'Alpha-Diffuse' not found
Shader 'Meta/MRUK/Scene/HighlightsAndShadows': fallback shader 'Off' not found
Refreshing native plugins compatible for Editor in 9.59 ms, found 20 plugins.
Preloading 3 native plugins for Editor in 0.15 ms.
Asset Pipeline Refresh (id=f2c8e8a8481e2b042b4f4a4bae89b2b5): Total: 0.172 seconds - Initiated by StopAssetImportingV2(NoUpdateAssetOptions)
DisplayProgressbar: Checking prerequisites
PlayerSettings->Active Input Handling is set to Both, this is unsupported on Android and might cause issues with input and application performance. Please choose only one active input handling.
UnityEngine.Debug:ExtractStackTraceNoAlloc (byte*,int,string)
UnityEngine.StackTraceUtility:ExtractStackTrace ()
UnityEngine.DebugLogHandler:Internal_Log (UnityEngine.LogType,UnityEngine.LogOption,string,UnityEngine.Object)
UnityEngine.DebugLogHandler:LogFormat (UnityEngine.LogType,UnityEngine.Object,string,object[])
UnityEngine.Logger:Log (UnityEngine.LogType,object)
UnityEngine.Debug:LogWarning (object)
UnityEditor.Android.PostProcessor.Tasks.CheckPrerequisites:ValidateInputHandling () (at /home/bokken/build/output/unity/unity/PlatformDependent/AndroidPlayer/Editor/Managed/PostProcessor/Tasks/CheckPrerequisites.cs:116)
UnityEditor.Android.PostProcessor.Tasks.CheckPrerequisites:Execute (UnityEditor.Android.PostProcessor.PostProcessorContext) (at /home/bokken/build/output/unity/unity/PlatformDependent/AndroidPlayer/Editor/Managed/PostProcessor/Tasks/CheckPrerequisites.cs:64)
UnityEditor.Android.PostProcessor.PostProcessRunner:RunAllTasks (UnityEditor.Android.PostProcessor.PostProcessorContext) (at /home/bokken/build/output/unity/unity/PlatformDependent/AndroidPlayer/Editor/Managed/PostProcessor/AndroidPostProcessor.cs:112)
UnityEditor.Android.PostProcessAndroidPlayer:PrepareForBuild (UnityEditor.BuildOptions,UnityEditor.BuildTarget) (at /home/bokken/build/output/unity/unity/PlatformDependent/AndroidPlayer/Editor/Managed/PostProcessAndroidPlayer.cs:60)
UnityEditor.Android.AndroidBuildPostprocessor:PrepareForBuild (UnityEditor.BuildPlayerOptions) (at /home/bokken/build/output/unity/unity/PlatformDependent/AndroidPlayer/Editor/Managed/ExtensionModule.cs:1174)
UnityEditor.PostprocessBuildPlayer:PrepareForBuild (UnityEditor.BuildPlayerOptions)
UnityEditor.BuildPipeline:BuildPlayerInternalNoCheck (string[],string,string,UnityEditor.BuildTargetGroup,UnityEditor.BuildTarget,int,UnityEditor.BuildOptions,string[],bool)
UnityEditor.BuildPipeline:BuildPlayerInternal (string[],string,string,UnityEditor.BuildTargetGroup,UnityEditor.BuildTarget,int,UnityEditor.BuildOptions,string[])
UnityEditor.BuildPipeline:BuildPlayer (string[],string,string,UnityEditor.BuildTargetGroup,UnityEditor.BuildTarget,int,UnityEditor.BuildOptions,string[])
UnityEditor.BuildPipeline:BuildPlayer (UnityEditor.BuildPlayerOptions)
CodexAndroidBuild:BuildApk () (at Assets/Editor/CodexAndroidBuild.cs:33)

(Filename: /home/bokken/build/output/unity/unity/PlatformDependent/AndroidPlayer/Editor/Managed/PostProcessor/Tasks/CheckPrerequisites.cs Line: 116)

Android PostProcess task "Checking prerequisites" took 25.4249 ms
DisplayProgressbar: Detect Java Development Kit (JDK)
Android PostProcess task "Detect Java Development Kit (JDK)" took 119.8126 ms
DisplayProgressbar: Detecting Android SDK
AndroidSDKTools:

	root          : C:\Program Files\Unity\Hub\Editor\6000.0.65f1\Editor\Data\PlaybackEngines\AndroidPlayer\SDK
	cmdline-tools : C:\Program Files\Unity\Hub\Editor\6000.0.65f1\Editor\Data\PlaybackEngines\AndroidPlayer\SDK\cmdline-tools\16.0
	platform-tools: C:\Program Files\Unity\Hub\Editor\6000.0.65f1\Editor\Data\PlaybackEngines\AndroidPlayer\SDK\platform-tools
	build-tools   : C:\Program Files\Unity\Hub\Editor\6000.0.65f1\Editor\Data\PlaybackEngines\AndroidPlayer\SDK\build-tools\36.0.0

	adb           : C:\Program Files\Unity\Hub\Editor\6000.0.65f1\Editor\Data\PlaybackEngines\AndroidPlayer\SDK\platform-tools\adb.exe

Android PostProcess task "Detecting Android SDK" took 1851.5505 ms
DisplayProgressbar: Detect Android NDK
Android PostProcess task "Detect Android NDK" took 2.1949 ms
Android PostProcess task "Trying to find a suitable Android device" took 0.3898 ms
DisplayProgressbar: Check resources
Android PostProcess task "Check resources" took 0.1319 ms
DisplayProgressbar: Check Android Player Settings
Android PostProcess task "Check Android Player Settings" took 0.1985 ms
Launched and connected shader compiler UnityShaderCompiler.exe after 0.02 seconds
Starting: C:\Program Files\Unity\Hub\Editor\6000.0.65f1\Editor\Data\bee_backend.exe --ipc --defer-dag-verification --dagfile="Library/Bee/1300b0aESkipCompile.dag" --continue-on-failure --profile="Library/Bee/backend1.traceevents" ScriptAssembliesAndTypeDB
WorkingDir: D:/hand-tracking-streamer-main/hand-tracking-streamer-main/hand_tracking_streamer
DisplayProgressbar: Compiling Scripts
ExitCode: 0 Duration: 1s624ms
[3/4        1s] BuildPlayerDataGenerator Library/BuildPlayerData/Editor/TypeDb-All.json
*** Tundra build success (1.59 seconds), 1 items updated, 4 evaluated
Asset Pipeline Refresh (id=862be65529c914a4586524a44af64af8): Total: 0.009 seconds - Initiated by RefreshV2(NoUpdateAssetOptions)
[ScriptCompilation] Requested script compilation because: Recompiling scripts for player build.
BuildPlayer: start building target 13
Starting: C:\Program Files\Unity\Hub\Editor\6000.0.65f1\Editor\Data\bee_backend.exe --ipc --defer-dag-verification --dagfile="Library/Bee/1300b0aP.dag" --continue-on-failure --profile="Library/Bee/backend1.traceevents" ScriptAssembliesAndTypeDB
WorkingDir: D:/hand-tracking-streamer-main/hand-tracking-streamer-main/hand_tracking_streamer
Total cache size 268203274
Total cache size after purge 268203274, took 00:00:00.8372310
ExitCode: 0 Duration: 6s727ms
[ 563/1039  0s] WriteResponseFile Library/Bee/artifacts/rsp/4747638433968585886.rsp
[ 816/1039  0s] ILPP-Configuration Library/ilpp-configuration.nevergeneratedoutput
[ 889/1039  0s] CopyFiles Library/Bee/PlayerScriptAssemblies/Unity.Burst.dll
[ 890/1039  0s] CopyFiles Library/Bee/PlayerScriptAssemblies/Unity.XR.OpenXR.Features.OculusQuestSupport.dll
[ 891/1039  0s] CopyFiles Library/Bee/PlayerScriptAssemblies/Meta.VoiceSDK.Mic.Other.dll
[ 892/1039  0s] CopyFiles Library/Bee/PlayerScriptAssemblies/UnityEngine.UI.dll
[ 893/1039  0s] CopyFiles Library/Bee/PlayerScriptAssemblies/Oculus.Interaction.OVR.Samples.dll
[ 894/1039  0s] CopyFiles Library/Bee/PlayerScriptAssemblies/Unity.RenderPipelines.Core.Runtime.dll
[ 895/1039  0s] CopyFiles Library/Bee/PlayerScriptAssemblies/Unity.VisualScripting.Flow.dll
[ 896/1039  0s] CopyFiles Library/Bee/PlayerScriptAssemblies/Unity.VisualScripting.DocCodeExamples.dll
[ 897/1039  0s] CopyFiles Library/Bee/PlayerScriptAssemblies/Unity.RenderPipelines.Core.Runtime.Shared.dll
[ 898/1039  0s] CopyFiles Library/Bee/PlayerScriptAssemblies/Meta.XR.EnvironmentDepth.dll
[ 899/1039  0s] CopyFiles Library/Bee/PlayerScriptAssemblies/Unity.Timeline.dll
[ 900/1039  0s] CopyFiles Library/Bee/PlayerScriptAssemblies/Oculus.Interaction.UnityXR.dll
[ 901/1039  0s] CopyFiles Library/Bee/PlayerScriptAssemblies/Unity.XR.OpenXR.Features.ConformanceAutomation.dll
[ 902/1039  0s] CopyFiles Library/Bee/PlayerScriptAssemblies/Oculus.Interaction.OVR.dll
[ 903/1039  0s] CopyFiles Library/Bee/PlayerScriptAssemblies/Meta.XR.ImmersiveDebugger.dll
[ 904/1039  0s] CopyFiles Library/Bee/PlayerScriptAssemblies/Meta.WitAi.dll
[ 905/1039  0s] CopyFiles Library/Bee/PlayerScriptAssemblies/Unity.RenderPipeline.Universal.ShaderLibrary.dll
[ 906/1039  0s] CopyFiles Library/Bee/PlayerScriptAssemblies/Meta.XR.BuildingBlocks.DepthAPI.dll
[ 907/1039  0s] CopyFiles Library/Bee/PlayerScriptAssemblies/Unity.InputSystem.ForUI.dll
[ 908/1039  0s] CopyFiles Library/Bee/PlayerScriptAssemblies/UnityEngine.SpatialTracking.dll
[ 909/1039  0s] CopyFiles Library/Bee/PlayerScriptAssemblies/AssistantCoreSDKRuntime.dll
[ 910/1039  0s] CopyFiles Library/Bee/PlayerScriptAssemblies/Oculus.Interaction.Samples.dll
[ 911/1039  0s] CopyFiles Library/Bee/PlayerScriptAssemblies/VoiceSDK.Dictation.Runtime.dll
[ 912/1039  0s] CopyFiles Library/Bee/PlayerScriptAssemblies/Unity.RenderPipelines.ShaderGraph.ShaderGraphLibrary.dll
[ 913/1039  0s] CopyFiles Library/Bee/PlayerScriptAssemblies/Unity.Rendering.LightTransport.Runtime.dll
[ 914/1039  0s] CopyFiles Library/Bee/PlayerScriptAssemblies/Unity.XR.OpenXR.TestTooling.dll
[ 915/1039  0s] CopyFiles Library/Bee/PlayerScriptAssemblies/Unity.RenderPipelines.Universal.Config.Runtime.dll
[ 916/1039  0s] CopyFiles Library/Bee/PlayerScriptAssemblies/Unity.Multiplayer.Center.Common.dll
[ 917/1039  0s] CopyFiles Library/Bee/PlayerScriptAssemblies/Meta.WitAi.Conduit.dll
[ 918/1039  0s] CopyFiles Library/Bee/PlayerScriptAssemblies/Unity.WebRTC.dll
[ 919/1039  0s] CopyFiles Library/Bee/PlayerScriptAssemblies/AssistantVoiceCommandCommon.dll
[ 920/1039  0s] CopyFiles Library/Bee/PlayerScriptAssemblies/meta.xr.mrutilitykit.dll
[ 921/1039  0s] CopyFiles Library/Bee/PlayerScriptAssemblies/Unity.XR.Management.dll
[ 922/1039  0s] CopyFiles Library/Bee/PlayerScriptAssemblies/VoiceSDK.Runtime.dll
[ 923/1039  0s] CopyFiles Library/Bee/PlayerScriptAssemblies/Meta.XR.ImmersiveDebugger.Interface.dll
[ 924/1039  0s] CopyFiles Library/Bee/PlayerScriptAssemblies/Meta.WitAi.Lib.dll
[ 925/1039  0s] CopyFiles Library/Bee/PlayerScriptAssemblies/UnityEngine.XR.LegacyInputHelpers.dll
[ 926/1039  0s] CopyFiles Library/Bee/PlayerScriptAssemblies/Unity.RenderPipelines.Universal.2D.Runtime.dll
[ 927/1039  0s] CopyFiles Library/Bee/PlayerScriptAssemblies/Oculus.VR.dll
[ 928/1039  0s] CopyFiles Library/Bee/PlayerScriptAssemblies/Oculus.Haptics.dll
[ 929/1039  0s] CopyFiles Library/Bee/PlayerScriptAssemblies/VoiceSDK.Telemetry.Runtime.dll
[ 930/1039  0s] CopyFiles Library/Bee/PlayerScriptAssemblies/Unity.RenderPipelines.Core.ShaderLibrary.dll
[ 931/1039  0s] CopyFiles Library/Bee/PlayerScriptAssemblies/Oculus.Interaction.dll
[ 932/1039  0s] CopyFiles Library/Bee/PlayerScriptAssemblies/Unity.XR.CoreUtils.dll
[ 933/1039  0s] CopyFiles Library/Bee/PlayerScriptAssemblies/Meta.Voice.NLayer.dll
[ 934/1039  0s] CopyFiles Library/Bee/PlayerScriptAssemblies/Meta.XR.BuildingBlocks.dll
[ 935/1039  0s] CopyFiles Library/Bee/PlayerScriptAssemblies/Meta.VoiceSDK.Mic.Common.dll
[ 936/1039  0s] CopyFiles Library/Bee/PlayerScriptAssemblies/Meta.Voice.Opus.dll
[ 937/1039  0s] CopyFiles Library/Bee/PlayerScriptAssemblies/Meta.XR.Audio.dll
[ 938/1039  0s] CopyFiles Library/Bee/PlayerScriptAssemblies/VoiceSDK.Runtime.Composer.dll
[ 939/1039  0s] CopyFiles Library/Bee/PlayerScriptAssemblies/Unity.RenderPipelines.Universal.Shaders.dll
[ 940/1039  0s] CopyFiles Library/Bee/PlayerScriptAssemblies/Meta.Wit.Dictation.dll
[ 941/1039  0s] CopyFiles Library/Bee/PlayerScriptAssemblies/Unity.XR.OpenXR.Features.RuntimeDebugger.dll
[ 942/1039  0s] CopyFiles Library/Bee/PlayerScriptAssemblies/Unity.RenderPipelines.GPUDriven.Runtime.dll
[ 943/1039  0s] CopyFiles Library/Bee/PlayerScriptAssemblies/Meta.Wit.Composer.dll
[ 944/1039  0s] CopyFiles Library/Bee/PlayerScriptAssemblies/Unity.Collections.dll
[ 945/1039  0s] CopyFiles Library/Bee/PlayerScriptAssemblies/Unity.InputSystem.dll
[ 946/1039  0s] CopyFiles Library/Bee/PlayerScriptAssemblies/Meta.WitAi.TTS.dll
[ 947/1039  0s] CopyFiles Library/Bee/PlayerScriptAssemblies/Meta.Net.endel.nativewebsocket.dll
[ 948/1039  0s] CopyFiles Library/Bee/PlayerScriptAssemblies/Oculus.Platform.dll
[ 949/1039  0s] CopyFiles Library/Bee/PlayerScriptAssemblies/Unity.VisualScripting.Core.dll
[ 950/1039  0s] CopyFiles Library/Bee/PlayerScriptAssemblies/Meta.Voice.Hub.Runtime.dll
[ 951/1039  0s] CopyFiles Library/Bee/PlayerScriptAssemblies/Unity.XR.Hands.dll
[ 952/1039  0s] CopyFiles Library/Bee/PlayerScriptAssemblies/Meta.XR.MultiplayerBlocks.Shared.dll
[ 953/1039  0s] CopyFiles Library/Bee/PlayerScriptAssemblies/Unity.RenderPipelines.Universal.Runtime.dll
[ 954/1039  0s] CopyFiles Library/Bee/PlayerScriptAssemblies/Unity.AI.Navigation.dll
[ 955/1039  0s] CopyFiles Library/Bee/PlayerScriptAssemblies/Unity.XR.OpenXR.Features.MockRuntime.dll
[ 956/1039  0s] CopyFiles Library/Bee/PlayerScriptAssemblies/Unity.XR.OpenXR.Features.MetaQuestSupport.dll
[ 957/1039  0s] CopyFiles Library/Bee/PlayerScriptAssemblies/Unity.XR.OpenXR.Features.ConformanceAutomation.pdb
[ 958/1039  0s] CopyFiles Library/Bee/PlayerScriptAssemblies/Meta.XR.ImmersiveDebugger.pdb
[ 959/1039  0s] CopyFiles Library/Bee/PlayerScriptAssemblies/Unity.TextMeshPro.dll
[ 960/1039  0s] CopyFiles Library/Bee/PlayerScriptAssemblies/Unity.Timeline.pdb
[ 961/1039  0s] CopyFiles Library/Bee/PlayerScriptAssemblies/Meta.XR.BuildingBlocks.DepthAPI.pdb
[ 962/1039  0s] CopyFiles Library/Bee/PlayerScriptAssemblies/Unity.XR.OpenXR.dll
[ 963/1039  0s] CopyFiles Library/Bee/PlayerScriptAssemblies/Oculus.Interaction.Samples.pdb
[ 964/1039  0s] CopyFiles Library/Bee/PlayerScriptAssemblies/VoiceSDK.Dictation.Runtime.pdb
[ 965/1039  0s] CopyFiles Library/Bee/PlayerScriptAssemblies/Unity.VisualScripting.DocCodeExamples.pdb
[ 966/1039  0s] CopyFiles Library/Bee/PlayerScriptAssemblies/Unity.VisualScripting.State.dll
[ 967/1039  0s] CopyFiles Library/Bee/PlayerScriptAssemblies/UnityEngine.SpatialTracking.pdb
[ 968/1039  0s] CopyFiles Library/Bee/PlayerScriptAssemblies/Meta.XR.EnvironmentDepth.pdb
[ 969/1039  0s] CopyFiles Library/Bee/PlayerScriptAssemblies/Unity.Burst.pdb
[ 970/1039  0s] CopyFiles Library/Bee/PlayerScriptAssemblies/Unity.RenderPipelines.Universal.Config.Runtime.pdb
[ 971/1039  0s] CopyFiles Library/Bee/PlayerScriptAssemblies/Unity.Mathematics.dll
[ 972/1039  0s] CopyFiles Library/Bee/PlayerScriptAssemblies/Oculus.Interaction.OVR.Samples.pdb
[ 973/1039  0s] CopyFiles Library/Bee/PlayerScriptAssemblies/Unity.Rendering.LightTransport.Runtime.pdb
[ 974/1039  0s] CopyFiles Library/Bee/PlayerScriptAssemblies/Unity.Multiplayer.Center.Common.pdb
[ 975/1039  0s] CopyFiles Library/Bee/PlayerScriptAssemblies/Unity.RenderPipelines.Core.Runtime.Shared.pdb
[ 976/1039  0s] CopyFiles Library/Bee/PlayerScriptAssemblies/Unity.WebRTC.pdb
[ 977/1039  0s] CopyFiles Library/Bee/PlayerScriptAssemblies/Oculus.Haptics.pdb
[ 978/1039  0s] CopyFiles Library/Bee/PlayerScriptAssemblies/Unity.VisualScripting.Flow.pdb
[ 979/1039  0s] CopyFiles Library/Bee/PlayerScriptAssemblies/meta.xr.mrutilitykit.pdb
[ 980/1039  0s] CopyFiles Library/Bee/PlayerScriptAssemblies/Unity.RenderPipelines.Core.Runtime.pdb
[ 981/1039  0s] CopyFiles Library/Bee/PlayerScriptAssemblies/Meta.VoiceSDK.Mic.Other.pdb
[ 982/1039  0s] CopyFiles Library/Bee/PlayerScriptAssemblies/Oculus.Interaction.OVR.pdb
[ 983/1039  0s] CopyFiles Library/Bee/PlayerScriptAssemblies/Unity.XR.CoreUtils.pdb
[ 984/1039  0s] CopyFiles Library/Bee/PlayerScriptAssemblies/Oculus.Interaction.UnityXR.pdb
[ 985/1039  0s] CopyFiles Library/Bee/PlayerScriptAssemblies/Unity.RenderPipelines.GPUDriven.Runtime.pdb
[ 986/1039  0s] CopyFiles Library/Bee/PlayerScriptAssemblies/Oculus.Interaction.pdb
[ 987/1039  0s] CopyFiles Library/Bee/PlayerScriptAssemblies/Meta.XR.ImmersiveDebugger.Interface.pdb
[ 988/1039  0s] CopyFiles Library/Bee/PlayerScriptAssemblies/Oculus.VR.pdb
[ 989/1039  0s] CopyFiles Library/Bee/PlayerScriptAssemblies/Meta.Wit.Dictation.pdb
[ 990/1039  0s] CopyFiles Library/Bee/PlayerScriptAssemblies/VoiceSDK.Runtime.pdb
[ 991/1039  0s] CopyFiles Library/Bee/PlayerScriptAssemblies/Unity.RenderPipelines.Universal.2D.Runtime.pdb
[ 992/1039  0s] CopyFiles Library/Bee/PlayerScriptAssemblies/Meta.WitAi.Lib.pdb
[ 993/1039  0s] CopyFiles Library/Bee/PlayerScriptAssemblies/Unity.XR.OpenXR.Features.OculusQuestSupport.pdb
[ 994/1039  0s] CopyFiles Library/Bee/PlayerScriptAssemblies/Unity.RenderPipelines.Core.ShaderLibrary.pdb
[ 995/1039  0s] CopyFiles Library/Bee/PlayerScriptAssemblies/Unity.XR.OpenXR.Features.MockRuntime.pdb
[ 996/1039  0s] CopyFiles Library/Bee/PlayerScriptAssemblies/Unity.XR.OpenXR.Features.RuntimeDebugger.pdb
[ 997/1039  0s] CopyFiles Library/Bee/PlayerScriptAssemblies/AssistantCoreSDKRuntime.pdb
[ 998/1039  0s] CopyFiles Library/Bee/PlayerScriptAssemblies/Unity.RenderPipelines.Universal.Shaders.pdb
[ 999/1039  0s] CopyFiles Library/Bee/PlayerScriptAssemblies/Meta.XR.Audio.pdb
[1000/1039  0s] CopyFiles Library/Bee/PlayerScriptAssemblies/Meta.WitAi.pdb
[1001/1039  0s] CopyFiles Library/Bee/PlayerScriptAssemblies/Unity.XR.Hands.pdb
[1002/1039  0s] CopyFiles Library/Bee/PlayerScriptAssemblies/Unity.XR.OpenXR.TestTooling.pdb
[1003/1039  0s] CopyFiles Library/Bee/PlayerScriptAssemblies/Unity.XR.OpenXR.Features.MetaQuestSupport.pdb
[1004/1039  0s] CopyFiles Library/Bee/PlayerScriptAssemblies/Meta.WitAi.Conduit.pdb
[1005/1039  0s] CopyFiles Library/Bee/PlayerScriptAssemblies/Unity.RenderPipelines.ShaderGraph.ShaderGraphLibrary.pdb
[1006/1039  0s] CopyFiles Library/Bee/PlayerScriptAssemblies/Meta.Voice.NLayer.pdb
[1007/1039  0s] CopyFiles Library/Bee/PlayerScriptAssemblies/Meta.WitAi.TTS.pdb
[1008/1039  0s] CopyFiles Library/Bee/PlayerScriptAssemblies/Meta.Wit.Composer.pdb
[1009/1039  0s] CopyFiles Library/Bee/PlayerScriptAssemblies/Unity.Mathematics.pdb
[1010/1039  0s] CopyFiles Library/Bee/PlayerScriptAssemblies/Unity.XR.OpenXR.pdb
[1011/1039  0s] CopyFiles Library/Bee/PlayerScriptAssemblies/VoiceSDK.Runtime.Composer.pdb
[1012/1039  0s] CopyFiles Library/Bee/PlayerScriptAssemblies/UnityEngine.UI.pdb
[1013/1039  0s] CopyFiles Library/Bee/PlayerScriptAssemblies/Meta.Voice.Hub.Runtime.pdb
[1014/1039  0s] CopyFiles Library/Bee/PlayerScriptAssemblies/Unity.VisualScripting.Core.pdb
[1015/1039  0s] CopyFiles Library/Bee/PlayerScriptAssemblies/Unity.Collections.pdb
[1016/1039  0s] CopyFiles Library/Bee/PlayerScriptAssemblies/Unity.InputSystem.pdb
[1017/1039  0s] CopyFiles Library/Bee/PlayerScriptAssemblies/UnityEngine.XR.LegacyInputHelpers.pdb
[1018/1039  0s] CopyFiles Library/Bee/PlayerScriptAssemblies/AssistantVoiceCommandCommon.pdb
[1019/1039  0s] CopyFiles Library/Bee/PlayerScriptAssemblies/Unity.RenderPipeline.Universal.ShaderLibrary.pdb
[1020/1039  0s] CopyFiles Library/Bee/PlayerScriptAssemblies/Unity.TextMeshPro.pdb
[1021/1039  0s] CopyFiles Library/Bee/PlayerScriptAssemblies/Meta.Net.endel.nativewebsocket.pdb
[1022/1039  0s] CopyFiles Library/Bee/PlayerScriptAssemblies/Meta.XR.BuildingBlocks.pdb
[1023/1039  0s] CopyFiles Library/Bee/PlayerScriptAssemblies/Meta.Voice.Opus.pdb
[1024/1039  0s] CopyFiles Library/Bee/PlayerScriptAssemblies/Unity.RenderPipelines.Universal.Runtime.pdb
[1025/1039  0s] CopyFiles Library/Bee/PlayerScriptAssemblies/Meta.XR.MultiplayerBlocks.Shared.pdb
[1026/1039  0s] CopyFiles Library/Bee/PlayerScriptAssemblies/Oculus.Platform.pdb
[1027/1039  0s] CopyFiles Library/Bee/PlayerScriptAssemblies/Unity.XR.Management.pdb
[1028/1039  0s] CopyFiles Library/Bee/PlayerScriptAssemblies/Unity.InputSystem.ForUI.pdb
[1029/1039  0s] CopyFiles Library/Bee/PlayerScriptAssemblies/Unity.AI.Navigation.pdb
[1030/1039  0s] CopyFiles Library/Bee/PlayerScriptAssemblies/VoiceSDK.Telemetry.Runtime.pdb
[1031/1039  0s] CopyFiles Library/Bee/PlayerScriptAssemblies/Meta.VoiceSDK.Mic.Common.pdb
[1032/1039  0s] CopyFiles Library/Bee/PlayerScriptAssemblies/Unity.VisualScripting.State.pdb
[1033/1039  0s] Csc Library/Bee/artifacts/1300b0aP.dag/Assembly-CSharp.dll (+2 others)
[1034/1039  0s] ILPostProcess Library/Bee/artifacts/1300b0aP.dag/post-processed/Assembly-CSharp.dll (+pdb)
Processing assembly Library/Bee/artifacts/1300b0aP.dag/Assembly-CSharp.dll, with 124 defines and 265 references

processors: Unity.Jobs.CodeGen.JobsILPostProcessor, zzzUnity.Burst.CodeGen.BurstILPostProcessor

running Unity.Jobs.CodeGen.JobsILPostProcessor

running zzzUnity.Burst.CodeGen.BurstILPostProcessor
[1035/1039  0s] CopyFiles Library/Bee/PlayerScriptAssemblies/Assembly-CSharp.pdb
[1036/1039  0s] CopyFiles Library/Bee/PlayerScriptAssemblies/Assembly-CSharp.dll
[1038/1039  1s] BuildPlayerDataGenerator Library/BuildPlayerData/Player/RuntimeInitializeOnLoads.json (+1 other)
*** Tundra build success (6.67 seconds), 151 items updated, 1039 evaluated
Rebuilding Data files because Assets/Resources/PerformanceTestRunInfo.json is dirty (hash)
Opening scene 'Assets/Scenes/Scene.unity'
Unloading 4 Unused Serialized files (Serialized files now loaded: 0)
Your project uses a scriptable render pipeline. You can use Camera.stereoTargetEye only with the built-in renderer.
UnityEngine.Debug:ExtractStackTraceNoAlloc (byte*,int,string)
UnityEngine.StackTraceUtility:ExtractStackTrace ()
UnityEngine.DebugLogHandler:Internal_Log (UnityEngine.LogType,UnityEngine.LogOption,string,UnityEngine.Object)
UnityEngine.DebugLogHandler:LogFormat (UnityEngine.LogType,UnityEngine.Object,string,object[])
UnityEngine.Logger:Log (UnityEngine.LogType,object)
UnityEngine.Debug:LogWarning (object)
UnityEngine.Camera:set_stereoTargetEye (UnityEngine.StereoTargetEyeMask)
OVRCameraRig:EnsureGameObjectIntegrity () (at ./Library/PackageCache/com.meta.xr.sdk.core@e9f929748630/Scripts/OVRCameraRig.cs:609)
OVRCameraRig:Awake () (at ./Library/PackageCache/com.meta.xr.sdk.core@e9f929748630/Scripts/OVRCameraRig.cs:196)
UnityEditor.BuildPipeline:BuildPlayerInternalNoCheck (string[],string,string,UnityEditor.BuildTargetGroup,UnityEditor.BuildTarget,int,UnityEditor.BuildOptions,string[],bool)
UnityEditor.BuildPipeline:BuildPlayerInternal (string[],string,string,UnityEditor.BuildTargetGroup,UnityEditor.BuildTarget,int,UnityEditor.BuildOptions,string[])
UnityEditor.BuildPipeline:BuildPlayer (string[],string,string,UnityEditor.BuildTargetGroup,UnityEditor.BuildTarget,int,UnityEditor.BuildOptions,string[])
UnityEditor.BuildPipeline:BuildPlayer (UnityEditor.BuildPlayerOptions)
CodexAndroidBuild:BuildApk () (at Assets/Editor/CodexAndroidBuild.cs:33)

(Filename: ./Library/PackageCache/com.meta.xr.sdk.core@e9f929748630/Scripts/OVRCameraRig.cs Line: 609)

Your project uses a scriptable render pipeline. You can use Camera.stereoTargetEye only with the built-in renderer.
UnityEngine.Debug:ExtractStackTraceNoAlloc (byte*,int,string)
UnityEngine.StackTraceUtility:ExtractStackTrace ()
UnityEngine.DebugLogHandler:Internal_Log (UnityEngine.LogType,UnityEngine.LogOption,string,UnityEngine.Object)
UnityEngine.DebugLogHandler:LogFormat (UnityEngine.LogType,UnityEngine.Object,string,object[])
UnityEngine.Logger:Log (UnityEngine.LogType,object)
UnityEngine.Debug:LogWarning (object)
UnityEngine.Camera:set_stereoTargetEye (UnityEngine.StereoTargetEyeMask)
OVRCameraRig:EnsureGameObjectIntegrity () (at ./Library/PackageCache/com.meta.xr.sdk.core@e9f929748630/Scripts/OVRCameraRig.cs:610)
OVRCameraRig:Awake () (at ./Library/PackageCache/com.meta.xr.sdk.core@e9f929748630/Scripts/OVRCameraRig.cs:196)
UnityEditor.BuildPipeline:BuildPlayerInternalNoCheck (string[],string,string,UnityEditor.BuildTargetGroup,UnityEditor.BuildTarget,int,UnityEditor.BuildOptions,string[],bool)
UnityEditor.BuildPipeline:BuildPlayerInternal (string[],string,string,UnityEditor.BuildTargetGroup,UnityEditor.BuildTarget,int,UnityEditor.BuildOptions,string[])
UnityEditor.BuildPipeline:BuildPlayer (string[],string,string,UnityEditor.BuildTargetGroup,UnityEditor.BuildTarget,int,UnityEditor.BuildOptions,string[])
UnityEditor.BuildPipeline:BuildPlayer (UnityEditor.BuildPlayerOptions)
CodexAndroidBuild:BuildApk () (at Assets/Editor/CodexAndroidBuild.cs:33)

(Filename: ./Library/PackageCache/com.meta.xr.sdk.core@e9f929748630/Scripts/OVRCameraRig.cs Line: 610)

Your project uses a scriptable render pipeline. You can use Camera.stereoTargetEye only with the built-in renderer.
UnityEngine.Debug:ExtractStackTraceNoAlloc (byte*,int,string)
UnityEngine.StackTraceUtility:ExtractStackTrace ()
UnityEngine.DebugLogHandler:Internal_Log (UnityEngine.LogType,UnityEngine.LogOption,string,UnityEngine.Object)
UnityEngine.DebugLogHandler:LogFormat (UnityEngine.LogType,UnityEngine.Object,string,object[])
UnityEngine.Logger:Log (UnityEngine.LogType,object)
UnityEngine.Debug:LogWarning (object)
UnityEngine.Camera:set_stereoTargetEye (UnityEngine.StereoTargetEyeMask)
OVRCameraRig:EnsureGameObjectIntegrity () (at ./Library/PackageCache/com.meta.xr.sdk.core@e9f929748630/Scripts/OVRCameraRig.cs:611)
OVRCameraRig:Awake () (at ./Library/PackageCache/com.meta.xr.sdk.core@e9f929748630/Scripts/OVRCameraRig.cs:196)
UnityEditor.BuildPipeline:BuildPlayerInternalNoCheck (string[],string,string,UnityEditor.BuildTargetGroup,UnityEditor.BuildTarget,int,UnityEditor.BuildOptions,string[],bool)
UnityEditor.BuildPipeline:BuildPlayerInternal (string[],string,string,UnityEditor.BuildTargetGroup,UnityEditor.BuildTarget,int,UnityEditor.BuildOptions,string[])
UnityEditor.BuildPipeline:BuildPlayer (string[],string,string,UnityEditor.BuildTargetGroup,UnityEditor.BuildTarget,int,UnityEditor.BuildOptions,string[])
UnityEditor.BuildPipeline:BuildPlayer (UnityEditor.BuildPlayerOptions)
CodexAndroidBuild:BuildApk () (at Assets/Editor/CodexAndroidBuild.cs:33)

(Filename: ./Library/PackageCache/com.meta.xr.sdk.core@e9f929748630/Scripts/OVRCameraRig.cs Line: 611)

Loaded scene 'Assets/Scenes/Scene.unity'
	Deserialize:            33.561 ms
	Integration:            381.738 ms
	Integration of assets:  0.268 ms
	Thread Wait Time:       0.003 ms
	Total Operation Time:   415.571 ms
Unloading 129 unused Assets / (0.6 MB). Loaded Objects now: 15114.
Memory consumption went from 248.6 MB to 247.9 MB.
Total: 14.818200 ms (FindLiveObjects: 0.952500 ms CreateObjectMapping: 0.571000 ms MarkObjects: 12.898900 ms  DeleteObjects: 0.394400 ms)

Created GICache directory at C:/Users/wdy/AppData/LocalLow/Unity/Caches/GiCache. Took: 0.025s, timestamps: [28.363 - 28.388]
Total cache size 268203274
Total cache size after purge 268203274, took 00:00:00.7214433


Mono dependencies included in the build
Dependency assembly - System.Xml.XmlSerializer.dll
Dependency assembly - Meta.XR.ImmersiveDebugger.dll
Dependency assembly - System.Net.ServicePoint.dll
Dependency assembly - System.Security.Cryptography.RandomNumberGenerator.dll
Dependency assembly - System.Data.DataSetExtensions.dll
Dependency assembly - Meta.WitAi.Lib.dll
Dependency assembly - Meta.XR.MultiplayerBlocks.Shared.dll
Dependency assembly - Oculus.Platform.dll
Dependency assembly - System.Runtime.Remoting.dll
Dependency assembly - System.Drawing.Design.dll
Dependency assembly - System.Drawing.dll
Dependency assembly - System.Web.Extensions.Design.dll
Dependency assembly - System.Net.Sockets.dll
Dependency assembly - System.Data.dll
Dependency assembly - System.Web.ApplicationServices.dll
Dependency assembly - System.Xml.XPath.dll
Dependency assembly - System.Security.Cryptography.OpenSsl.dll
Dependency assembly - Unity.RenderPipelines.Core.ShaderLibrary.dll
Dependency assembly - Unity.RenderPipeline.Universal.ShaderLibrary.dll
Dependency assembly - Unity.Timeline.dll
Dependency assembly - System.Reflection.DispatchProxy.dll
Dependency assembly - System.Web.Extensions.dll
Dependency assembly - mscorlib.dll
Dependency assembly - System.Runtime.CompilerServices.Unsafe.dll
Dependency assembly - System.Net.Cache.dll
Dependency assembly - System.Web.DynamicData.dll
Dependency assembly - Unity.RenderPipelines.GPUDriven.Runtime.dll
Dependency assembly - System.Diagnostics.Tools.dll
Dependency assembly - System.Runtime.InteropServices.RuntimeInformation.dll
Dependency assembly - System.Xml.Serialization.dll
Dependency assembly - System.Resources.Writer.dll
Dependency assembly - System.IO.dll
Dependency assembly - VoiceSDK.Dictation.Runtime.dll
Dependency assembly - System.Net.AuthenticationManager.dll
Dependency assembly - System.IO.Hashing.dll
Dependency assembly - System.Security.Cryptography.Algorithms.dll
Dependency assembly - Meta.Voice.NLayer.dll
Dependency assembly - System.Xaml.dll
Dependency assembly - System.Runtime.Serialization.dll
Dependency assembly - Oculus.VR.dll
Dependency assembly - System.Net.Security.dll
Dependency assembly - System.Xml.Linq.dll
Dependency assembly - System.Reflection.TypeExtensions.dll
Dependency assembly - System.Runtime.dll
Dependency assembly - Assembly-CSharp.dll
Dependency assembly - System.Runtime.InteropServices.dll
Dependency assembly - System.Reflection.Emit.ILGeneration.dll
Dependency assembly - System.IdentityModel.Selectors.dll
Dependency assembly - System.Security.SecureString.dll
Dependency assembly - System.Linq.Expressions.dll
Dependency assembly - System.Net.WebSockets.dll
Dependency assembly - Unity.XR.OpenXR.dll
Dependency assembly - System.Diagnostics.StackTrace.dll
Dependency assembly - System.Data.Services.Client.dll
Dependency assembly - System.Linq.dll
Dependency assembly - Microsoft.Win32.Registry.dll
Dependency assembly - System.Runtime.Extensions.dll
Dependency assembly - System.Net.HttpListener.dll
Dependency assembly - System.Diagnostics.Debug.dll
Dependency assembly - System.Resources.Reader.dll
Dependency assembly - System.Runtime.InteropServices.WindowsRuntime.dll
Dependency assembly - System.dll
Dependency assembly - System.Threading.Overlapped.dll
Dependency assembly - Oculus.Interaction.OVR.Samples.dll
Dependency assembly - System.ServiceProcess.ServiceController.dll
Dependency assembly - Unity.XR.OpenXR.Features.OculusQuestSupport.dll
Dependency assembly - Meta.VoiceSDK.Mic.Other.dll
Dependency assembly - Meta.Wit.Dictation.dll
Dependency assembly - System.ComponentModel.Annotations.dll
Dependency assembly - System.ServiceModel.Primitives.dll
Dependency assembly - System.Numerics.dll
Dependency assembly - Meta.Net.endel.nativewebsocket.dll
Dependency assembly - System.Security.Cryptography.Encryption.ECDsa.dll
Dependency assembly - System.ServiceModel.Duplex.dll
Dependency assembly - System.Security.Claims.dll
Dependency assembly - System.Security.Cryptography.Hashing.Algorithms.dll
Dependency assembly - System.Resources.ResourceManager.dll
Dependency assembly - System.Text.RegularExpressions.dll
Dependency assembly - Meta.XR.EnvironmentDepth.dll
Dependency assembly - System.ComponentModel.Primitives.dll
Dependency assembly - Unity.VisualScripting.DocCodeExamples.dll
Dependency assembly - VoiceSDK.Runtime.dll
Dependency assembly - System.IO.Compression.ZipFile.dll
Dependency assembly - System.Globalization.dll
Dependency assembly - System.ServiceModel.dll
Dependency assembly - System.Linq.Queryable.dll
Dependency assembly - Meta.XR.ImmersiveDebugger.Interface.dll
Dependency assembly - System.Security.AccessControl.dll
Dependency assembly - System.IO.MemoryMappedFiles.dll
Dependency assembly - System.Memory.dll
Dependency assembly - System.Threading.AccessControl.dll
Dependency assembly - System.Drawing.Primitives.dll
Dependency assembly - System.Security.Principal.Windows.dll
Dependency assembly - System.Core.dll
Dependency assembly - System.Diagnostics.TraceEvent.dll
Dependency assembly - System.Security.dll
Dependency assembly - System.Runtime.Numerics.dll
Dependency assembly - System.Runtime.Serialization.Json.dll
Dependency assembly - System.ServiceModel.NetTcp.dll
Dependency assembly - Oculus.Interaction.OVR.dll
Dependency assembly - Meta.WitAi.TTS.dll
Dependency assembly - System.ServiceModel.Discovery.dll
Dependency assembly - System.IO.IsolatedStorage.dll
Dependency assembly - System.ComponentModel.EventBasedAsync.dll
Dependency assembly - System.DirectoryServices.dll
Dependency assembly - System.ServiceModel.Activation.dll
Dependency assembly - System.Net.Http.WebRequest.dll
Dependency assembly - System.IO.UnmanagedMemoryStream.dll
Dependency assembly - Unity.RenderPipelines.Core.Runtime.Shared.dll
Dependency assembly - Unity.RenderPipelines.Universal.Runtime.dll
Dependency assembly - System.Runtime.Serialization.Formatters.dll
Dependency assembly - System.ServiceModel.Security.dll
Dependency assembly - System.Messaging.dll
Dependency assembly - Meta.VoiceSDK.Mic.Common.dll
Dependency assembly - Unity.XR.OpenXR.Features.MetaQuestSupport.dll
Dependency assembly - System.Globalization.Extensions.dll
Dependency assembly - System.Resources.ReaderWriter.dll
Dependency assembly - Mono.Data.Tds.dll
Dependency assembly - Unity.RenderPipelines.Universal.Shaders.dll
Dependency assembly - Unity.XR.Hands.dll
Dependency assembly - System.Threading.Tasks.Parallel.dll
Dependency assembly - Unity.RenderPipelines.ShaderGraph.ShaderGraphLibrary.dll
Dependency assembly - UnityEngine.XR.LegacyInputHelpers.dll
Dependency assembly - Unity.XR.OpenXR.Features.ConformanceAutomation.dll
Dependency assembly - System.Buffers.dll
Dependency assembly - System.ServiceModel.Http.dll
Dependency assembly - System.Reflection.Emit.Lightweight.dll
Dependency assembly - Unity.Burst.Unsafe.dll
Dependency assembly - System.ServiceModel.Routing.dll
Dependency assembly - System.Threading.Tasks.Extensions.dll
Dependency assembly - System.Windows.dll
Dependency assembly - Unity.Rendering.LightTransport.Runtime.dll
Dependency assembly - System.Security.Cryptography.Hashing.dll
Dependency assembly - Oculus.Interaction.UnityXR.dll
Dependency assembly - System.ComponentModel.dll
Dependency assembly - System.Configuration.Install.dll
Dependency assembly - Meta.XR.BuildingBlocks.dll
Dependency assembly - System.Net.NameResolution.dll
Dependency assembly - System.Diagnostics.TextWriterTraceListener.dll
Dependency assembly - System.Security.Cryptography.Encryption.dll
Dependency assembly - System.Security.Cryptography.Primitives.dll
Dependency assembly - System.Xml.XDocument.dll
Dependency assembly - System.Net.WebSockets.Client.dll
Dependency assembly - System.Security.Cryptography.X509Certificates.dll
Dependency assembly - System.Security.Principal.dll
Dependency assembly - System.Security.Cryptography.Encryption.Aes.dll
Dependency assembly - System.Runtime.Loader.dll
Dependency assembly - System.AppContext.dll
Dependency assembly - System.Configuration.dll
Dependency assembly - System.Security.Cryptography.Pkcs.dll
Dependency assembly - System.Dynamic.Runtime.dll
Dependency assembly - System.Data.SqlClient.dll
Dependency assembly - System.Runtime.Serialization.Primitives.dll
Dependency assembly - Meta.XR.Audio.dll
Dependency assembly - System.Net.Ping.dll
Dependency assembly - System.Security.Cryptography.ProtectedData.dll
Dependency assembly - Microsoft.CSharp.dll
Dependency assembly - System.Json.dll
Dependency assembly - Mono.Data.Sqlite.dll
Dependency assembly - Mono.Security.dll
Dependency assembly - Meta.Voice.Hub.Runtime.dll
Dependency assembly - Unity.Multiplayer.Center.Common.dll
Dependency assembly - System.Security.Cryptography.Encryption.ECDiffieHellman.dll
Dependency assembly - System.Runtime.Caching.dll
Dependency assembly - Unity.XR.OpenXR.TestTooling.dll
Dependency assembly - System.Runtime.Serialization.Formatters.Soap.dll
Dependency assembly - System.Xml.dll
Dependency assembly - System.Text.Encoding.Extensions.dll
Dependency assembly - System.ValueTuple.dll
Dependency assembly - I18N.West.dll
Dependency assembly - System.Xml.XPath.XmlDocument.dll
Dependency assembly - System.IdentityModel.dll
Dependency assembly - Oculus.Interaction.dll
Dependency assembly - System.Runtime.CompilerServices.VisualC.dll
Dependency assembly - System.Data.Linq.dll
Dependency assembly - System.Web.Services.dll
Dependency assembly - AssistantVoiceCommandCommon.dll
Dependency assembly - UnityEngine.UI.dll
Dependency assembly - System.IO.FileSystem.Primitives.dll
Dependency assembly - meta.xr.mrutilitykit.dll
Dependency assembly - System.Design.dll
Dependency assembly - System.Data.OracleClient.dll
Dependency assembly - System.Collections.Concurrent.dll
Dependency assembly - System.Xml.Xsl.Primitives.dll
Dependency assembly - System.ServiceModel.Web.dll
Dependency assembly - Unity.Collections.dll
Dependency assembly - Accessibility.dll
Dependency assembly - System.Diagnostics.FileVersionInfo.dll
Dependency assembly - System.Reflection.Emit.dll
Dependency assembly - System.Diagnostics.Tracing.dll
Dependency assembly - System.IO.FileSystem.AccessControl.dll
Dependency assembly - System.IO.Compression.dll
Dependency assembly - System.Net.dll
Dependency assembly - System.Net.Utilities.dll
Dependency assembly - System.Net.Primitives.dll
Dependency assembly - Unity.VisualScripting.State.dll
Dependency assembly - Meta.Wit.Composer.dll
Dependency assembly - Unity.RenderPipelines.Universal.Config.Runtime.dll
Dependency assembly - System.Runtime.DurableInstancing.dll
Dependency assembly - System.IO.FileSystem.Watcher.dll
Dependency assembly - System.ObjectModel.dll
Dependency assembly - System.Threading.Thread.dll
Dependency assembly - System.Threading.dll
Dependency assembly - VoiceSDK.Telemetry.Runtime.dll
Dependency assembly - I18N.dll
Dependency assembly - System.Web.RegularExpressions.dll
Dependency assembly - Unity.TextMeshPro.dll
Dependency assembly - System.IO.FileSystem.dll
Dependency assembly - System.Xml.ReaderWriter.dll
Dependency assembly - Meta.WitAi.Conduit.dll
Dependency assembly - System.ServiceModel.Internals.dll
Dependency assembly - Microsoft.Win32.Primitives.dll
Dependency assembly - System.Collections.NonGeneric.dll
Dependency assembly - System.Threading.Timer.dll
Dependency assembly - System.Transactions.dll
Dependency assembly - Unity.InputSystem.ForUI.dll
Dependency assembly - System.Reflection.Extensions.dll
Dependency assembly - System.Security.Cryptography.Csp.dll
Dependency assembly - System.Text.Encoding.CodePages.dll
Dependency assembly - System.Net.Http.dll
Dependency assembly - AssistantCoreSDKRuntime.dll
Dependency assembly - Unity.VisualScripting.Flow.dll
Dependency assembly - System.Net.Mail.dll
Dependency assembly - Unity.XR.OpenXR.Features.RuntimeDebugger.dll
Dependency assembly - System.Data.Entity.dll
Dependency assembly - Unity.AI.Navigation.dll
Dependency assembly - System.ComponentModel.TypeConverter.dll
Dependency assembly - System.EnterpriseServices.dll
Dependency assembly - System.Management.dll
Dependency assembly - System.Globalization.Calendars.dll
Dependency assembly - I18N.Rare.dll
Dependency assembly - System.Runtime.Serialization.Xml.dll
Dependency assembly - System.Linq.Parallel.dll
Dependency assembly - System.Console.dll
Dependency assembly - System.Diagnostics.Contracts.dll
Dependency assembly - System.Security.Cryptography.Cng.dll
Dependency assembly - System.ComponentModel.Composition.dll
Dependency assembly - Meta.XR.BuildingBlocks.DepthAPI.dll
Dependency assembly - Unity.XR.CoreUtils.dll
Dependency assembly - System.IO.Pipes.dll
Dependency assembly - UnityEngine.SpatialTracking.dll
Dependency assembly - Unity.Burst.dll
Dependency assembly - System.Security.Cryptography.RSA.dll
Dependency assembly - System.Threading.Tasks.dll
Dependency assembly - System.Web.dll
Dependency assembly - Unity.XR.Management.dll
Dependency assembly - System.Collections.Specialized.dll
Dependency assembly - Unity.RenderPipelines.Universal.2D.Runtime.dll
Dependency assembly - Unity.VisualScripting.Core.dll
Dependency assembly - System.Diagnostics.Process.dll
Dependency assembly - System.Reflection.Primitives.dll
Dependency assembly - System.Security.Cryptography.DeriveBytes.dll
Dependency assembly - Unity.XR.OpenXR.Features.MockRuntime.dll
Dependency assembly - System.Net.Requests.dll
Dependency assembly - Oculus.Haptics.dll
Dependency assembly - System.Reflection.dll
Dependency assembly - System.Security.Cryptography.Encoding.dll
Dependency assembly - System.Xml.XmlDocument.dll
Dependency assembly - System.Reflection.Context.dll
Dependency assembly - System.Data.Services.dll
Dependency assembly - System.ComponentModel.DataAnnotations.dll
Dependency assembly - System.Windows.Forms.dll
Dependency assembly - Unity.Collections.LowLevel.ILSupport.dll
Dependency assembly - System.IO.Compression.FileSystem.dll
Dependency assembly - System.Diagnostics.TraceSource.dll
Dependency assembly - Meta.WitAi.dll
Dependency assembly - System.Runtime.Handles.dll
Dependency assembly - netstandard.dll
Dependency assembly - System.Net.WebHeaderCollection.dll
Dependency assembly - System.Threading.ThreadPool.dll
Dependency assembly - Unity.RenderPipelines.Core.Runtime.dll
Dependency assembly - Unity.Mathematics.dll
Dependency assembly - System.ServiceProcess.dll
Dependency assembly - System.Data.Common.dll
Dependency assembly - Newtonsoft.Json.dll
Dependency assembly - System.IO.FileSystem.DriveInfo.dll
Dependency assembly - System.Net.NetworkInformation.dll
Dependency assembly - VoiceSDK.Runtime.Composer.dll
Dependency assembly - Oculus.Interaction.Samples.dll
Dependency assembly - System.Text.Encoding.dll
Dependency assembly - System.DirectoryServices.Protocols.dll
Dependency assembly - System.Windows.Forms.DataVisualization.dll
Dependency assembly - Microsoft.Win32.Registry.AccessControl.dll
Dependency assembly - System.Numerics.Vectors.dll
Dependency assembly - I18N.MidEast.dll
Dependency assembly - System.Xml.XPath.XDocument.dll
Dependency assembly - Meta.Voice.Opus.dll
Dependency assembly - Unity.InputSystem.dll
Dependency assembly - Unity.WebRTC.dll
Dependency assembly - Unity.VisualScripting.Antlr3.Runtime.dll
Dependency assembly - I18N.CJK.dll
Dependency assembly - I18N.Other.dll
Dependency assembly - System.Collections.dll

DisplayProgressbar: Fetching assembly references
Unloading 260 Unused Serialized files (Serialized files now loaded: 0)
Unloading 2238 unused Assets / (9.9 MB). Loaded Objects now: 13785.
Memory consumption went from 308.4 MB to 298.5 MB.
Total: 17.643400 ms (FindLiveObjects: 0.895600 ms CreateObjectMapping: 0.940400 ms MarkObjects: 13.825300 ms  DeleteObjects: 1.980800 ms)

Unloading 0 Unused Serialized files (Serialized files now loaded: 0)
Unloading 0 unused Assets / (0 B). Loaded Objects now: 13785.
Memory consumption went from 298.5 MB to 298.5 MB.
Total: 14.732100 ms (FindLiveObjects: 0.867600 ms CreateObjectMapping: 0.886000 ms MarkObjects: 12.963000 ms  DeleteObjects: 0.013800 ms)

Unloading 4 Unused Serialized files (Serialized files now loaded: 0)
Unloading 161 unused Assets / (138.8 MB). Loaded Objects now: 13785.
Memory consumption went from 422.6 MB to 283.8 MB.
Total: 29.016700 ms (FindLiveObjects: 0.646300 ms CreateObjectMapping: 0.616400 ms MarkObjects: 14.176300 ms  DeleteObjects: 13.576000 ms)

Compiling shader "Legacy Shaders/Transparent/VertexLit" pass "" (vp)
    Full variant space:         24
    After settings filtering:   24
    After built-in stripping:   12
    After scriptable stripping: 12
    Processed in 0.68 seconds
    starting compilation...
    finished in 0.00 seconds. Local cache hits 12 (0.02s CPU time), remote cache hits 0 (0.00s CPU time), compiled 0 variants (0.00s CPU time), skipped 0 variants
    Prepared data for serialisation in 0.00s
Compiling shader "Legacy Shaders/Transparent/VertexLit" pass "" (vp)
    Full variant space:         8
    After settings filtering:   8
    After built-in stripping:   4
    After scriptable stripping: 4
    Processed in 0.00 seconds
    starting compilation...
    finished in 0.00 seconds. Local cache hits 4 (0.00s CPU time), remote cache hits 0 (0.00s CPU time), compiled 0 variants (0.00s CPU time), skipped 0 variants
    Prepared data for serialisation in 0.00s
Serialized binary data for shader Legacy Shaders/Transparent/VertexLit in 0.00s
    gles3 (total internal programs: 8, unique: 8)
    vulkan (total internal programs: 8, unique: 8)
Compiling shader "Hidden/Imposter_AlphaBlended" pass "" (vp)
    Full variant space:         2
    After settings filtering:   2
    After built-in stripping:   4
    After scriptable stripping: 4
    Processed in 0.00 seconds
    starting compilation...
    finished in 0.00 seconds. Local cache hits 4 (0.00s CPU time), remote cache hits 0 (0.00s CPU time), compiled 0 variants (0.00s CPU time), skipped 0 variants
    Prepared data for serialisation in 0.00s
Serialized binary data for shader Hidden/Imposter_AlphaBlended in 0.00s
    gles3 (total internal programs: 2, unique: 2)
    vulkan (total internal programs: 2, unique: 2)
Compiling shader "Hidden/UnderlayTransparentOccluderImposter" pass "" (vp)
    Full variant space:         2
    After settings filtering:   2
    After built-in stripping:   4
    After scriptable stripping: 4
    Processed in 0.00 seconds
    starting compilation...
    finished in 0.00 seconds. Local cache hits 4 (0.00s CPU time), remote cache hits 0 (0.00s CPU time), compiled 0 variants (0.00s CPU time), skipped 0 variants
    Prepared data for serialisation in 0.00s
Serialized binary data for shader Hidden/UnderlayTransparentOccluderImposter in 0.00s
    gles3 (total internal programs: 2, unique: 2)
    vulkan (total internal programs: 2, unique: 2)
Compiling shader "Hidden/Imposter_AlphaCutout" pass "" (vp)
    Full variant space:         2
    After settings filtering:   2
    After built-in stripping:   4
    After scriptable stripping: 4
    Processed in 0.00 seconds
    starting compilation...
    finished in 0.00 seconds. Local cache hits 4 (0.00s CPU time), remote cache hits 0 (0.00s CPU time), compiled 0 variants (0.00s CPU time), skipped 0 variants
    Prepared data for serialisation in 0.00s
Serialized binary data for shader Hidden/Imposter_AlphaCutout in 0.00s
    gles3 (total internal programs: 2, unique: 2)
    vulkan (total internal programs: 2, unique: 2)
Compiling shader "Hidden/Imposter_AlphaToMask" pass "" (vp)
    Full variant space:         2
    After settings filtering:   2
    After built-in stripping:   4
    After scriptable stripping: 4
    Processed in 0.00 seconds
    starting compilation...
    finished in 0.00 seconds. Local cache hits 4 (0.00s CPU time), remote cache hits 0 (0.00s CPU time), compiled 0 variants (0.00s CPU time), skipped 0 variants
    Prepared data for serialisation in 0.00s
Serialized binary data for shader Hidden/Imposter_AlphaToMask in 0.00s
    gles3 (total internal programs: 2, unique: 2)
    vulkan (total internal programs: 2, unique: 2)
Compiling shader "Oculus/OVRMRCameraFrame" pass "" (vp)
    Full variant space:         2
    After settings filtering:   2
    After built-in stripping:   4
    After scriptable stripping: 4
    Processed in 0.00 seconds
    starting compilation...
    finished in 0.00 seconds. Local cache hits 4 (0.00s CPU time), remote cache hits 0 (0.00s CPU time), compiled 0 variants (0.00s CPU time), skipped 0 variants
    Prepared data for serialisation in 0.00s
Serialized binary data for shader Oculus/OVRMRCameraFrame in 0.00s
    gles3 (total internal programs: 2, unique: 2)
    vulkan (total internal programs: 2, unique: 2)
Compiling shader "Oculus/UnlitTransparent" pass "" (vp)
    Full variant space:         8
    After settings filtering:   8
    After built-in stripping:   4
    After scriptable stripping: 4
    Processed in 0.00 seconds
    starting compilation...
    finished in 0.00 seconds. Local cache hits 4 (0.00s CPU time), remote cache hits 0 (0.00s CPU time), compiled 0 variants (0.00s CPU time), skipped 0 variants
    Prepared data for serialisation in 0.00s
Serialized binary data for shader Oculus/UnlitTransparent in 0.00s
    gles3 (total internal programs: 2, unique: 2)
    vulkan (total internal programs: 2, unique: 2)
Compiling shader "Oculus/Cubemap Blit" pass "" (vp)
    Full variant space:         2
    After settings filtering:   2
    After built-in stripping:   4
    After scriptable stripping: 4
    Processed in 0.00 seconds
    starting compilation...
    finished in 0.00 seconds. Local cache hits 4 (0.00s CPU time), remote cache hits 0 (0.00s CPU time), compiled 0 variants (0.00s CPU time), skipped 0 variants
    Prepared data for serialisation in 0.00s
Serialized binary data for shader Oculus/Cubemap Blit in 0.00s
    gles3 (total internal programs: 2, unique: 2)
    vulkan (total internal programs: 2, unique: 2)
Compiling shader "Meta/EnvironmentDepth/DepthMask" pass "Pass 0" (vp)
    Full variant space:         2
    After settings filtering:   2
    After built-in stripping:   4
    After scriptable stripping: 4
    Processed in 0.00 seconds
    starting compilation...
    finished in 0.00 seconds. Local cache hits 4 (0.00s CPU time), remote cache hits 0 (0.00s CPU time), compiled 0 variants (0.00s CPU time), skipped 0 variants
    Prepared data for serialisation in 0.00s
Compiling shader "Meta/EnvironmentDepth/DepthMask" pass "Pass 1" (vp)
    Full variant space:         2
    After settings filtering:   2
    After built-in stripping:   4
    After scriptable stripping: 4
    Processed in 0.00 seconds
    starting compilation...
    finished in 0.00 seconds. Local cache hits 4 (0.00s CPU time), remote cache hits 0 (0.00s CPU time), compiled 0 variants (0.00s CPU time), skipped 0 variants
    Prepared data for serialisation in 0.00s
Serialized binary data for shader Meta/EnvironmentDepth/DepthMask in 0.00s
    gles3 (total internal programs: 4, unique: 4)
    vulkan (total internal programs: 4, unique: 4)
Compiling shader "Hidden/DepthOverwrite" pass "" (vp)
    Full variant space:         2
    After settings filtering:   2
    After built-in stripping:   4
    After scriptable stripping: 4
    Processed in 0.00 seconds
    starting compilation...
    finished in 0.00 seconds. Local cache hits 4 (0.00s CPU time), remote cache hits 0 (0.00s CPU time), compiled 0 variants (0.00s CPU time), skipped 0 variants
    Prepared data for serialisation in 0.00s
Serialized binary data for shader Hidden/DepthOverwrite in 0.00s
    gles3 (total internal programs: 2, unique: 2)
    vulkan (total internal programs: 2, unique: 2)
Compiling shader "UI/IDF Prerendered" pass "" (vp)
    Full variant space:         4
    After settings filtering:   4
    After built-in stripping:   8
    After scriptable stripping: 8
    Processed in 0.00 seconds
    starting compilation...
    finished in 0.00 seconds. Local cache hits 8 (0.01s CPU time), remote cache hits 0 (0.00s CPU time), compiled 0 variants (0.00s CPU time), skipped 0 variants
    Prepared data for serialisation in 0.00s
Serialized binary data for shader UI/IDF Prerendered in 0.00s
    gles3 (total internal programs: 4, unique: 4)
    vulkan (total internal programs: 4, unique: 4)
Compiling shader "UI/Default (Overlay)" pass "Default" (vp)
    Full variant space:         8
    After settings filtering:   8
    After built-in stripping:   16
    After scriptable stripping: 16
    Processed in 0.00 seconds
    starting compilation...
    finished in 0.00 seconds. Local cache hits 16 (0.02s CPU time), remote cache hits 0 (0.00s CPU time), compiled 0 variants (0.00s CPU time), skipped 0 variants
    Prepared data for serialisation in 0.00s
Serialized binary data for shader UI/Default (Overlay) in 0.00s
    gles3 (total internal programs: 8, unique: 8)
    vulkan (total internal programs: 8, unique: 8)
Compiling shader "Oculus/Unlit" pass "" (vp)
    Full variant space:         8
    After settings filtering:   8
    After built-in stripping:   4
    After scriptable stripping: 4
    Processed in 0.00 seconds
    starting compilation...
    finished in 0.00 seconds. Local cache hits 4 (0.00s CPU time), remote cache hits 0 (0.00s CPU time), compiled 0 variants (0.00s CPU time), skipped 0 variants
    Prepared data for serialisation in 0.00s
Serialized binary data for shader Oculus/Unlit in 0.00s
    gles3 (total internal programs: 2, unique: 2)
    vulkan (total internal programs: 2, unique: 2)
Compiling shader "Oculus/Texture2D Blit" pass "" (vp)
    Full variant space:         2
    After settings filtering:   2
    After built-in stripping:   4
    After scriptable stripping: 4
    Processed in 0.00 seconds
    starting compilation...
    finished in 0.00 seconds. Local cache hits 4 (0.00s CPU time), remote cache hits 0 (0.00s CPU time), compiled 0 variants (0.00s CPU time), skipped 0 variants
    Prepared data for serialisation in 0.00s
Serialized binary data for shader Oculus/Texture2D Blit in 0.00s
    gles3 (total internal programs: 2, unique: 2)
    vulkan (total internal programs: 2, unique: 2)
Compiling shader "Oculus/OVRMRCameraFrameLit" pass "FORWARD" (vp)
    Full variant space:         304
    After settings filtering:   304
    After built-in stripping:   12
    After scriptable stripping: 12
    Processed in 0.00 seconds
    starting compilation...
    finished in 0.00 seconds. Local cache hits 12 (0.01s CPU time), remote cache hits 0 (0.00s CPU time), compiled 0 variants (0.00s CPU time), skipped 0 variants
    Prepared data for serialisation in 0.00s
Compiling shader "Oculus/OVRMRCameraFrameLit" pass "FORWARD" (vp)
    Full variant space:         40
    After settings filtering:   40
    After built-in stripping:   20
    After scriptable stripping: 20
    Processed in 0.00 seconds
    starting compilation...
    finished in 0.00 seconds. Local cache hits 20 (0.03s CPU time), remote cache hits 0 (0.00s CPU time), compiled 0 variants (0.00s CPU time), skipped 0 variants
    Prepared data for serialisation in 0.00s
Serialized binary data for shader Oculus/OVRMRCameraFrameLit in 0.00s
    gles3 (total internal programs: 16, unique: 16)
    vulkan (total internal programs: 16, unique: 16)
Compiling shader "Custom/PolylineUnlit" pass "" (vp)
    Full variant space:         16
    After settings filtering:   16
    After built-in stripping:   16
    After scriptable stripping: 16
    Processed in 0.00 seconds
    starting compilation...
    finished in 0.00 seconds. Local cache hits 16 (0.04s CPU time), remote cache hits 0 (0.00s CPU time), compiled 0 variants (0.00s CPU time), skipped 0 variants
    Prepared data for serialisation in 0.00s
Serialized binary data for shader Custom/PolylineUnlit in 0.00s
    gles3 (total internal programs: 8, unique: 8)
    vulkan (total internal programs: 8, unique: 8)
Compiling shader "Hidden/Imposter_Opaque" pass "" (vp)
    Full variant space:         2
    After settings filtering:   2
    After built-in stripping:   4
    After scriptable stripping: 4
    Processed in 0.00 seconds
    starting compilation...
    finished in 0.00 seconds. Local cache hits 4 (0.00s CPU time), remote cache hits 0 (0.00s CPU time), compiled 0 variants (0.00s CPU time), skipped 0 variants
    Prepared data for serialisation in 0.00s
Serialized binary data for shader Hidden/Imposter_Opaque in 0.00s
    gles3 (total internal programs: 2, unique: 2)
    vulkan (total internal programs: 2, unique: 2)
Compiling shader "Oculus/Unlit Transparent Color" pass "" (vp)
    Full variant space:         2
    After settings filtering:   2
    After built-in stripping:   4
    After scriptable stripping: 4
    Processed in 0.00 seconds
    starting compilation...
    finished in 0.00 seconds. Local cache hits 4 (0.00s CPU time), remote cache hits 0 (0.00s CPU time), compiled 0 variants (0.00s CPU time), skipped 0 variants
    Prepared data for serialisation in 0.00s
Serialized binary data for shader Oculus/Unlit Transparent Color in 0.00s
    gles3 (total internal programs: 2, unique: 2)
    vulkan (total internal programs: 2, unique: 2)
Compiling shader "TextMeshPro/Sprite" pass "Default" (vp)
    Full variant space:         8
    After settings filtering:   8
    After built-in stripping:   16
    After scriptable stripping: 16
    Processed in 0.00 seconds
    starting compilation...
    finished in 0.00 seconds. Local cache hits 16 (0.02s CPU time), remote cache hits 0 (0.00s CPU time), compiled 0 variants (0.00s CPU time), skipped 0 variants
    Prepared data for serialisation in 0.00s
Serialized binary data for shader TextMeshPro/Sprite in 0.00s
    gles3 (total internal programs: 8, unique: 8)
    vulkan (total internal programs: 8, unique: 8)
Compiling shader "Hidden/Imposter_Underlay_AA" pass "" (vp)
    Full variant space:         2
    After settings filtering:   2
    After built-in stripping:   4
    After scriptable stripping: 4
    Processed in 0.00 seconds
    starting compilation...
    finished in 0.00 seconds. Local cache hits 4 (0.00s CPU time), remote cache hits 0 (0.00s CPU time), compiled 0 variants (0.00s CPU time), skipped 0 variants
    Prepared data for serialisation in 0.00s
Serialized binary data for shader Hidden/Imposter_Underlay_AA in 0.00s
    gles3 (total internal programs: 2, unique: 2)
    vulkan (total internal programs: 2, unique: 2)
Compiling shader "Oculus/Underlay Transparent Occluder" pass "" (vp)
    Full variant space:         8
    After settings filtering:   8
    After built-in stripping:   4
    After scriptable stripping: 4
    Processed in 0.00 seconds
    starting compilation...
    finished in 0.00 seconds. Local cache hits 4 (0.00s CPU time), remote cache hits 0 (0.00s CPU time), compiled 0 variants (0.00s CPU time), skipped 0 variants
    Prepared data for serialisation in 0.00s
Compiling shader "Oculus/Underlay Transparent Occluder" pass "FORWARD" (vp)
    Full variant space:         1328
    After settings filtering:   1328
    After built-in stripping:   32
    After scriptable stripping: 32
    Processed in 0.00 seconds
    starting compilation...
    finished in 0.00 seconds. Local cache hits 32 (0.05s CPU time), remote cache hits 0 (0.00s CPU time), compiled 0 variants (0.00s CPU time), skipped 0 variants
    Prepared data for serialisation in 0.00s
Compiling shader "Oculus/Underlay Transparent Occluder" pass "FORWARD" (vp)
    Full variant space:         40
    After settings filtering:   40
    After built-in stripping:   20
    After scriptable stripping: 20
    Processed in 0.00 seconds
    starting compilation...
    finished in 0.00 seconds. Local cache hits 20 (0.02s CPU time), remote cache hits 0 (0.00s CPU time), compiled 0 variants (0.00s CPU time), skipped 0 variants
    Prepared data for serialisation in 0.00s
Compiling shader "Oculus/Underlay Transparent Occluder" pass "DEFERRED" (vp)
    Full variant space:         152
    After settings filtering:   152
    After built-in stripping:   16
    After scriptable stripping: 16
    Processed in 0.00 seconds
    starting compilation...
    finished in 0.00 seconds. Local cache hits 16 (0.03s CPU time), remote cache hits 0 (0.00s CPU time), compiled 0 variants (0.00s CPU time), skipped 0 variants
    Prepared data for serialisation in 0.00s
Serialized binary data for shader Oculus/Underlay Transparent Occluder in 0.00s
    gles3 (total internal programs: 36, unique: 36)
    vulkan (total internal programs: 36, unique: 36)
Compiling compute shader "CopyDepthTexture"
    starting stripping...
    finished in 0.00 seconds. 2 of 2 variants left
    2 variants, starting compilation...
    finished in 0.00 seconds. Local cache hits 2, remote cache hits 0, compiled 0 variants
Compiling shader "Oculus/Underlay Impostor" pass "FORWARD" (vp)
    Full variant space:         1328
    After settings filtering:   1328
    After built-in stripping:   32
    After scriptable stripping: 32
    Processed in 0.00 seconds
    starting compilation...
    finished in 0.00 seconds. Local cache hits 32 (0.05s CPU time), remote cache hits 0 (0.00s CPU time), compiled 0 variants (0.00s CPU time), skipped 0 variants
    Prepared data for serialisation in 0.00s
Compiling shader "Oculus/Underlay Impostor" pass "FORWARD" (vp)
    Full variant space:         376
    After settings filtering:   376
    After built-in stripping:   52
    After scriptable stripping: 52
    Processed in 0.00 seconds
    starting compilation...
    finished in 0.00 seconds. Local cache hits 52 (0.07s CPU time), remote cache hits 0 (0.00s CPU time), compiled 0 variants (0.00s CPU time), skipped 0 variants
    Prepared data for serialisation in 0.00s
Compiling shader "Oculus/Underlay Impostor" pass "DEFERRED" (vp)
    Full variant space:         152
    After settings filtering:   152
    After built-in stripping:   16
    After scriptable stripping: 16
    Processed in 0.00 seconds
    starting compilation...
    finished in 0.00 seconds. Local cache hits 16 (0.02s CPU time), remote cache hits 0 (0.00s CPU time), compiled 0 variants (0.00s CPU time), skipped 0 variants
    Prepared data for serialisation in 0.00s
Serialized binary data for shader Oculus/Underlay Impostor in 0.00s
    gles3 (total internal programs: 50, unique: 50)
    vulkan (total internal programs: 50, unique: 50)
Compiling shader "Hidden/Imposter_Underlay" pass "" (vp)
    Full variant space:         2
    After settings filtering:   2
    After built-in stripping:   4
    After scriptable stripping: 4
    Processed in 0.00 seconds
    starting compilation...
    finished in 0.00 seconds. Local cache hits 4 (0.00s CPU time), remote cache hits 0 (0.00s CPU time), compiled 0 variants (0.00s CPU time), skipped 0 variants
    Prepared data for serialisation in 0.00s
Serialized binary data for shader Hidden/Imposter_Underlay in 0.00s
    gles3 (total internal programs: 2, unique: 2)
    vulkan (total internal programs: 2, unique: 2)
Compiling shader "Meta/EnvironmentDepth/Preprocessing" pass "Environment Depth Preprocessing Pass" (vp)
    Full variant space:         2
    After settings filtering:   2
    After built-in stripping:   4
    After scriptable stripping: 4
    Processed in 0.00 seconds
    starting compilation...
    finished in 0.00 seconds. Local cache hits 4 (0.00s CPU time), remote cache hits 0 (0.00s CPU time), compiled 0 variants (0.00s CPU time), skipped 0 variants
    Prepared data for serialisation in 0.00s
Serialized binary data for shader Meta/EnvironmentDepth/Preprocessing in 0.00s
    gles3 (total internal programs: 2, unique: 2)
    vulkan (total internal programs: 2, unique: 2)
Compiling shader "Hidden/Universal Render Pipeline/Sampling" pass "BoxDownsample" (vp)
    Full variant space:         2
    After settings filtering:   2
    After built-in stripping:   4
    After scriptable stripping: 4
    Processed in 0.00 seconds
    starting compilation...
    finished in 0.00 seconds. Local cache hits 4 (0.00s CPU time), remote cache hits 0 (0.00s CPU time), compiled 0 variants (0.00s CPU time), skipped 0 variants
    Prepared data for serialisation in 0.00s
Serialized binary data for shader Hidden/Universal Render Pipeline/Sampling in 0.00s
    gles3 (total internal programs: 2, unique: 2)
    vulkan (total internal programs: 2, unique: 2)
Compiling shader "Hidden/Universal Render Pipeline/Stop NaN" pass "Stop NaN" (vp)
    Full variant space:         2
    After settings filtering:   2
    After built-in stripping:   4
    After scriptable stripping: 4
    Processed in 0.00 seconds
    starting compilation...
    finished in 0.00 seconds. Local cache hits 4 (0.00s CPU time), remote cache hits 0 (0.00s CPU time), compiled 0 variants (0.00s CPU time), skipped 0 variants
    Prepared data for serialisation in 0.00s
Serialized binary data for shader Hidden/Universal Render Pipeline/Stop NaN in 0.00s
    gles3 (total internal programs: 2, unique: 2)
    vulkan (total internal programs: 2, unique: 2)
Compiling shader "Hidden/CoreSRP/CoreCopy" pass "Copy" (vp)
    Full variant space:         4
    After settings filtering:   4
    After built-in stripping:   8
    After scriptable stripping: 8
    Processed in 0.00 seconds
    starting compilation...
    finished in 0.00 seconds. Local cache hits 8 (0.01s CPU time), remote cache hits 0 (0.00s CPU time), compiled 0 variants (0.00s CPU time), skipped 0 variants
    Prepared data for serialisation in 0.00s
Compiling shader "Hidden/CoreSRP/CoreCopy" pass "CopyMS" (vp)
    Full variant space:         4
    After settings filtering:   4
    After built-in stripping:   8
    After scriptable stripping: 8
    Processed in 0.00 seconds
    starting compilation...
    finished in 0.00 seconds. Local cache hits 8 (0.01s CPU time), remote cache hits 0 (0.00s CPU time), compiled 0 variants (0.00s CPU time), skipped 0 variants
    Prepared data for serialisation in 0.00s
Serialized binary data for shader Hidden/CoreSRP/CoreCopy in 0.00s
    gles3 (total internal programs: 8, unique: 8)
    vulkan (total internal programs: 8, unique: 8)
Compiling shader "Hidden/Universal Render Pipeline/CameraMotionBlur" pass "Camera Motion Blur - Low Quality" (vp)
    Full variant space:         4
    After settings filtering:   2
    After built-in stripping:   4
    After scriptable stripping: 4
    Processed in 0.00 seconds
    starting compilation...
    finished in 0.00 seconds. Local cache hits 4 (0.00s CPU time), remote cache hits 0 (0.00s CPU time), compiled 0 variants (0.00s CPU time), skipped 0 variants
    Prepared data for serialisation in 0.00s
Compiling shader "Hidden/Universal Render Pipeline/CameraMotionBlur" pass "Camera Motion Blur - Medium Quality" (vp)
    Full variant space:         4
    After settings filtering:   2
    After built-in stripping:   4
    After scriptable stripping: 4
    Processed in 0.00 seconds
    starting compilation...
    finished in 0.00 seconds. Local cache hits 4 (0.00s CPU time), remote cache hits 0 (0.00s CPU time), compiled 0 variants (0.00s CPU time), skipped 0 variants
    Prepared data for serialisation in 0.00s
Compiling shader "Hidden/Universal Render Pipeline/CameraMotionBlur" pass "Camera Motion Blur - High Quality" (vp)
    Full variant space:         4
    After settings filtering:   2
    After built-in stripping:   4
    After scriptable stripping: 4
    Processed in 0.00 seconds
    starting compilation...
    finished in 0.00 seconds. Local cache hits 4 (0.00s CPU time), remote cache hits 0 (0.00s CPU time), compiled 0 variants (0.00s CPU time), skipped 0 variants
    Prepared data for serialisation in 0.00s
Compiling shader "Hidden/Universal Render Pipeline/CameraMotionBlur" pass "Camera And Object Motion Blur - Low Quality" (vp)
    Full variant space:         4
    After settings filtering:   2
    After built-in stripping:   4
    After scriptable stripping: 4
    Processed in 0.00 seconds
    starting compilation...
    finished in 0.00 seconds. Local cache hits 4 (0.00s CPU time), remote cache hits 0 (0.00s CPU time), compiled 0 variants (0.00s CPU time), skipped 0 variants
    Prepared data for serialisation in 0.00s
Compiling shader "Hidden/Universal Render Pipeline/CameraMotionBlur" pass "Camera And Object Motion Blur - Medium Quality" (vp)
    Full variant space:         4
    After settings filtering:   2
    After built-in stripping:   4
    After scriptable stripping: 4
    Processed in 0.00 seconds
    starting compilation...
    finished in 0.00 seconds. Local cache hits 4 (0.00s CPU time), remote cache hits 0 (0.00s CPU time), compiled 0 variants (0.00s CPU time), skipped 0 variants
    Prepared data for serialisation in 0.00s
Compiling shader "Hidden/Universal Render Pipeline/CameraMotionBlur" pass "Camera And Object Motion Blur - High Quality" (vp)
    Full variant space:         4
    After settings filtering:   2
    After built-in stripping:   4
    After scriptable stripping: 4
    Processed in 0.00 seconds
    starting compilation...
    finished in 0.00 seconds. Local cache hits 4 (0.00s CPU time), remote cache hits 0 (0.00s CPU time), compiled 0 variants (0.00s CPU time), skipped 0 variants
    Prepared data for serialisation in 0.00s
Serialized binary data for shader Hidden/Universal Render Pipeline/CameraMotionBlur in 0.00s
    gles3 (total internal programs: 12, unique: 12)
    vulkan (total internal programs: 12, unique: 12)
Compiling shader "Hidden/TerrainEngine/Details/UniversalPipeline/BillboardWavingDoublePass" pass "ForwardLit" (vp)
    Full variant space:         122880
    After settings filtering:   512
    After built-in stripping:   8
    After scriptable stripping: 8
    Processed in 0.00 seconds
    starting compilation...
    finished in 0.00 seconds. Local cache hits 8 (0.01s CPU time), remote cache hits 0 (0.00s CPU time), compiled 0 variants (0.00s CPU time), skipped 0 variants
    Prepared data for serialisation in 0.00s
Compiling shader "Hidden/TerrainEngine/Details/UniversalPipeline/BillboardWavingDoublePass" pass "GBuffer" (vp)
    Full variant space:         640
    After settings filtering:   16
    After built-in stripping:   4
    After scriptable stripping: 0
    Processed in 0.00 seconds
    Prepared data for serialisation in 0.00s
Compiling shader "Hidden/TerrainEngine/Details/UniversalPipeline/BillboardWavingDoublePass" pass "DepthOnly" (vp)
    Full variant space:         4
    After settings filtering:   4
    After built-in stripping:   4
    After scriptable stripping: 4
    Processed in 0.00 seconds
    starting compilation...
    finished in 0.00 seconds. Local cache hits 4 (0.00s CPU time), remote cache hits 0 (0.00s CPU time), compiled 0 variants (0.00s CPU time), skipped 0 variants
    Prepared data for serialisation in 0.00s
Compiling shader "Hidden/TerrainEngine/Details/UniversalPipeline/BillboardWavingDoublePass" pass "DepthNormals" (vp)
    Full variant space:         4
    After settings filtering:   4
    After built-in stripping:   4
    After scriptable stripping: 4
    Processed in 0.00 seconds
    starting compilation...
    finished in 0.00 seconds. Local cache hits 4 (0.00s CPU time), remote cache hits 0 (0.00s CPU time), compiled 0 variants (0.00s CPU time), skipped 0 variants
    Prepared data for serialisation in 0.00s
Serialized binary data for shader Hidden/TerrainEngine/Details/UniversalPipeline/BillboardWavingDoublePass in 0.00s
    gles3 (total internal programs: 8, unique: 8)
    vulkan (total internal programs: 8, unique: 8)
Compiling shader "Hidden/Universal Render Pipeline/BokehDepthOfField" pass "Bokeh Depth Of Field CoC" (vp)
    Full variant space:         4
    After settings filtering:   2
    After built-in stripping:   4
    After scriptable stripping: 4
    Processed in 0.00 seconds
    starting compilation...
    finished in 0.00 seconds. Local cache hits 4 (0.00s CPU time), remote cache hits 0 (0.00s CPU time), compiled 0 variants (0.00s CPU time), skipped 0 variants
    Prepared data for serialisation in 0.00s
Compiling shader "Hidden/Universal Render Pipeline/BokehDepthOfField" pass "Bokeh Depth Of Field Prefilter" (vp)
    Full variant space:         4
    After settings filtering:   2
    After built-in stripping:   4
    After scriptable stripping: 4
    Processed in 0.00 seconds
    starting compilation...
    finished in 0.00 seconds. Local cache hits 4 (0.00s CPU time), remote cache hits 0 (0.00s CPU time), compiled 0 variants (0.00s CPU time), skipped 0 variants
    Prepared data for serialisation in 0.00s
Compiling shader "Hidden/Universal Render Pipeline/BokehDepthOfField" pass "Bokeh Depth Of Field Blur" (vp)
    Full variant space:         4
    After settings filtering:   2
    After built-in stripping:   4
    After scriptable stripping: 4
    Processed in 0.00 seconds
    starting compilation...
    finished in 0.00 seconds. Local cache hits 4 (0.00s CPU time), remote cache hits 0 (0.00s CPU time), compiled 0 variants (0.00s CPU time), skipped 0 variants
    Prepared data for serialisation in 0.00s
Compiling shader "Hidden/Universal Render Pipeline/BokehDepthOfField" pass "Bokeh Depth Of Field Post Blur" (vp)
    Full variant space:         4
    After settings filtering:   2
    After built-in stripping:   4
    After scriptable stripping: 4
    Processed in 0.00 seconds
    starting compilation...
    finished in 0.00 seconds. Local cache hits 4 (0.00s CPU time), remote cache hits 0 (0.00s CPU time), compiled 0 variants (0.00s CPU time), skipped 0 variants
    Prepared data for serialisation in 0.00s
Compiling shader "Hidden/Universal Render Pipeline/BokehDepthOfField" pass "Bokeh Depth Of Field Composite" (vp)
    Full variant space:         8
    After settings filtering:   2
    After built-in stripping:   4
    After scriptable stripping: 4
    Processed in 0.00 seconds
    starting compilation...
    finished in 0.00 seconds. Local cache hits 4 (0.00s CPU time), remote cache hits 0 (0.00s CPU time), compiled 0 variants (0.00s CPU time), skipped 0 variants
    Prepared data for serialisation in 0.00s
Compiling shader "Hidden/Universal Render Pipeline/BokehDepthOfField" pass "Bokeh Depth Of Field CoC" (vp)
    Full variant space:         4
    After settings filtering:   2
    After built-in stripping:   4
    After scriptable stripping: 4
    Processed in 0.00 seconds
    starting compilation...
    finished in 0.00 seconds. Local cache hits 4 (0.00s CPU time), remote cache hits 0 (0.00s CPU time), compiled 0 variants (0.00s CPU time), skipped 0 variants
    Prepared data for serialisation in 0.00s
Compiling shader "Hidden/Universal Render Pipeline/BokehDepthOfField" pass "Bokeh Depth Of Field Prefilter" (vp)
    Full variant space:         4
    After settings filtering:   2
    After built-in stripping:   4
    After scriptable stripping: 4
    Processed in 0.00 seconds
    starting compilation...
    finished in 0.00 seconds. Local cache hits 4 (0.00s CPU time), remote cache hits 0 (0.00s CPU time), compiled 0 variants (0.00s CPU time), skipped 0 variants
    Prepared data for serialisation in 0.00s
Compiling shader "Hidden/Universal Render Pipeline/BokehDepthOfField" pass "Bokeh Depth Of Field Blur" (vp)
    Full variant space:         4
    After settings filtering:   2
    After built-in stripping:   4
    After scriptable stripping: 4
    Processed in 0.00 seconds
    starting compilation...
    finished in 0.00 seconds. Local cache hits 4 (0.00s CPU time), remote cache hits 0 (0.00s CPU time), compiled 0 variants (0.00s CPU time), skipped 0 variants
    Prepared data for serialisation in 0.00s
Compiling shader "Hidden/Universal Render Pipeline/BokehDepthOfField" pass "Bokeh Depth Of Field Post Blur" (vp)
    Full variant space:         4
    After settings filtering:   2
    After built-in stripping:   4
    After scriptable stripping: 4
    Processed in 0.00 seconds
    starting compilation...
    finished in 0.00 seconds. Local cache hits 4 (0.00s CPU time), remote cache hits 0 (0.00s CPU time), compiled 0 variants (0.00s CPU time), skipped 0 variants
    Prepared data for serialisation in 0.00s
Compiling shader "Hidden/Universal Render Pipeline/BokehDepthOfField" pass "Bokeh Depth Of Field Composite" (vp)
    Full variant space:         8
    After settings filtering:   2
    After built-in stripping:   4
    After scriptable stripping: 4
    Processed in 0.00 seconds
    starting compilation...
    finished in 0.00 seconds. Local cache hits 4 (0.00s CPU time), remote cache hits 0 (0.00s CPU time), compiled 0 variants (0.00s CPU time), skipped 0 variants
    Prepared data for serialisation in 0.00s
Serialized binary data for shader Hidden/Universal Render Pipeline/BokehDepthOfField in 0.00s
    gles3 (total internal programs: 20, unique: 20)
    vulkan (total internal programs: 20, unique: 12)
Compiling shader "Hidden/Core/FallbackError" pass "" (vp)
    Full variant space:         6
    After settings filtering:   6
    After built-in stripping:   4
    After scriptable stripping: 4
    Processed in 0.00 seconds
    starting compilation...
    finished in 0.00 seconds. Local cache hits 4 (0.00s CPU time), remote cache hits 0 (0.00s CPU time), compiled 0 variants (0.00s CPU time), skipped 0 variants
    Prepared data for serialisation in 0.00s
Serialized binary data for shader Hidden/Core/FallbackError in 0.00s
    gles3 (total internal programs: 2, unique: 2)
    vulkan (total internal programs: 2, unique: 2)
Compiling shader "Hidden/Universal Render Pipeline/XR/XROcclusionMesh" pass "" (vp)
    Full variant space:         4
    After settings filtering:   4
    After built-in stripping:   8
    After scriptable stripping: 8
    Processed in 0.00 seconds
    starting compilation...
    finished in 0.00 seconds. Local cache hits 8 (0.01s CPU time), remote cache hits 0 (0.00s CPU time), compiled 0 variants (0.00s CPU time), skipped 0 variants
    Prepared data for serialisation in 0.00s
Serialized binary data for shader Hidden/Universal Render Pipeline/XR/XROcclusionMesh in 0.00s
    gles3 (total internal programs: 4, unique: 4)
    vulkan (total internal programs: 4, unique: 4)
Compiling shader "Hidden/Universal Render Pipeline/Edge Adaptive Spatial Upsampling" pass "EASU" (vp)
    Full variant space:         4
    After settings filtering:   2
    After built-in stripping:   4
    After scriptable stripping: 4
    Processed in 0.00 seconds
    starting compilation...
    finished in 0.00 seconds. Local cache hits 4 (0.00s CPU time), remote cache hits 0 (0.00s CPU time), compiled 0 variants (0.00s CPU time), skipped 0 variants
    Prepared data for serialisation in 0.00s
Serialized binary data for shader Hidden/Universal Render Pipeline/Edge Adaptive Spatial Upsampling in 0.00s
    gles3 (total internal programs: 2, unique: 2)
    vulkan (total internal programs: 2, unique: 2)
Compiling shader "Hidden/Universal/HDRDebugView" pass "" (vp)
    Full variant space:         8
    After settings filtering:   2
    After built-in stripping:   4
    After scriptable stripping: 4
    Processed in 0.00 seconds
    starting compilation...
    finished in 0.00 seconds. Local cache hits 4 (0.00s CPU time), remote cache hits 0 (0.00s CPU time), compiled 0 variants (0.00s CPU time), skipped 0 variants
    Prepared data for serialisation in 0.00s
Compiling shader "Hidden/Universal/HDRDebugView" pass "" (vp)
    Full variant space:         8
    After settings filtering:   2
    After built-in stripping:   4
    After scriptable stripping: 4
    Processed in 0.00 seconds
    starting compilation...
    finished in 0.00 seconds. Local cache hits 4 (0.00s CPU time), remote cache hits 0 (0.00s CPU time), compiled 0 variants (0.00s CPU time), skipped 0 variants
    Prepared data for serialisation in 0.00s
Serialized binary data for shader Hidden/Universal/HDRDebugView in 0.00s
    gles3 (total internal programs: 4, unique: 4)
    vulkan (total internal programs: 4, unique: 4)
Compiling shader "Hidden/Universal Render Pipeline/GaussianDepthOfField" pass "Gaussian Depth Of Field CoC" (vp)
    Full variant space:         2
    After settings filtering:   2
    After built-in stripping:   4
    After scriptable stripping: 4
    Processed in 0.00 seconds
    starting compilation...
    finished in 0.00 seconds. Local cache hits 4 (0.00s CPU time), remote cache hits 0 (0.00s CPU time), compiled 0 variants (0.00s CPU time), skipped 0 variants
    Prepared data for serialisation in 0.00s
Compiling shader "Hidden/Universal Render Pipeline/GaussianDepthOfField" pass "Gaussian Depth Of Field Prefilter" (vp)
    Full variant space:         8
    After settings filtering:   4
    After built-in stripping:   8
    After scriptable stripping: 8
    Processed in 0.00 seconds
    starting compilation...
    finished in 0.00 seconds. Local cache hits 8 (0.01s CPU time), remote cache hits 0 (0.00s CPU time), compiled 0 variants (0.00s CPU time), skipped 0 variants
    Prepared data for serialisation in 0.00s
Compiling shader "Hidden/Universal Render Pipeline/GaussianDepthOfField" pass "Gaussian Depth Of Field Blur Horizontal" (vp)
    Full variant space:         4
    After settings filtering:   2
    After built-in stripping:   4
    After scriptable stripping: 4
    Processed in 0.00 seconds
    starting compilation...
    finished in 0.00 seconds. Local cache hits 4 (0.00s CPU time), remote cache hits 0 (0.00s CPU time), compiled 0 variants (0.00s CPU time), skipped 0 variants
    Prepared data for serialisation in 0.00s
Compiling shader "Hidden/Universal Render Pipeline/GaussianDepthOfField" pass "Gaussian Depth Of Field Blur Vertical" (vp)
    Full variant space:         4
    After settings filtering:   2
    After built-in stripping:   4
    After scriptable stripping: 4
    Processed in 0.00 seconds
    starting compilation...
    finished in 0.00 seconds. Local cache hits 4 (0.00s CPU time), remote cache hits 0 (0.00s CPU time), compiled 0 variants (0.00s CPU time), skipped 0 variants
    Prepared data for serialisation in 0.00s
Compiling shader "Hidden/Universal Render Pipeline/GaussianDepthOfField" pass "Gaussian Depth Of Field Composite" (vp)
    Full variant space:         8
    After settings filtering:   4
    After built-in stripping:   8
    After scriptable stripping: 8
    Processed in 0.00 seconds
    starting compilation...
    finished in 0.00 seconds. Local cache hits 8 (0.01s CPU time), remote cache hits 0 (0.00s CPU time), compiled 0 variants (0.00s CPU time), skipped 0 variants
    Prepared data for serialisation in 0.00s
Serialized binary data for shader Hidden/Universal Render Pipeline/GaussianDepthOfField in 0.00s
    gles3 (total internal programs: 14, unique: 14)
    vulkan (total internal programs: 14, unique: 14)
Compiling shader "Hidden/Universal Render Pipeline/Bloom" pass "Bloom Prefilter" (vp)
    Full variant space:         8
    After settings filtering:   4
    After built-in stripping:   8
    After scriptable stripping: 8
    Processed in 0.00 seconds
    starting compilation...
    finished in 0.00 seconds. Local cache hits 8 (0.01s CPU time), remote cache hits 0 (0.00s CPU time), compiled 0 variants (0.00s CPU time), skipped 0 variants
    Prepared data for serialisation in 0.00s
Compiling shader "Hidden/Universal Render Pipeline/Bloom" pass "Bloom Blur Horizontal" (vp)
    Full variant space:         2
    After settings filtering:   2
    After built-in stripping:   4
    After scriptable stripping: 4
    Processed in 0.00 seconds
    starting compilation...
    finished in 0.00 seconds. Local cache hits 4 (0.00s CPU time), remote cache hits 0 (0.00s CPU time), compiled 0 variants (0.00s CPU time), skipped 0 variants
    Prepared data for serialisation in 0.00s
Compiling shader "Hidden/Universal Render Pipeline/Bloom" pass "Bloom Blur Vertical" (vp)
    Full variant space:         2
    After settings filtering:   2
    After built-in stripping:   4
    After scriptable stripping: 4
    Processed in 0.00 seconds
    starting compilation...
    finished in 0.00 seconds. Local cache hits 4 (0.00s CPU time), remote cache hits 0 (0.00s CPU time), compiled 0 variants (0.00s CPU time), skipped 0 variants
    Prepared data for serialisation in 0.00s
Compiling shader "Hidden/Universal Render Pipeline/Bloom" pass "Bloom Upsample" (vp)
    Full variant space:         4
    After settings filtering:   4
    After built-in stripping:   8
    After scriptable stripping: 8
    Processed in 0.00 seconds
    starting compilation...
    finished in 0.00 seconds. Local cache hits 8 (0.01s CPU time), remote cache hits 0 (0.00s CPU time), compiled 0 variants (0.00s CPU time), skipped 0 variants
    Prepared data for serialisation in 0.00s
Serialized binary data for shader Hidden/Universal Render Pipeline/Bloom in 0.00s
    gles3 (total internal programs: 12, unique: 12)
    vulkan (total internal programs: 12, unique: 12)
Compiling shader "Hidden/Universal Render Pipeline/SubpixelMorphologicalAntialiasing" pass "" (vp)
    Full variant space:         6
    After settings filtering:   6
    After built-in stripping:   12
    After scriptable stripping: 12
    Processed in 0.00 seconds
    starting compilation...
    finished in 0.00 seconds. Local cache hits 12 (0.01s CPU time), remote cache hits 0 (0.00s CPU time), compiled 0 variants (0.00s CPU time), skipped 0 variants
    Prepared data for serialisation in 0.00s
Compiling shader "Hidden/Universal Render Pipeline/SubpixelMorphologicalAntialiasing" pass "" (vp)
    Full variant space:         6
    After settings filtering:   6
    After built-in stripping:   12
    After scriptable stripping: 12
    Processed in 0.00 seconds
    starting compilation...
    finished in 0.00 seconds. Local cache hits 12 (0.02s CPU time), remote cache hits 0 (0.00s CPU time), compiled 0 variants (0.00s CPU time), skipped 0 variants
    Prepared data for serialisation in 0.00s
Compiling shader "Hidden/Universal Render Pipeline/SubpixelMorphologicalAntialiasing" pass "" (vp)
    Full variant space:         6
    After settings filtering:   6
    After built-in stripping:   12
    After scriptable stripping: 12
    Processed in 0.00 seconds
    starting compilation...
    finished in 0.00 seconds. Local cache hits 12 (0.01s CPU time), remote cache hits 0 (0.00s CPU time), compiled 0 variants (0.00s CPU time), skipped 0 variants
    Prepared data for serialisation in 0.00s
Serialized binary data for shader Hidden/Universal Render Pipeline/SubpixelMorphologicalAntialiasing in 0.00s
    gles3 (total internal programs: 18, unique: 18)
    vulkan (total internal programs: 18, unique: 18)
Compiling shader "Hidden/Universal Render Pipeline/LutBuilderLdr" pass "LutBuilderLdr" (vp)
    Full variant space:         2
    After settings filtering:   2
    After built-in stripping:   4
    After scriptable stripping: 4
    Processed in 0.00 seconds
    starting compilation...
    finished in 0.00 seconds. Local cache hits 4 (0.00s CPU time), remote cache hits 0 (0.00s CPU time), compiled 0 variants (0.00s CPU time), skipped 0 variants
    Prepared data for serialisation in 0.00s
Serialized binary data for shader Hidden/Universal Render Pipeline/LutBuilderLdr in 0.00s
    gles3 (total internal programs: 2, unique: 2)
    vulkan (total internal programs: 2, unique: 2)
Compiling shader "Hidden/Universal Render Pipeline/LensFlareDataDriven" pass "LensFlareAdditive" (vp)
    Full variant space:         16
    After settings filtering:   16
    After built-in stripping:   32
    After scriptable stripping: 32
    Processed in 0.00 seconds
    starting compilation...
    finished in 0.00 seconds. Local cache hits 32 (0.04s CPU time), remote cache hits 0 (0.00s CPU time), compiled 0 variants (0.00s CPU time), skipped 0 variants
    Prepared data for serialisation in 0.00s
Compiling shader "Hidden/Universal Render Pipeline/LensFlareDataDriven" pass "LensFlareScreen" (vp)
    Full variant space:         16
    After settings filtering:   16
    After built-in stripping:   32
    After scriptable stripping: 32
    Processed in 0.00 seconds
    starting compilation...
    finished in 0.00 seconds. Local cache hits 32 (0.04s CPU time), remote cache hits 0 (0.00s CPU time), compiled 0 variants (0.00s CPU time), skipped 0 variants
    Prepared data for serialisation in 0.00s
Compiling shader "Hidden/Universal Render Pipeline/LensFlareDataDriven" pass "LensFlarePremultiply" (vp)
    Full variant space:         16
    After settings filtering:   16
    After built-in stripping:   32
    After scriptable stripping: 32
    Processed in 0.00 seconds
    starting compilation...
    finished in 0.00 seconds. Local cache hits 32 (0.05s CPU time), remote cache hits 0 (0.00s CPU time), compiled 0 variants (0.00s CPU time), skipped 0 variants
    Prepared data for serialisation in 0.00s
Compiling shader "Hidden/Universal Render Pipeline/LensFlareDataDriven" pass "LensFlareLerp" (vp)
    Full variant space:         16
    After settings filtering:   16
    After built-in stripping:   32
    After scriptable stripping: 32
    Processed in 0.00 seconds
    starting compilation...
    finished in 0.00 seconds. Local cache hits 32 (0.05s CPU time), remote cache hits 0 (0.00s CPU time), compiled 0 variants (0.00s CPU time), skipped 0 variants
    Prepared data for serialisation in 0.00s
Compiling shader "Hidden/Universal Render Pipeline/LensFlareDataDriven" pass "LensFlareOcclusion" (vp)
    Full variant space:         2
    After settings filtering:   2
    After built-in stripping:   4
    After scriptable stripping: 4
    Processed in 0.00 seconds
    starting compilation...
    finished in 0.00 seconds. Local cache hits 4 (0.00s CPU time), remote cache hits 0 (0.00s CPU time), compiled 0 variants (0.00s CPU time), skipped 0 variants
    Prepared data for serialisation in 0.00s
Serialized binary data for shader Hidden/Universal Render Pipeline/LensFlareDataDriven in 0.00s
    gles3 (total internal programs: 66, unique: 34)
    vulkan (total internal programs: 66, unique: 34)
Compiling shader "Hidden/Universal Render Pipeline/LensFlareScreenSpace" pass "LensFlareScreenSpac Prefilter" (vp)
    Full variant space:         2
    After settings filtering:   2
    After built-in stripping:   4
    After scriptable stripping: 4
    Processed in 0.00 seconds
    starting compilation...
    finished in 0.00 seconds. Local cache hits 4 (0.00s CPU time), remote cache hits 0 (0.00s CPU time), compiled 0 variants (0.00s CPU time), skipped 0 variants
    Prepared data for serialisation in 0.00s
Compiling shader "Hidden/Universal Render Pipeline/LensFlareScreenSpace" pass "LensFlareScreenSpace Downsample" (vp)
    Full variant space:         2
    After settings filtering:   2
    After built-in stripping:   4
    After scriptable stripping: 4
    Processed in 0.00 seconds
    starting compilation...
    finished in 0.00 seconds. Local cache hits 4 (0.00s CPU time), remote cache hits 0 (0.00s CPU time), compiled 0 variants (0.00s CPU time), skipped 0 variants
    Prepared data for serialisation in 0.00s
Compiling shader "Hidden/Universal Render Pipeline/LensFlareScreenSpace" pass "LensFlareScreenSpace Upsample" (vp)
    Full variant space:         2
    After settings filtering:   2
    After built-in stripping:   4
    After scriptable stripping: 4
    Processed in 0.00 seconds
    starting compilation...
    finished in 0.00 seconds. Local cache hits 4 (0.00s CPU time), remote cache hits 0 (0.00s CPU time), compiled 0 variants (0.00s CPU time), skipped 0 variants
    Prepared data for serialisation in 0.00s
Compiling shader "Hidden/Universal Render Pipeline/LensFlareScreenSpace" pass "LensFlareScreenSpace Composition" (vp)
    Full variant space:         2
    After settings filtering:   2
    After built-in stripping:   4
    After scriptable stripping: 4
    Processed in 0.00 seconds
    starting compilation...
    finished in 0.00 seconds. Local cache hits 4 (0.00s CPU time), remote cache hits 0 (0.00s CPU time), compiled 0 variants (0.00s CPU time), skipped 0 variants
    Prepared data for serialisation in 0.00s
Compiling shader "Hidden/Universal Render Pipeline/LensFlareScreenSpace" pass "LensFlareScreenSpace Write to BloomTexture" (vp)
    Full variant space:         2
    After settings filtering:   2
    After built-in stripping:   4
    After scriptable stripping: 4
    Processed in 0.00 seconds
    starting compilation...
    finished in 0.00 seconds. Local cache hits 4 (0.00s CPU time), remote cache hits 0 (0.00s CPU time), compiled 0 variants (0.00s CPU time), skipped 0 variants
    Prepared data for serialisation in 0.00s
Serialized binary data for shader Hidden/Universal Render Pipeline/LensFlareScreenSpace in 0.00s
    gles3 (total internal programs: 10, unique: 10)
    vulkan (total internal programs: 10, unique: 10)
Compiling shader "Hidden/Universal/CoreBlit" pass "Nearest" (vp)
    Full variant space:         2
    After settings filtering:   2
    After built-in stripping:   4
    After scriptable stripping: 4
    Processed in 0.00 seconds
    starting compilation...
    finished in 0.00 seconds. Local cache hits 4 (0.00s CPU time), remote cache hits 0 (0.00s CPU time), compiled 0 variants (0.00s CPU time), skipped 0 variants
    Prepared data for serialisation in 0.00s
Compiling shader "Hidden/Universal/CoreBlit" pass "Bilinear" (vp)
    Full variant space:         2
    After settings filtering:   2
    After built-in stripping:   4
    After scriptable stripping: 4
    Processed in 0.00 seconds
    starting compilation...
    finished in 0.00 seconds. Local cache hits 4 (0.00s CPU time), remote cache hits 0 (0.00s CPU time), compiled 0 variants (0.00s CPU time), skipped 0 variants
    Prepared data for serialisation in 0.00s
Compiling shader "Hidden/Universal/CoreBlit" pass "NearestQuad" (vp)
    Full variant space:         2
    After settings filtering:   2
    After built-in stripping:   4
    After scriptable stripping: 4
    Processed in 0.00 seconds
    starting compilation...
    finished in 0.00 seconds. Local cache hits 4 (0.00s CPU time), remote cache hits 0 (0.00s CPU time), compiled 0 variants (0.00s CPU time), skipped 0 variants
    Prepared data for serialisation in 0.00s
Compiling shader "Hidden/Universal/CoreBlit" pass "BilinearQuad" (vp)
    Full variant space:         2
    After settings filtering:   2
    After built-in stripping:   4
    After scriptable stripping: 4
    Processed in 0.00 seconds
    starting compilation...
    finished in 0.00 seconds. Local cache hits 4 (0.00s CPU time), remote cache hits 0 (0.00s CPU time), compiled 0 variants (0.00s CPU time), skipped 0 variants
    Prepared data for serialisation in 0.00s
Compiling shader "Hidden/Universal/CoreBlit" pass "NearestQuadPadding" (vp)
    Full variant space:         2
    After settings filtering:   2
    After built-in stripping:   4
    After scriptable stripping: 4
    Processed in 0.00 seconds
    starting compilation...
    finished in 0.00 seconds. Local cache hits 4 (0.00s CPU time), remote cache hits 0 (0.00s CPU time), compiled 0 variants (0.00s CPU time), skipped 0 variants
    Prepared data for serialisation in 0.00s
Compiling shader "Hidden/Universal/CoreBlit" pass "BilinearQuadPadding" (vp)
    Full variant space:         2
    After settings filtering:   2
    After built-in stripping:   4
    After scriptable stripping: 4
    Processed in 0.00 seconds
    starting compilation...
    finished in 0.00 seconds. Local cache hits 4 (0.00s CPU time), remote cache hits 0 (0.00s CPU time), compiled 0 variants (0.00s CPU time), skipped 0 variants
    Prepared data for serialisation in 0.00s
Compiling shader "Hidden/Universal/CoreBlit" pass "NearestQuadPaddingRepeat" (vp)
    Full variant space:         2
    After settings filtering:   2
    After built-in stripping:   4
    After scriptable stripping: 4
    Processed in 0.00 seconds
    starting compilation...
    finished in 0.00 seconds. Local cache hits 4 (0.00s CPU time), remote cache hits 0 (0.00s CPU time), compiled 0 variants (0.00s CPU time), skipped 0 variants
    Prepared data for serialisation in 0.00s
Compiling shader "Hidden/Universal/CoreBlit" pass "BilinearQuadPaddingRepeat" (vp)
    Full variant space:         2
    After settings filtering:   2
    After built-in stripping:   4
    After scriptable stripping: 4
    Processed in 0.00 seconds
    starting compilation...
    finished in 0.00 seconds. Local cache hits 4 (0.00s CPU time), remote cache hits 0 (0.00s CPU time), compiled 0 variants (0.00s CPU time), skipped 0 variants
    Prepared data for serialisation in 0.00s
Compiling shader "Hidden/Universal/CoreBlit" pass "BilinearQuadPaddingOctahedral" (vp)
    Full variant space:         2
    After settings filtering:   2
    After built-in stripping:   4
    After scriptable stripping: 4
    Processed in 0.00 seconds
    starting compilation...
    finished in 0.00 seconds. Local cache hits 4 (0.00s CPU time), remote cache hits 0 (0.00s CPU time), compiled 0 variants (0.00s CPU time), skipped 0 variants
    Prepared data for serialisation in 0.00s
Compiling shader "Hidden/Universal/CoreBlit" pass "NearestQuadPaddingAlphaBlend" (vp)
    Full variant space:         2
    After settings filtering:   2
    After built-in stripping:   4
    After scriptable stripping: 4
    Processed in 0.00 seconds
    starting compilation...
    finished in 0.00 seconds. Local cache hits 4 (0.00s CPU time), remote cache hits 0 (0.00s CPU time), compiled 0 variants (0.00s CPU time), skipped 0 variants
    Prepared data for serialisation in 0.00s
Compiling shader "Hidden/Universal/CoreBlit" pass "BilinearQuadPaddingAlphaBlend" (vp)
    Full variant space:         2
    After settings filtering:   2
    After built-in stripping:   4
    After scriptable stripping: 4
    Processed in 0.00 seconds
    starting compilation...
    finished in 0.00 seconds. Local cache hits 4 (0.00s CPU time), remote cache hits 0 (0.00s CPU time), compiled 0 variants (0.00s CPU time), skipped 0 variants
    Prepared data for serialisation in 0.00s
Compiling shader "Hidden/Universal/CoreBlit" pass "NearestQuadPaddingAlphaBlendRepeat" (vp)
    Full variant space:         2
    After settings filtering:   2
    After built-in stripping:   4
    After scriptable stripping: 4
    Processed in 0.00 seconds
    starting compilation...
    finished in 0.00 seconds. Local cache hits 4 (0.00s CPU time), remote cache hits 0 (0.00s CPU time), compiled 0 variants (0.00s CPU time), skipped 0 variants
    Prepared data for serialisation in 0.00s
Compiling shader "Hidden/Universal/CoreBlit" pass "BilinearQuadPaddingAlphaBlendRepeat" (vp)
    Full variant space:         2
    After settings filtering:   2
    After built-in stripping:   4
    After scriptable stripping: 4
    Processed in 0.00 seconds
    starting compilation...
    finished in 0.00 seconds. Local cache hits 4 (0.00s CPU time), remote cache hits 0 (0.00s CPU time), compiled 0 variants (0.00s CPU time), skipped 0 variants
    Prepared data for serialisation in 0.00s
Compiling shader "Hidden/Universal/CoreBlit" pass "BilinearQuadPaddingAlphaBlendOctahedral" (vp)
    Full variant space:         2
    After settings filtering:   2
    After built-in stripping:   4
    After scriptable stripping: 4
    Processed in 0.00 seconds
    starting compilation...
    finished in 0.00 seconds. Local cache hits 4 (0.00s CPU time), remote cache hits 0 (0.00s CPU time), compiled 0 variants (0.00s CPU time), skipped 0 variants
    Prepared data for serialisation in 0.00s
Compiling shader "Hidden/Universal/CoreBlit" pass "CubeToOctahedral" (vp)
    Full variant space:         2
    After settings filtering:   2
    After built-in stripping:   4
    After scriptable stripping: 4
    Processed in 0.00 seconds
    starting compilation...
    finished in 0.00 seconds. Local cache hits 4 (0.00s CPU time), remote cache hits 0 (0.00s CPU time), compiled 0 variants (0.00s CPU time), skipped 0 variants
    Prepared data for serialisation in 0.00s
Compiling shader "Hidden/Universal/CoreBlit" pass "CubeToOctahedralLuminance" (vp)
    Full variant space:         2
    After settings filtering:   2
    After built-in stripping:   4
    After scriptable stripping: 4
    Processed in 0.00 seconds
    starting compilation...
    finished in 0.00 seconds. Local cache hits 4 (0.00s CPU time), remote cache hits 0 (0.00s CPU time), compiled 0 variants (0.00s CPU time), skipped 0 variants
    Prepared data for serialisation in 0.00s
Compiling shader "Hidden/Universal/CoreBlit" pass "CubeToOctahedralAlpha" (vp)
    Full variant space:         2
    After settings filtering:   2
    After built-in stripping:   4
    After scriptable stripping: 4
    Processed in 0.00 seconds
    starting compilation...
    finished in 0.00 seconds. Local cache hits 4 (0.00s CPU time), remote cache hits 0 (0.00s CPU time), compiled 0 variants (0.00s CPU time), skipped 0 variants
    Prepared data for serialisation in 0.00s
Compiling shader "Hidden/Universal/CoreBlit" pass "CubeToOctahedralRed" (vp)
    Full variant space:         2
    After settings filtering:   2
    After built-in stripping:   4
    After scriptable stripping: 4
    Processed in 0.00 seconds
    starting compilation...
    finished in 0.00 seconds. Local cache hits 4 (0.00s CPU time), remote cache hits 0 (0.00s CPU time), compiled 0 variants (0.00s CPU time), skipped 0 variants
    Prepared data for serialisation in 0.00s
Compiling shader "Hidden/Universal/CoreBlit" pass "BilinearQuadLuminance" (vp)
    Full variant space:         2
    After settings filtering:   2
    After built-in stripping:   4
    After scriptable stripping: 4
    Processed in 0.00 seconds
    starting compilation...
    finished in 0.00 seconds. Local cache hits 4 (0.00s CPU time), remote cache hits 0 (0.00s CPU time), compiled 0 variants (0.00s CPU time), skipped 0 variants
    Prepared data for serialisation in 0.00s
Compiling shader "Hidden/Universal/CoreBlit" pass "BilinearQuadAlpha" (vp)
    Full variant space:         2
    After settings filtering:   2
    After built-in stripping:   4
    After scriptable stripping: 4
    Processed in 0.00 seconds
    starting compilation...
    finished in 0.00 seconds. Local cache hits 4 (0.00s CPU time), remote cache hits 0 (0.00s CPU time), compiled 0 variants (0.00s CPU time), skipped 0 variants
    Prepared data for serialisation in 0.00s
Compiling shader "Hidden/Universal/CoreBlit" pass "BilinearQuadRed" (vp)
    Full variant space:         2
    After settings filtering:   2
    After built-in stripping:   4
    After scriptable stripping: 4
    Processed in 0.00 seconds
    starting compilation...
    finished in 0.00 seconds. Local cache hits 4 (0.00s CPU time), remote cache hits 0 (0.00s CPU time), compiled 0 variants (0.00s CPU time), skipped 0 variants
    Prepared data for serialisation in 0.00s
Compiling shader "Hidden/Universal/CoreBlit" pass "NearestCubeToOctahedralPadding" (vp)
    Full variant space:         4
    After settings filtering:   4
    After built-in stripping:   8
    After scriptable stripping: 8
    Processed in 0.00 seconds
    starting compilation...
    finished in 0.00 seconds. Local cache hits 8 (0.01s CPU time), remote cache hits 0 (0.00s CPU time), compiled 0 variants (0.00s CPU time), skipped 0 variants
    Prepared data for serialisation in 0.00s
Compiling shader "Hidden/Universal/CoreBlit" pass "BilinearCubeToOctahedralPadding" (vp)
    Full variant space:         4
    After settings filtering:   4
    After built-in stripping:   8
    After scriptable stripping: 8
    Processed in 0.00 seconds
    starting compilation...
    finished in 0.00 seconds. Local cache hits 8 (0.01s CPU time), remote cache hits 0 (0.00s CPU time), compiled 0 variants (0.00s CPU time), skipped 0 variants
    Prepared data for serialisation in 0.00s
Compiling shader "Hidden/Universal/CoreBlit" pass "BilinearDebugDraw" (vp)
    Full variant space:         8
    After settings filtering:   4
    After built-in stripping:   8
    After scriptable stripping: 8
    Processed in 0.00 seconds
    starting compilation...
    finished in 0.00 seconds. Local cache hits 8 (0.01s CPU time), remote cache hits 0 (0.00s CPU time), compiled 0 variants (0.00s CPU time), skipped 0 variants
    Prepared data for serialisation in 0.00s
Compiling shader "Hidden/Universal/CoreBlit" pass "NearestDebugDraw" (vp)
    Full variant space:         8
    After settings filtering:   4
    After built-in stripping:   8
    After scriptable stripping: 8
    Processed in 0.00 seconds
    starting compilation...
    finished in 0.00 seconds. Local cache hits 8 (0.01s CPU time), remote cache hits 0 (0.00s CPU time), compiled 0 variants (0.00s CPU time), skipped 0 variants
    Prepared data for serialisation in 0.00s
Serialized binary data for shader Hidden/Universal/CoreBlit in 0.00s
    gles3 (total internal programs: 58, unique: 30)
    vulkan (total internal programs: 58, unique: 48)
Compiling shader "Hidden/Universal Render Pipeline/TemporalAA" pass "TemporalAA - Accumulate - Quality Very Low" (vp)
    Full variant space:         4
    After settings filtering:   2
    After built-in stripping:   4
    After scriptable stripping: 4
    Processed in 0.00 seconds
    starting compilation...
    finished in 0.00 seconds. Local cache hits 4 (0.00s CPU time), remote cache hits 0 (0.00s CPU time), compiled 0 variants (0.00s CPU time), skipped 0 variants
    Prepared data for serialisation in 0.00s
Compiling shader "Hidden/Universal Render Pipeline/TemporalAA" pass "TemporalAA - Accumulate - Quality Low" (vp)
    Full variant space:         4
    After settings filtering:   2
    After built-in stripping:   4
    After scriptable stripping: 4
    Processed in 0.00 seconds
    starting compilation...
    finished in 0.00 seconds. Local cache hits 4 (0.00s CPU time), remote cache hits 0 (0.00s CPU time), compiled 0 variants (0.00s CPU time), skipped 0 variants
    Prepared data for serialisation in 0.00s
Compiling shader "Hidden/Universal Render Pipeline/TemporalAA" pass "TemporalAA - Accumulate - Quality Medium" (vp)
    Full variant space:         4
    After settings filtering:   2
    After built-in stripping:   4
    After scriptable stripping: 4
    Processed in 0.00 seconds
    starting compilation...
    finished in 0.00 seconds. Local cache hits 4 (0.00s CPU time), remote cache hits 0 (0.00s CPU time), compiled 0 variants (0.00s CPU time), skipped 0 variants
    Prepared data for serialisation in 0.00s
Compiling shader "Hidden/Universal Render Pipeline/TemporalAA" pass "TemporalAA - Accumulate - Quality High" (vp)
    Full variant space:         4
    After settings filtering:   2
    After built-in stripping:   4
    After scriptable stripping: 4
    Processed in 0.00 seconds
    starting compilation...
    finished in 0.00 seconds. Local cache hits 4 (0.00s CPU time), remote cache hits 0 (0.00s CPU time), compiled 0 variants (0.00s CPU time), skipped 0 variants
    Prepared data for serialisation in 0.00s
Compiling shader "Hidden/Universal Render Pipeline/TemporalAA" pass "TemporalAA - Accumulate - Quality Very High" (vp)
    Full variant space:         8
    After settings filtering:   4
    After built-in stripping:   8
    After scriptable stripping: 8
    Processed in 0.00 seconds
    starting compilation...
    finished in 0.00 seconds. Local cache hits 8 (0.01s CPU time), remote cache hits 0 (0.00s CPU time), compiled 0 variants (0.00s CPU time), skipped 0 variants
    Prepared data for serialisation in 0.00s
Compiling shader "Hidden/Universal Render Pipeline/TemporalAA" pass "TemporalAA - Copy History" (vp)
    Full variant space:         4
    After settings filtering:   2
    After built-in stripping:   4
    After scriptable stripping: 4
    Processed in 0.00 seconds
    starting compilation...
    finished in 0.00 seconds. Local cache hits 4 (0.00s CPU time), remote cache hits 0 (0.00s CPU time), compiled 0 variants (0.00s CPU time), skipped 0 variants
    Prepared data for serialisation in 0.00s
Serialized binary data for shader Hidden/Universal Render Pipeline/TemporalAA in 0.00s
    gles3 (total internal programs: 14, unique: 14)
    vulkan (total internal programs: 14, unique: 14)
Compiling shader "Hidden/Universal Render Pipeline/PaniniProjection" pass "Panini Projection" (vp)
    Full variant space:         4
    After settings filtering:   4
    After built-in stripping:   8
    After scriptable stripping: 8
    Processed in 0.00 seconds
    starting compilation...
    finished in 0.00 seconds. Local cache hits 8 (0.01s CPU time), remote cache hits 0 (0.00s CPU time), compiled 0 variants (0.00s CPU time), skipped 0 variants
    Prepared data for serialisation in 0.00s
Serialized binary data for shader Hidden/Universal Render Pipeline/PaniniProjection in 0.00s
    gles3 (total internal programs: 4, unique: 4)
    vulkan (total internal programs: 4, unique: 4)
Compiling shader "Hidden/Universal/BlitHDROverlay" pass "BilinearDebugDraw" (vp)
    Full variant space:         16
    After settings filtering:   2
    After built-in stripping:   4
    After scriptable stripping: 0
    Processed in 0.00 seconds
    Prepared data for serialisation in 0.00s
Compiling shader "Hidden/Universal/BlitHDROverlay" pass "NearestDebugDraw" (vp)
    Full variant space:         16
    After settings filtering:   2
    After built-in stripping:   4
    After scriptable stripping: 0
    Processed in 0.00 seconds
    Prepared data for serialisation in 0.00s
Serialized binary data for shader Hidden/Universal/BlitHDROverlay in 0.00s
    gles3 (total internal programs: 0, unique: 0)
    vulkan (total internal programs: 0, unique: 0)
Compiling shader "Hidden/Universal Render Pipeline/FinalPost" pass "FinalPost" (vp)
    Full variant space:         5120
    After settings filtering:   128
    After built-in stripping:   256
    After scriptable stripping: 192
    Processed in 0.00 seconds
    starting compilation...
    finished in 0.02 seconds. Local cache hits 192 (0.25s CPU time), remote cache hits 0 (0.00s CPU time), compiled 0 variants (0.00s CPU time), skipped 0 variants
    Prepared data for serialisation in 0.00s
Compiling shader "Hidden/Universal Render Pipeline/FinalPost" pass "FinalPost" (vp)
    Full variant space:         5120
    After settings filtering:   128
    After built-in stripping:   256
    After scriptable stripping: 192
    Processed in 0.00 seconds
    starting compilation...
    finished in 0.02 seconds. Local cache hits 192 (0.24s CPU time), remote cache hits 0 (0.00s CPU time), compiled 0 variants (0.00s CPU time), skipped 0 variants
    Prepared data for serialisation in 0.00s
Serialized binary data for shader Hidden/Universal Render Pipeline/FinalPost in 0.00s
    gles3 (total internal programs: 192, unique: 192)
    vulkan (total internal programs: 192, unique: 128)
Compressed shader 'Hidden/Universal Render Pipeline/FinalPost' on gles3 from 1.95MB to 0.10MB
Compressed shader 'Hidden/Universal Render Pipeline/FinalPost' on vulkan from 1.00MB to 0.11MB
Compressed shader 'Hidden/Universal Render Pipeline/FinalPost' in 0.02s
Compiling shader "Hidden/Universal Render Pipeline/CameraMotionVectors" pass "Camera Motion Vectors" (vp)
    Full variant space:         2
    After settings filtering:   2
    After built-in stripping:   4
    After scriptable stripping: 4
    Processed in 0.00 seconds
    starting compilation...
    finished in 0.00 seconds. Local cache hits 4 (0.00s CPU time), remote cache hits 0 (0.00s CPU time), compiled 0 variants (0.00s CPU time), skipped 0 variants
    Prepared data for serialisation in 0.00s
Serialized binary data for shader Hidden/Universal Render Pipeline/CameraMotionVectors in 0.00s
    gles3 (total internal programs: 2, unique: 2)
    vulkan (total internal programs: 2, unique: 2)
Compiling shader "Hidden/Universal Render Pipeline/Debug/DebugReplacement" pass "Vertex Attributes" (vp)
    Full variant space:         4
    After settings filtering:   4
    After built-in stripping:   4
    After scriptable stripping: 4
    Processed in 0.00 seconds
    starting compilation...
    finished in 0.00 seconds. Local cache hits 4 (0.00s CPU time), remote cache hits 0 (0.00s CPU time), compiled 0 variants (0.00s CPU time), skipped 0 variants
    Prepared data for serialisation in 0.00s
Serialized binary data for shader Hidden/Universal Render Pipeline/Debug/DebugReplacement in 0.00s
    gles3 (total internal programs: 2, unique: 2)
    vulkan (total internal programs: 2, unique: 2)
Compiling shader "Hidden/Universal/CoreBlitColorAndDepth" pass "ColorOnly" (vp)
    Full variant space:         2
    After settings filtering:   2
    After built-in stripping:   4
    After scriptable stripping: 4
    Processed in 0.00 seconds
    starting compilation...
    finished in 0.00 seconds. Local cache hits 4 (0.00s CPU time), remote cache hits 0 (0.00s CPU time), compiled 0 variants (0.00s CPU time), skipped 0 variants
    Prepared data for serialisation in 0.00s
Compiling shader "Hidden/Universal/CoreBlitColorAndDepth" pass "ColorAndDepth" (vp)
    Full variant space:         2
    After settings filtering:   2
    After built-in stripping:   4
    After scriptable stripping: 4
    Processed in 0.00 seconds
    starting compilation...
    finished in 0.00 seconds. Local cache hits 4 (0.00s CPU time), remote cache hits 0 (0.00s CPU time), compiled 0 variants (0.00s CPU time), skipped 0 variants
    Prepared data for serialisation in 0.00s
Serialized binary data for shader Hidden/Universal/CoreBlitColorAndDepth in 0.00s
    gles3 (total internal programs: 4, unique: 4)
    vulkan (total internal programs: 4, unique: 4)
Compiling shader "Hidden/Universal Render Pipeline/XR/XRMirrorView" pass "" (vp)
    Full variant space:         8
    After settings filtering:   4
    After built-in stripping:   8
    After scriptable stripping: 8
    Processed in 0.00 seconds
    starting compilation...
    finished in 0.00 seconds. Local cache hits 8 (0.01s CPU time), remote cache hits 0 (0.00s CPU time), compiled 0 variants (0.00s CPU time), skipped 0 variants
    Prepared data for serialisation in 0.00s
Serialized binary data for shader Hidden/Universal Render Pipeline/XR/XRMirrorView in 0.00s
    gles3 (total internal programs: 4, unique: 4)
    vulkan (total internal programs: 4, unique: 4)
Compiling shader "Hidden/Universal Render Pipeline/CopyDepth" pass "CopyDepth" (vp)
    Full variant space:         16
    After settings filtering:   16
    After built-in stripping:   32
    After scriptable stripping: 32
    Processed in 0.00 seconds
    starting compilation...
    finished in 0.00 seconds. Local cache hits 32 (0.04s CPU time), remote cache hits 0 (0.00s CPU time), compiled 0 variants (0.00s CPU time), skipped 0 variants
    Prepared data for serialisation in 0.00s
Serialized binary data for shader Hidden/Universal Render Pipeline/CopyDepth in 0.00s
    gles3 (total internal programs: 16, unique: 16)
    vulkan (total internal programs: 16, unique: 16)
Compiling shader "Hidden/TerrainEngine/Details/UniversalPipeline/WavingDoublePass" pass "ForwardLit" (vp)
    Full variant space:         8847360
    After settings filtering:   3072
    After built-in stripping:   48
    After scriptable stripping: 16
    Processed in 0.00 seconds
    starting compilation...
    finished in 0.00 seconds. Local cache hits 16 (0.02s CPU time), remote cache hits 0 (0.00s CPU time), compiled 0 variants (0.00s CPU time), skipped 0 variants
    Prepared data for serialisation in 0.00s
Compiling shader "Hidden/TerrainEngine/Details/UniversalPipeline/WavingDoublePass" pass "GBuffer" (vp)
    Full variant space:         92160
    After settings filtering:   384
    After built-in stripping:   24
    After scriptable stripping: 0
    Processed in 0.00 seconds
    Prepared data for serialisation in 0.00s
Compiling shader "Hidden/TerrainEngine/Details/UniversalPipeline/WavingDoublePass" pass "DepthOnly" (vp)
    Full variant space:         4
    After settings filtering:   4
    After built-in stripping:   4
    After scriptable stripping: 4
    Processed in 0.00 seconds
    starting compilation...
    finished in 0.00 seconds. Local cache hits 4 (0.00s CPU time), remote cache hits 0 (0.00s CPU time), compiled 0 variants (0.00s CPU time), skipped 0 variants
    Prepared data for serialisation in 0.00s
Compiling shader "Hidden/TerrainEngine/Details/UniversalPipeline/WavingDoublePass" pass "DepthNormalsOnly" (vp)
    Full variant space:         16
    After settings filtering:   4
    After built-in stripping:   4
    After scriptable stripping: 4
    Processed in 0.00 seconds
    starting compilation...
    finished in 0.00 seconds. Local cache hits 4 (0.00s CPU time), remote cache hits 0 (0.00s CPU time), compiled 0 variants (0.00s CPU time), skipped 0 variants
    Prepared data for serialisation in 0.00s
Serialized binary data for shader Hidden/TerrainEngine/Details/UniversalPipeline/WavingDoublePass in 0.00s
    gles3 (total internal programs: 12, unique: 12)
    vulkan (total internal programs: 12, unique: 12)
Compiling shader "Hidden/Universal Render Pipeline/FallbackError" pass "" (vp)
    Full variant space:         12
    After settings filtering:   12
    After built-in stripping:   4
    After scriptable stripping: 4
    Processed in 0.00 seconds
    starting compilation...
    finished in 0.00 seconds. Local cache hits 4 (0.00s CPU time), remote cache hits 0 (0.00s CPU time), compiled 0 variants (0.00s CPU time), skipped 0 variants
    Prepared data for serialisation in 0.00s
Serialized binary data for shader Hidden/Universal Render Pipeline/FallbackError in 0.00s
    gles3 (total internal programs: 2, unique: 2)
    vulkan (total internal programs: 2, unique: 2)
Compiling shader "Hidden/Universal Render Pipeline/UberPost" pass "UberPost" (vp)
    Full variant space:         92160
    After settings filtering:   1920
    After built-in stripping:   3840
    After scriptable stripping: 1728
    Processed in 0.04 seconds
    starting compilation...
    finished in 0.15 seconds. Local cache hits 1728 (2.37s CPU time), remote cache hits 0 (0.00s CPU time), compiled 0 variants (0.00s CPU time), skipped 0 variants
    Prepared data for serialisation in 0.02s
Serialized binary data for shader Hidden/Universal Render Pipeline/UberPost in 0.00s
    gles3 (total internal programs: 864, unique: 864)
    vulkan (total internal programs: 864, unique: 864)
Compressed shader 'Hidden/Universal Render Pipeline/UberPost' on gles3 from 11.27MB to 0.17MB
Compressed shader 'Hidden/Universal Render Pipeline/UberPost' on vulkan from 8.23MB to 0.49MB
Compressed shader 'Hidden/Universal Render Pipeline/UberPost' in 0.03s
Compiling shader "Hidden/Universal Render Pipeline/Scaling Setup" pass "ScalingSetup" (vp)
    Full variant space:         24
    After settings filtering:   12
    After built-in stripping:   24
    After scriptable stripping: 16
    Processed in 0.00 seconds
    starting compilation...
    finished in 0.00 seconds. Local cache hits 16 (0.03s CPU time), remote cache hits 0 (0.00s CPU time), compiled 0 variants (0.00s CPU time), skipped 0 variants
    Prepared data for serialisation in 0.00s
Serialized binary data for shader Hidden/Universal Render Pipeline/Scaling Setup in 0.00s
    gles3 (total internal programs: 8, unique: 8)
    vulkan (total internal programs: 8, unique: 8)
Compiling shader "Hidden/Universal Render Pipeline/StencilDeferred" pass "Stencil Volume" (vp)
    Full variant space:         2
    After settings filtering:   2
    After built-in stripping:   4
    After scriptable stripping: 0
    Processed in 0.00 seconds
    Prepared data for serialisation in 0.00s
Compiling shader "Hidden/Universal Render Pipeline/StencilDeferred" pass "Deferred Punctual Light (Lit)" (vp)
    Full variant space:         5120
    After settings filtering:   16
    After built-in stripping:   8
    After scriptable stripping: 0
    Processed in 0.00 seconds
    Prepared data for serialisation in 0.00s
Compiling shader "Hidden/Universal Render Pipeline/StencilDeferred" pass "Deferred Punctual Light (SimpleLit)" (vp)
    Full variant space:         5120
    After settings filtering:   16
    After built-in stripping:   8
    After scriptable stripping: 0
    Processed in 0.00 seconds
    Prepared data for serialisation in 0.00s
Compiling shader "Hidden/Universal Render Pipeline/StencilDeferred" pass "Deferred Directional Light (Lit)" (vp)
    Full variant space:         40960
    After settings filtering:   16
    After built-in stripping:   8
    After scriptable stripping: 0
    Processed in 0.00 seconds
    Prepared data for serialisation in 0.00s
Compiling shader "Hidden/Universal Render Pipeline/StencilDeferred" pass "Deferred Directional Light (SimpleLit)" (vp)
    Full variant space:         40960
    After settings filtering:   16
    After built-in stripping:   8
    After scriptable stripping: 0
    Processed in 0.00 seconds
    Prepared data for serialisation in 0.00s
Compiling shader "Hidden/Universal Render Pipeline/StencilDeferred" pass "Fog" (vp)
    Full variant space:         6
    After settings filtering:   3
    After built-in stripping:   0
    After scriptable stripping: 0
    Processed in 0.00 seconds
    Prepared data for serialisation in 0.00s
Compiling shader "Hidden/Universal Render Pipeline/StencilDeferred" pass "ClearStencilPartial" (vp)
    Full variant space:         1
    After settings filtering:   1
    After built-in stripping:   2
    After scriptable stripping: 0
    Processed in 0.00 seconds
    Prepared data for serialisation in 0.00s
Compiling shader "Hidden/Universal Render Pipeline/StencilDeferred" pass "SSAOOnly" (vp)
    Full variant space:         4
    After settings filtering:   1
    After built-in stripping:   2
    After scriptable stripping: 0
    Processed in 0.00 seconds
    Prepared data for serialisation in 0.00s
Serialized binary data for shader Hidden/Universal Render Pipeline/StencilDeferred in 0.00s
    gles3 (total internal programs: 0, unique: 0)
    vulkan (total internal programs: 0, unique: 0)
Compiling shader "Hidden/Universal Render Pipeline/LutBuilderHdr" pass "LutBuilderHdr" (vp)
    Full variant space:         12
    After settings filtering:   6
    After built-in stripping:   12
    After scriptable stripping: 12
    Processed in 0.00 seconds
    starting compilation...
    finished in 0.00 seconds. Local cache hits 12 (0.02s CPU time), remote cache hits 0 (0.00s CPU time), compiled 0 variants (0.00s CPU time), skipped 0 variants
    Prepared data for serialisation in 0.00s
Serialized binary data for shader Hidden/Universal Render Pipeline/LutBuilderHdr in 0.00s
    gles3 (total internal programs: 6, unique: 6)
    vulkan (total internal programs: 6, unique: 6)
Compiling shader "Hidden/Universal Render Pipeline/DBufferClear" pass "DBufferClear" (vp)
    Full variant space:         6
    After settings filtering:   2
    After built-in stripping:   4
    After scriptable stripping: 0
    Processed in 0.00 seconds
    Prepared data for serialisation in 0.00s
Serialized binary data for shader Hidden/Universal Render Pipeline/DBufferClear in 0.00s
    gles3 (total internal programs: 0, unique: 0)
    vulkan (total internal programs: 0, unique: 0)
Compiling shader "Hidden/TerrainEngine/Details/UniversalPipeline/Vertexlit" pass "TerrainDetailVertex" (vp)
    Full variant space:         368640
    After settings filtering:   512
    After built-in stripping:   16
    After scriptable stripping: 16
    Processed in 0.00 seconds
    starting compilation...
    finished in 0.00 seconds. Local cache hits 16 (0.02s CPU time), remote cache hits 0 (0.00s CPU time), compiled 0 variants (0.00s CPU time), skipped 0 variants
    Prepared data for serialisation in 0.00s
Compiling shader "Hidden/TerrainEngine/Details/UniversalPipeline/Vertexlit" pass "TerrainDetailVertex - GBuffer" (vp)
    Full variant space:         7680
    After settings filtering:   32
    After built-in stripping:   16
    After scriptable stripping: 16
    Processed in 0.00 seconds
    starting compilation...
    finished in 0.00 seconds. Local cache hits 16 (0.03s CPU time), remote cache hits 0 (0.00s CPU time), compiled 0 variants (0.00s CPU time), skipped 0 variants
    Prepared data for serialisation in 0.00s
Compiling shader "Hidden/TerrainEngine/Details/UniversalPipeline/Vertexlit" pass "DepthOnly" (vp)
    Full variant space:         4
    After settings filtering:   4
    After built-in stripping:   4
    After scriptable stripping: 4
    Processed in 0.00 seconds
    starting compilation...
    finished in 0.00 seconds. Local cache hits 4 (0.00s CPU time), remote cache hits 0 (0.00s CPU time), compiled 0 variants (0.00s CPU time), skipped 0 variants
    Prepared data for serialisation in 0.00s
Compiling shader "Hidden/TerrainEngine/Details/UniversalPipeline/Vertexlit" pass "DepthNormals" (vp)
    Full variant space:         4
    After settings filtering:   4
    After built-in stripping:   4
    After scriptable stripping: 4
    Processed in 0.00 seconds
    starting compilation...
    finished in 0.00 seconds. Local cache hits 4 (0.00s CPU time), remote cache hits 0 (0.00s CPU time), compiled 0 variants (0.00s CPU time), skipped 0 variants
    Prepared data for serialisation in 0.00s
Serialized binary data for shader Hidden/TerrainEngine/Details/UniversalPipeline/Vertexlit in 0.00s
    gles3 (total internal programs: 20, unique: 20)
    vulkan (total internal programs: 20, unique: 20)
Compiling shader "Hidden/Universal Render Pipeline/XR/XRMotionVector" pass "XR Camera MotionVectors" (vp)
    Full variant space:         2
    After settings filtering:   2
    After built-in stripping:   4
    After scriptable stripping: 4
    Processed in 0.00 seconds
    starting compilation...
    finished in 0.00 seconds. Local cache hits 4 (0.00s CPU time), remote cache hits 0 (0.00s CPU time), compiled 0 variants (0.00s CPU time), skipped 0 variants
    Prepared data for serialisation in 0.00s
Serialized binary data for shader Hidden/Universal Render Pipeline/XR/XRMotionVector in 0.00s
    gles3 (total internal programs: 2, unique: 2)
    vulkan (total internal programs: 2, unique: 2)
Compiling compute shader "ProbeVolumeSamplingDebugPositionNormal"
    starting stripping...
    finished in 0.00 seconds. 2 of 2 variants left
    2 variants, starting compilation...
    finished in 0.00 seconds. Local cache hits 2, remote cache hits 0, compiled 0 variants
Compiling shader "Skybox/Procedural" pass "" (vp)
    Full variant space:         6
    After settings filtering:   6
    After built-in stripping:   12
    After scriptable stripping: 12
    Processed in 0.00 seconds
    starting compilation...
    finished in 0.00 seconds. Local cache hits 12 (0.02s CPU time), remote cache hits 0 (0.00s CPU time), compiled 0 variants (0.00s CPU time), skipped 0 variants
    Prepared data for serialisation in 0.00s
Serialized binary data for shader Skybox/Procedural in 0.00s
    gles3 (total internal programs: 6, unique: 6)
    vulkan (total internal programs: 6, unique: 6)
Compiling shader "Unlit/Color" pass "" (vp)
    Full variant space:         8
    After settings filtering:   8
    After built-in stripping:   4
    After scriptable stripping: 4
    Processed in 0.00 seconds
    starting compilation...
    finished in 0.00 seconds. Local cache hits 4 (0.00s CPU time), remote cache hits 0 (0.00s CPU time), compiled 0 variants (0.00s CPU time), skipped 0 variants
    Prepared data for serialisation in 0.00s
Serialized binary data for shader Unlit/Color in 0.00s
    gles3 (total internal programs: 2, unique: 2)
    vulkan (total internal programs: 2, unique: 2)
Compiling shader "Interaction/OculusControllerRayShader" pass "" (vp)
    Full variant space:         2
    After settings filtering:   2
    After built-in stripping:   4
    After scriptable stripping: 4
    Processed in 0.00 seconds
    starting compilation...
    finished in 0.00 seconds. Local cache hits 4 (0.00s CPU time), remote cache hits 0 (0.00s CPU time), compiled 0 variants (0.00s CPU time), skipped 0 variants
    Prepared data for serialisation in 0.00s
Serialized binary data for shader Interaction/OculusControllerRayShader in 0.00s
    gles3 (total internal programs: 2, unique: 2)
    vulkan (total internal programs: 2, unique: 2)
Compiling shader "Unlit/TransparentTexture" pass "" (vp)
    Full variant space:         2
    After settings filtering:   2
    After built-in stripping:   4
    After scriptable stripping: 4
    Processed in 0.00 seconds
    starting compilation...
    finished in 0.00 seconds. Local cache hits 4 (0.00s CPU time), remote cache hits 0 (0.00s CPU time), compiled 0 variants (0.00s CPU time), skipped 0 variants
    Prepared data for serialisation in 0.00s
Serialized binary data for shader Unlit/TransparentTexture in 0.00s
    gles3 (total internal programs: 2, unique: 2)
    vulkan (total internal programs: 2, unique: 2)
Compiling shader "Interaction/OculusHandCursor" pass "" (vp)
    Full variant space:         2
    After settings filtering:   2
    After built-in stripping:   4
    After scriptable stripping: 4
    Processed in 0.00 seconds
    starting compilation...
    finished in 0.00 seconds. Local cache hits 4 (0.00s CPU time), remote cache hits 0 (0.00s CPU time), compiled 0 variants (0.00s CPU time), skipped 0 variants
    Prepared data for serialisation in 0.00s
Serialized binary data for shader Interaction/OculusHandCursor in 0.00s
    gles3 (total internal programs: 2, unique: 2)
    vulkan (total internal programs: 2, unique: 2)
Compiling shader "Universal Render Pipeline/Lit" pass "ForwardLit" (vp)
    Full variant space:         9059696640
    After settings filtering:   49152
    After built-in stripping:   192
    After scriptable stripping: 64
    Processed in 0.00 seconds
    starting compilation...
    finished in 0.01 seconds. Local cache hits 64 (0.09s CPU time), remote cache hits 0 (0.00s CPU time), compiled 0 variants (0.00s CPU time), skipped 0 variants
    Prepared data for serialisation in 0.00s
Compiling shader "Universal Render Pipeline/Lit" pass "ShadowCaster" (vp)
    Full variant space:         32
    After settings filtering:   32
    After built-in stripping:   16
    After scriptable stripping: 8
    Processed in 0.00 seconds
    starting compilation...
    finished in 0.00 seconds. Local cache hits 8 (0.01s CPU time), remote cache hits 0 (0.00s CPU time), compiled 0 variants (0.00s CPU time), skipped 0 variants
    Prepared data for serialisation in 0.00s
Compiling shader "Universal Render Pipeline/Lit" pass "GBuffer" (vp)
    Full variant space:         23592960
    After settings filtering:   3072
    After built-in stripping:   48
    After scriptable stripping: 0
    Processed in 0.00 seconds
    Prepared data for serialisation in 0.00s
Compiling shader "Universal Render Pipeline/Lit" pass "DepthOnly" (vp)
    Full variant space:         16
    After settings filtering:   16
    After built-in stripping:   8
    After scriptable stripping: 8
    Processed in 0.00 seconds
    starting compilation...
    finished in 0.00 seconds. Local cache hits 8 (0.01s CPU time), remote cache hits 0 (0.00s CPU time), compiled 0 variants (0.00s CPU time), skipped 0 variants
    Prepared data for serialisation in 0.00s
Compiling shader "Universal Render Pipeline/Lit" pass "DepthNormals" (vp)
    Full variant space:         64
    After settings filtering:   32
    After built-in stripping:   16
    After scriptable stripping: 16
    Processed in 0.00 seconds
    starting compilation...
    finished in 0.00 seconds. Local cache hits 16 (0.02s CPU time), remote cache hits 0 (0.00s CPU time), compiled 0 variants (0.00s CPU time), skipped 0 variants
    Prepared data for serialisation in 0.00s
Compiling shader "Universal Render Pipeline/Lit" pass "Universal2D" (vp)
    Full variant space:         4
    After settings filtering:   4
    After built-in stripping:   4
    After scriptable stripping: 0
    Processed in 0.00 seconds
    Prepared data for serialisation in 0.00s
Compiling shader "Universal Render Pipeline/Lit" pass "MotionVectors" (vp)
    Full variant space:         16
    After settings filtering:   16
    After built-in stripping:   8
    After scriptable stripping: 8
    Processed in 0.00 seconds
    starting compilation...
    finished in 0.00 seconds. Local cache hits 8 (0.01s CPU time), remote cache hits 0 (0.00s CPU time), compiled 0 variants (0.00s CPU time), skipped 0 variants
    Prepared data for serialisation in 0.00s
Compiling shader "Universal Render Pipeline/Lit" pass "XRMotionVectors" (vp)
    Full variant space:         16
    After settings filtering:   16
    After built-in stripping:   8
    After scriptable stripping: 8
    Processed in 0.00 seconds
    starting compilation...
    finished in 0.00 seconds. Local cache hits 8 (0.01s CPU time), remote cache hits 0 (0.00s CPU time), compiled 0 variants (0.00s CPU time), skipped 0 variants
    Prepared data for serialisation in 0.00s
Serialized binary data for shader Universal Render Pipeline/Lit in 0.00s
    gles3 (total internal programs: 56, unique: 56)
    vulkan (total internal programs: 56, unique: 56)
Compressed shader 'Universal Render Pipeline/Lit' on gles3 from 1.45MB to 0.12MB
Compressed shader 'Universal Render Pipeline/Lit' on vulkan from 0.72MB to 0.21MB
Compressed shader 'Universal Render Pipeline/Lit' in 0.02s
Compiling shader "Unlit/WireframeShaderRoomMesh" pass "" (vp)
    Full variant space:         2
    After settings filtering:   2
    After built-in stripping:   4
    After scriptable stripping: 4
    Processed in 0.00 seconds
    starting compilation...
    finished in 0.00 seconds. Local cache hits 4 (0.00s CPU time), remote cache hits 0 (0.00s CPU time), compiled 0 variants (0.00s CPU time), skipped 0 variants
    Prepared data for serialisation in 0.00s
Serialized binary data for shader Unlit/WireframeShaderRoomMesh in 0.00s
    gles3 (total internal programs: 2, unique: 2)
    vulkan (total internal programs: 2, unique: 2)
Compiling shader "Interaction/OculusHand" pass "Depth" (vp)
    Full variant space:         8
    After settings filtering:   8
    After built-in stripping:   4
    After scriptable stripping: 4
    Processed in 0.00 seconds
    starting compilation...
    finished in 0.00 seconds. Local cache hits 4 (0.00s CPU time), remote cache hits 0 (0.00s CPU time), compiled 0 variants (0.00s CPU time), skipped 0 variants
    Prepared data for serialisation in 0.00s
Compiling shader "Interaction/OculusHand" pass "HandOutline" (vp)
    Full variant space:         2
    After settings filtering:   2
    After built-in stripping:   4
    After scriptable stripping: 4
    Processed in 0.00 seconds
    starting compilation...
    finished in 0.00 seconds. Local cache hits 4 (0.00s CPU time), remote cache hits 0 (0.00s CPU time), compiled 0 variants (0.00s CPU time), skipped 0 variants
    Prepared data for serialisation in 0.00s
Compiling shader "Interaction/OculusHand" pass "HandOutlineURP" (vp)
    Full variant space:         2
    After settings filtering:   2
    After built-in stripping:   4
    After scriptable stripping: 4
    Processed in 0.00 seconds
    starting compilation...
    finished in 0.00 seconds. Local cache hits 4 (0.00s CPU time), remote cache hits 0 (0.00s CPU time), compiled 0 variants (0.00s CPU time), skipped 0 variants
    Prepared data for serialisation in 0.00s
Compiling shader "Interaction/OculusHand" pass "HandFill" (vp)
    Full variant space:         2
    After settings filtering:   2
    After built-in stripping:   4
    After scriptable stripping: 4
    Processed in 0.00 seconds
    starting compilation...
    finished in 0.00 seconds. Local cache hits 4 (0.00s CPU time), remote cache hits 0 (0.00s CPU time), compiled 0 variants (0.00s CPU time), skipped 0 variants
    Prepared data for serialisation in 0.00s
Compiling shader "Interaction/OculusHand" pass "HandFillURP" (vp)
    Full variant space:         2
    After settings filtering:   2
    After built-in stripping:   4
    After scriptable stripping: 4
    Processed in 0.00 seconds
    starting compilation...
    finished in 0.00 seconds. Local cache hits 4 (0.00s CPU time), remote cache hits 0 (0.00s CPU time), compiled 0 variants (0.00s CPU time), skipped 0 variants
    Prepared data for serialisation in 0.00s
Serialized binary data for shader Interaction/OculusHand in 0.00s
    gles3 (total internal programs: 10, unique: 6)
    vulkan (total internal programs: 10, unique: 6)
Compiling shader "Oculus Sample/Alpha Hand Outline (SBB)" pass "" (vp)
    Full variant space:         8
    After settings filtering:   8
    After built-in stripping:   4
    After scriptable stripping: 4
    Processed in 0.00 seconds
    starting compilation...
    finished in 0.00 seconds. Local cache hits 4 (0.00s CPU time), remote cache hits 0 (0.00s CPU time), compiled 0 variants (0.00s CPU time), skipped 0 variants
    Prepared data for serialisation in 0.00s
Compiling shader "Oculus Sample/Alpha Hand Outline (SBB)" pass "" (vp)
    Full variant space:         2
    After settings filtering:   2
    After built-in stripping:   4
    After scriptable stripping: 4
    Processed in 0.00 seconds
    starting compilation...
    finished in 0.00 seconds. Local cache hits 4 (0.00s CPU time), remote cache hits 0 (0.00s CPU time), compiled 0 variants (0.00s CPU time), skipped 0 variants
    Prepared data for serialisation in 0.00s
Compiling shader "Oculus Sample/Alpha Hand Outline (SBB)" pass "" (vp)
    Full variant space:         8
    After settings filtering:   8
    After built-in stripping:   4
    After scriptable stripping: 4
    Processed in 0.00 seconds
    starting compilation...
    finished in 0.00 seconds. Local cache hits 4 (0.00s CPU time), remote cache hits 0 (0.00s CPU time), compiled 0 variants (0.00s CPU time), skipped 0 variants
    Prepared data for serialisation in 0.00s
Compiling shader "Oculus Sample/Alpha Hand Outline (SBB)" pass "" (vp)
    Full variant space:         2
    After settings filtering:   2
    After built-in stripping:   4
    After scriptable stripping: 4
    Processed in 0.00 seconds
    starting compilation...
    finished in 0.00 seconds. Local cache hits 4 (0.00s CPU time), remote cache hits 0 (0.00s CPU time), compiled 0 variants (0.00s CPU time), skipped 0 variants
    Prepared data for serialisation in 0.00s
Serialized binary data for shader Oculus Sample/Alpha Hand Outline (SBB) in 0.00s
    gles3 (total internal programs: 8, unique: 4)
    vulkan (total internal programs: 8, unique: 4)
Compiling shader "Meta/Lit" pass "FORWARD" (vp)
    Full variant space:         2656
    After settings filtering:   2656
    After built-in stripping:   64
    After scriptable stripping: 64
    Processed in 0.00 seconds
    starting compilation...
    finished in 0.01 seconds. Local cache hits 64 (0.08s CPU time), remote cache hits 0 (0.00s CPU time), compiled 0 variants (0.00s CPU time), skipped 0 variants
    Prepared data for serialisation in 0.00s
Compiling shader "Meta/Lit" pass "FORWARD" (vp)
    Full variant space:         752
    After settings filtering:   752
    After built-in stripping:   104
    After scriptable stripping: 104
    Processed in 0.00 seconds
    starting compilation...
    finished in 0.01 seconds. Local cache hits 104 (0.12s CPU time), remote cache hits 0 (0.00s CPU time), compiled 0 variants (0.00s CPU time), skipped 0 variants
    Prepared data for serialisation in 0.00s
Compiling shader "Meta/Lit" pass "DEFERRED" (vp)
    Full variant space:         304
    After settings filtering:   304
    After built-in stripping:   32
    After scriptable stripping: 32
    Processed in 0.00 seconds
    starting compilation...
    finished in 0.00 seconds. Local cache hits 32 (0.04s CPU time), remote cache hits 0 (0.00s CPU time), compiled 0 variants (0.00s CPU time), skipped 0 variants
    Prepared data for serialisation in 0.00s
Compiling shader "Meta/Lit" pass "ShadowCaster" (vp)
    Full variant space:         16
    After settings filtering:   16
    After built-in stripping:   16
    After scriptable stripping: 16
    Processed in 0.00 seconds
    starting compilation...
    finished in 0.00 seconds. Local cache hits 16 (0.02s CPU time), remote cache hits 0 (0.00s CPU time), compiled 0 variants (0.00s CPU time), skipped 0 variants
    Prepared data for serialisation in 0.00s
Serialized binary data for shader Meta/Lit in 0.00s
    gles3 (total internal programs: 108, unique: 108)
    vulkan (total internal programs: 108, unique: 108)
Compiling shader "TextMeshPro/Mobile/Distance Field" pass "" (vp)
    Full variant space:         24
    After settings filtering:   24
    After built-in stripping:   48
    After scriptable stripping: 48
    Processed in 0.00 seconds
    starting compilation...
    finished in 0.00 seconds. Local cache hits 48 (0.07s CPU time), remote cache hits 0 (0.00s CPU time), compiled 0 variants (0.00s CPU time), skipped 0 variants
    Prepared data for serialisation in 0.00s
Serialized binary data for shader TextMeshPro/Mobile/Distance Field in 0.00s
    gles3 (total internal programs: 24, unique: 24)
    vulkan (total internal programs: 24, unique: 24)
Compiling shader "Legacy Shaders/VertexLit" pass "" (vp)
    Full variant space:         24
    After settings filtering:   24
    After built-in stripping:   12
    After scriptable stripping: 12
    Processed in 0.00 seconds
    starting compilation...
    finished in 0.00 seconds. Local cache hits 12 (0.02s CPU time), remote cache hits 0 (0.00s CPU time), compiled 0 variants (0.00s CPU time), skipped 0 variants
    Prepared data for serialisation in 0.00s
Compiling shader "Legacy Shaders/VertexLit" pass "" (vp)
    Full variant space:         8
    After settings filtering:   8
    After built-in stripping:   4
    After scriptable stripping: 4
    Processed in 0.00 seconds
    starting compilation...
    finished in 0.00 seconds. Local cache hits 4 (0.00s CPU time), remote cache hits 0 (0.00s CPU time), compiled 0 variants (0.00s CPU time), skipped 0 variants
    Prepared data for serialisation in 0.00s
Compiling shader "Legacy Shaders/VertexLit" pass "ShadowCaster" (vp)
    Full variant space:         8
    After settings filtering:   8
    After built-in stripping:   8
    After scriptable stripping: 8
    Processed in 0.00 seconds
    starting compilation...
    finished in 0.00 seconds. Local cache hits 8 (0.01s CPU time), remote cache hits 0 (0.00s CPU time), compiled 0 variants (0.00s CPU time), skipped 0 variants
    Prepared data for serialisation in 0.00s
Serialized binary data for shader Legacy Shaders/VertexLit in 0.00s
    gles3 (total internal programs: 12, unique: 12)
    vulkan (total internal programs: 12, unique: 12)
Compiling shader "Legacy Shaders/Diffuse" pass "FORWARD" (vp)
    Full variant space:         1328
    After settings filtering:   1328
    After built-in stripping:   32
    After scriptable stripping: 32
    Processed in 0.00 seconds
    starting compilation...
    finished in 0.00 seconds. Local cache hits 32 (0.05s CPU time), remote cache hits 0 (0.00s CPU time), compiled 0 variants (0.00s CPU time), skipped 0 variants
    Prepared data for serialisation in 0.00s
Compiling shader "Legacy Shaders/Diffuse" pass "FORWARD" (vp)
    Full variant space:         40
    After settings filtering:   40
    After built-in stripping:   20
    After scriptable stripping: 20
    Processed in 0.00 seconds
    starting compilation...
    finished in 0.00 seconds. Local cache hits 20 (0.02s CPU time), remote cache hits 0 (0.00s CPU time), compiled 0 variants (0.00s CPU time), skipped 0 variants
    Prepared data for serialisation in 0.00s
Compiling shader "Legacy Shaders/Diffuse" pass "DEFERRED" (vp)
    Full variant space:         152
    After settings filtering:   152
    After built-in stripping:   16
    After scriptable stripping: 16
    Processed in 0.00 seconds
    starting compilation...
    finished in 0.00 seconds. Local cache hits 16 (0.03s CPU time), remote cache hits 0 (0.00s CPU time), compiled 0 variants (0.00s CPU time), skipped 0 variants
    Prepared data for serialisation in 0.00s
Serialized binary data for shader Legacy Shaders/Diffuse in 0.00s
    gles3 (total internal programs: 34, unique: 34)
    vulkan (total internal programs: 34, unique: 34)
Compiling shader "Hidden/Internal-StencilWrite" pass "" (vp)
    Full variant space:         2
    After settings filtering:   2
    After built-in stripping:   4
    After scriptable stripping: 4
    Processed in 0.00 seconds
    starting compilation...
    finished in 0.00 seconds. Local cache hits 4 (0.00s CPU time), remote cache hits 0 (0.00s CPU time), compiled 0 variants (0.00s CPU time), skipped 0 variants
    Prepared data for serialisation in 0.00s
Serialized binary data for shader Hidden/Internal-StencilWrite in 0.00s
    gles3 (total internal programs: 2, unique: 2)
    vulkan (total internal programs: 2, unique: 2)
Compiling shader "Hidden/Internal-DepthNormalsTexture" pass "" (vp)
    Full variant space:         2
    After settings filtering:   2
    After built-in stripping:   4
    After scriptable stripping: 4
    Processed in 0.00 seconds
    starting compilation...
    finished in 0.00 seconds. Local cache hits 4 (0.00s CPU time), remote cache hits 0 (0.00s CPU time), compiled 0 variants (0.00s CPU time), skipped 0 variants
    Prepared data for serialisation in 0.00s
Compiling shader "Hidden/Internal-DepthNormalsTexture" pass "" (vp)
    Full variant space:         2
    After settings filtering:   2
    After built-in stripping:   4
    After scriptable stripping: 4
    Processed in 0.00 seconds
    starting compilation...
    finished in 0.00 seconds. Local cache hits 4 (0.00s CPU time), remote cache hits 0 (0.00s CPU time), compiled 0 variants (0.00s CPU time), skipped 0 variants
    Prepared data for serialisation in 0.00s
Compiling shader "Hidden/Internal-DepthNormalsTexture" pass "" (vp)
    Full variant space:         2
    After settings filtering:   2
    After built-in stripping:   4
    After scriptable stripping: 4
    Processed in 0.00 seconds
    starting compilation...
    finished in 0.00 seconds. Local cache hits 4 (0.00s CPU time), remote cache hits 0 (0.00s CPU time), compiled 0 variants (0.00s CPU time), skipped 0 variants
    Prepared data for serialisation in 0.00s
Compiling shader "Hidden/Internal-DepthNormalsTexture" pass "" (vp)
    Full variant space:         2
    After settings filtering:   2
    After built-in stripping:   4
    After scriptable stripping: 4
    Processed in 0.00 seconds
    starting compilation...
    finished in 0.00 seconds. Local cache hits 4 (0.00s CPU time), remote cache hits 0 (0.00s CPU time), compiled 0 variants (0.00s CPU time), skipped 0 variants
    Prepared data for serialisation in 0.00s
Compiling shader "Hidden/Internal-DepthNormalsTexture" pass "" (vp)
    Full variant space:         2
    After settings filtering:   2
    After built-in stripping:   4
    After scriptable stripping: 4
    Processed in 0.00 seconds
    starting compilation...
    finished in 0.00 seconds. Local cache hits 4 (0.00s CPU time), remote cache hits 0 (0.00s CPU time), compiled 0 variants (0.00s CPU time), skipped 0 variants
    Prepared data for serialisation in 0.00s
Compiling shader "Hidden/Internal-DepthNormalsTexture" pass "" (vp)
    Full variant space:         2
    After settings filtering:   2
    After built-in stripping:   4
    After scriptable stripping: 4
    Processed in 0.00 seconds
    starting compilation...
    finished in 0.00 seconds. Local cache hits 4 (0.00s CPU time), remote cache hits 0 (0.00s CPU time), compiled 0 variants (0.00s CPU time), skipped 0 variants
    Prepared data for serialisation in 0.00s
Compiling shader "Hidden/Internal-DepthNormalsTexture" pass "" (vp)
    Full variant space:         2
    After settings filtering:   2
    After built-in stripping:   4
    After scriptable stripping: 4
    Processed in 0.00 seconds
    starting compilation...
    finished in 0.00 seconds. Local cache hits 4 (0.00s CPU time), remote cache hits 0 (0.00s CPU time), compiled 0 variants (0.00s CPU time), skipped 0 variants
    Prepared data for serialisation in 0.00s
Compiling shader "Hidden/Internal-DepthNormalsTexture" pass "" (vp)
    Full variant space:         2
    After settings filtering:   2
    After built-in stripping:   4
    After scriptable stripping: 4
    Processed in 0.00 seconds
    starting compilation...
    finished in 0.00 seconds. Local cache hits 4 (0.00s CPU time), remote cache hits 0 (0.00s CPU time), compiled 0 variants (0.00s CPU time), skipped 0 variants
    Prepared data for serialisation in 0.00s
Compiling shader "Hidden/Internal-DepthNormalsTexture" pass "" (vp)
    Full variant space:         2
    After settings filtering:   2
    After built-in stripping:   4
    After scriptable stripping: 4
    Processed in 0.00 seconds
    starting compilation...
    finished in 0.00 seconds. Local cache hits 4 (0.00s CPU time), remote cache hits 0 (0.00s CPU time), compiled 0 variants (0.00s CPU time), skipped 0 variants
    Prepared data for serialisation in 0.00s
Compiling shader "Hidden/Internal-DepthNormalsTexture" pass "" (vp)
    Full variant space:         2
    After settings filtering:   2
    After built-in stripping:   4
    After scriptable stripping: 4
    Processed in 0.00 seconds
    starting compilation...
    finished in 0.00 seconds. Local cache hits 4 (0.00s CPU time), remote cache hits 0 (0.00s CPU time), compiled 0 variants (0.00s CPU time), skipped 0 variants
    Prepared data for serialisation in 0.00s
Serialized binary data for shader Hidden/Internal-DepthNormalsTexture in 0.00s
    gles3 (total internal programs: 20, unique: 20)
    vulkan (total internal programs: 20, unique: 20)
Compiling shader "Hidden/Internal-ScreenSpaceShadows" pass "" (vp)
    Full variant space:         8
    After settings filtering:   8
    After built-in stripping:   16
    After scriptable stripping: 16
    Processed in 0.00 seconds
    starting compilation...
    finished in 0.00 seconds. Local cache hits 16 (0.02s CPU time), remote cache hits 0 (0.00s CPU time), compiled 0 variants (0.00s CPU time), skipped 0 variants
    Prepared data for serialisation in 0.00s
Compiling shader "Hidden/Internal-ScreenSpaceShadows" pass "" (vp)
    Full variant space:         8
    After settings filtering:   8
    After built-in stripping:   16
    After scriptable stripping: 16
    Processed in 0.00 seconds
    starting compilation...
    finished in 0.00 seconds. Local cache hits 16 (0.02s CPU time), remote cache hits 0 (0.00s CPU time), compiled 0 variants (0.00s CPU time), skipped 0 variants
    Prepared data for serialisation in 0.00s
Compiling shader "Hidden/Internal-ScreenSpaceShadows" pass "" (vp)
    Full variant space:         8
    After settings filtering:   8
    After built-in stripping:   16
    After scriptable stripping: 16
    Processed in 0.00 seconds
    starting compilation...
    finished in 0.00 seconds. Local cache hits 16 (0.03s CPU time), remote cache hits 0 (0.00s CPU time), compiled 0 variants (0.00s CPU time), skipped 0 variants
    Prepared data for serialisation in 0.00s
Compiling shader "Hidden/Internal-ScreenSpaceShadows" pass "" (vp)
    Full variant space:         8
    After settings filtering:   8
    After built-in stripping:   16
    After scriptable stripping: 16
    Processed in 0.00 seconds
    starting compilation...
    finished in 0.00 seconds. Local cache hits 16 (0.02s CPU time), remote cache hits 0 (0.00s CPU time), compiled 0 variants (0.00s CPU time), skipped 0 variants
    Prepared data for serialisation in 0.00s
Serialized binary data for shader Hidden/Internal-ScreenSpaceShadows in 0.00s
    gles3 (total internal programs: 32, unique: 32)
    vulkan (total internal programs: 32, unique: 32)
Compiling shader "Hidden/Internal-CombineDepthNormals" pass "" (vp)
    Full variant space:         2
    After settings filtering:   2
    After built-in stripping:   4
    After scriptable stripping: 4
    Processed in 0.00 seconds
    starting compilation...
    finished in 0.00 seconds. Local cache hits 4 (0.00s CPU time), remote cache hits 0 (0.00s CPU time), compiled 0 variants (0.00s CPU time), skipped 0 variants
    Prepared data for serialisation in 0.00s
Serialized binary data for shader Hidden/Internal-CombineDepthNormals in 0.00s
    gles3 (total internal programs: 2, unique: 2)
    vulkan (total internal programs: 2, unique: 2)
Compiling shader "Hidden/BlitCopy" pass "" (vp)
    Full variant space:         2
    After settings filtering:   2
    After built-in stripping:   4
    After scriptable stripping: 4
    Processed in 0.00 seconds
    starting compilation...
    finished in 0.00 seconds. Local cache hits 4 (0.00s CPU time), remote cache hits 0 (0.00s CPU time), compiled 0 variants (0.00s CPU time), skipped 0 variants
    Prepared data for serialisation in 0.00s
Serialized binary data for shader Hidden/BlitCopy in 0.00s
    gles3 (total internal programs: 2, unique: 2)
    vulkan (total internal programs: 2, unique: 2)
Compiling shader "Hidden/BlitCopyDepth" pass "" (vp)
    Full variant space:         2
    After settings filtering:   2
    After built-in stripping:   4
    After scriptable stripping: 4
    Processed in 0.00 seconds
    starting compilation...
    finished in 0.00 seconds. Local cache hits 4 (0.00s CPU time), remote cache hits 0 (0.00s CPU time), compiled 0 variants (0.00s CPU time), skipped 0 variants
    Prepared data for serialisation in 0.00s
Serialized binary data for shader Hidden/BlitCopyDepth in 0.00s
    gles3 (total internal programs: 2, unique: 2)
    vulkan (total internal programs: 2, unique: 2)
Compiling shader "Hidden/ConvertTexture" pass "" (vp)
    Full variant space:         2
    After settings filtering:   2
    After built-in stripping:   4
    After scriptable stripping: 4
    Processed in 0.00 seconds
    starting compilation...
    finished in 0.00 seconds. Local cache hits 4 (0.00s CPU time), remote cache hits 0 (0.00s CPU time), compiled 0 variants (0.00s CPU time), skipped 0 variants
    Prepared data for serialisation in 0.00s
Serialized binary data for shader Hidden/ConvertTexture in 0.00s
    gles3 (total internal programs: 2, unique: 2)
    vulkan (total internal programs: 2, unique: 2)
Compiling shader "Hidden/Internal-DeferredShading" pass "" (vp)
    Full variant space:         188
    After settings filtering:   188
    After built-in stripping:   104
    After scriptable stripping: 104
    Processed in 0.00 seconds
    starting compilation...
    finished in 0.01 seconds. Local cache hits 104 (0.16s CPU time), remote cache hits 0 (0.00s CPU time), compiled 0 variants (0.00s CPU time), skipped 0 variants
    Prepared data for serialisation in 0.00s
Compiling shader "Hidden/Internal-DeferredShading" pass "" (vp)
    Full variant space:         2
    After settings filtering:   2
    After built-in stripping:   4
    After scriptable stripping: 4
    Processed in 0.00 seconds
    starting compilation...
    finished in 0.00 seconds. Local cache hits 4 (0.00s CPU time), remote cache hits 0 (0.00s CPU time), compiled 0 variants (0.00s CPU time), skipped 0 variants
    Prepared data for serialisation in 0.00s
Serialized binary data for shader Hidden/Internal-DeferredShading in 0.00s
    gles3 (total internal programs: 54, unique: 54)
    vulkan (total internal programs: 54, unique: 54)
Compiling shader "Hidden/Internal-DeferredReflections" pass "" (vp)
    Full variant space:         2
    After settings filtering:   2
    After built-in stripping:   4
    After scriptable stripping: 4
    Processed in 0.00 seconds
    starting compilation...
    finished in 0.00 seconds. Local cache hits 4 (0.00s CPU time), remote cache hits 0 (0.00s CPU time), compiled 0 variants (0.00s CPU time), skipped 0 variants
    Prepared data for serialisation in 0.00s
Compiling shader "Hidden/Internal-DeferredReflections" pass "" (vp)
    Full variant space:         4
    After settings filtering:   4
    After built-in stripping:   8
    After scriptable stripping: 8
    Processed in 0.00 seconds
    starting compilation...
    finished in 0.00 seconds. Local cache hits 8 (0.01s CPU time), remote cache hits 0 (0.00s CPU time), compiled 0 variants (0.00s CPU time), skipped 0 variants
    Prepared data for serialisation in 0.00s
Serialized binary data for shader Hidden/Internal-DeferredReflections in 0.00s
    gles3 (total internal programs: 6, unique: 6)
    vulkan (total internal programs: 6, unique: 6)
Compiling shader "Hidden/Internal-MotionVectors" pass "" (vp)
    Full variant space:         2
    After settings filtering:   2
    After built-in stripping:   4
    After scriptable stripping: 4
    Processed in 0.00 seconds
    starting compilation...
    finished in 0.00 seconds. Local cache hits 4 (0.00s CPU time), remote cache hits 0 (0.00s CPU time), compiled 0 variants (0.00s CPU time), skipped 0 variants
    Prepared data for serialisation in 0.00s
Compiling shader "Hidden/Internal-MotionVectors" pass "" (vp)
    Full variant space:         2
    After settings filtering:   2
    After built-in stripping:   4
    After scriptable stripping: 4
    Processed in 0.00 seconds
    starting compilation...
    finished in 0.00 seconds. Local cache hits 4 (0.00s CPU time), remote cache hits 0 (0.00s CPU time), compiled 0 variants (0.00s CPU time), skipped 0 variants
    Prepared data for serialisation in 0.00s
Compiling shader "Hidden/Internal-MotionVectors" pass "" (vp)
    Full variant space:         2
    After settings filtering:   2
    After built-in stripping:   4
    After scriptable stripping: 4
    Processed in 0.00 seconds
    starting compilation...
    finished in 0.00 seconds. Local cache hits 4 (0.00s CPU time), remote cache hits 0 (0.00s CPU time), compiled 0 variants (0.00s CPU time), skipped 0 variants
    Prepared data for serialisation in 0.00s
Serialized binary data for shader Hidden/Internal-MotionVectors in 0.00s
    gles3 (total internal programs: 6, unique: 6)
    vulkan (total internal programs: 6, unique: 6)
Compiling shader "Hidden/Internal-Flare" pass "" (vp)
    Full variant space:         2
    After settings filtering:   2
    After built-in stripping:   4
    After scriptable stripping: 4
    Processed in 0.00 seconds
    starting compilation...
    finished in 0.00 seconds. Local cache hits 4 (0.00s CPU time), remote cache hits 0 (0.00s CPU time), compiled 0 variants (0.00s CPU time), skipped 0 variants
    Prepared data for serialisation in 0.00s
Serialized binary data for shader Hidden/Internal-Flare in 0.00s
    gles3 (total internal programs: 2, unique: 2)
    vulkan (total internal programs: 2, unique: 2)
Compiling shader "Hidden/Internal-Halo" pass "" (vp)
    Full variant space:         8
    After settings filtering:   8
    After built-in stripping:   4
    After scriptable stripping: 4
    Processed in 0.00 seconds
    starting compilation...
    finished in 0.00 seconds. Local cache hits 4 (0.00s CPU time), remote cache hits 0 (0.00s CPU time), compiled 0 variants (0.00s CPU time), skipped 0 variants
    Prepared data for serialisation in 0.00s
Serialized binary data for shader Hidden/Internal-Halo in 0.00s
    gles3 (total internal programs: 2, unique: 2)
    vulkan (total internal programs: 2, unique: 2)
Compiling shader "Hidden/BlitCopyWithDepth" pass "" (vp)
    Full variant space:         2
    After settings filtering:   2
    After built-in stripping:   4
    After scriptable stripping: 4
    Processed in 0.00 seconds
    starting compilation...
    finished in 0.00 seconds. Local cache hits 4 (0.00s CPU time), remote cache hits 0 (0.00s CPU time), compiled 0 variants (0.00s CPU time), skipped 0 variants
    Prepared data for serialisation in 0.00s
Serialized binary data for shader Hidden/BlitCopyWithDepth in 0.00s
    gles3 (total internal programs: 2, unique: 2)
    vulkan (total internal programs: 2, unique: 2)
Compiling shader "Hidden/BlitToDepth" pass "" (vp)
    Full variant space:         2
    After settings filtering:   2
    After built-in stripping:   4
    After scriptable stripping: 4
    Processed in 0.00 seconds
    starting compilation...
    finished in 0.00 seconds. Local cache hits 4 (0.00s CPU time), remote cache hits 0 (0.00s CPU time), compiled 0 variants (0.00s CPU time), skipped 0 variants
    Prepared data for serialisation in 0.00s
Serialized binary data for shader Hidden/BlitToDepth in 0.00s
    gles3 (total internal programs: 2, unique: 2)
    vulkan (total internal programs: 2, unique: 2)
Compiling shader "Hidden/BlitToDepth_MSAA" pass "" (vp)
    Full variant space:         2
    After settings filtering:   2
    After built-in stripping:   4
    After scriptable stripping: 4
    Processed in 0.00 seconds
    starting compilation...
    finished in 0.00 seconds. Local cache hits 4 (0.00s CPU time), remote cache hits 0 (0.00s CPU time), compiled 0 variants (0.00s CPU time), skipped 0 variants
    Prepared data for serialisation in 0.00s
Serialized binary data for shader Hidden/BlitToDepth_MSAA in 0.00s
    gles3 (total internal programs: 2, unique: 2)
    vulkan (total internal programs: 2, unique: 2)
Compiling shader "Hidden/BlitCopyHDRTonemap" pass "" (vp)
    Full variant space:         2
    After settings filtering:   2
    After built-in stripping:   4
    After scriptable stripping: 4
    Processed in 0.00 seconds
    starting compilation...
    finished in 0.00 seconds. Local cache hits 4 (0.00s CPU time), remote cache hits 0 (0.00s CPU time), compiled 0 variants (0.00s CPU time), skipped 0 variants
    Prepared data for serialisation in 0.00s
Serialized binary data for shader Hidden/BlitCopyHDRTonemap in 0.00s
    gles3 (total internal programs: 2, unique: 2)
    vulkan (total internal programs: 2, unique: 2)
Compiling shader "Hidden/Internal-DebugPattern" pass "Target Color and DepthStencil" (vp)
    Full variant space:         2
    After settings filtering:   2
    After built-in stripping:   4
    After scriptable stripping: 4
    Processed in 0.00 seconds
    starting compilation...
    finished in 0.00 seconds. Local cache hits 4 (0.00s CPU time), remote cache hits 0 (0.00s CPU time), compiled 0 variants (0.00s CPU time), skipped 0 variants
    Prepared data for serialisation in 0.00s
Compiling shader "Hidden/Internal-DebugPattern" pass "Target only Color" (vp)
    Full variant space:         2
    After settings filtering:   2
    After built-in stripping:   4
    After scriptable stripping: 4
    Processed in 0.00 seconds
    starting compilation...
    finished in 0.00 seconds. Local cache hits 4 (0.00s CPU time), remote cache hits 0 (0.00s CPU time), compiled 0 variants (0.00s CPU time), skipped 0 variants
    Prepared data for serialisation in 0.00s
Compiling shader "Hidden/Internal-DebugPattern" pass "Target only DepthStencil" (vp)
    Full variant space:         2
    After settings filtering:   2
    After built-in stripping:   4
    After scriptable stripping: 4
    Processed in 0.00 seconds
    starting compilation...
    finished in 0.00 seconds. Local cache hits 4 (0.00s CPU time), remote cache hits 0 (0.00s CPU time), compiled 0 variants (0.00s CPU time), skipped 0 variants
    Prepared data for serialisation in 0.00s
Serialized binary data for shader Hidden/Internal-DebugPattern in 0.00s
    gles3 (total internal programs: 6, unique: 6)
    vulkan (total internal programs: 6, unique: 6)
Compiling shader "Hidden/Internal-GUITextureClip" pass "" (vp)
    Full variant space:         2
    After settings filtering:   2
    After built-in stripping:   4
    After scriptable stripping: 4
    Processed in 0.00 seconds
    starting compilation...
    finished in 0.00 seconds. Local cache hits 4 (0.00s CPU time), remote cache hits 0 (0.00s CPU time), compiled 0 variants (0.00s CPU time), skipped 0 variants
    Prepared data for serialisation in 0.00s
Compiling shader "Hidden/Internal-GUITextureClip" pass "" (vp)
    Full variant space:         2
    After settings filtering:   2
    After built-in stripping:   4
    After scriptable stripping: 4
    Processed in 0.00 seconds
    starting compilation...
    finished in 0.00 seconds. Local cache hits 4 (0.00s CPU time), remote cache hits 0 (0.00s CPU time), compiled 0 variants (0.00s CPU time), skipped 0 variants
    Prepared data for serialisation in 0.00s
Serialized binary data for shader Hidden/Internal-GUITextureClip in 0.00s
    gles3 (total internal programs: 4, unique: 2)
    vulkan (total internal programs: 4, unique: 2)
Compiling shader "Hidden/Internal-GUITextureClipText" pass "" (vp)
    Full variant space:         2
    After settings filtering:   2
    After built-in stripping:   4
    After scriptable stripping: 4
    Processed in 0.00 seconds
    starting compilation...
    finished in 0.00 seconds. Local cache hits 4 (0.00s CPU time), remote cache hits 0 (0.00s CPU time), compiled 0 variants (0.00s CPU time), skipped 0 variants
    Prepared data for serialisation in 0.00s
Compiling shader "Hidden/Internal-GUITextureClipText" pass "" (vp)
    Full variant space:         2
    After settings filtering:   2
    After built-in stripping:   4
    After scriptable stripping: 4
    Processed in 0.00 seconds
    starting compilation...
    finished in 0.00 seconds. Local cache hits 4 (0.00s CPU time), remote cache hits 0 (0.00s CPU time), compiled 0 variants (0.00s CPU time), skipped 0 variants
    Prepared data for serialisation in 0.00s
Serialized binary data for shader Hidden/Internal-GUITextureClipText in 0.00s
    gles3 (total internal programs: 4, unique: 2)
    vulkan (total internal programs: 4, unique: 2)
Compiling shader "Hidden/Internal-GUITexture" pass "" (vp)
    Full variant space:         2
    After settings filtering:   2
    After built-in stripping:   4
    After scriptable stripping: 4
    Processed in 0.00 seconds
    starting compilation...
    finished in 0.00 seconds. Local cache hits 4 (0.00s CPU time), remote cache hits 0 (0.00s CPU time), compiled 0 variants (0.00s CPU time), skipped 0 variants
    Prepared data for serialisation in 0.00s
Compiling shader "Hidden/Internal-GUITexture" pass "" (vp)
    Full variant space:         2
    After settings filtering:   2
    After built-in stripping:   4
    After scriptable stripping: 4
    Processed in 0.00 seconds
    starting compilation...
    finished in 0.00 seconds. Local cache hits 4 (0.00s CPU time), remote cache hits 0 (0.00s CPU time), compiled 0 variants (0.00s CPU time), skipped 0 variants
    Prepared data for serialisation in 0.00s
Serialized binary data for shader Hidden/Internal-GUITexture in 0.00s
    gles3 (total internal programs: 4, unique: 2)
    vulkan (total internal programs: 4, unique: 2)
Compiling shader "Hidden/Internal-GUITextureBlit" pass "" (vp)
    Full variant space:         2
    After settings filtering:   2
    After built-in stripping:   4
    After scriptable stripping: 4
    Processed in 0.00 seconds
    starting compilation...
    finished in 0.00 seconds. Local cache hits 4 (0.00s CPU time), remote cache hits 0 (0.00s CPU time), compiled 0 variants (0.00s CPU time), skipped 0 variants
    Prepared data for serialisation in 0.00s
Compiling shader "Hidden/Internal-GUITextureBlit" pass "" (vp)
    Full variant space:         2
    After settings filtering:   2
    After built-in stripping:   4
    After scriptable stripping: 4
    Processed in 0.00 seconds
    starting compilation...
    finished in 0.00 seconds. Local cache hits 4 (0.00s CPU time), remote cache hits 0 (0.00s CPU time), compiled 0 variants (0.00s CPU time), skipped 0 variants
    Prepared data for serialisation in 0.00s
Serialized binary data for shader Hidden/Internal-GUITextureBlit in 0.00s
    gles3 (total internal programs: 4, unique: 2)
    vulkan (total internal programs: 4, unique: 2)
Compiling shader "Hidden/Internal-GUIRoundedRect" pass "" (vp)
    Full variant space:         2
    After settings filtering:   2
    After built-in stripping:   4
    After scriptable stripping: 4
    Processed in 0.00 seconds
    starting compilation...
    finished in 0.00 seconds. Local cache hits 4 (0.00s CPU time), remote cache hits 0 (0.00s CPU time), compiled 0 variants (0.00s CPU time), skipped 0 variants
    Prepared data for serialisation in 0.00s
Compiling shader "Hidden/Internal-GUIRoundedRect" pass "" (vp)
    Full variant space:         2
    After settings filtering:   2
    After built-in stripping:   4
    After scriptable stripping: 4
    Processed in 0.00 seconds
    starting compilation...
    finished in 0.00 seconds. Local cache hits 4 (0.00s CPU time), remote cache hits 0 (0.00s CPU time), compiled 0 variants (0.00s CPU time), skipped 0 variants
    Prepared data for serialisation in 0.00s
Serialized binary data for shader Hidden/Internal-GUIRoundedRect in 0.00s
    gles3 (total internal programs: 4, unique: 2)
    vulkan (total internal programs: 4, unique: 2)
Compiling shader "Hidden/Internal-GUIRoundedRectWithColorPerBorder" pass "" (vp)
    Full variant space:         2
    After settings filtering:   2
    After built-in stripping:   4
    After scriptable stripping: 4
    Processed in 0.00 seconds
    starting compilation...
    finished in 0.00 seconds. Local cache hits 4 (0.00s CPU time), remote cache hits 0 (0.00s CPU time), compiled 0 variants (0.00s CPU time), skipped 0 variants
    Prepared data for serialisation in 0.00s
Compiling shader "Hidden/Internal-GUIRoundedRectWithColorPerBorder" pass "" (vp)
    Full variant space:         2
    After settings filtering:   2
    After built-in stripping:   4
    After scriptable stripping: 4
    Processed in 0.00 seconds
    starting compilation...
    finished in 0.00 seconds. Local cache hits 4 (0.00s CPU time), remote cache hits 0 (0.00s CPU time), compiled 0 variants (0.00s CPU time), skipped 0 variants
    Prepared data for serialisation in 0.00s
Serialized binary data for shader Hidden/Internal-GUIRoundedRectWithColorPerBorder in 0.00s
    gles3 (total internal programs: 4, unique: 2)
    vulkan (total internal programs: 4, unique: 2)
Compiling shader "Hidden/Internal-UIRDefault" pass "" (vp)
    Full variant space:         4
    After settings filtering:   4
    After built-in stripping:   8
    After scriptable stripping: 8
    Processed in 0.00 seconds
    starting compilation...
    finished in 0.00 seconds. Local cache hits 8 (0.01s CPU time), remote cache hits 0 (0.00s CPU time), compiled 0 variants (0.00s CPU time), skipped 0 variants
    Prepared data for serialisation in 0.00s
Serialized binary data for shader Hidden/Internal-UIRDefault in 0.00s
    gles3 (total internal programs: 4, unique: 4)
    vulkan (total internal programs: 4, unique: 4)
Compiling shader "Hidden/Internal-UIRAtlasBlitCopy" pass "" (vp)
    Full variant space:         2
    After settings filtering:   2
    After built-in stripping:   4
    After scriptable stripping: 4
    Processed in 0.00 seconds
    starting compilation...
    finished in 0.00 seconds. Local cache hits 4 (0.00s CPU time), remote cache hits 0 (0.00s CPU time), compiled 0 variants (0.00s CPU time), skipped 0 variants
    Prepared data for serialisation in 0.00s
Serialized binary data for shader Hidden/Internal-UIRAtlasBlitCopy in 0.00s
    gles3 (total internal programs: 2, unique: 2)
    vulkan (total internal programs: 2, unique: 2)
Compiling shader "Hidden/Internal-UIRDefaultWorld" pass "" (vp)
    Full variant space:         2
    After settings filtering:   2
    After built-in stripping:   4
    After scriptable stripping: 4
    Processed in 0.00 seconds
    starting compilation...
    finished in 0.00 seconds. Local cache hits 4 (0.00s CPU time), remote cache hits 0 (0.00s CPU time), compiled 0 variants (0.00s CPU time), skipped 0 variants
    Prepared data for serialisation in 0.00s
Serialized binary data for shader Hidden/Internal-UIRDefaultWorld in 0.00s
    gles3 (total internal programs: 2, unique: 2)
    vulkan (total internal programs: 2, unique: 2)
Compiling shader "Sprites/Default" pass "" (vp)
    Full variant space:         16
    After settings filtering:   16
    After built-in stripping:   16
    After scriptable stripping: 16
    Processed in 0.00 seconds
    starting compilation...
    finished in 0.00 seconds. Local cache hits 16 (0.02s CPU time), remote cache hits 0 (0.00s CPU time), compiled 0 variants (0.00s CPU time), skipped 0 variants
    Prepared data for serialisation in 0.00s
Serialized binary data for shader Sprites/Default in 0.00s
    gles3 (total internal programs: 8, unique: 8)
    vulkan (total internal programs: 8, unique: 8)
Compiling shader "Sprites/Mask" pass "" (vp)
    Full variant space:         8
    After settings filtering:   8
    After built-in stripping:   16
    After scriptable stripping: 16
    Processed in 0.00 seconds
    starting compilation...
    finished in 0.00 seconds. Local cache hits 16 (0.02s CPU time), remote cache hits 0 (0.00s CPU time), compiled 0 variants (0.00s CPU time), skipped 0 variants
    Prepared data for serialisation in 0.00s
Serialized binary data for shader Sprites/Mask in 0.00s
    gles3 (total internal programs: 8, unique: 8)
    vulkan (total internal programs: 8, unique: 8)
Compiling shader "UI/Default" pass "Default" (vp)
    Full variant space:         8
    After settings filtering:   8
    After built-in stripping:   16
    After scriptable stripping: 16
    Processed in 0.00 seconds
    starting compilation...
    finished in 0.00 seconds. Local cache hits 16 (0.02s CPU time), remote cache hits 0 (0.00s CPU time), compiled 0 variants (0.00s CPU time), skipped 0 variants
    Prepared data for serialisation in 0.00s
Serialized binary data for shader UI/Default in 0.00s
    gles3 (total internal programs: 8, unique: 8)
    vulkan (total internal programs: 8, unique: 8)
Compiling shader "UI/DefaultETC1" pass "Default" (vp)
    Full variant space:         8
    After settings filtering:   8
    After built-in stripping:   16
    After scriptable stripping: 16
    Processed in 0.00 seconds
    starting compilation...
    finished in 0.00 seconds. Local cache hits 16 (0.02s CPU time), remote cache hits 0 (0.00s CPU time), compiled 0 variants (0.00s CPU time), skipped 0 variants
    Prepared data for serialisation in 0.00s
Serialized binary data for shader UI/DefaultETC1 in 0.00s
    gles3 (total internal programs: 8, unique: 8)
    vulkan (total internal programs: 8, unique: 8)
Compiling shader "Hidden/CubeBlur" pass "" (vp)
    Full variant space:         2
    After settings filtering:   2
    After built-in stripping:   4
    After scriptable stripping: 4
    Processed in 0.00 seconds
    starting compilation...
    finished in 0.00 seconds. Local cache hits 4 (0.00s CPU time), remote cache hits 0 (0.00s CPU time), compiled 0 variants (0.00s CPU time), skipped 0 variants
    Prepared data for serialisation in 0.00s
Compiling shader "Hidden/CubeBlur" pass "" (vp)
    Full variant space:         2
    After settings filtering:   2
    After built-in stripping:   4
    After scriptable stripping: 4
    Processed in 0.00 seconds
    starting compilation...
    finished in 0.00 seconds. Local cache hits 4 (0.00s CPU time), remote cache hits 0 (0.00s CPU time), compiled 0 variants (0.00s CPU time), skipped 0 variants
    Prepared data for serialisation in 0.00s
Serialized binary data for shader Hidden/CubeBlur in 0.00s
    gles3 (total internal programs: 4, unique: 3)
    vulkan (total internal programs: 4, unique: 3)
Compiling shader "Hidden/CubeCopy" pass "" (vp)
    Full variant space:         2
    After settings filtering:   2
    After built-in stripping:   4
    After scriptable stripping: 4
    Processed in 0.00 seconds
    starting compilation...
    finished in 0.00 seconds. Local cache hits 4 (0.00s CPU time), remote cache hits 0 (0.00s CPU time), compiled 0 variants (0.00s CPU time), skipped 0 variants
    Prepared data for serialisation in 0.00s
Compiling shader "Hidden/CubeCopy" pass "" (vp)
    Full variant space:         2
    After settings filtering:   2
    After built-in stripping:   4
    After scriptable stripping: 4
    Processed in 0.00 seconds
    starting compilation...
    finished in 0.00 seconds. Local cache hits 4 (0.00s CPU time), remote cache hits 0 (0.00s CPU time), compiled 0 variants (0.00s CPU time), skipped 0 variants
    Prepared data for serialisation in 0.00s
Serialized binary data for shader Hidden/CubeCopy in 0.00s
    gles3 (total internal programs: 4, unique: 2)
    vulkan (total internal programs: 4, unique: 2)
Compiling shader "Hidden/CubeBlend" pass "" (vp)
    Full variant space:         2
    After settings filtering:   2
    After built-in stripping:   4
    After scriptable stripping: 4
    Processed in 0.00 seconds
    starting compilation...
    finished in 0.00 seconds. Local cache hits 4 (0.00s CPU time), remote cache hits 0 (0.00s CPU time), compiled 0 variants (0.00s CPU time), skipped 0 variants
    Prepared data for serialisation in 0.00s
Compiling shader "Hidden/CubeBlend" pass "" (vp)
    Full variant space:         2
    After settings filtering:   2
    After built-in stripping:   4
    After scriptable stripping: 4
    Processed in 0.00 seconds
    starting compilation...
    finished in 0.00 seconds. Local cache hits 4 (0.00s CPU time), remote cache hits 0 (0.00s CPU time), compiled 0 variants (0.00s CPU time), skipped 0 variants
    Prepared data for serialisation in 0.00s
Serialized binary data for shader Hidden/CubeBlend in 0.00s
    gles3 (total internal programs: 4, unique: 2)
    vulkan (total internal programs: 4, unique: 2)
Compiling shader "Hidden/VR/BlitTexArraySlice" pass "" (vp)
    Full variant space:         2
    After settings filtering:   2
    After built-in stripping:   4
    After scriptable stripping: 4
    Processed in 0.00 seconds
    starting compilation...
    finished in 0.00 seconds. Local cache hits 4 (0.00s CPU time), remote cache hits 0 (0.00s CPU time), compiled 0 variants (0.00s CPU time), skipped 0 variants
    Prepared data for serialisation in 0.00s
Serialized binary data for shader Hidden/VR/BlitTexArraySlice in 0.00s
    gles3 (total internal programs: 2, unique: 2)
    vulkan (total internal programs: 2, unique: 2)
Compiling shader "Hidden/VR/BlitTexArraySliceToDepth" pass "" (vp)
    Full variant space:         2
    After settings filtering:   2
    After built-in stripping:   4
    After scriptable stripping: 4
    Processed in 0.00 seconds
    starting compilation...
    finished in 0.00 seconds. Local cache hits 4 (0.00s CPU time), remote cache hits 0 (0.00s CPU time), compiled 0 variants (0.00s CPU time), skipped 0 variants
    Prepared data for serialisation in 0.00s
Serialized binary data for shader Hidden/VR/BlitTexArraySliceToDepth in 0.00s
    gles3 (total internal programs: 2, unique: 2)
    vulkan (total internal programs: 2, unique: 2)
Compiling shader "Hidden/VR/BlitTexArraySliceToDepth_MSAA" pass "" (vp)
    Full variant space:         2
    After settings filtering:   2
    After built-in stripping:   4
    After scriptable stripping: 4
    Processed in 0.00 seconds
    starting compilation...
    finished in 0.00 seconds. Local cache hits 4 (0.00s CPU time), remote cache hits 0 (0.00s CPU time), compiled 0 variants (0.00s CPU time), skipped 0 variants
    Prepared data for serialisation in 0.00s
Serialized binary data for shader Hidden/VR/BlitTexArraySliceToDepth_MSAA in 0.00s
    gles3 (total internal programs: 2, unique: 2)
    vulkan (total internal programs: 2, unique: 2)
Compiling shader "Hidden/Internal-ODSWorldTexture" pass "" (vp)
    Full variant space:         2
    After settings filtering:   2
    After built-in stripping:   4
    After scriptable stripping: 4
    Processed in 0.00 seconds
    starting compilation...
    finished in 0.00 seconds. Local cache hits 4 (0.00s CPU time), remote cache hits 0 (0.00s CPU time), compiled 0 variants (0.00s CPU time), skipped 0 variants
    Prepared data for serialisation in 0.00s
Compiling shader "Hidden/Internal-ODSWorldTexture" pass "" (vp)
    Full variant space:         2
    After settings filtering:   2
    After built-in stripping:   4
    After scriptable stripping: 4
    Processed in 0.00 seconds
    starting compilation...
    finished in 0.00 seconds. Local cache hits 4 (0.00s CPU time), remote cache hits 0 (0.00s CPU time), compiled 0 variants (0.00s CPU time), skipped 0 variants
    Prepared data for serialisation in 0.00s
Compiling shader "Hidden/Internal-ODSWorldTexture" pass "" (vp)
    Full variant space:         2
    After settings filtering:   2
    After built-in stripping:   4
    After scriptable stripping: 4
    Processed in 0.00 seconds
    starting compilation...
    finished in 0.00 seconds. Local cache hits 4 (0.00s CPU time), remote cache hits 0 (0.00s CPU time), compiled 0 variants (0.00s CPU time), skipped 0 variants
    Prepared data for serialisation in 0.00s
Compiling shader "Hidden/Internal-ODSWorldTexture" pass "" (vp)
    Full variant space:         2
    After settings filtering:   2
    After built-in stripping:   4
    After scriptable stripping: 4
    Processed in 0.00 seconds
    starting compilation...
    finished in 0.00 seconds. Local cache hits 4 (0.00s CPU time), remote cache hits 0 (0.00s CPU time), compiled 0 variants (0.00s CPU time), skipped 0 variants
    Prepared data for serialisation in 0.00s
Compiling shader "Hidden/Internal-ODSWorldTexture" pass "" (vp)
    Full variant space:         2
    After settings filtering:   2
    After built-in stripping:   4
    After scriptable stripping: 4
    Processed in 0.00 seconds
    starting compilation...
    finished in 0.00 seconds. Local cache hits 4 (0.00s CPU time), remote cache hits 0 (0.00s CPU time), compiled 0 variants (0.00s CPU time), skipped 0 variants
    Prepared data for serialisation in 0.00s
Compiling shader "Hidden/Internal-ODSWorldTexture" pass "" (vp)
    Full variant space:         2
    After settings filtering:   2
    After built-in stripping:   4
    After scriptable stripping: 4
    Processed in 0.00 seconds
    starting compilation...
    finished in 0.00 seconds. Local cache hits 4 (0.00s CPU time), remote cache hits 0 (0.00s CPU time), compiled 0 variants (0.00s CPU time), skipped 0 variants
    Prepared data for serialisation in 0.00s
Compiling shader "Hidden/Internal-ODSWorldTexture" pass "" (vp)
    Full variant space:         2
    After settings filtering:   2
    After built-in stripping:   4
    After scriptable stripping: 4
    Processed in 0.00 seconds
    starting compilation...
    finished in 0.00 seconds. Local cache hits 4 (0.00s CPU time), remote cache hits 0 (0.00s CPU time), compiled 0 variants (0.00s CPU time), skipped 0 variants
    Prepared data for serialisation in 0.00s
Compiling shader "Hidden/Internal-ODSWorldTexture" pass "" (vp)
    Full variant space:         2
    After settings filtering:   2
    After built-in stripping:   4
    After scriptable stripping: 4
    Processed in 0.00 seconds
    starting compilation...
    finished in 0.00 seconds. Local cache hits 4 (0.00s CPU time), remote cache hits 0 (0.00s CPU time), compiled 0 variants (0.00s CPU time), skipped 0 variants
    Prepared data for serialisation in 0.00s
Compiling shader "Hidden/Internal-ODSWorldTexture" pass "" (vp)
    Full variant space:         2
    After settings filtering:   2
    After built-in stripping:   4
    After scriptable stripping: 4
    Processed in 0.00 seconds
    starting compilation...
    finished in 0.00 seconds. Local cache hits 4 (0.00s CPU time), remote cache hits 0 (0.00s CPU time), compiled 0 variants (0.00s CPU time), skipped 0 variants
    Prepared data for serialisation in 0.00s
Compiling shader "Hidden/Internal-ODSWorldTexture" pass "" (vp)
    Full variant space:         2
    After settings filtering:   2
    After built-in stripping:   4
    After scriptable stripping: 4
    Processed in 0.00 seconds
    starting compilation...
    finished in 0.00 seconds. Local cache hits 4 (0.00s CPU time), remote cache hits 0 (0.00s CPU time), compiled 0 variants (0.00s CPU time), skipped 0 variants
    Prepared data for serialisation in 0.00s
Serialized binary data for shader Hidden/Internal-ODSWorldTexture in 0.00s
    gles3 (total internal programs: 20, unique: 18)
    vulkan (total internal programs: 20, unique: 18)
Compiling shader "Hidden/Internal-CubemapToEquirect" pass "" (vp)
    Full variant space:         2
    After settings filtering:   2
    After built-in stripping:   4
    After scriptable stripping: 4
    Processed in 0.00 seconds
    starting compilation...
    finished in 0.00 seconds. Local cache hits 4 (0.00s CPU time), remote cache hits 0 (0.00s CPU time), compiled 0 variants (0.00s CPU time), skipped 0 variants
    Prepared data for serialisation in 0.00s
Serialized binary data for shader Hidden/Internal-CubemapToEquirect in 0.00s
    gles3 (total internal programs: 2, unique: 2)
    vulkan (total internal programs: 2, unique: 2)
Compiling shader "Hidden/VR/BlitFromTex2DToTexArraySlice" pass "" (vp)
    Full variant space:         1
    After settings filtering:   1
    After built-in stripping:   2
    After scriptable stripping: 2
    Processed in 0.00 seconds
    starting compilation...
    finished in 0.00 seconds. Local cache hits 2 (0.00s CPU time), remote cache hits 0 (0.00s CPU time), compiled 0 variants (0.00s CPU time), skipped 0 variants
    Prepared data for serialisation in 0.00s
Compiling shader "Hidden/VR/BlitFromTex2DToTexArraySlice" pass "" (vp)
    Full variant space:         2
    After settings filtering:   2
    After built-in stripping:   4
    After scriptable stripping: 4
    Processed in 0.00 seconds
    starting compilation...
    finished in 0.00 seconds. Local cache hits 4 (0.00s CPU time), remote cache hits 0 (0.00s CPU time), compiled 0 variants (0.00s CPU time), skipped 0 variants
    Prepared data for serialisation in 0.00s
Serialized binary data for shader Hidden/VR/BlitFromTex2DToTexArraySlice in 0.00s
    gles3 (total internal programs: 4, unique: 4)
    vulkan (total internal programs: 2, unique: 2)
Compiling shader "Hidden/VideoComposite" pass "Default" (vp)
    Full variant space:         2
    After settings filtering:   2
    After built-in stripping:   4
    After scriptable stripping: 4
    Processed in 0.00 seconds
    starting compilation...
    finished in 0.00 seconds. Local cache hits 4 (0.00s CPU time), remote cache hits 0 (0.00s CPU time), compiled 0 variants (0.00s CPU time), skipped 0 variants
    Prepared data for serialisation in 0.00s
Serialized binary data for shader Hidden/VideoComposite in 0.00s
    gles3 (total internal programs: 2, unique: 2)
    vulkan (total internal programs: 2, unique: 2)
Compiling shader "Hidden/VideoDecode" pass "YCbCr_To_RGB1" (vp)
    Full variant space:         4
    After settings filtering:   4
    After built-in stripping:   8
    After scriptable stripping: 8
    Processed in 0.00 seconds
    starting compilation...
    finished in 0.00 seconds. Local cache hits 8 (0.01s CPU time), remote cache hits 0 (0.00s CPU time), compiled 0 variants (0.00s CPU time), skipped 0 variants
    Prepared data for serialisation in 0.00s
Compiling shader "Hidden/VideoDecode" pass "YCbCrA_To_RGBAFull" (vp)
    Full variant space:         4
    After settings filtering:   4
    After built-in stripping:   8
    After scriptable stripping: 8
    Processed in 0.00 seconds
    starting compilation...
    finished in 0.00 seconds. Local cache hits 8 (0.01s CPU time), remote cache hits 0 (0.00s CPU time), compiled 0 variants (0.00s CPU time), skipped 0 variants
    Prepared data for serialisation in 0.00s
Compiling shader "Hidden/VideoDecode" pass "YCbCrA_To_RGBA" (vp)
    Full variant space:         4
    After settings filtering:   4
    After built-in stripping:   8
    After scriptable stripping: 8
    Processed in 0.00 seconds
    starting compilation...
    finished in 0.00 seconds. Local cache hits 8 (0.01s CPU time), remote cache hits 0 (0.00s CPU time), compiled 0 variants (0.00s CPU time), skipped 0 variants
    Prepared data for serialisation in 0.00s
Compiling shader "Hidden/VideoDecode" pass "Flip_RGBA_To_RGBA" (vp)
    Full variant space:         4
    After settings filtering:   4
    After built-in stripping:   8
    After scriptable stripping: 8
    Processed in 0.00 seconds
    starting compilation...
    finished in 0.00 seconds. Local cache hits 8 (0.00s CPU time), remote cache hits 0 (0.00s CPU time), compiled 0 variants (0.00s CPU time), skipped 0 variants
    Prepared data for serialisation in 0.00s
Compiling shader "Hidden/VideoDecode" pass "Flip_RGBASplit_To_RGBA" (vp)
    Full variant space:         4
    After settings filtering:   4
    After built-in stripping:   8
    After scriptable stripping: 8
    Processed in 0.00 seconds
    starting compilation...
    finished in 0.00 seconds. Local cache hits 8 (0.01s CPU time), remote cache hits 0 (0.00s CPU time), compiled 0 variants (0.00s CPU time), skipped 0 variants
    Prepared data for serialisation in 0.00s
Compiling shader "Hidden/VideoDecode" pass "Flip_NV12_To_RGB1" (vp)
    Full variant space:         4
    After settings filtering:   4
    After built-in stripping:   8
    After scriptable stripping: 8
    Processed in 0.00 seconds
    starting compilation...
    finished in 0.00 seconds. Local cache hits 8 (0.01s CPU time), remote cache hits 0 (0.00s CPU time), compiled 0 variants (0.00s CPU time), skipped 0 variants
    Prepared data for serialisation in 0.00s
Compiling shader "Hidden/VideoDecode" pass "Flip_NV12_To_RGBA" (vp)
    Full variant space:         4
    After settings filtering:   4
    After built-in stripping:   8
    After scriptable stripping: 8
    Processed in 0.00 seconds
    starting compilation...
    finished in 0.00 seconds. Local cache hits 8 (0.01s CPU time), remote cache hits 0 (0.00s CPU time), compiled 0 variants (0.00s CPU time), skipped 0 variants
    Prepared data for serialisation in 0.00s
Compiling shader "Hidden/VideoDecode" pass "Flip_P010_To_RGB1" (vp)
    Full variant space:         2
    After settings filtering:   2
    After built-in stripping:   4
    After scriptable stripping: 4
    Processed in 0.00 seconds
    starting compilation...
    finished in 0.00 seconds. Local cache hits 4 (0.00s CPU time), remote cache hits 0 (0.00s CPU time), compiled 0 variants (0.00s CPU time), skipped 0 variants
    Prepared data for serialisation in 0.00s
Serialized binary data for shader Hidden/VideoDecode in 0.00s
    gles3 (total internal programs: 30, unique: 30)
    vulkan (total internal programs: 30, unique: 30)
Compiling shader "Hidden/VideoDecodeAndroid" pass "RGBAExternal_To_RGBA" (vp)
    Full variant space:         2
    After settings filtering:   2
    After built-in stripping:   4
    After scriptable stripping: 4
    Processed in 0.00 seconds
    starting compilation...
    finished in 0.00 seconds. Local cache hits 4 (0.00s CPU time), remote cache hits 0 (0.00s CPU time), compiled 0 variants (0.00s CPU time), skipped 0 variants
    Prepared data for serialisation in 0.00s
Compiling shader "Hidden/VideoDecodeAndroid" pass "RGBASplitExternal_To_RGBA" (vp)
    Full variant space:         2
    After settings filtering:   2
    After built-in stripping:   4
    After scriptable stripping: 4
    Processed in 0.00 seconds
    starting compilation...
    finished in 0.00 seconds. Local cache hits 4 (0.00s CPU time), remote cache hits 0 (0.00s CPU time), compiled 0 variants (0.00s CPU time), skipped 0 variants
    Prepared data for serialisation in 0.00s
Serialized binary data for shader Hidden/VideoDecodeAndroid in 0.00s
    gles3 (total internal programs: 8, unique: 8)
    vulkan (total internal programs: 0, unique: 0)
Compiling shader "Hidden/TextCore/Distance Field SSD" pass "" (vp)
    Full variant space:         2
    After settings filtering:   2
    After built-in stripping:   4
    After scriptable stripping: 4
    Processed in 0.00 seconds
    starting compilation...
    finished in 0.00 seconds. Local cache hits 4 (0.00s CPU time), remote cache hits 0 (0.00s CPU time), compiled 0 variants (0.00s CPU time), skipped 0 variants
    Prepared data for serialisation in 0.00s
Serialized binary data for shader Hidden/TextCore/Distance Field SSD in 0.00s
    gles3 (total internal programs: 2, unique: 2)
    vulkan (total internal programs: 2, unique: 2)
Compressed texture splah image is used as splash image. This might compromise visual quality of the final image. Uncompressed format might be considered as better import option.
UnityEngine.Debug:ExtractStackTraceNoAlloc (byte*,int,string)
UnityEngine.StackTraceUtility:ExtractStackTrace ()
UnityEngine.DebugLogHandler:Internal_Log (UnityEngine.LogType,UnityEngine.LogOption,string,UnityEngine.Object)
UnityEngine.DebugLogHandler:LogFormat (UnityEngine.LogType,UnityEngine.Object,string,object[])
UnityEngine.Logger:Log (UnityEngine.LogType,object)
UnityEngine.Debug:LogWarning (object)
UnityEditor.Utils.IconUtility:ExportImageToPath (string,UnityEngine.Texture2D,UnityEditor.Utils.ImageDescription)
UnityEditor.Utils.IconUtility:ExportImage (string,UnityEngine.Texture2D,UnityEditor.Utils.ImageDescription)
UnityEditor.Android.AndroidBuildPostprocessor:AddIconsToBuild (UnityEditor.Modules.AddIconsArgs) (at /home/bokken/build/output/unity/unity/PlatformDependent/AndroidPlayer/Editor/Managed/ExtensionModule.cs:1235)
UnityEditor.PostprocessBuildPlayer:Postprocess (UnityEditor.BuildTarget,int,string,string,string,UnityEditor.BuildOptions,UnityEditor.RuntimeClassRegistry,UnityEditor.Build.Reporting.BuildReport)
UnityEditor.BuildPipeline:BuildPlayerInternalNoCheck (string[],string,string,UnityEditor.BuildTargetGroup,UnityEditor.BuildTarget,int,UnityEditor.BuildOptions,string[],bool)
UnityEditor.BuildPipeline:BuildPlayerInternal (string[],string,string,UnityEditor.BuildTargetGroup,UnityEditor.BuildTarget,int,UnityEditor.BuildOptions,string[])
UnityEditor.BuildPipeline:BuildPlayer (string[],string,string,UnityEditor.BuildTargetGroup,UnityEditor.BuildTarget,int,UnityEditor.BuildOptions,string[])
UnityEditor.BuildPipeline:BuildPlayer (UnityEditor.BuildPlayerOptions)
CodexAndroidBuild:BuildApk () (at Assets/Editor/CodexAndroidBuild.cs:33)

(Filename: /home/bokken/build/output/unity/unity/PlatformDependent/AndroidPlayer/Editor/Managed/ExtensionModule.cs Line: 1235)

Compressed texture hts_icon is used as icon. This might compromise visual quality of the final image. Uncompressed format might be considered as better import option.
UnityEngine.Debug:ExtractStackTraceNoAlloc (byte*,int,string)
UnityEngine.StackTraceUtility:ExtractStackTrace ()
UnityEngine.DebugLogHandler:Internal_Log (UnityEngine.LogType,UnityEngine.LogOption,string,UnityEngine.Object)
UnityEngine.DebugLogHandler:LogFormat (UnityEngine.LogType,UnityEngine.Object,string,object[])
UnityEngine.Logger:Log (UnityEngine.LogType,object)
UnityEngine.Debug:LogWarning (object)
UnityEditor.Utils.IconUtility:ExportImageToPath (string,UnityEngine.Texture2D,UnityEditor.Utils.ImageDescription)
UnityEditor.Utils.IconUtility:ExportImage (string,UnityEngine.Texture2D,UnityEditor.Utils.ImageDescription)
UnityEditor.Utils.IconUtility:ExportIcon (string,string,UnityEditor.Utils.ImageDescription,int)
UnityEditor.Android.AndroidBuildPostprocessor:AddIconsToBuild (UnityEditor.Modules.AddIconsArgs) (at /home/bokken/build/output/unity/unity/PlatformDependent/AndroidPlayer/Editor/Managed/ExtensionModule.cs:1239)
UnityEditor.PostprocessBuildPlayer:Postprocess (UnityEditor.BuildTarget,int,string,string,string,UnityEditor.BuildOptions,UnityEditor.RuntimeClassRegistry,UnityEditor.Build.Reporting.BuildReport)
UnityEditor.BuildPipeline:BuildPlayerInternalNoCheck (string[],string,string,UnityEditor.BuildTargetGroup,UnityEditor.BuildTarget,int,UnityEditor.BuildOptions,string[],bool)
UnityEditor.BuildPipeline:BuildPlayerInternal (string[],string,string,UnityEditor.BuildTargetGroup,UnityEditor.BuildTarget,int,UnityEditor.BuildOptions,string[])
UnityEditor.BuildPipeline:BuildPlayer (string[],string,string,UnityEditor.BuildTargetGroup,UnityEditor.BuildTarget,int,UnityEditor.BuildOptions,string[])
UnityEditor.BuildPipeline:BuildPlayer (UnityEditor.BuildPlayerOptions)
CodexAndroidBuild:BuildApk () (at Assets/Editor/CodexAndroidBuild.cs:33)

(Filename: /home/bokken/build/output/unity/unity/PlatformDependent/AndroidPlayer/Editor/Managed/ExtensionModule.cs Line: 1239)

Compressed texture hts_icon is used as icon. This might compromise visual quality of the final image. Uncompressed format might be considered as better import option.
UnityEngine.Debug:ExtractStackTraceNoAlloc (byte*,int,string)
UnityEngine.StackTraceUtility:ExtractStackTrace ()
UnityEngine.DebugLogHandler:Internal_Log (UnityEngine.LogType,UnityEngine.LogOption,string,UnityEngine.Object)
UnityEngine.DebugLogHandler:LogFormat (UnityEngine.LogType,UnityEngine.Object,string,object[])
UnityEngine.Logger:Log (UnityEngine.LogType,object)
UnityEngine.Debug:LogWarning (object)
UnityEditor.Utils.IconUtility:ExportImageToPath (string,UnityEngine.Texture2D,UnityEditor.Utils.ImageDescription)
UnityEditor.Utils.IconUtility:ExportImage (string,UnityEngine.Texture2D,UnityEditor.Utils.ImageDescription)
UnityEditor.Utils.IconUtility:ExportIcon (string,string,UnityEditor.Utils.ImageDescription,int)
UnityEditor.Android.AndroidBuildPostprocessor:AddIconsToBuild (UnityEditor.Modules.AddIconsArgs) (at /home/bokken/build/output/unity/unity/PlatformDependent/AndroidPlayer/Editor/Managed/ExtensionModule.cs:1239)
UnityEditor.PostprocessBuildPlayer:Postprocess (UnityEditor.BuildTarget,int,string,string,string,UnityEditor.BuildOptions,UnityEditor.RuntimeClassRegistry,UnityEditor.Build.Reporting.BuildReport)
UnityEditor.BuildPipeline:BuildPlayerInternalNoCheck (string[],string,string,UnityEditor.BuildTargetGroup,UnityEditor.BuildTarget,int,UnityEditor.BuildOptions,string[],bool)
UnityEditor.BuildPipeline:BuildPlayerInternal (string[],string,string,UnityEditor.BuildTargetGroup,UnityEditor.BuildTarget,int,UnityEditor.BuildOptions,string[])
UnityEditor.BuildPipeline:BuildPlayer (string[],string,string,UnityEditor.BuildTargetGroup,UnityEditor.BuildTarget,int,UnityEditor.BuildOptions,string[])
UnityEditor.BuildPipeline:BuildPlayer (UnityEditor.BuildPlayerOptions)
CodexAndroidBuild:BuildApk () (at Assets/Editor/CodexAndroidBuild.cs:33)

(Filename: /home/bokken/build/output/unity/unity/PlatformDependent/AndroidPlayer/Editor/Managed/ExtensionModule.cs Line: 1239)

Compressed texture hts_icon is used as icon. This might compromise visual quality of the final image. Uncompressed format might be considered as better import option.
UnityEngine.Debug:ExtractStackTraceNoAlloc (byte*,int,string)
UnityEngine.StackTraceUtility:ExtractStackTrace ()
UnityEngine.DebugLogHandler:Internal_Log (UnityEngine.LogType,UnityEngine.LogOption,string,UnityEngine.Object)
UnityEngine.DebugLogHandler:LogFormat (UnityEngine.LogType,UnityEngine.Object,string,object[])
UnityEngine.Logger:Log (UnityEngine.LogType,object)
UnityEngine.Debug:LogWarning (object)
UnityEditor.Utils.IconUtility:ExportImageToPath (string,UnityEngine.Texture2D,UnityEditor.Utils.ImageDescription)
UnityEditor.Utils.IconUtility:ExportImage (string,UnityEngine.Texture2D,UnityEditor.Utils.ImageDescription)
UnityEditor.Utils.IconUtility:ExportIcon (string,string,UnityEditor.Utils.ImageDescription,int)
UnityEditor.Android.AndroidBuildPostprocessor:AddIconsToBuild (UnityEditor.Modules.AddIconsArgs) (at /home/bokken/build/output/unity/unity/PlatformDependent/AndroidPlayer/Editor/Managed/ExtensionModule.cs:1239)
UnityEditor.PostprocessBuildPlayer:Postprocess (UnityEditor.BuildTarget,int,string,string,string,UnityEditor.BuildOptions,UnityEditor.RuntimeClassRegistry,UnityEditor.Build.Reporting.BuildReport)
UnityEditor.BuildPipeline:BuildPlayerInternalNoCheck (string[],string,string,UnityEditor.BuildTargetGroup,UnityEditor.BuildTarget,int,UnityEditor.BuildOptions,string[],bool)
UnityEditor.BuildPipeline:BuildPlayerInternal (string[],string,string,UnityEditor.BuildTargetGroup,UnityEditor.BuildTarget,int,UnityEditor.BuildOptions,string[])
UnityEditor.BuildPipeline:BuildPlayer (string[],string,string,UnityEditor.BuildTargetGroup,UnityEditor.BuildTarget,int,UnityEditor.BuildOptions,string[])
UnityEditor.BuildPipeline:BuildPlayer (UnityEditor.BuildPlayerOptions)
CodexAndroidBuild:BuildApk () (at Assets/Editor/CodexAndroidBuild.cs:33)

(Filename: /home/bokken/build/output/unity/unity/PlatformDependent/AndroidPlayer/Editor/Managed/ExtensionModule.cs Line: 1239)

Compressed texture hts_icon is used as icon. This might compromise visual quality of the final image. Uncompressed format might be considered as better import option.
UnityEngine.Debug:ExtractStackTraceNoAlloc (byte*,int,string)
UnityEngine.StackTraceUtility:ExtractStackTrace ()
UnityEngine.DebugLogHandler:Internal_Log (UnityEngine.LogType,UnityEngine.LogOption,string,UnityEngine.Object)
UnityEngine.DebugLogHandler:LogFormat (UnityEngine.LogType,UnityEngine.Object,string,object[])
UnityEngine.Logger:Log (UnityEngine.LogType,object)
UnityEngine.Debug:LogWarning (object)
UnityEditor.Utils.IconUtility:ExportImageToPath (string,UnityEngine.Texture2D,UnityEditor.Utils.ImageDescription)
UnityEditor.Utils.IconUtility:ExportImage (string,UnityEngine.Texture2D,UnityEditor.Utils.ImageDescription)
UnityEditor.Utils.IconUtility:ExportIcon (string,string,UnityEditor.Utils.ImageDescription,int)
UnityEditor.Android.AndroidBuildPostprocessor:AddIconsToBuild (UnityEditor.Modules.AddIconsArgs) (at /home/bokken/build/output/unity/unity/PlatformDependent/AndroidPlayer/Editor/Managed/ExtensionModule.cs:1239)
UnityEditor.PostprocessBuildPlayer:Postprocess (UnityEditor.BuildTarget,int,string,string,string,UnityEditor.BuildOptions,UnityEditor.RuntimeClassRegistry,UnityEditor.Build.Reporting.BuildReport)
UnityEditor.BuildPipeline:BuildPlayerInternalNoCheck (string[],string,string,UnityEditor.BuildTargetGroup,UnityEditor.BuildTarget,int,UnityEditor.BuildOptions,string[],bool)
UnityEditor.BuildPipeline:BuildPlayerInternal (string[],string,string,UnityEditor.BuildTargetGroup,UnityEditor.BuildTarget,int,UnityEditor.BuildOptions,string[])
UnityEditor.BuildPipeline:BuildPlayer (string[],string,string,UnityEditor.BuildTargetGroup,UnityEditor.BuildTarget,int,UnityEditor.BuildOptions,string[])
UnityEditor.BuildPipeline:BuildPlayer (UnityEditor.BuildPlayerOptions)
CodexAndroidBuild:BuildApk () (at Assets/Editor/CodexAndroidBuild.cs:33)

(Filename: /home/bokken/build/output/unity/unity/PlatformDependent/AndroidPlayer/Editor/Managed/ExtensionModule.cs Line: 1239)

Compressed texture hts_icon is used as icon. This might compromise visual quality of the final image. Uncompressed format might be considered as better import option.
UnityEngine.Debug:ExtractStackTraceNoAlloc (byte*,int,string)
UnityEngine.StackTraceUtility:ExtractStackTrace ()
UnityEngine.DebugLogHandler:Internal_Log (UnityEngine.LogType,UnityEngine.LogOption,string,UnityEngine.Object)
UnityEngine.DebugLogHandler:LogFormat (UnityEngine.LogType,UnityEngine.Object,string,object[])
UnityEngine.Logger:Log (UnityEngine.LogType,object)
UnityEngine.Debug:LogWarning (object)
UnityEditor.Utils.IconUtility:ExportImageToPath (string,UnityEngine.Texture2D,UnityEditor.Utils.ImageDescription)
UnityEditor.Utils.IconUtility:ExportImage (string,UnityEngine.Texture2D,UnityEditor.Utils.ImageDescription)
UnityEditor.Utils.IconUtility:ExportIcon (string,string,UnityEditor.Utils.ImageDescription,int)
UnityEditor.Android.AndroidBuildPostprocessor:AddIconsToBuild (UnityEditor.Modules.AddIconsArgs) (at /home/bokken/build/output/unity/unity/PlatformDependent/AndroidPlayer/Editor/Managed/ExtensionModule.cs:1239)
UnityEditor.PostprocessBuildPlayer:Postprocess (UnityEditor.BuildTarget,int,string,string,string,UnityEditor.BuildOptions,UnityEditor.RuntimeClassRegistry,UnityEditor.Build.Reporting.BuildReport)
UnityEditor.BuildPipeline:BuildPlayerInternalNoCheck (string[],string,string,UnityEditor.BuildTargetGroup,UnityEditor.BuildTarget,int,UnityEditor.BuildOptions,string[],bool)
UnityEditor.BuildPipeline:BuildPlayerInternal (string[],string,string,UnityEditor.BuildTargetGroup,UnityEditor.BuildTarget,int,UnityEditor.BuildOptions,string[])
UnityEditor.BuildPipeline:BuildPlayer (string[],string,string,UnityEditor.BuildTargetGroup,UnityEditor.BuildTarget,int,UnityEditor.BuildOptions,string[])
UnityEditor.BuildPipeline:BuildPlayer (UnityEditor.BuildPlayerOptions)
CodexAndroidBuild:BuildApk () (at Assets/Editor/CodexAndroidBuild.cs:33)

(Filename: /home/bokken/build/output/unity/unity/PlatformDependent/AndroidPlayer/Editor/Managed/ExtensionModule.cs Line: 1239)

Compressed texture hts_icon is used as icon. This might compromise visual quality of the final image. Uncompressed format might be considered as better import option.
UnityEngine.Debug:ExtractStackTraceNoAlloc (byte*,int,string)
UnityEngine.StackTraceUtility:ExtractStackTrace ()
UnityEngine.DebugLogHandler:Internal_Log (UnityEngine.LogType,UnityEngine.LogOption,string,UnityEngine.Object)
UnityEngine.DebugLogHandler:LogFormat (UnityEngine.LogType,UnityEngine.Object,string,object[])
UnityEngine.Logger:Log (UnityEngine.LogType,object)
UnityEngine.Debug:LogWarning (object)
UnityEditor.Utils.IconUtility:ExportImageToPath (string,UnityEngine.Texture2D,UnityEditor.Utils.ImageDescription)
UnityEditor.Utils.IconUtility:ExportImage (string,UnityEngine.Texture2D,UnityEditor.Utils.ImageDescription)
UnityEditor.Utils.IconUtility:ExportIcon (string,string,UnityEditor.Utils.ImageDescription,int)
UnityEditor.Android.AndroidBuildPostprocessor:AddIconsToBuild (UnityEditor.Modules.AddIconsArgs) (at /home/bokken/build/output/unity/unity/PlatformDependent/AndroidPlayer/Editor/Managed/ExtensionModule.cs:1239)
UnityEditor.PostprocessBuildPlayer:Postprocess (UnityEditor.BuildTarget,int,string,string,string,UnityEditor.BuildOptions,UnityEditor.RuntimeClassRegistry,UnityEditor.Build.Reporting.BuildReport)
UnityEditor.BuildPipeline:BuildPlayerInternalNoCheck (string[],string,string,UnityEditor.BuildTargetGroup,UnityEditor.BuildTarget,int,UnityEditor.BuildOptions,string[],bool)
UnityEditor.BuildPipeline:BuildPlayerInternal (string[],string,string,UnityEditor.BuildTargetGroup,UnityEditor.BuildTarget,int,UnityEditor.BuildOptions,string[])
UnityEditor.BuildPipeline:BuildPlayer (string[],string,string,UnityEditor.BuildTargetGroup,UnityEditor.BuildTarget,int,UnityEditor.BuildOptions,string[])
UnityEditor.BuildPipeline:BuildPlayer (UnityEditor.BuildPlayerOptions)
CodexAndroidBuild:BuildApk () (at Assets/Editor/CodexAndroidBuild.cs:33)

(Filename: /home/bokken/build/output/unity/unity/PlatformDependent/AndroidPlayer/Editor/Managed/ExtensionModule.cs Line: 1239)

Compressed texture hts_icon is used as icon. This might compromise visual quality of the final image. Uncompressed format might be considered as better import option.
UnityEngine.Debug:ExtractStackTraceNoAlloc (byte*,int,string)
UnityEngine.StackTraceUtility:ExtractStackTrace ()
UnityEngine.DebugLogHandler:Internal_Log (UnityEngine.LogType,UnityEngine.LogOption,string,UnityEngine.Object)
UnityEngine.DebugLogHandler:LogFormat (UnityEngine.LogType,UnityEngine.Object,string,object[])
UnityEngine.Logger:Log (UnityEngine.LogType,object)
UnityEngine.Debug:LogWarning (object)
UnityEditor.Utils.IconUtility:ExportImageToPath (string,UnityEngine.Texture2D,UnityEditor.Utils.ImageDescription)
UnityEditor.Utils.IconUtility:ExportImage (string,UnityEngine.Texture2D,UnityEditor.Utils.ImageDescription)
UnityEditor.Utils.IconUtility:ExportIcon (string,string,UnityEditor.Utils.ImageDescription,int)
UnityEditor.Android.AndroidBuildPostprocessor:AddIconsToBuild (UnityEditor.Modules.AddIconsArgs) (at /home/bokken/build/output/unity/unity/PlatformDependent/AndroidPlayer/Editor/Managed/ExtensionModule.cs:1242)
UnityEditor.PostprocessBuildPlayer:Postprocess (UnityEditor.BuildTarget,int,string,string,string,UnityEditor.BuildOptions,UnityEditor.RuntimeClassRegistry,UnityEditor.Build.Reporting.BuildReport)
UnityEditor.BuildPipeline:BuildPlayerInternalNoCheck (string[],string,string,UnityEditor.BuildTargetGroup,UnityEditor.BuildTarget,int,UnityEditor.BuildOptions,string[],bool)
UnityEditor.BuildPipeline:BuildPlayerInternal (string[],string,string,UnityEditor.BuildTargetGroup,UnityEditor.BuildTarget,int,UnityEditor.BuildOptions,string[])
UnityEditor.BuildPipeline:BuildPlayer (string[],string,string,UnityEditor.BuildTargetGroup,UnityEditor.BuildTarget,int,UnityEditor.BuildOptions,string[])
UnityEditor.BuildPipeline:BuildPlayer (UnityEditor.BuildPlayerOptions)
CodexAndroidBuild:BuildApk () (at Assets/Editor/CodexAndroidBuild.cs:33)

(Filename: /home/bokken/build/output/unity/unity/PlatformDependent/AndroidPlayer/Editor/Managed/ExtensionModule.cs Line: 1242)

Compressed texture hts_icon is used as icon. This might compromise visual quality of the final image. Uncompressed format might be considered as better import option.
UnityEngine.Debug:ExtractStackTraceNoAlloc (byte*,int,string)
UnityEngine.StackTraceUtility:ExtractStackTrace ()
UnityEngine.DebugLogHandler:Internal_Log (UnityEngine.LogType,UnityEngine.LogOption,string,UnityEngine.Object)
UnityEngine.DebugLogHandler:LogFormat (UnityEngine.LogType,UnityEngine.Object,string,object[])
UnityEngine.Logger:Log (UnityEngine.LogType,object)
UnityEngine.Debug:LogWarning (object)
UnityEditor.Utils.IconUtility:ExportImageToPath (string,UnityEngine.Texture2D,UnityEditor.Utils.ImageDescription)
UnityEditor.Utils.IconUtility:ExportImage (string,UnityEngine.Texture2D,UnityEditor.Utils.ImageDescription)
UnityEditor.Utils.IconUtility:ExportIcon (string,string,UnityEditor.Utils.ImageDescription,int)
UnityEditor.Android.AndroidBuildPostprocessor:AddIconsToBuild (UnityEditor.Modules.AddIconsArgs) (at /home/bokken/build/output/unity/unity/PlatformDependent/AndroidPlayer/Editor/Managed/ExtensionModule.cs:1242)
UnityEditor.PostprocessBuildPlayer:Postprocess (UnityEditor.BuildTarget,int,string,string,string,UnityEditor.BuildOptions,UnityEditor.RuntimeClassRegistry,UnityEditor.Build.Reporting.BuildReport)
UnityEditor.BuildPipeline:BuildPlayerInternalNoCheck (string[],string,string,UnityEditor.BuildTargetGroup,UnityEditor.BuildTarget,int,UnityEditor.BuildOptions,string[],bool)
UnityEditor.BuildPipeline:BuildPlayerInternal (string[],string,string,UnityEditor.BuildTargetGroup,UnityEditor.BuildTarget,int,UnityEditor.BuildOptions,string[])
UnityEditor.BuildPipeline:BuildPlayer (string[],string,string,UnityEditor.BuildTargetGroup,UnityEditor.BuildTarget,int,UnityEditor.BuildOptions,string[])
UnityEditor.BuildPipeline:BuildPlayer (UnityEditor.BuildPlayerOptions)
CodexAndroidBuild:BuildApk () (at Assets/Editor/CodexAndroidBuild.cs:33)

(Filename: /home/bokken/build/output/unity/unity/PlatformDependent/AndroidPlayer/Editor/Managed/ExtensionModule.cs Line: 1242)

Compressed texture hts_icon is used as icon. This might compromise visual quality of the final image. Uncompressed format might be considered as better import option.
UnityEngine.Debug:ExtractStackTraceNoAlloc (byte*,int,string)
UnityEngine.StackTraceUtility:ExtractStackTrace ()
UnityEngine.DebugLogHandler:Internal_Log (UnityEngine.LogType,UnityEngine.LogOption,string,UnityEngine.Object)
UnityEngine.DebugLogHandler:LogFormat (UnityEngine.LogType,UnityEngine.Object,string,object[])
UnityEngine.Logger:Log (UnityEngine.LogType,object)
UnityEngine.Debug:LogWarning (object)
UnityEditor.Utils.IconUtility:ExportImageToPath (string,UnityEngine.Texture2D,UnityEditor.Utils.ImageDescription)
UnityEditor.Utils.IconUtility:ExportImage (string,UnityEngine.Texture2D,UnityEditor.Utils.ImageDescription)
UnityEditor.Utils.IconUtility:ExportIcon (string,string,UnityEditor.Utils.ImageDescription,int)
UnityEditor.Android.AndroidBuildPostprocessor:AddIconsToBuild (UnityEditor.Modules.AddIconsArgs) (at /home/bokken/build/output/unity/unity/PlatformDependent/AndroidPlayer/Editor/Managed/ExtensionModule.cs:1242)
UnityEditor.PostprocessBuildPlayer:Postprocess (UnityEditor.BuildTarget,int,string,string,string,UnityEditor.BuildOptions,UnityEditor.RuntimeClassRegistry,UnityEditor.Build.Reporting.BuildReport)
UnityEditor.BuildPipeline:BuildPlayerInternalNoCheck (string[],string,string,UnityEditor.BuildTargetGroup,UnityEditor.BuildTarget,int,UnityEditor.BuildOptions,string[],bool)
UnityEditor.BuildPipeline:BuildPlayerInternal (string[],string,string,UnityEditor.BuildTargetGroup,UnityEditor.BuildTarget,int,UnityEditor.BuildOptions,string[])
UnityEditor.BuildPipeline:BuildPlayer (string[],string,string,UnityEditor.BuildTargetGroup,UnityEditor.BuildTarget,int,UnityEditor.BuildOptions,string[])
UnityEditor.BuildPipeline:BuildPlayer (UnityEditor.BuildPlayerOptions)
CodexAndroidBuild:BuildApk () (at Assets/Editor/CodexAndroidBuild.cs:33)

(Filename: /home/bokken/build/output/unity/unity/PlatformDependent/AndroidPlayer/Editor/Managed/ExtensionModule.cs Line: 1242)

Compressed texture hts_icon is used as icon. This might compromise visual quality of the final image. Uncompressed format might be considered as better import option.
UnityEngine.Debug:ExtractStackTraceNoAlloc (byte*,int,string)
UnityEngine.StackTraceUtility:ExtractStackTrace ()
UnityEngine.DebugLogHandler:Internal_Log (UnityEngine.LogType,UnityEngine.LogOption,string,UnityEngine.Object)
UnityEngine.DebugLogHandler:LogFormat (UnityEngine.LogType,UnityEngine.Object,string,object[])
UnityEngine.Logger:Log (UnityEngine.LogType,object)
UnityEngine.Debug:LogWarning (object)
UnityEditor.Utils.IconUtility:ExportImageToPath (string,UnityEngine.Texture2D,UnityEditor.Utils.ImageDescription)
UnityEditor.Utils.IconUtility:ExportImage (string,UnityEngine.Texture2D,UnityEditor.Utils.ImageDescription)
UnityEditor.Utils.IconUtility:ExportIcon (string,string,UnityEditor.Utils.ImageDescription,int)
UnityEditor.Android.AndroidBuildPostprocessor:AddIconsToBuild (UnityEditor.Modules.AddIconsArgs) (at /home/bokken/build/output/unity/unity/PlatformDependent/AndroidPlayer/Editor/Managed/ExtensionModule.cs:1242)
UnityEditor.PostprocessBuildPlayer:Postprocess (UnityEditor.BuildTarget,int,string,string,string,UnityEditor.BuildOptions,UnityEditor.RuntimeClassRegistry,UnityEditor.Build.Reporting.BuildReport)
UnityEditor.BuildPipeline:BuildPlayerInternalNoCheck (string[],string,string,UnityEditor.BuildTargetGroup,UnityEditor.BuildTarget,int,UnityEditor.BuildOptions,string[],bool)
UnityEditor.BuildPipeline:BuildPlayerInternal (string[],string,string,UnityEditor.BuildTargetGroup,UnityEditor.BuildTarget,int,UnityEditor.BuildOptions,string[])
UnityEditor.BuildPipeline:BuildPlayer (string[],string,string,UnityEditor.BuildTargetGroup,UnityEditor.BuildTarget,int,UnityEditor.BuildOptions,string[])
UnityEditor.BuildPipeline:BuildPlayer (UnityEditor.BuildPlayerOptions)
CodexAndroidBuild:BuildApk () (at Assets/Editor/CodexAndroidBuild.cs:33)

(Filename: /home/bokken/build/output/unity/unity/PlatformDependent/AndroidPlayer/Editor/Managed/ExtensionModule.cs Line: 1242)

Compressed texture hts_icon is used as icon. This might compromise visual quality of the final image. Uncompressed format might be considered as better import option.
UnityEngine.Debug:ExtractStackTraceNoAlloc (byte*,int,string)
UnityEngine.StackTraceUtility:ExtractStackTrace ()
UnityEngine.DebugLogHandler:Internal_Log (UnityEngine.LogType,UnityEngine.LogOption,string,UnityEngine.Object)
UnityEngine.DebugLogHandler:LogFormat (UnityEngine.LogType,UnityEngine.Object,string,object[])
UnityEngine.Logger:Log (UnityEngine.LogType,object)
UnityEngine.Debug:LogWarning (object)
UnityEditor.Utils.IconUtility:ExportImageToPath (string,UnityEngine.Texture2D,UnityEditor.Utils.ImageDescription)
UnityEditor.Utils.IconUtility:ExportImage (string,UnityEngine.Texture2D,UnityEditor.Utils.ImageDescription)
UnityEditor.Utils.IconUtility:ExportIcon (string,string,UnityEditor.Utils.ImageDescription,int)
UnityEditor.Android.AndroidBuildPostprocessor:AddIconsToBuild (UnityEditor.Modules.AddIconsArgs) (at /home/bokken/build/output/unity/unity/PlatformDependent/AndroidPlayer/Editor/Managed/ExtensionModule.cs:1242)
UnityEditor.PostprocessBuildPlayer:Postprocess (UnityEditor.BuildTarget,int,string,string,string,UnityEditor.BuildOptions,UnityEditor.RuntimeClassRegistry,UnityEditor.Build.Reporting.BuildReport)
UnityEditor.BuildPipeline:BuildPlayerInternalNoCheck (string[],string,string,UnityEditor.BuildTargetGroup,UnityEditor.BuildTarget,int,UnityEditor.BuildOptions,string[],bool)
UnityEditor.BuildPipeline:BuildPlayerInternal (string[],string,string,UnityEditor.BuildTargetGroup,UnityEditor.BuildTarget,int,UnityEditor.BuildOptions,string[])
UnityEditor.BuildPipeline:BuildPlayer (string[],string,string,UnityEditor.BuildTargetGroup,UnityEditor.BuildTarget,int,UnityEditor.BuildOptions,string[])
UnityEditor.BuildPipeline:BuildPlayer (UnityEditor.BuildPlayerOptions)
CodexAndroidBuild:BuildApk () (at Assets/Editor/CodexAndroidBuild.cs:33)

(Filename: /home/bokken/build/output/unity/unity/PlatformDependent/AndroidPlayer/Editor/Managed/ExtensionModule.cs Line: 1242)

Compressed texture hts_icon is used as icon. This might compromise visual quality of the final image. Uncompressed format might be considered as better import option.
UnityEngine.Debug:ExtractStackTraceNoAlloc (byte*,int,string)
UnityEngine.StackTraceUtility:ExtractStackTrace ()
UnityEngine.DebugLogHandler:Internal_Log (UnityEngine.LogType,UnityEngine.LogOption,string,UnityEngine.Object)
UnityEngine.DebugLogHandler:LogFormat (UnityEngine.LogType,UnityEngine.Object,string,object[])
UnityEngine.Logger:Log (UnityEngine.LogType,object)
UnityEngine.Debug:LogWarning (object)
UnityEditor.Utils.IconUtility:ExportImageToPath (string,UnityEngine.Texture2D,UnityEditor.Utils.ImageDescription)
UnityEditor.Utils.IconUtility:ExportImage (string,UnityEngine.Texture2D,UnityEditor.Utils.ImageDescription)
UnityEditor.Utils.IconUtility:ExportIcon (string,string,UnityEditor.Utils.ImageDescription,int)
UnityEditor.Android.AndroidBuildPostprocessor:AddIconsToBuild (UnityEditor.Modules.AddIconsArgs) (at /home/bokken/build/output/unity/unity/PlatformDependent/AndroidPlayer/Editor/Managed/ExtensionModule.cs:1242)
UnityEditor.PostprocessBuildPlayer:Postprocess (UnityEditor.BuildTarget,int,string,string,string,UnityEditor.BuildOptions,UnityEditor.RuntimeClassRegistry,UnityEditor.Build.Reporting.BuildReport)
UnityEditor.BuildPipeline:BuildPlayerInternalNoCheck (string[],string,string,UnityEditor.BuildTargetGroup,UnityEditor.BuildTarget,int,UnityEditor.BuildOptions,string[],bool)
UnityEditor.BuildPipeline:BuildPlayerInternal (string[],string,string,UnityEditor.BuildTargetGroup,UnityEditor.BuildTarget,int,UnityEditor.BuildOptions,string[])
UnityEditor.BuildPipeline:BuildPlayer (string[],string,string,UnityEditor.BuildTargetGroup,UnityEditor.BuildTarget,int,UnityEditor.BuildOptions,string[])
UnityEditor.BuildPipeline:BuildPlayer (UnityEditor.BuildPlayerOptions)
CodexAndroidBuild:BuildApk () (at Assets/Editor/CodexAndroidBuild.cs:33)

(Filename: /home/bokken/build/output/unity/unity/PlatformDependent/AndroidPlayer/Editor/Managed/ExtensionModule.cs Line: 1242)

DisplayProgressbar: Initializing
Android PostProcess task "Initializing" took 0.8346 ms
DisplayProgressbar: Check gradle project collisions
Android PostProcess task "Check gradle project collisions" took 0.2384 ms
DisplayProgressbar: Preparing banner
Android PostProcess task "Preparing banner" took 0.3968 ms
Plugin 'Packages/com.meta.xr.sdk.platform/Plugins/Android64/libovrplatformloader.so' is not 16KB-aligned. This may cause issues on ARM64 devices running Android 15+.
More info: <a href="https://developer.android.com/guide/practices/page-sizes">https://developer.android.com/guide/practices/page-sizes</a>.
UnityEngine.Debug:ExtractStackTraceNoAlloc (byte*,int,string)
UnityEngine.StackTraceUtility:ExtractStackTrace ()
UnityEngine.DebugLogHandler:Internal_Log (UnityEngine.LogType,UnityEngine.LogOption,string,UnityEngine.Object)
UnityEngine.DebugLogHandler:LogFormat (UnityEngine.LogType,UnityEngine.Object,string,object[])
UnityEngine.Logger:Log (UnityEngine.LogType,object)
UnityEngine.Debug:LogWarning (object)
UnityEditor.Android.AndroidBuildPostprocessor:CollectPlugin (string,Unity.Android.Types.AndroidGradleDependee,Unity.Android.Types.AndroidArchitecture,System.Collections.Generic.Dictionary`2<string, UnityEditor.Android.AndroidBuildPostprocessor/AndroidSourcePlugin>,bool) (at /home/bokken/build/output/unity/unity/PlatformDependent/AndroidPlayer/Editor/Managed/ExtensionModule.cs:481)
UnityEditor.Android.AndroidBuildPostprocessor:PluginsDataFor (UnityEditor.Modules.BuildPostProcessArgs) (at /home/bokken/build/output/unity/unity/PlatformDependent/AndroidPlayer/Editor/Managed/ExtensionModule.cs:549)
UnityEditor.Modules.BeeBuildPostprocessor/<GetDataForBuildProgramFor>d__62:MoveNext ()
UnityEditor.Android.AndroidBuildPostprocessor/<GetDataForBuildProgramFor>d__29:MoveNext () (at /home/bokken/build/output/unity/unity/PlatformDependent/AndroidPlayer/Editor/Managed/ExtensionModule.cs:734)
System.Linq.Enumerable/WhereEnumerableIterator`1<object>:MoveNext ()
Bee.BeeDriver.BeeDriver:WriteDataForBuildProgram (Bee.BeeDriver.InternalState,System.Threading.Tasks.TaskCompletionSource`1<int>)
Bee.BeeDriver.BeeDriver/<>c__DisplayClass0_0:<BuildAsync>g__WriteData|0 ()
Bee.BeeDriver.BeeDriver:BuildAsync (Bee.BeeDriver.BuildRequest,System.Threading.CancellationToken)
UnityEditor.Modules.BeeBuildPostprocessor:PostProcess (UnityEditor.Modules.BuildPostProcessArgs)
UnityEditor.Modules.BeeBuildPostprocessor:PostProcess (UnityEditor.Modules.BuildPostProcessArgs,UnityEditor.BuildProperties&)
UnityEditor.Android.AndroidBuildPostprocessor:PostProcess (UnityEditor.Modules.BuildPostProcessArgs,UnityEditor.BuildProperties&) (at /home/bokken/build/output/unity/unity/PlatformDependent/AndroidPlayer/Editor/Managed/ExtensionModule.cs:337)
UnityEditor.PostprocessBuildPlayer:Postprocess (UnityEditor.BuildTarget,int,string,string,string,UnityEditor.BuildOptions,UnityEditor.RuntimeClassRegistry,UnityEditor.Build.Reporting.BuildReport)
UnityEditor.BuildPipeline:BuildPlayerInternalNoCheck (string[],string,string,UnityEditor.BuildTargetGroup,UnityEditor.BuildTarget,int,UnityEditor.BuildOptions,string[],bool)
UnityEditor.BuildPipeline:BuildPlayerInternal (string[],string,string,UnityEditor.BuildTargetGroup,UnityEditor.BuildTarget,int,UnityEditor.BuildOptions,string[])
UnityEditor.BuildPipeline:BuildPlayer (string[],string,string,UnityEditor.BuildTargetGroup,UnityEditor.BuildTarget,int,UnityEditor.BuildOptions,string[])
UnityEditor.BuildPipeline:BuildPlayer (UnityEditor.BuildPlayerOptions)
CodexAndroidBuild:BuildApk () (at Assets/Editor/CodexAndroidBuild.cs:33)

(Filename: /home/bokken/build/output/unity/unity/PlatformDependent/AndroidPlayer/Editor/Managed/ExtensionModule.cs Line: 481)

Plugin 'Packages/com.meta.xr.sdk.haptics/Plugins/libs/Android/ARM64/libhaptics_sdk.so' is not 16KB-aligned. This may cause issues on ARM64 devices running Android 15+.
More info: <a href="https://developer.android.com/guide/practices/page-sizes">https://developer.android.com/guide/practices/page-sizes</a>.
UnityEngine.Debug:ExtractStackTraceNoAlloc (byte*,int,string)
UnityEngine.StackTraceUtility:ExtractStackTrace ()
UnityEngine.DebugLogHandler:Internal_Log (UnityEngine.LogType,UnityEngine.LogOption,string,UnityEngine.Object)
UnityEngine.DebugLogHandler:LogFormat (UnityEngine.LogType,UnityEngine.Object,string,object[])
UnityEngine.Logger:Log (UnityEngine.LogType,object)
UnityEngine.Debug:LogWarning (object)
UnityEditor.Android.AndroidBuildPostprocessor:CollectPlugin (string,Unity.Android.Types.AndroidGradleDependee,Unity.Android.Types.AndroidArchitecture,System.Collections.Generic.Dictionary`2<string, UnityEditor.Android.AndroidBuildPostprocessor/AndroidSourcePlugin>,bool) (at /home/bokken/build/output/unity/unity/PlatformDependent/AndroidPlayer/Editor/Managed/ExtensionModule.cs:481)
UnityEditor.Android.AndroidBuildPostprocessor:PluginsDataFor (UnityEditor.Modules.BuildPostProcessArgs) (at /home/bokken/build/output/unity/unity/PlatformDependent/AndroidPlayer/Editor/Managed/ExtensionModule.cs:549)
UnityEditor.Modules.BeeBuildPostprocessor/<GetDataForBuildProgramFor>d__62:MoveNext ()
UnityEditor.Android.AndroidBuildPostprocessor/<GetDataForBuildProgramFor>d__29:MoveNext () (at /home/bokken/build/output/unity/unity/PlatformDependent/AndroidPlayer/Editor/Managed/ExtensionModule.cs:734)
System.Linq.Enumerable/WhereEnumerableIterator`1<object>:MoveNext ()
Bee.BeeDriver.BeeDriver:WriteDataForBuildProgram (Bee.BeeDriver.InternalState,System.Threading.Tasks.TaskCompletionSource`1<int>)
Bee.BeeDriver.BeeDriver/<>c__DisplayClass0_0:<BuildAsync>g__WriteData|0 ()
Bee.BeeDriver.BeeDriver:BuildAsync (Bee.BeeDriver.BuildRequest,System.Threading.CancellationToken)
UnityEditor.Modules.BeeBuildPostprocessor:PostProcess (UnityEditor.Modules.BuildPostProcessArgs)
UnityEditor.Modules.BeeBuildPostprocessor:PostProcess (UnityEditor.Modules.BuildPostProcessArgs,UnityEditor.BuildProperties&)
UnityEditor.Android.AndroidBuildPostprocessor:PostProcess (UnityEditor.Modules.BuildPostProcessArgs,UnityEditor.BuildProperties&) (at /home/bokken/build/output/unity/unity/PlatformDependent/AndroidPlayer/Editor/Managed/ExtensionModule.cs:337)
UnityEditor.PostprocessBuildPlayer:Postprocess (UnityEditor.BuildTarget,int,string,string,string,UnityEditor.BuildOptions,UnityEditor.RuntimeClassRegistry,UnityEditor.Build.Reporting.BuildReport)
UnityEditor.BuildPipeline:BuildPlayerInternalNoCheck (string[],string,string,UnityEditor.BuildTargetGroup,UnityEditor.BuildTarget,int,UnityEditor.BuildOptions,string[],bool)
UnityEditor.BuildPipeline:BuildPlayerInternal (string[],string,string,UnityEditor.BuildTargetGroup,UnityEditor.BuildTarget,int,UnityEditor.BuildOptions,string[])
UnityEditor.BuildPipeline:BuildPlayer (string[],string,string,UnityEditor.BuildTargetGroup,UnityEditor.BuildTarget,int,UnityEditor.BuildOptions,string[])
UnityEditor.BuildPipeline:BuildPlayer (UnityEditor.BuildPlayerOptions)
CodexAndroidBuild:BuildApk () (at Assets/Editor/CodexAndroidBuild.cs:33)

(Filename: /home/bokken/build/output/unity/unity/PlatformDependent/AndroidPlayer/Editor/Managed/ExtensionModule.cs Line: 481)

Plugin 'Packages/com.meta.xr.sdk.audio/Runtime/Plugins/Android/libs/arm64-v8a/libMetaXRAudioUnity.so' is not 16KB-aligned. This may cause issues on ARM64 devices running Android 15+.
More info: <a href="https://developer.android.com/guide/practices/page-sizes">https://developer.android.com/guide/practices/page-sizes</a>.
UnityEngine.Debug:ExtractStackTraceNoAlloc (byte*,int,string)
UnityEngine.StackTraceUtility:ExtractStackTrace ()
UnityEngine.DebugLogHandler:Internal_Log (UnityEngine.LogType,UnityEngine.LogOption,string,UnityEngine.Object)
UnityEngine.DebugLogHandler:LogFormat (UnityEngine.LogType,UnityEngine.Object,string,object[])
UnityEngine.Logger:Log (UnityEngine.LogType,object)
UnityEngine.Debug:LogWarning (object)
UnityEditor.Android.AndroidBuildPostprocessor:CollectPlugin (string,Unity.Android.Types.AndroidGradleDependee,Unity.Android.Types.AndroidArchitecture,System.Collections.Generic.Dictionary`2<string, UnityEditor.Android.AndroidBuildPostprocessor/AndroidSourcePlugin>,bool) (at /home/bokken/build/output/unity/unity/PlatformDependent/AndroidPlayer/Editor/Managed/ExtensionModule.cs:481)
UnityEditor.Android.AndroidBuildPostprocessor:PluginsDataFor (UnityEditor.Modules.BuildPostProcessArgs) (at /home/bokken/build/output/unity/unity/PlatformDependent/AndroidPlayer/Editor/Managed/ExtensionModule.cs:549)
UnityEditor.Modules.BeeBuildPostprocessor/<GetDataForBuildProgramFor>d__62:MoveNext ()
UnityEditor.Android.AndroidBuildPostprocessor/<GetDataForBuildProgramFor>d__29:MoveNext () (at /home/bokken/build/output/unity/unity/PlatformDependent/AndroidPlayer/Editor/Managed/ExtensionModule.cs:734)
System.Linq.Enumerable/WhereEnumerableIterator`1<object>:MoveNext ()
Bee.BeeDriver.BeeDriver:WriteDataForBuildProgram (Bee.BeeDriver.InternalState,System.Threading.Tasks.TaskCompletionSource`1<int>)
Bee.BeeDriver.BeeDriver/<>c__DisplayClass0_0:<BuildAsync>g__WriteData|0 ()
Bee.BeeDriver.BeeDriver:BuildAsync (Bee.BeeDriver.BuildRequest,System.Threading.CancellationToken)
UnityEditor.Modules.BeeBuildPostprocessor:PostProcess (UnityEditor.Modules.BuildPostProcessArgs)
UnityEditor.Modules.BeeBuildPostprocessor:PostProcess (UnityEditor.Modules.BuildPostProcessArgs,UnityEditor.BuildProperties&)
UnityEditor.Android.AndroidBuildPostprocessor:PostProcess (UnityEditor.Modules.BuildPostProcessArgs,UnityEditor.BuildProperties&) (at /home/bokken/build/output/unity/unity/PlatformDependent/AndroidPlayer/Editor/Managed/ExtensionModule.cs:337)
UnityEditor.PostprocessBuildPlayer:Postprocess (UnityEditor.BuildTarget,int,string,string,string,UnityEditor.BuildOptions,UnityEditor.RuntimeClassRegistry,UnityEditor.Build.Reporting.BuildReport)
UnityEditor.BuildPipeline:BuildPlayerInternalNoCheck (string[],string,string,UnityEditor.BuildTargetGroup,UnityEditor.BuildTarget,int,UnityEditor.BuildOptions,string[],bool)
UnityEditor.BuildPipeline:BuildPlayerInternal (string[],string,string,UnityEditor.BuildTargetGroup,UnityEditor.BuildTarget,int,UnityEditor.BuildOptions,string[])
UnityEditor.BuildPipeline:BuildPlayer (string[],string,string,UnityEditor.BuildTargetGroup,UnityEditor.BuildTarget,int,UnityEditor.BuildOptions,string[])
UnityEditor.BuildPipeline:BuildPlayer (UnityEditor.BuildPlayerOptions)
CodexAndroidBuild:BuildApk () (at Assets/Editor/CodexAndroidBuild.cs:33)

(Filename: /home/bokken/build/output/unity/unity/PlatformDependent/AndroidPlayer/Editor/Managed/ExtensionModule.cs Line: 481)

Plugin 'Packages/com.meta.xr.mrutilitykit/Plugins/arm64-v8a/libmrutilitykitshared.so' is not 16KB-aligned. This may cause issues on ARM64 devices running Android 15+.
More info: <a href="https://developer.android.com/guide/practices/page-sizes">https://developer.android.com/guide/practices/page-sizes</a>.
UnityEngine.Debug:ExtractStackTraceNoAlloc (byte*,int,string)
UnityEngine.StackTraceUtility:ExtractStackTrace ()
UnityEngine.DebugLogHandler:Internal_Log (UnityEngine.LogType,UnityEngine.LogOption,string,UnityEngine.Object)
UnityEngine.DebugLogHandler:LogFormat (UnityEngine.LogType,UnityEngine.Object,string,object[])
UnityEngine.Logger:Log (UnityEngine.LogType,object)
UnityEngine.Debug:LogWarning (object)
UnityEditor.Android.AndroidBuildPostprocessor:CollectPlugin (string,Unity.Android.Types.AndroidGradleDependee,Unity.Android.Types.AndroidArchitecture,System.Collections.Generic.Dictionary`2<string, UnityEditor.Android.AndroidBuildPostprocessor/AndroidSourcePlugin>,bool) (at /home/bokken/build/output/unity/unity/PlatformDependent/AndroidPlayer/Editor/Managed/ExtensionModule.cs:481)
UnityEditor.Android.AndroidBuildPostprocessor:PluginsDataFor (UnityEditor.Modules.BuildPostProcessArgs) (at /home/bokken/build/output/unity/unity/PlatformDependent/AndroidPlayer/Editor/Managed/ExtensionModule.cs:549)
UnityEditor.Modules.BeeBuildPostprocessor/<GetDataForBuildProgramFor>d__62:MoveNext ()
UnityEditor.Android.AndroidBuildPostprocessor/<GetDataForBuildProgramFor>d__29:MoveNext () (at /home/bokken/build/output/unity/unity/PlatformDependent/AndroidPlayer/Editor/Managed/ExtensionModule.cs:734)
System.Linq.Enumerable/WhereEnumerableIterator`1<object>:MoveNext ()
Bee.BeeDriver.BeeDriver:WriteDataForBuildProgram (Bee.BeeDriver.InternalState,System.Threading.Tasks.TaskCompletionSource`1<int>)
Bee.BeeDriver.BeeDriver/<>c__DisplayClass0_0:<BuildAsync>g__WriteData|0 ()
Bee.BeeDriver.BeeDriver:BuildAsync (Bee.BeeDriver.BuildRequest,System.Threading.CancellationToken)
UnityEditor.Modules.BeeBuildPostprocessor:PostProcess (UnityEditor.Modules.BuildPostProcessArgs)
UnityEditor.Modules.BeeBuildPostprocessor:PostProcess (UnityEditor.Modules.BuildPostProcessArgs,UnityEditor.BuildProperties&)
UnityEditor.Android.AndroidBuildPostprocessor:PostProcess (UnityEditor.Modules.BuildPostProcessArgs,UnityEditor.BuildProperties&) (at /home/bokken/build/output/unity/unity/PlatformDependent/AndroidPlayer/Editor/Managed/ExtensionModule.cs:337)
UnityEditor.PostprocessBuildPlayer:Postprocess (UnityEditor.BuildTarget,int,string,string,string,UnityEditor.BuildOptions,UnityEditor.RuntimeClassRegistry,UnityEditor.Build.Reporting.BuildReport)
UnityEditor.BuildPipeline:BuildPlayerInternalNoCheck (string[],string,string,UnityEditor.BuildTargetGroup,UnityEditor.BuildTarget,int,UnityEditor.BuildOptions,string[],bool)
UnityEditor.BuildPipeline:BuildPlayerInternal (string[],string,string,UnityEditor.BuildTargetGroup,UnityEditor.BuildTarget,int,UnityEditor.BuildOptions,string[])
UnityEditor.BuildPipeline:BuildPlayer (string[],string,string,UnityEditor.BuildTargetGroup,UnityEditor.BuildTarget,int,UnityEditor.BuildOptions,string[])
UnityEditor.BuildPipeline:BuildPlayer (UnityEditor.BuildPlayerOptions)
CodexAndroidBuild:BuildApk () (at Assets/Editor/CodexAndroidBuild.cs:33)

(Filename: /home/bokken/build/output/unity/unity/PlatformDependent/AndroidPlayer/Editor/Managed/ExtensionModule.cs Line: 481)

Starting: C:\Program Files\Unity\Hub\Editor\6000.0.65f1\Editor\Data\bee_backend.exe --ipc --dagfile="Library/Bee/Player068fd32e.dag" --profile="Library/Bee/backend1.traceevents" Player
WorkingDir: D:/hand-tracking-streamer-main/hand-tracking-streamer-main/hand_tracking_streamer
DisplayProgressbar: Incremental Player Build
Starting: C:\Program Files\Unity\Hub\Editor\6000.0.65f1\Editor\Data\Tools\netcorerun\netcorerun.exe "C:\Program Files\Unity\Hub\Editor\6000.0.65f1\Editor\Data\PlaybackEngines\AndroidPlayer\AndroidPlayerBuildProgram.exe" "C:/Program Files/Unity/Hub/Editor/6000.0.65f1/Editor/Data/PlaybackEngines/AndroidPlayer/Bee;C:/Program Files/Unity/Hub/Editor/6000.0.65f1/Editor/Data/Tools/BuildPipeline" "Library/Bee/Player068fd32e.dag.json" "Library/Bee/Player068fd32e-inputdata.json" "Library\Bee\buildprogram0.traceevents"
WorkingDir: D:/hand-tracking-streamer-main/hand-tracking-streamer-main/hand_tracking_streamer
ExitCode: 4 Duration: 0s117ms
ExitCode: 0 Duration: 0s563ms
Starting: C:\Program Files\Unity\Hub\Editor\6000.0.65f1\Editor\Data\bee_backend.exe --ipc --dagfile="Library/Bee/Player068fd32e.dag" --dagfilejson="Library\Bee\Player068fd32e.dag.json" --profile="Library/Bee/backend2.traceevents" Player
WorkingDir: D:/hand-tracking-streamer-main/hand-tracking-streamer-main/hand_tracking_streamer
Starting: C:\Program Files\Unity\Hub\Editor\6000.0.65f1\Editor\Data\Tools\netcorerun\netcorerun.exe "C:\Program Files\Unity\Hub\Editor\6000.0.65f1\Editor\Data\PlaybackEngines\AndroidPlayer\AndroidPlayerBuildProgram.exe" "C:/Program Files/Unity/Hub/Editor/6000.0.65f1/Editor/Data/PlaybackEngines/AndroidPlayer/Bee;C:/Program Files/Unity/Hub/Editor/6000.0.65f1/Editor/Data/Tools/BuildPipeline" "Library/Bee/Player068fd32e.dag.json" "Library/Bee/Player068fd32e-inputdata.json" "Library\Bee\buildprogram1.traceevents"
WorkingDir: D:/hand-tracking-streamer-main/hand-tracking-streamer-main/hand_tracking_streamer
ExitCode: 4 Duration: 6s957ms
ExitCode: 0 Duration: 0s551ms
Starting: C:\Program Files\Unity\Hub\Editor\6000.0.65f1\Editor\Data\bee_backend.exe --ipc --dagfile="Library/Bee/Player068fd32e.dag" --dagfilejson="Library\Bee\Player068fd32e.dag.json" --profile="Library/Bee/backend3.traceevents" Player
WorkingDir: D:/hand-tracking-streamer-main/hand-tracking-streamer-main/hand_tracking_streamer
D:/hand-tracking-streamer-main/hand-tracking-streamer-main/hand_tracking_streamer/Library/PackageCache/com.unity.burst@973857688024/.Runtime\bcl.exe exited after 6398 ms.
stdout:
Starting 1 library requests
Done
stderr:

Starting: C:\Program Files\Unity\Hub\Editor\6000.0.65f1\Editor\Data\Tools\netcorerun\netcorerun.exe "C:\Program Files\Unity\Hub\Editor\6000.0.65f1\Editor\Data\PlaybackEngines\AndroidPlayer\AndroidPlayerBuildProgram.exe" "C:/Program Files/Unity/Hub/Editor/6000.0.65f1/Editor/Data/PlaybackEngines/AndroidPlayer/Bee;C:/Program Files/Unity/Hub/Editor/6000.0.65f1/Editor/Data/Tools/BuildPipeline" "Library/Bee/Player068fd32e.dag.json" "Library/Bee/Player068fd32e-inputdata.json" "Library\Bee\buildprogram2.traceevents"
WorkingDir: D:/hand-tracking-streamer-main/hand-tracking-streamer-main/hand_tracking_streamer
ExitCode: 4 Duration: 17s
ExitCode: 0 Duration: 0s572ms
Starting: C:\Program Files\Unity\Hub\Editor\6000.0.65f1\Editor\Data\bee_backend.exe --ipc --dagfile="Library/Bee/Player068fd32e.dag" --dagfilejson="Library\Bee\Player068fd32e.dag.json" --profile="Library/Bee/backend4.traceevents" Player
WorkingDir: D:/hand-tracking-streamer-main/hand-tracking-streamer-main/hand_tracking_streamer
ExitCode: 0 Duration: 0s307ms
DisplayProgressbar: Calling IPostGenerateGradleAndroidProject callbacks
Calling IPostGenerateGradleAndroidProject callbacks on 'D:\hand-tracking-streamer-main\hand-tracking-streamer-main\hand_tracking_streamer\Library\Bee\Android\Prj\IL2CPP\Gradle\unityLibrary':
    Call "UnityEditor.XR.OpenXR.OpenXRApiLayersBuildProcessorAndroid.OnPostGenerateGradleAndroidProject" from assembly 'Unity.XR.OpenXR.Editor'
    Call "UnityEditor.XR.OpenXR.Features.OculusQuestSupport.ModifyAndroidManifestOculus.OnPostGenerateGradleAndroidProject" from assembly 'Unity.XR.OpenXR.Features.OculusQuestSupport.Editor'
    Call "UnityEditor.XR.OpenXR.Features.MetaQuestSupport.ModifyAndroidManifestMeta.OnPostGenerateGradleAndroidProject" from assembly 'Unity.XR.OpenXR.Features.MetaQuestSupport.Editor'
    Call "Unity.XR.Management.AndroidManifest.Editor.AndroidManifestBuildEventReceiver.OnPostGenerateGradleAndroidProject" from assembly 'Unity.XR.Management.Editor'
    Call "Meta.XR.MetaXRBootConfig.OnPostGenerateGradleAndroidProject" from assembly 'Oculus.VR'
    Call "UnityEditor.XR.OpenXR.Features.MetaQuestSupport.MetaQuestFeatureBuildHooks.OnPostGenerateGradleAndroidProject" from assembly 'Unity.XR.OpenXR.Features.MetaQuestSupport.Editor'
    Call "UnityEditor.XR.OpenXR.Features.SpaceWarpFeatureBuildHooks.OnPostGenerateGradleAndroidProject" from assembly 'Unity.XR.OpenXR.Editor'
    Call "UnityEditor.XR.Hands.OpenXR.ModifyAndroidManifest.OnPostGenerateGradleAndroidProject" from assembly 'Unity.XR.Hands.Editor'
    Call "OVRGradleGeneration.OnPostGenerateGradleAndroidProject" from assembly 'Oculus.VR.Editor'
OVRGradleGeneration triggered.
UnityEngine.Debug:ExtractStackTraceNoAlloc (byte*,int,string)
UnityEngine.StackTraceUtility:ExtractStackTrace ()
UnityEngine.DebugLogHandler:Internal_Log (UnityEngine.LogType,UnityEngine.LogOption,string,UnityEngine.Object)
UnityEngine.DebugLogHandler:LogFormat (UnityEngine.LogType,UnityEngine.Object,string,object[])
UnityEngine.Logger:Log (UnityEngine.LogType,object)
UnityEngine.Debug:Log (object)
OVRGradleGeneration:OnPostGenerateGradleAndroidProject (string) (at ./Library/PackageCache/com.meta.xr.sdk.core@e9f929748630/Editor/OVRGradleGeneration.cs:277)
UnityEditor.Android.PostProcessor.Tasks.ProcessGenerateProjectCallbacks:OnGeneratePlatformProjectPostprocess (string,bool) (at /home/bokken/build/output/unity/unity/PlatformDependent/AndroidPlayer/Editor/Managed/PostProcessor/Tasks/ProcessGenerateProjectCallbacks.cs:41)
UnityEditor.Android.PostProcessor.Tasks.ProcessGenerateProjectCallbacks:Execute (UnityEditor.Android.PostProcessor.PostProcessorContext) (at /home/bokken/build/output/unity/unity/PlatformDependent/AndroidPlayer/Editor/Managed/PostProcessor/Tasks/ProcessGenerateProjectCallbacks.cs:67)
UnityEditor.Android.PostProcessor.PostProcessRunner:RunAllTasks (UnityEditor.Android.PostProcessor.PostProcessorContext) (at /home/bokken/build/output/unity/unity/PlatformDependent/AndroidPlayer/Editor/Managed/PostProcessor/AndroidPostProcessor.cs:112)
UnityEditor.Android.PostProcessAndroidPlayer:PostProcess (UnityEditor.Modules.BuildPostProcessArgs,AndroidPlayerBuildProgram.Data.AndroidPlayerBuildProgramOutput) (at /home/bokken/build/output/unity/unity/PlatformDependent/AndroidPlayer/Editor/Managed/PostProcessAndroidPlayer.cs:302)
UnityEditor.Android.AndroidBuildPostprocessor:PostProcess (UnityEditor.Modules.BuildPostProcessArgs,UnityEditor.BuildProperties&) (at /home/bokken/build/output/unity/unity/PlatformDependent/AndroidPlayer/Editor/Managed/ExtensionModule.cs:346)
UnityEditor.PostprocessBuildPlayer:Postprocess (UnityEditor.BuildTarget,int,string,string,string,UnityEditor.BuildOptions,UnityEditor.RuntimeClassRegistry,UnityEditor.Build.Reporting.BuildReport)
UnityEditor.BuildPipeline:BuildPlayerInternalNoCheck (string[],string,string,UnityEditor.BuildTargetGroup,UnityEditor.BuildTarget,int,UnityEditor.BuildOptions,string[],bool)
UnityEditor.BuildPipeline:BuildPlayerInternal (string[],string,string,UnityEditor.BuildTargetGroup,UnityEditor.BuildTarget,int,UnityEditor.BuildOptions,string[])
UnityEditor.BuildPipeline:BuildPlayer (string[],string,string,UnityEditor.BuildTargetGroup,UnityEditor.BuildTarget,int,UnityEditor.BuildOptions,string[])
UnityEditor.BuildPipeline:BuildPlayer (UnityEditor.BuildPlayerOptions)
CodexAndroidBuild:BuildApk () (at Assets/Editor/CodexAndroidBuild.cs:33)

(Filename: ./Library/PackageCache/com.meta.xr.sdk.core@e9f929748630/Editor/OVRGradleGeneration.cs Line: 277)

QuestFamily = True: Quest = False, Quest2 = True
UnityEngine.Debug:ExtractStackTraceNoAlloc (byte*,int,string)
UnityEngine.StackTraceUtility:ExtractStackTrace ()
UnityEngine.DebugLogHandler:Internal_Log (UnityEngine.LogType,UnityEngine.LogOption,string,UnityEngine.Object)
UnityEngine.DebugLogHandler:LogFormat (UnityEngine.LogType,UnityEngine.Object,string,object[])
UnityEngine.Logger:LogFormat (UnityEngine.LogType,string,object[])
UnityEngine.Debug:LogFormat (string,object[])
OVRGradleGeneration:OnPostGenerateGradleAndroidProject (string) (at ./Library/PackageCache/com.meta.xr.sdk.core@e9f929748630/Editor/OVRGradleGeneration.cs:285)
UnityEditor.Android.PostProcessor.Tasks.ProcessGenerateProjectCallbacks:OnGeneratePlatformProjectPostprocess (string,bool) (at /home/bokken/build/output/unity/unity/PlatformDependent/AndroidPlayer/Editor/Managed/PostProcessor/Tasks/ProcessGenerateProjectCallbacks.cs:41)
UnityEditor.Android.PostProcessor.Tasks.ProcessGenerateProjectCallbacks:Execute (UnityEditor.Android.PostProcessor.PostProcessorContext) (at /home/bokken/build/output/unity/unity/PlatformDependent/AndroidPlayer/Editor/Managed/PostProcessor/Tasks/ProcessGenerateProjectCallbacks.cs:67)
UnityEditor.Android.PostProcessor.PostProcessRunner:RunAllTasks (UnityEditor.Android.PostProcessor.PostProcessorContext) (at /home/bokken/build/output/unity/unity/PlatformDependent/AndroidPlayer/Editor/Managed/PostProcessor/AndroidPostProcessor.cs:112)
UnityEditor.Android.PostProcessAndroidPlayer:PostProcess (UnityEditor.Modules.BuildPostProcessArgs,AndroidPlayerBuildProgram.Data.AndroidPlayerBuildProgramOutput) (at /home/bokken/build/output/unity/unity/PlatformDependent/AndroidPlayer/Editor/Managed/PostProcessAndroidPlayer.cs:302)
UnityEditor.Android.AndroidBuildPostprocessor:PostProcess (UnityEditor.Modules.BuildPostProcessArgs,UnityEditor.BuildProperties&) (at /home/bokken/build/output/unity/unity/PlatformDependent/AndroidPlayer/Editor/Managed/ExtensionModule.cs:346)
UnityEditor.PostprocessBuildPlayer:Postprocess (UnityEditor.BuildTarget,int,string,string,string,UnityEditor.BuildOptions,UnityEditor.RuntimeClassRegistry,UnityEditor.Build.Reporting.BuildReport)
UnityEditor.BuildPipeline:BuildPlayerInternalNoCheck (string[],string,string,UnityEditor.BuildTargetGroup,UnityEditor.BuildTarget,int,UnityEditor.BuildOptions,string[],bool)
UnityEditor.BuildPipeline:BuildPlayerInternal (string[],string,string,UnityEditor.BuildTargetGroup,UnityEditor.BuildTarget,int,UnityEditor.BuildOptions,string[])
UnityEditor.BuildPipeline:BuildPlayer (string[],string,string,UnityEditor.BuildTargetGroup,UnityEditor.BuildTarget,int,UnityEditor.BuildOptions,string[])
UnityEditor.BuildPipeline:BuildPlayer (UnityEditor.BuildPlayerOptions)
CodexAndroidBuild:BuildApk () (at Assets/Editor/CodexAndroidBuild.cs:33)

(Filename: ./Library/PackageCache/com.meta.xr.sdk.core@e9f929748630/Editor/OVRGradleGeneration.cs Line: 285)

Android PostProcess task "Calling IPostGenerateGradleAndroidProject callbacks" took 61.6676 ms
DisplayProgressbar: Validate Gradle Project
Android PostProcess task "Validate Gradle Project" took 1.1047 ms
Android PostProcess task "Cloud Diagnostics Symbol Upload" took 0.4265 ms
DisplayProgressbar: Building Gradle project
Total cache size 268203274
Total cache size after purge 268203274, took 00:00:00.4847441
Starting: C:\Program Files\Unity\Hub\Editor\6000.0.65f1\Editor\Data\PlaybackEngines\AndroidPlayer\OpenJDK\bin\java.exe -classpath "C:\Program Files\Unity\Hub\Editor\6000.0.65f1\Editor\Data\PlaybackEngines\AndroidPlayer\Tools\gradle\lib\gradle-launcher-8.13.jar" org.gradle.launcher.GradleMain "-Dorg.gradle.jvmargs=-Xmx4096m" "assembleRelease" 
WorkingDir: D:/hand-tracking-streamer-main/hand-tracking-streamer-main/hand_tracking_streamer/Library/Bee/Android/Prj/IL2CPP/Gradle\launcher
Android PostProcess task "Building Gradle project" took 25636.0652 ms
DisplayProgressbar: Building Gradle Symbols
Android PostProcess task "Building Gradle Symbols" took 0.2243 ms
DisplayProgressbar: Processing Mapping File
Android PostProcess task "Processing Mapping File" took 0.2104 ms
DisplayProgressbar: Moving output package(s)
Deleting file 'D:/hand-tracking-streamer-main/hand-tracking-streamer-main/hand_tracking_streamer.apk'
Copy 'D:/hand-tracking-streamer-main/hand-tracking-streamer-main/hand_tracking_streamer/Library/Bee/Android/Prj/IL2CPP/Gradle\launcher\build\outputs\apk\release\launcher-release.apk' -> 
 'D:/hand-tracking-streamer-main/hand-tracking-streamer-main/hand_tracking_streamer.apk'
Android PostProcess task "Moving output package(s)" took 29.6362 ms
Android PostProcess task "Checking Symbols size" took 0.6467 ms
Refreshing native plugins compatible for Editor in 8.85 ms, found 20 plugins.
Preloading 3 native plugins for Editor in 0.11 ms.
Asset Pipeline Refresh (id=1acaf41fbb6f61845a57184822cc27f2): Total: 0.059 seconds - Initiated by RefreshV2(NoUpdateAssetOptions)
Start importing ProjectSettings/ProjectSettings.asset using Guid(00000000000000004000000000000000) (LibraryAssetImporter) -> (artifact id: '9a89fefdd524727cbd979f19b4a0c98f') in 0.0028352 seconds
Refreshing native plugins compatible for Editor in 9.82 ms, found 20 plugins.
Preloading 3 native plugins for Editor in 0.11 ms.
Asset Pipeline Refresh (id=d4431d04f7369894a82468794bf146dc): Total: 0.043 seconds - Initiated by StopAssetImportingV2(NoUpdateAssetOptions)
Asset Pipeline Refresh (id=258a469858017aa48aa222d44e87e3a1): Total: 0.008 seconds - Initiated by RefreshV2(NoUpdateAssetOptions)
Start importing ProjectSettings/ProjectSettings.asset using Guid(00000000000000004000000000000000) (LibraryAssetImporter) -> (artifact id: '9a89fefdd524727cbd979f19b4a0c98f') in 0.0019452 seconds
Refreshing native plugins compatible for Editor in 9.30 ms, found 20 plugins.
Preloading 3 native plugins for Editor in 0.11 ms.
Asset Pipeline Refresh (id=aa651c63f734e264889064e55f03140a): Total: 0.028 seconds - Initiated by StopAssetImportingV2(NoUpdateAssetOptions)
Asset Pipeline Refresh (id=baf1e102cd654cd4e9b79c06f0135fe1): Total: 0.013 seconds - Initiated by StopAssetImportingV2(NoUpdateAssetOptions)
Refreshing native plugins compatible for Editor in 13.21 ms, found 20 plugins.
Preloading 3 native plugins for Editor in 0.11 ms.

-------------------------------------------------------------------------------
Build Report
Uncompressed usage by category (Percentages based on user generated assets only):
Textures               38.7 mb	 82.6% 
Meshes                 3.2 mb	 6.9% 
Animations             454.5 kb	 0.9% 
Sounds                 0.0 kb	 0.0% 
Shaders                2.8 mb	 5.9% 
Other Assets           1.0 mb	 2.2% 
Levels                 0.0 kb	 0.0% 
File headers           241.0 kb	 0.5% 
Total User Assets      46.8 mb	 100.0% 
Complete build size    1.2 gb
Used Assets and files from the Resources folder, sorted by uncompressed size:
 5.3 mb	 0.4% Packages/com.meta.xr.sdk.interaction/Runtime/Textures/fingers_glow_mask.png
 2.4 mb	 0.2% Packages/com.meta.xr.sdk.core/Textures/MetaQuestTouchPlus/MetaQuestTouchPlus_Right_BaseColor_AO_AlphaRoughness.png
 2.4 mb	 0.2% Packages/com.meta.xr.sdk.core/Textures/MetaQuestTouchPlus/MetaQuestTouchPlus_Left_BaseColor_AO_AlphaRoughness.png
 2.4 mb	 0.2% Packages/com.meta.xr.sdk.core/Textures/MetaQuestTouchPro/controller_r_lo_BaseColor.png
 2.4 mb	 0.2% Packages/com.meta.xr.sdk.core/Textures/MetaQuestTouchPro/controller_l_lo_BaseColor.png
 2.4 mb	 0.2% Packages/com.meta.xr.sdk.core/Textures/MetaQuestTouchPlus/MetaQuestTouchPlus_Normals.png
 2.4 mb	 0.2% Packages/com.meta.xr.sdk.core/Textures/OculusTouchForRift/touchController_albedo.png
 2.4 mb	 0.2% Packages/com.meta.xr.sdk.core/Textures/MetaQuestTouchPro/controller_r_lo_Normal.png
 2.4 mb	 0.2% Packages/com.meta.xr.sdk.core/Textures/MetaQuestTouchPro/controller_l_lo_Normal.png
 1.2 mb	 0.1% Packages/com.meta.xr.sdk.voice/Resources/voicesdk_heroart.png
 1.0 mb	 0.1% Assets/TextMesh Pro/Resources/Fonts & Materials/LiberationSans SDF.asset
 1.0 mb	 0.1% Packages/com.meta.xr.sdk.core/Textures/bar_background.png
 1.0 mb	 0.1% Packages/com.meta.xr.sdk.core/Scripts/ImmersiveDebugger/UserInterface/Resources/Textures/panel_background.png
 731.0 kb	 0.1% Packages/com.unity.render-pipelines.universal/Shaders/PostProcessing/UberPost.shader
 640.6 kb	 0.1% Resources/unity_builtin_extra
 611.8 kb	 0.0% Packages/com.meta.xr.sdk.core/Textures/OculusTouchForQuestAndRiftS/OculusQuestTouchControllerTexture.tga
 611.8 kb	 0.0% Packages/com.meta.xr.sdk.core/Textures/OculusTouchForQuest2/OculusTouchForQuest2_AlbedoRoughness.tga
 549.3 kb	 0.0% Packages/com.meta.xr.sdk.core/Meshes/OculusTouchForRift/left_touch_controller_model_skel.fbx
 548.1 kb	 0.0% Packages/com.meta.xr.sdk.core/Meshes/OculusTouchForRift/right_touch_controller_model_skel.fbx
 363.6 kb	 0.0% Packages/com.unity.render-pipelines.universal/Shaders/Lit.shader
 344.5 kb	 0.0% Assets/TextMesh Pro/Fonts/LiberationSans.ttf
 341.5 kb	 0.0% Packages/com.meta.xr.sdk.core/Scripts/ImmersiveDebugger/UserInterface/Resources/Textures/toggle_on.png
 341.5 kb	 0.0% Packages/com.meta.xr.sdk.core/Scripts/ImmersiveDebugger/UserInterface/Resources/Textures/toggle_off.png
 299.8 kb	 0.0% Packages/com.meta.xr.sdk.core/Meshes/MetaQuestTouchPlus/MetaQuestTouchPlus_Right.fbx
 299.7 kb	 0.0% Packages/com.meta.xr.sdk.core/Meshes/MetaQuestTouchPlus/MetaQuestTouchPlus_Left.fbx
 296.2 kb	 0.0% Packages/com.meta.xr.sdk.core/Meshes/OculusTouchForQuest2/OculusTouchForQuest2_Right.fbx
 296.2 kb	 0.0% Packages/com.meta.xr.sdk.core/Meshes/OculusTouchForQuest2/OculusTouchForQuest2_Left.fbx
 262.6 kb	 0.0% Packages/com.unity.render-pipelines.universal/Textures/SMAA/AreaTex.tga
 256.6 kb	 0.0% Packages/com.meta.xr.sdk.core/Scripts/ImmersiveDebugger/UserInterface/Resources/Textures/icon_background.png
 256.5 kb	 0.0% Packages/com.meta.xr.sdk.core/Meshes/MetaQuestTouchPro/MetaQuestTouchPro_Left.fbx
 256.1 kb	 0.0% Packages/com.meta.xr.sdk.core/Scripts/ImmersiveDebugger/UserInterface/Resources/Textures/minimize_icon.png
 256.1 kb	 0.0% Packages/com.meta.xr.sdk.core/Scripts/ImmersiveDebugger/UserInterface/Resources/Textures/inspectors_icon.png
 256.1 kb	 0.0% Packages/com.meta.xr.sdk.core/Scripts/ImmersiveDebugger/UserInterface/Resources/Textures/compress_icon.png
 256.1 kb	 0.0% Packages/com.meta.xr.sdk.core/Scripts/ImmersiveDebugger/UserInterface/Resources/Textures/warning_icon.png
 256.1 kb	 0.0% Packages/com.meta.xr.sdk.core/Scripts/ImmersiveDebugger/UserInterface/Resources/Textures/shift_icon.png
 256.1 kb	 0.0% Packages/com.meta.xr.sdk.core/Scripts/ImmersiveDebugger/UserInterface/Resources/Textures/rotate_icon.png
 256.1 kb	 0.0% Packages/com.meta.xr.sdk.core/Scripts/ImmersiveDebugger/UserInterface/Resources/Textures/opacity_icon.png
 256.1 kb	 0.0% Packages/com.meta.xr.sdk.core/Scripts/ImmersiveDebugger/UserInterface/Resources/Textures/notice_icon.png
 256.1 kb	 0.0% Packages/com.meta.xr.sdk.core/Scripts/ImmersiveDebugger/UserInterface/Resources/Textures/move_icon.png
 256.1 kb	 0.0% Packages/com.meta.xr.sdk.core/Scripts/ImmersiveDebugger/UserInterface/Resources/Textures/expand_icon.png
 256.1 kb	 0.0% Packages/com.meta.xr.sdk.core/Scripts/ImmersiveDebugger/UserInterface/Resources/Textures/error_icon.png
 256.1 kb	 0.0% Packages/com.meta.xr.sdk.core/Scripts/ImmersiveDebugger/UserInterface/Resources/Textures/down_icon.png
 256.1 kb	 0.0% Packages/com.meta.xr.sdk.core/Scripts/ImmersiveDebugger/UserInterface/Resources/Textures/console_icon.png
 256.1 kb	 0.0% Packages/com.meta.xr.sdk.core/Scripts/ImmersiveDebugger/UserInterface/Resources/Textures/close_icon.png
 256.1 kb	 0.0% Packages/com.unity.render-pipelines.universal/Textures/FilmGrain/Thin02.png
 256.1 kb	 0.0% Packages/com.unity.render-pipelines.universal/Textures/FilmGrain/Thin01.png
 256.1 kb	 0.0% Packages/com.unity.render-pipelines.universal/Textures/FilmGrain/Medium06.png
 256.1 kb	 0.0% Packages/com.unity.render-pipelines.universal/Textures/FilmGrain/Medium05.png
 256.1 kb	 0.0% Packages/com.unity.render-pipelines.universal/Textures/FilmGrain/Medium04.png
 256.1 kb	 0.0% Packages/com.unity.render-pipelines.universal/Textures/FilmGrain/Medium03.png
 256.1 kb	 0.0% Packages/com.unity.render-pipelines.universal/Textures/FilmGrain/Medium02.png
 256.1 kb	 0.0% Packages/com.unity.render-pipelines.universal/Textures/FilmGrain/Medium01.png
 256.1 kb	 0.0% Packages/com.unity.render-pipelines.universal/Textures/FilmGrain/Large02.png
 256.1 kb	 0.0% Packages/com.unity.render-pipelines.universal/Textures/FilmGrain/Large01.png
 256.1 kb	 0.0% Packages/com.meta.xr.sdk.core/Scripts/ImmersiveDebugger/UserInterface/Resources/Textures/pointer.png
 256.1 kb	 0.0% Packages/com.meta.xr.sdk.core/Scripts/ImmersiveDebugger/UserInterface/Resources/Textures/eye_icon.png
 256.1 kb	 0.0% Packages/com.meta.xr.sdk.core/Scripts/ImmersiveDebugger/UserInterface/Resources/Textures/bin_icon.png
 256.0 kb	 0.0% Packages/com.meta.xr.sdk.core/Meshes/MetaQuestTouchPro/MetaQuestTouchPro_Right.fbx
 227.7 kb	 0.0% Packages/com.unity.render-pipelines.universal/Shaders/PostProcessing/FinalPost.shader
 194.1 kb	 0.0% Packages/com.meta.xr.sdk.core/Meshes/OculusTouchForQuestAndRiftS/OculusTouchForQuestAndRiftS_Right.fbx
 194.0 kb	 0.0% Packages/com.meta.xr.sdk.core/Meshes/OculusTouchForQuestAndRiftS/OculusTouchForQuestAndRiftS_Left.fbx
 190.6 kb	 0.0% Packages/com.meta.xr.sdk.core/Shaders/MetaLit.shader
 178.3 kb	 0.0% Packages/com.meta.xr.sdk.core/Scripts/ImmersiveDebugger/UserInterface/Resources/Fonts/RobotoMono-VariableFont_wght.ttf
 154.8 kb	 0.0% Assets/TextMesh Pro/Sprites/EmojiOne.png
 134.2 kb	 0.0% Packages/com.meta.xr.sdk.interaction/Runtime/Meshes/OVRHand_R.fbx
 134.2 kb	 0.0% Packages/com.meta.xr.sdk.interaction/Runtime/Meshes/OVRHand_L.fbx
 117.2 kb	 0.0% Packages/com.meta.xr.sdk.interaction/Runtime/Meshes/OpenXRRightHand.fbx
 117.2 kb	 0.0% Packages/com.meta.xr.sdk.interaction/Runtime/Meshes/OpenXRLeftHand.fbx
 97.6 kb	 0.0% Packages/com.unity.render-pipelines.universal/Shaders/PostProcessing/LensFlareDataDriven.shader
 95.3 kb	 0.0% Packages/com.meta.xr.sdk.interaction/Runtime/Meshes/OculusHandPinchArrowBlended.fbx
 85.9 kb	 0.0% Packages/com.unity.render-pipelines.universal/Shaders/Terrain/WavingGrass.shader
 79.7 kb	 0.0% Packages/com.unity.render-pipelines.core/Runtime/Debugging/Prefabs/Fonts/PerfectDOSVGA437.ttf
 76.7 kb	 0.0% Packages/com.meta.xr.sdk.core/Resources/Underlay Impostor.shader
 76.5 kb	 0.0% Packages/com.unity.render-pipelines.universal/Shaders/Utils/CoreBlit.shader
 69.4 kb	 0.0% Assets/TextMesh Pro/Shaders/TMP_SDF-Mobile.shader
 65.3 kb	 0.0% Packages/com.meta.xr.sdk.interaction/Runtime/Textures/Reticle-Dot.png
 64.6 kb	 0.0% Packages/com.meta.xr.sdk.core/Scripts/ImmersiveDebugger/UserInterface/Resources/Textures/icon_background_02.png
 63.3 kb	 0.0% Packages/com.unity.render-pipelines.universal/Shaders/PostProcessing/TemporalAA.shader
 59.1 kb	 0.0% Packages/com.unity.render-pipelines.core/Runtime/Debugging/Prefabs/Widgets/DebugUIHandlerRenderingLayerField.prefab
 59.1 kb	 0.0% Packages/com.unity.render-pipelines.core/Runtime/Debugging/Prefabs/Widgets/DebugUIBitField.prefab
 52.3 kb	 0.0% Packages/com.unity.render-pipelines.universal/Shaders/Terrain/WavingGrassBillboard.shader
 42.5 kb	 0.0% Packages/com.meta.xr.sdk.voice/Lib/Wit.ai/Resources/ping.png
 42.3 kb	 0.0% Packages/com.unity.render-pipelines.universal/Shaders/PostProcessing/BokehDepthOfField.shader
 42.3 kb	 0.0% Packages/com.unity.render-pipelines.universal/Shaders/PostProcessing/SubpixelMorphologicalAntialiasing.shader
 40.7 kb	 0.0% Packages/com.meta.xr.sdk.core/Resources/Underlay Transparent Occluder.shader
 40.6 kb	 0.0% Packages/com.meta.xr.sdk.core/Resources/OVRMRCameraFrameLit.shader
 37.5 kb	 0.0% Packages/com.meta.xr.sdk.interaction/Runtime/Shaders/OculusHand.shader
 35.0 kb	 0.0% Packages/com.unity.render-pipelines.universal/Shaders/PostProcessing/LensFlareScreenSpace.shader
 34.1 kb	 0.0% Packages/com.unity.render-pipelines.universal/Shaders/PostProcessing/CameraMotionBlur.shader
 33.3 kb	 0.0% Packages/com.unity.render-pipelines.universal/Shaders/Terrain/TerrainDetailLit.shader
 31.6 kb	 0.0% Packages/com.unity.render-pipelines.universal/Shaders/PostProcessing/GaussianDepthOfField.shader
 27.5 kb	 0.0% Packages/com.unity.render-pipelines.universal/Shaders/PostProcessing/Bloom.shader
 26.2 kb	 0.0% Packages/com.unity.render-pipelines.universal/Shaders/Debug/HDRDebugView.shader
 25.5 kb	 0.0% Packages/com.unity.render-pipelines.universal/Shaders/PostProcessing/LutBuilderHdr.shader
 19.9 kb	 0.0% Packages/com.unity.render-pipelines.universal/Shaders/PostProcessing/ScalingSetup.shader
 19.3 kb	 0.0% Packages/com.meta.xr.sdk.voice/Lib/Wit.ai/Resources/wit-ai-title.png
 19.3 kb	 0.0% Packages/com.meta.xr.sdk.voice/Lib/Wit.ai/Resources/witai.png
 18.3 kb	 0.0% Packages/com.unity.render-pipelines.universal/Shaders/PostProcessing/EdgeAdaptiveSpatialUpsampling.shader
 16.7 kb	 0.0% Packages/com.meta.xr.sdk.core/Editor/BuildingBlocks/BlockData/HandTracking/Shaders/OculusSampleAlphaHandOutline.shader
 14.9 kb	 0.0% Packages/com.unity.render-pipelines.universal/Textures/DebugFont.tga
 13.5 kb	 0.0% Packages/com.unity.render-pipelines.universal/Shaders/PostProcessing/LutBuilderLdr.shader
 13.3 kb	 0.0% Packages/com.meta.xr.sdk.core/Scripts/ImmersiveDebugger/Gizmos/DebugGizmos/Resources/PolylineUnlit.shader
 12.2 kb	 0.0% Assets/TextMesh Pro/Shaders/TMP_Sprite.shader
 10.7 kb	 0.0% Packages/com.unity.render-pipelines.universal/Shaders/Utils/CopyDepth.shader
 10.4 kb	 0.0% Packages/com.meta.xr.sdk.core/Textures/MetaQuestTouchPro/batteryIndicatorTexture32.png
 9.8 kb	 0.0% Assets/InputSystem_Actions.inputactions
 9.5 kb	 0.0% Packages/com.meta.xr.sdk.interaction/Runtime/Resources/Shaders/UIOverlay.shader
 9.3 kb	 0.0% Packages/com.unity.render-pipelines.core/Runtime/Debugging/Prefabs/Widgets/DebugUIPanel.prefab
 9.3 kb	 0.0% Packages/com.meta.xr.sdk.core/Resources/OVRMRCameraFrame.shader
 9.2 kb	 0.0% Packages/com.meta.xr.sdk.interaction/Runtime/Shaders/OculusHandCursor.shader
 8.8 kb	 0.0% Packages/com.meta.xr.mrutilitykit/Core/Resources/CopyDepthTexture.compute
 8.7 kb	 0.0% Packages/com.unity.render-pipelines.universal/Shaders/CameraMotionVectors.shader
 8.7 kb	 0.0% Assets/XR/Settings/OpenXR Package Settings.asset
 8.6 kb	 0.0% Packages/com.unity.render-pipelines.universal/Shaders/PostProcessing/PaniniProjection.shader
 8.5 kb	 0.0% Packages/com.unity.render-pipelines.universal/Shaders/Utils/CoreBlitColorAndDepth.shader
 8.4 kb	 0.0% Packages/com.meta.xr.sdk.core/Shaders/EnvironmentDepth/Resources/DepthMask.shader
 8.4 kb	 0.0% Packages/com.unity.render-pipelines.universal/Shaders/Debug/ProbeVolumeSamplingDebugPositionNormal.compute
 8.1 kb	 0.0% Packages/com.unity.render-pipelines.universal/Shaders/XR/XRMirrorView.shader
 7.7 kb	 0.0% Packages/com.meta.xr.sdk.voice/Lib/Wit.ai/Resources/continue-with-fb.png
 7.6 kb	 0.0% Packages/com.meta.xr.sdk.core/Shaders/EnvironmentDepth/Resources/DepthPreprocessing.shader
 7.6 kb	 0.0% Packages/com.meta.xr.sdk.core/Resources/Cubemap Blit.shader
 7.5 kb	 0.0% Packages/com.unity.render-pipelines.core/Shaders/CoreCopy.shader
 7.3 kb	 0.0% Packages/com.unity.render-pipelines.universal/Shaders/XR/XRMotionVector.shader
 6.9 kb	 0.0% Packages/com.unity.render-pipelines.universal/Shaders/Utils/Sampling.shader
 6.9 kb	 0.0% Packages/com.meta.xr.sdk.core/Meshes/OculusTouchForQuestAndRiftS/Animation/OculusTouchQuestAndRiftSRightAnimation.controller
 6.9 kb	 0.0% Packages/com.meta.xr.sdk.core/Meshes/OculusTouchForQuestAndRiftS/Animation/OculusTouchQuestAndRiftSLeftAnimation.controller
 6.8 kb	 0.0% Packages/com.unity.render-pipelines.universal/Shaders/Debug/DebugReplacement.shader
 6.8 kb	 0.0% Packages/com.meta.xr.sdk.core/Meshes/MetaQuestTouchPlus/Animation/MetaQuestTouchPlusRightAnimation.controller
 6.7 kb	 0.0% Packages/com.meta.xr.sdk.core/Meshes/OculusTouchForRift/Animation/OculusTouchRiftRightAnimation.controller
 6.7 kb	 0.0% Packages/com.unity.render-pipelines.universal/Shaders/PostProcessing/StopNaN.shader
 6.7 kb	 0.0% Packages/com.meta.xr.sdk.core/Meshes/OculusTouchForRift/Animation/OculusTouchRiftLeftAnimation.controller
 6.6 kb	 0.0% Packages/com.meta.xr.sdk.core/Meshes/OculusTouchForQuest2/Animation/OculusTouchQuest2RightAnimation.controller
 6.6 kb	 0.0% Packages/com.meta.xr.sdk.core/Meshes/OculusTouchForQuest2/Animation/OculusTouchQuest2LeftAnimation.controller
 6.6 kb	 0.0% Packages/com.meta.xr.sdk.core/Meshes/MetaQuestTouchPlus/Animation/MetaQuestTouchPlusLeftAnimation.controller
 6.6 kb	 0.0% Packages/com.meta.xr.sdk.core/Resources/Texture2D Blit.shader
 6.6 kb	 0.0% Packages/com.meta.xr.sdk.core/Meshes/MetaQuestTouchPro/Animation/MetaQuestTouchProRightAnimation.controller
 6.6 kb	 0.0% Packages/com.meta.xr.sdk.core/Meshes/MetaQuestTouchPro/Animation/MetaQuestTouchProLeftAnimation.controller
 6.5 kb	 0.0% Packages/com.meta.xr.sdk.core/Editor/BuildingBlocks/BlockData/RoomMesh/Shaders/WireframeShaderRoomMesh.shader
 6.5 kb	 0.0% Packages/com.unity.render-pipelines.core/Runtime/Debugging/Prefabs/Widgets/DebugUIColor.prefab
 6.4 kb	 0.0% Packages/com.meta.xr.sdk.core/Scripts/ImmersiveDebugger/UserInterface/Resources/Shaders/idf_prerendered.shader
 6.2 kb	 0.0% Packages/com.meta.xr.sdk.interaction/Runtime/Resources/Shaders/Imposter_AlphaCutout.shader
 6.1 kb	 0.0% Packages/com.unity.render-pipelines.core/Runtime/Debugging/Prefabs/Widgets/DebugUIVector4.prefab
 6.1 kb	 0.0% Packages/com.meta.xr.sdk.interaction/Runtime/Resources/Shaders/Imposter_Underlay_AA.shader
 6.0 kb	 0.0% Packages/com.meta.xr.sdk.interaction/Runtime/Resources/Shaders/DepthOverwrite.shader
 6.0 kb	 0.0% Packages/com.meta.xr.sdk.interaction/Runtime/Resources/Shaders/Imposter_Underlay.shader
 6.0 kb	 0.0% Packages/com.meta.xr.sdk.core/Editor/BuildingBlocks/BlockData/RoomModel/Shaders/TransparentTexture.shader
 5.9 kb	 0.0% Packages/com.meta.xr.sdk.interaction/Runtime/Shaders/OculusControllerRayShader.shader
 5.9 kb	 0.0% Packages/com.meta.xr.sdk.interaction/Runtime/Resources/Shaders/Imposter_AlphaToMask.shader
 5.9 kb	 0.0% Packages/com.unity.render-pipelines.universal/Shaders/Utils/FallbackError.shader
 5.9 kb	 0.0% Packages/com.meta.xr.sdk.core/Resources/OVRMRUnlitTransparent.shader
 5.8 kb	 0.0% Packages/com.meta.xr.sdk.interaction/Runtime/Resources/Shaders/Imposter_AlphaBlended.shader
 5.8 kb	 0.0% Packages/com.meta.xr.sdk.interaction/Runtime/Resources/Shaders/Imposter_Opaque.shader
 5.8 kb	 0.0% Packages/com.meta.xr.sdk.voice/Lib/Wit.ai/Resources/witai_texts_en-us.json
 5.6 kb	 0.0% Packages/com.meta.xr.sdk.core/Resources/Unlit Transparent Color.shader
 5.6 kb	 0.0% Packages/com.unity.render-pipelines.universal/Shaders/XR/XROcclusionMesh.shader
 5.4 kb	 0.0% Packages/com.meta.xr.sdk.core/Resources/OVRMRUnlit.shader
 5.2 kb	 0.0% Packages/com.meta.xr.sdk.interaction/Runtime/Resources/Shaders/UnderlayTransparentOccluderImposter.shader
 5.2 kb	 0.0% Packages/com.unity.render-pipelines.core/Runtime/Debugging/Prefabs/Widgets/DebugUIVector3.prefab
 5.2 kb	 0.0% Packages/com.unity.render-pipelines.core/Runtime/RenderPipelineResources/FallbackShader.shader
 4.5 kb	 0.0% Packages/com.unity.render-pipelines.core/Runtime/Debugging/Prefabs/Resources/DebugUICanvas.prefab
 4.4 kb	 0.0% Packages/com.unity.render-pipelines.core/Runtime/Debugging/Prefabs/Widgets/DebugUIUIntField.prefab
 4.4 kb	 0.0% Packages/com.unity.render-pipelines.core/Runtime/Debugging/Prefabs/Widgets/DebugUIIntField.prefab
 4.3 kb	 0.0% Packages/com.unity.render-pipelines.core/Runtime/Debugging/Prefabs/Widgets/DebugUIVector2.prefab
 4.1 kb	 0.0% Packages/com.unity.render-pipelines.universal/Textures/BlueNoise64/L/LDR_LLL1_0.png
 4.1 kb	 0.0% Packages/com.unity.render-pipelines.core/Runtime/Debugging/Prefabs/Widgets/DebugUIFloatField.prefab
 3.4 kb	 0.0% Assets/Resources/PerformanceTestRunInfo.json
 3.3 kb	 0.0% Assets/TextMesh Pro/Resources/Fonts & Materials/LiberationSans SDF - Fallback.asset
 3.2 kb	 0.0% Assets/TextMesh Pro/Resources/Sprite Assets/EmojiOne.asset
 2.8 kb	 0.0% Packages/com.unity.render-pipelines.core/Runtime/Debugging/Prefabs/Widgets/DebugUIObjectPopupField.prefab
 2.8 kb	 0.0% Assets/Settings/DefaultVolumeProfile.asset
 2.7 kb	 0.0% Packages/com.unity.render-pipelines.universal/Shaders/Utils/StencilDeferred.shader
 2.6 kb	 0.0% Packages/com.unity.render-pipelines.core/Runtime/Debugging/Prefabs/Widgets/DebugUIObjectList.prefab
 2.6 kb	 0.0% Packages/com.unity.render-pipelines.core/Runtime/Debugging/Prefabs/Widgets/DebugUIEnumField.prefab
 2.4 kb	 0.0% Packages/com.unity.render-pipelines.core/Runtime/Debugging/Prefabs/Widgets/DebugUIFoldout.prefab
 2.4 kb	 0.0% Packages/com.unity.render-pipelines.core/Runtime/Debugging/Prefabs/Widgets/DebugUIRow.prefab
 2.3 kb	 0.0% Assets/TextMesh Pro/Resources/Style Sheets/Default Style Sheet.asset
 2.1 kb	 0.0% Assets/Settings/UniversalRenderPipelineGlobalSettings.asset
 2.0 kb	 0.0% Packages/com.meta.xr.sdk.interaction/Runtime/Materials/OculusHand.mat
 1.7 kb	 0.0% Packages/com.unity.render-pipelines.core/Runtime/Debugging/Prefabs/Widgets/DebugUIToggleHistory.prefab
 1.7 kb	 0.0% Packages/com.unity.render-pipelines.core/Runtime/Debugging/Prefabs/Widgets/DebugUIToggle.prefab
 1.6 kb	 0.0% Assets/TextMesh Pro/Resources/Fonts & Materials/LiberationSans SDF - Drop Shadow.mat
 1.6 kb	 0.0% Packages/com.meta.xr.sdk.core/Meshes/MetaQuestTouchPlus/Materials/MetaQuestTouchPlusRight_Material.fbx
 1.6 kb	 0.0% Packages/com.meta.xr.sdk.core/Meshes/MetaQuestTouchPlus/Materials/MetaQuestTouchPlusLeft_Material.fbx
 1.6 kb	 0.0% Packages/com.meta.xr.sdk.core/Meshes/MetaQuestTouchPro/Materials/MetaQuestProRight_Material.fbx
 1.6 kb	 0.0% Packages/com.meta.xr.sdk.core/Meshes/MetaQuestTouchPro/Materials/MetaQuestProLeft_Material.fbx
 1.6 kb	 0.0% Packages/com.meta.xr.sdk.core/Meshes/OculusTouchForQuestAndRiftS/Materials/OculusTouchForQuestAndRiftS_Material.fbx
 1.6 kb	 0.0% Packages/com.meta.xr.sdk.core/Meshes/OculusTouchForRift/Materials/OculusTouchForRift_Material.fbx
 1.6 kb	 0.0% Packages/com.meta.xr.sdk.core/Meshes/OculusTouchForQuest2/Materials/OculusTouchForQuest2_MAT.fbx
 1.6 kb	 0.0% Packages/com.meta.xr.sdk.core/Meshes/OculusTouchForRift/Materials/pasted_touchPBS_MAT.fbx
 1.6 kb	 0.0% Assets/TextMesh Pro/Resources/Fonts & Materials/LiberationSans SDF - Outline.mat
 1.4 kb	 0.0% Packages/com.unity.render-pipelines.core/Runtime/Debugging/Prefabs/Widgets/DebugUIProgressBar.prefab
 1.4 kb	 0.0% Packages/com.unity.render-pipelines.core/Runtime/Debugging/Prefabs/Widgets/DebugUIGroup.prefab
 1.3 kb	 0.0% Assets/Axis_Gizmo.prefab
 1.2 kb	 0.0% Packages/com.unity.render-pipelines.core/Runtime/Debugging/Prefabs/Widgets/DebugUIButton.prefab
 1.2 kb	 0.0% Assets/Resources/OVRPlatformToolSettings.asset
 1.1 kb	 0.0% Packages/com.unity.render-pipelines.universal/Textures/SMAA/SearchTex.tga
 1.1 kb	 0.0% Packages/com.unity.render-pipelines.core/Runtime/Debugging/Prefabs/Textures/UIFoldoutOpened.png
 1.1 kb	 0.0% Packages/com.unity.render-pipelines.core/Runtime/Debugging/Prefabs/Textures/UIFoldoutClosed.png
 1.1 kb	 0.0% Packages/com.unity.render-pipelines.core/Runtime/Debugging/Prefabs/Textures/UICheckMark.png
 1.0 kb	 0.0% Packages/com.meta.xr.sdk.core/Meshes/MetaQuestTouchPro/Materials/MetaQuestProRight_Material.mat
 1.0 kb	 0.0% Packages/com.meta.xr.sdk.core/Meshes/MetaQuestTouchPro/Materials/MetaQuestProLeft_Material.mat
 1.0 kb	 0.0% Packages/com.meta.xr.sdk.voice/Resources/voicesdk_texts_en-us.json
 0.9 kb	 0.0% Packages/com.unity.render-pipelines.core/Runtime/Debugging/Prefabs/Widgets/DebugUIEnumHistory.prefab
 0.9 kb	 0.0% Packages/com.unity.render-pipelines.core/Runtime/Debugging/Prefabs/Widgets/DebugUIValuePersistent.prefab
 0.9 kb	 0.0% Packages/com.unity.render-pipelines.core/Runtime/Debugging/Prefabs/Widgets/DebugUIValueTuple.prefab
 0.9 kb	 0.0% Packages/com.unity.render-pipelines.core/Runtime/Debugging/Prefabs/Resources/DebugUIPersistentCanvas.prefab
 0.9 kb	 0.0% Packages/com.unity.render-pipelines.core/Runtime/Debugging/Prefabs/Widgets/DebugUIObject.prefab
 0.9 kb	 0.0% Packages/com.unity.render-pipelines.core/Runtime/Debugging/Prefabs/Widgets/DebugUIValue.prefab
 0.9 kb	 0.0% Packages/com.unity.render-pipelines.core/Runtime/Debugging/Prefabs/Widgets/DebugUIMessageBox.prefab
 0.8 kb	 0.0% Packages/com.unity.render-pipelines.core/Runtime/Debugging/Prefabs/Textures/UIElement8px.png
 0.8 kb	 0.0% Packages/com.unity.render-pipelines.universal/Runtime/Data/PostProcessData.asset
 0.7 kb	 0.0% Packages/com.meta.xr.sdk.core/Editor/BuildingBlocks/BlockData/HandTracking/Materials/SystemGestureSkeletonBoneMaterial.mat
 0.7 kb	 0.0% Packages/com.meta.xr.sdk.core/Editor/BuildingBlocks/BlockData/HandTracking/Materials/SkeletonBoneMaterial.mat
 0.7 kb	 0.0% Packages/com.meta.xr.sdk.interaction/Runtime/Materials/OculusControllerRayMaterial.mat
 0.7 kb	 0.0% Packages/com.meta.xr.sdk.interaction/Runtime/Materials/OculusHandPinchMaterial.mat
 0.7 kb	 0.0% Packages/com.meta.xr.sdk.core/Editor/BuildingBlocks/BlockData/HandTracking/Materials/SystemGestureHandMaterial.mat
 0.7 kb	 0.0% Packages/com.meta.xr.sdk.core/Editor/BuildingBlocks/BlockData/HandTracking/Materials/DefaultHandMaterial.mat
 0.6 kb	 0.0% Packages/com.meta.xr.sdk.interaction/Runtime/Materials/OculusControllerRayCursor.mat
 0.6 kb	 0.0% Packages/com.meta.xr.sdk.interaction/Runtime/Materials/OculusHandCursor.mat
 0.6 kb	 0.0% Packages/com.meta.xr.sdk.core/Editor/BuildingBlocks/BlockData/RoomMesh/Materials/RoomMeshMat.mat
 0.6 kb	 0.0% Packages/com.meta.xr.sdk.core/Meshes/MetaQuestTouchPro/Materials/batteryIndicator_mat.mat
 0.5 kb	 0.0% Assets/Settings/SampleSceneProfile.asset
 0.5 kb	 0.0% Packages/com.unity.render-pipelines.core/Runtime/Debugging/Prefabs/Textures/White1px.png
 0.5 kb	 0.0% Packages/com.unity.render-pipelines.universal/Shaders/Utils/BlitHDROverlay.shader
 0.5 kb	 0.0% Packages/com.unity.render-pipelines.universal/Runtime/Decal/DBuffer/DBufferClear.shader
 0.4 kb	 0.0% Assets/Settings/Mobile_RPAsset.asset
 0.4 kb	 0.0% Assets/Settings/PC_RPAsset.asset
 0.4 kb	 0.0% Packages/com.meta.xr.sdk.core/Editor/BuildingBlocks/BlockData/RoomMesh/Prefabs/MeshVolume.prefab
 0.4 kb	 0.0% Packages/com.unity.render-pipelines.core/Runtime/Debugging/Prefabs/Widgets/DebugUIVBox.prefab
 0.4 kb	 0.0% Packages/com.unity.render-pipelines.core/Runtime/Debugging/Prefabs/Widgets/DebugUIHBox.prefab
 0.4 kb	 0.0% Assets/Settings/PC_Renderer.asset
 0.4 kb	 0.0% Packages/com.unity.render-pipelines.universal/Textures/BlueNoise16/L/LDR_LLL1_9.png
 0.4 kb	 0.0% Packages/com.unity.render-pipelines.universal/Textures/BlueNoise16/L/LDR_LLL1_8.png
 0.4 kb	 0.0% Packages/com.unity.render-pipelines.universal/Textures/BlueNoise16/L/LDR_LLL1_7.png
 0.4 kb	 0.0% Packages/com.unity.render-pipelines.universal/Textures/BlueNoise16/L/LDR_LLL1_6.png
 0.4 kb	 0.0% Packages/com.unity.render-pipelines.universal/Textures/BlueNoise16/L/LDR_LLL1_5.png
 0.4 kb	 0.0% Packages/com.unity.render-pipelines.universal/Textures/BlueNoise16/L/LDR_LLL1_4.png
 0.4 kb	 0.0% Packages/com.unity.render-pipelines.universal/Textures/BlueNoise16/L/LDR_LLL1_31.png
 0.4 kb	 0.0% Packages/com.unity.render-pipelines.universal/Textures/BlueNoise16/L/LDR_LLL1_30.png
 0.4 kb	 0.0% Packages/com.unity.render-pipelines.universal/Textures/BlueNoise16/L/LDR_LLL1_3.png
 0.4 kb	 0.0% Packages/com.unity.render-pipelines.universal/Textures/BlueNoise16/L/LDR_LLL1_29.png
 0.4 kb	 0.0% Packages/com.unity.render-pipelines.universal/Textures/BlueNoise16/L/LDR_LLL1_28.png
 0.4 kb	 0.0% Packages/com.unity.render-pipelines.universal/Textures/BlueNoise16/L/LDR_LLL1_27.png
 0.4 kb	 0.0% Packages/com.unity.render-pipelines.universal/Textures/BlueNoise16/L/LDR_LLL1_26.png
 0.4 kb	 0.0% Packages/com.unity.render-pipelines.universal/Textures/BlueNoise16/L/LDR_LLL1_25.png
 0.4 kb	 0.0% Packages/com.unity.render-pipelines.universal/Textures/BlueNoise16/L/LDR_LLL1_24.png
 0.4 kb	 0.0% Packages/com.unity.render-pipelines.universal/Textures/BlueNoise16/L/LDR_LLL1_23.png
 0.4 kb	 0.0% Packages/com.unity.render-pipelines.universal/Textures/BlueNoise16/L/LDR_LLL1_22.png
 0.4 kb	 0.0% Packages/com.unity.render-pipelines.universal/Textures/BlueNoise16/L/LDR_LLL1_21.png
 0.4 kb	 0.0% Packages/com.unity.render-pipelines.universal/Textures/BlueNoise16/L/LDR_LLL1_20.png
 0.4 kb	 0.0% Packages/com.unity.render-pipelines.universal/Textures/BlueNoise16/L/LDR_LLL1_2.png
 0.4 kb	 0.0% Packages/com.unity.render-pipelines.universal/Textures/BlueNoise16/L/LDR_LLL1_19.png
 0.4 kb	 0.0% Packages/com.unity.render-pipelines.universal/Textures/BlueNoise16/L/LDR_LLL1_18.png
 0.4 kb	 0.0% Packages/com.unity.render-pipelines.universal/Textures/BlueNoise16/L/LDR_LLL1_17.png
 0.4 kb	 0.0% Packages/com.unity.render-pipelines.universal/Textures/BlueNoise16/L/LDR_LLL1_16.png
 0.4 kb	 0.0% Packages/com.unity.render-pipelines.universal/Textures/BlueNoise16/L/LDR_LLL1_15.png
 0.4 kb	 0.0% Packages/com.unity.render-pipelines.universal/Textures/BlueNoise16/L/LDR_LLL1_14.png
 0.4 kb	 0.0% Packages/com.unity.render-pipelines.universal/Textures/BlueNoise16/L/LDR_LLL1_13.png
 0.4 kb	 0.0% Packages/com.unity.render-pipelines.universal/Textures/BlueNoise16/L/LDR_LLL1_12.png
 0.4 kb	 0.0% Packages/com.unity.render-pipelines.universal/Textures/BlueNoise16/L/LDR_LLL1_11.png
 0.4 kb	 0.0% Packages/com.unity.render-pipelines.universal/Textures/BlueNoise16/L/LDR_LLL1_10.png
 0.4 kb	 0.0% Packages/com.unity.render-pipelines.universal/Textures/BlueNoise16/L/LDR_LLL1_1.png
 0.4 kb	 0.0% Packages/com.unity.render-pipelines.universal/Textures/BlueNoise16/L/LDR_LLL1_0.png
 0.3 kb	 0.0% Assets/TextMesh Pro/Resources/LineBreaking Following Characters.txt
 0.3 kb	 0.0% Assets/TextMesh Pro/Resources/TMP Settings.asset
 0.3 kb	 0.0% Assets/Settings/Mobile_Renderer.asset
 0.2 kb	 0.0% Packages/com.unity.render-pipelines.universal/Runtime/Debug/UniversalRenderPipelineVolumeDebugSettings.deprecated.cs
 0.2 kb	 0.0% Packages/com.unity.render-pipelines.universal/Runtime/RenderPipelineResources/UniversalRenderPipelineRuntimeXRResources.cs
 0.2 kb	 0.0% Packages/com.unity.render-pipelines.universal/Runtime/Debug/UniversalRenderPipelineVolumeDebugSettings.cs
 0.2 kb	 0.0% Packages/com.unity.render-pipelines.universal/Runtime/Debug/UniversalRenderPipelineDebugDisplaySettings.cs
 0.2 kb	 0.0% Packages/com.unity.xr.openxr/Runtime/NativeTypes/XR_EXT_spatial_entity/Structs/XrCreateSpatialDiscoverySnapshotCompletionInfoEXT.cs
 0.2 kb	 0.0% Packages/com.unity.xr.openxr/Runtime/ConformanceAutomation/ConformanceAutomationFeature.cs
 0.2 kb	 0.0% Packages/com.unity.render-pipelines.core/Runtime/RenderGraph/RenderGraphResourceAccelerationStructure.cs
 0.2 kb	 0.0% Packages/com.unity.render-pipelines.universal/Runtime/UniversalRenderPipelineGlobalSettings.cs
 0.2 kb	 0.0% Packages/com.unity.render-pipelines.universal/Runtime/RenderPipelineResources/UniversalRenderPipelineRuntimeTextures.cs
 0.2 kb	 0.0% Packages/com.unity.render-pipelines.universal/Runtime/RenderPipelineResources/UniversalRenderPipelineRuntimeShaders.cs
 0.2 kb	 0.0% Packages/com.unity.render-pipelines.universal/Runtime/RenderPipelineResources/UniversalRenderPipelineEditorMaterials.cs
 0.2 kb	 0.0% Packages/com.unity.render-pipelines.universal/Runtime/Debug/UniversalRenderPipelineDebugDisplayStats.cs
 0.2 kb	 0.0% Packages/com.meta.xr.sdk.interaction/Runtime/Sample/Scripts/PanelWithManipulators/PanelWithManipulatorsBorderAffordanceController.cs
 0.2 kb	 0.0% Packages/com.unity.xr.openxr/Runtime/NativeTypes/XR_EXT_spatial_plane_tracking/Structs/XrSpatialCapabilityConfigurationPlaneTrackingEXT.cs
 0.2 kb	 0.0% Packages/com.unity.xr.openxr/Runtime/NativeTypes/XR_EXT_spatial_persistence/Structs/XrCreateSpatialPersistenceContextCompletionEXT.cs
 0.2 kb	 0.0% Packages/com.unity.xr.openxr/Runtime/NativeTypes/XR_EXT_spatial_marker_tracking/Structs/XrSpatialCapabilityConfigurationMicroQrCodeEXT.cs
 0.2 kb	 0.0% Packages/com.unity.xr.openxr/Runtime/NativeTypes/XR_EXT_spatial_marker_tracking/Structs/XrSpatialCapabilityConfigurationArucoMarkerEXT.cs
 0.2 kb	 0.0% Packages/com.unity.xr.openxr/Runtime/NativeTypes/XR_EXT_spatial_entity/Structs/XrSpatialCapabilityConfigurationBaseHeaderEXT.cs
 0.2 kb	 0.0% Packages/com.unity.xr.openxr/Runtime/NativeTypes/XR_EXT_spatial_entity/Structs/XrCreateSpatialDiscoverySnapshotCompletionEXT.cs
 0.2 kb	 0.0% Packages/com.unity.render-pipelines.universal/Runtime/2D/Shadows/ShadowProvider/Providers/ShadowShape2DProvider_SpriteRenderer.cs
 0.2 kb	 0.0% Packages/com.unity.render-pipelines.core/Runtime/Stripping/RenderPipelineGraphicsSettingsStripperFetcher.cs
 0.2 kb	 0.0% Packages/com.unity.render-pipelines.core/Runtime/RenderGraph/IRenderGraphEnabledRenderPipeline.cs
 0.2 kb	 0.0% Packages/com.unity.multiplayer.center/Common/IOnboardingSectionAnalyticsProvider.cs
 0.2 kb	 0.0% Packages/com.unity.xr.openxr/Runtime/RuntimeDebugger/RuntimeDebuggerOpenXRFeature.cs
 0.2 kb	 0.0% Packages/com.unity.rendering.light-transport/Runtime/UnifiedRayTracing/Hardware/HardwareRayTracingAccelStruct.cs
 0.2 kb	 0.0% Packages/com.unity.render-pipelines.universal/Runtime/RenderPipelineResources/UniversalRenderPipelineEditorShaders.cs
 0.2 kb	 0.0% Packages/com.unity.render-pipelines.universal/Runtime/RenderPipelineResources/UniversalRenderPipelineEditorAssets.cs
 0.2 kb	 0.0% Packages/com.unity.render-pipelines.universal/Runtime/RenderPipelineResources/UniversalRenderPipelineDebugShaders.cs
 0.2 kb	 0.0% Packages/com.unity.render-pipelines.universal/Runtime/Passes/AdditionalLightsShadowCasterPass.cs
 0.2 kb	 0.0% Packages/com.unity.render-pipelines.universal/Runtime/Passes/AdditionalLightsShadowAtlasLayout.cs
 0.2 kb	 0.0% Packages/com.unity.render-pipelines.core/Runtime/Stripping/RenderPipelineGraphicsSettingsStripperReport.cs
 0.2 kb	 0.0% Packages/com.unity.render-pipelines.core/Runtime/RenderGraph/Compiler/NativePassCompiler.Debug.cs
 0.2 kb	 0.0% Packages/com.unity.render-pipelines.core/Runtime/GPUDriven/OcclusionCullingCommonShaderVariables.cs
 0.2 kb	 0.0% Packages/com.unity.render-pipelines.core/Runtime/GPUDriven/InstanceOcclusionCullerShaderVariables.cs
 0.2 kb	 0.0% Packages/com.meta.xr.sdk.interaction/Runtime/Sample/Scripts/PalmMenu/MatchNonDominantPalmWorldSpaceTransform.cs
 0.2 kb	 0.0% Packages/com.meta.xr.sdk.interaction/Runtime/Sample/Scripts/Locomotion/LocomotionTutorialAnimationUnityEventWrapper.cs
 0.2 kb	 0.0% Packages/com.meta.xr.sdk.core/Scripts/BuildingBlocks/SampleSpatialAnchorControllerScripts/SpatialAnchorLocalStorageManagerBuildingBlock.cs
 0.2 kb	 0.0% Packages/com.unity.xr.openxr/Runtime/NativeTypes/XR_EXT_spatial_plane_tracking/Structs/XrSpatialComponentPlaneSemanticLabelListEXT.cs
 0.2 kb	 0.0% Packages/com.unity.xr.openxr/Runtime/NativeTypes/XR_EXT_spatial_persistence/Structs/XrSpatialDiscoveryPersistenceUuidFilterEXT.cs
 0.2 kb	 0.0% Packages/com.unity.xr.openxr/Runtime/NativeTypes/XR_EXT_spatial_marker_tracking/Structs/XrSpatialCapabilityConfigurationQrCodeEXT.cs
 0.2 kb	 0.0% Packages/com.unity.xr.openxr/Runtime/NativeTypes/XR_EXT_spatial_marker_tracking/Structs/XrSpatialCapabilityConfigurationAprilTagEXT.cs
 0.2 kb	 0.0% Packages/com.unity.xr.openxr/Runtime/NativeTypes/XR_EXT_spatial_entity/Structs/XrEventDataSpatialDiscoveryRecommendedEXT.cs
 0.2 kb	 0.0% Packages/com.unity.xr.openxr/Runtime/NativeTypes/XR_EXT_spatial_anchor/Structs/XrSpatialCapabilityConfigurationAnchorEXT.cs
 0.2 kb	 0.0% Packages/com.unity.xr.openxr/Runtime/Features/Extensions/XrPerformanceSettingsTypes.cs
 0.2 kb	 0.0% Packages/com.unity.visualscripting/Runtime/VisualScripting.Core/Listeners/UI/UnityOnScrollbarValueChangedMessageListener.cs
 0.2 kb	 0.0% Packages/com.unity.visualscripting/Runtime/VisualScripting.Core/Listeners/UI/UnityOnScrollRectValueChangedMessageListener.cs
 0.2 kb	 0.0% Packages/com.unity.visualscripting/Runtime/VisualScripting.Core/Listeners/UI/UnityOnInputFieldValueChangedMessageListener.cs
 0.2 kb	 0.0% Packages/com.unity.visualscripting/Runtime/VisualScripting.Core/Listeners/UI/UnityOnDropdownValueChangedMessageListener.cs
 0.2 kb	 0.0% Packages/com.unity.visualscripting/Runtime/VisualScripting.Core/Listeners/MonoBehaviour/UnityOnTransformChildrenChangedMListener.cs
 0.2 kb	 0.0% Packages/com.unity.visualscripting/Runtime/VisualScripting.Core/Listeners/MonoBehaviour/UnityOnControllerColliderHitMessageListener.cs
 0.2 kb	 0.0% Packages/com.unity.render-pipelines.universal/Runtime/2D/Shadows/ShadowProvider/Providers/ShadowShape2DProvider_Collider.cs
 0.2 kb	 0.0% Packages/com.unity.render-pipelines.universal/Runtime/2D/CinemachineUniversalPixelPerfect.cs
 0.2 kb	 0.0% Packages/com.unity.render-pipelines.core/Runtime/Stripping/RenderPipelineGraphicsSettingsStripper.cs
 0.2 kb	 0.0% Packages/com.unity.render-pipelines.core/Runtime/RenderPipeline/RenderPipelineGraphicsSettingsContainer.cs
 0.2 kb	 0.0% Packages/com.unity.render-pipelines.core/Runtime/RenderGraph/Compiler/NativePassCompiler.cs
 0.2 kb	 0.0% Packages/com.unity.render-pipelines.core/Runtime/RenderGraph/Compiler/CompilerContextData.cs
 0.2 kb	 0.0% Packages/com.unity.render-pipelines.core/Runtime/Common/IVirtualTexturingEnabledRenderPipeline.cs
 0.2 kb	 0.0% Packages/com.unity.mathematics/Unity.Mathematics/Il2CppEagerStaticClassConstructionAttribute.cs
 0.2 kb	 0.0% Packages/com.meta.xr.sdk.interaction/Runtime/Scripts/PoseDetection/Debug/TransformFeatureVectorDebugParentVisual.cs
 0.2 kb	 0.0% Packages/com.meta.xr.sdk.interaction/Runtime/Scripts/Body/PoseDetection/BodyPoseComparerActiveStateDebugVisual.cs
 0.2 kb	 0.0% Packages/com.meta.xr.sdk.interaction.ovr/Runtime/Sample/Scripts/MultiModal/EnableOVRConcurrentHandsAndControllers.cs
 0.2 kb	 0.0% Packages/com.unity.xr.openxr/Runtime/OculusQuest/OculusQuestFeature.cs
 0.2 kb	 0.0% Packages/com.unity.xr.openxr/Runtime/NativeTypes/XR_EXT_spatial_persistence/Enums/XrSpatialPersistenceContextResultEXT.cs
 0.2 kb	 0.0% Packages/com.unity.xr.openxr/Runtime/Features/Extensions/XrPerformanceSettingsFeature.cs
 0.2 kb	 0.0% Packages/com.unity.xr.hands/Runtime/Capture/Recording/XRHandRecordingStatusChangedEventArgs.cs
 0.2 kb	 0.0% Packages/com.unity.xr.hands/Runtime/Capture/Recording/XRHandRecordingFrameCapturedEventArgs.cs
 0.2 kb	 0.0% Packages/com.unity.visualscripting/Runtime/VisualScripting.Core/Listeners/MonoBehaviour/UnityOnTransformParentChangedMListener.cs
 0.2 kb	 0.0% Packages/com.unity.visualscripting/Runtime/VisualScripting.Core/Dependencies/AssemblyQualifiedNameParser/ParsedAssemblyQualifiedName.cs
 0.2 kb	 0.0% Packages/com.unity.rendering.light-transport/Runtime/UnifiedRayTracing/UnifiedRayTracingException.cs
 0.2 kb	 0.0% Packages/com.unity.rendering.light-transport/Runtime/UnifiedRayTracing/Hardware/HardwareRayTracingBackend.cs
 0.2 kb	 0.0% Packages/com.unity.rendering.light-transport/Runtime/UnifiedRayTracing/Compute/ComputeRayTracingAccelStruct.cs
 0.2 kb	 0.0% Packages/com.unity.render-pipelines.universal/Runtime/VolumeRequiresRendererFeatures.cs
 0.2 kb	 0.0% Packages/com.unity.render-pipelines.universal/Runtime/UniversalAdditionalCameraData.cs
 0.2 kb	 0.0% Packages/com.unity.render-pipelines.universal/Runtime/Settings/URPDefaultVolumeProfileSetting.cs
 0.2 kb	 0.0% Packages/com.unity.render-pipelines.universal/Runtime/RendererFeatures/FullScreenPassRendererFeature.cs
 0.2 kb	 0.0% Packages/com.unity.render-pipelines.universal/Runtime/RendererFeatures/DisallowMultipleRendererFeature.cs
 0.2 kb	 0.0% Packages/com.unity.render-pipelines.universal/Runtime/RenderGraph/RenderGraphGraphicsAutomatedTests.cs
 0.2 kb	 0.0% Packages/com.unity.render-pipelines.universal/Runtime/Passes/ScreenSpaceAmbientOcclusionPass.cs
 0.2 kb	 0.0% Packages/com.unity.render-pipelines.universal/Runtime/Passes/MainLightShadowCasterPass.cs
 0.2 kb	 0.0% Packages/com.unity.render-pipelines.universal/Runtime/Passes/InvokeOnRenderObjectCallbackPass.cs
 0.2 kb	 0.0% Packages/com.unity.render-pipelines.universal/Runtime/Decal/Entities/DecalUpdateCullingGroupSystem.cs
 0.2 kb	 0.0% Packages/com.unity.render-pipelines.universal/Runtime/Debug/DebugDisplaySettingsRendering.cs
 0.2 kb	 0.0% Packages/com.unity.render-pipelines.core/Runtime/RenderGraph/RenderGraphUtilsResources.cs
 0.2 kb	 0.0% Packages/com.unity.render-pipelines.core/Runtime/Lighting/ProbeVolume/ProbeReferenceVolume.ReflProbeNormalization.cs
 0.2 kb	 0.0% Packages/com.unity.render-pipelines.core/Runtime/GPUDriven/OcclusionCullingDebugShaderVariables.cs
 0.2 kb	 0.0% Packages/com.meta.xr.sdk.interaction/Runtime/Sample/Scripts/PanelWithManipulators/OpacityFromAnimatedTransformController.cs
 0.2 kb	 0.0% Packages/com.meta.xr.sdk.core/Scripts/BuildingBlocks/PassthroughProjectionSurfaceBuildingBlock.cs
 0.2 kb	 0.0% Packages/com.unity.xr.openxr/Runtime/NativeTypes/XR_EXT_spatial_plane_tracking/Structs/XrSpatialComponentPlaneAlignmentListEXT.cs
 0.2 kb	 0.0% Packages/com.unity.xr.openxr/Runtime/NativeTypes/XR_EXT_spatial_persistence_operations/Structs/XrUnpersistSpatialEntityCompletionEXT.cs
 0.2 kb	 0.0% Packages/com.unity.xr.openxr/Runtime/NativeTypes/XR_EXT_spatial_persistence/Structs/XrSpatialPersistenceContextCreateInfoEXT.cs
 0.2 kb	 0.0% Packages/com.unity.xr.openxr/Runtime/NativeTypes/XR_EXT_spatial_entity/Structs/XrSpatialDiscoverySnapshotCreateInfoEXT.cs
 0.2 kb	 0.0% Packages/com.unity.xr.openxr/Runtime/NativeTypes/XR_EXT_spatial_entity/Structs/XrSpatialComponentDataQueryConditionEXT.cs
 0.2 kb	 0.0% Packages/com.unity.xr.openxr/Runtime/Features/Interactions/MetaQuestTouchProControllerProfile.cs
 0.2 kb	 0.0% Packages/com.unity.xr.openxr/Runtime/Features/Interactions/MetaQuestTouchPlusControllerProfile.cs
 0.2 kb	 0.0% Packages/com.unity.visualscripting/Runtime/VisualScripting.Core/Listeners/UI/UnityOnToggleValueChangedMessageListener.cs
 0.2 kb	 0.0% Packages/com.unity.visualscripting/Runtime/VisualScripting.Core/Listeners/UI/UnityOnSliderValueChangedMessageListener.cs
 0.2 kb	 0.0% Packages/com.unity.visualscripting/Runtime/VisualScripting.Core/Listeners/UI/UnityOnInputFieldEndEditMessageListener.cs
 0.2 kb	 0.0% Packages/com.unity.visualscripting/Runtime/VisualScripting.Core/Listeners/MonoBehaviour/UnityOnParticleCollisionMessageListener.cs
 0.2 kb	 0.0% Packages/com.unity.visualscripting/Runtime/VisualScripting.Core/Listeners/MonoBehaviour/UnityOnMouseUpAsButtonMessageListener.cs
 0.2 kb	 0.0% Packages/com.unity.visualscripting/Runtime/VisualScripting.Core/Listeners/MonoBehaviour/UnityOnCollisionStay2DMessageListener.cs
 0.2 kb	 0.0% Packages/com.unity.visualscripting/Runtime/VisualScripting.Core/Listeners/MonoBehaviour/UnityOnCollisionExit2DMessageListener.cs
 0.2 kb	 0.0% Packages/com.unity.visualscripting/Runtime/VisualScripting.Core/Listeners/MonoBehaviour/UnityOnCollisionEnter2DMessageListener.cs
 0.2 kb	 0.0% Packages/com.unity.visualscripting/Runtime/VisualScripting.Core/Listeners/MonoBehaviour/UnityOnBecameInvisibleMessageListener.cs
 0.2 kb	 0.0% Packages/com.unity.render-pipelines.universal/Runtime/UniversalRenderPipelineRenderGraph.cs
 0.2 kb	 0.0% Packages/com.unity.render-pipelines.universal/Runtime/2D/Shadows/ShadowCasterGroup2DManager.cs
 0.2 kb	 0.0% Packages/com.unity.render-pipelines.universal/Runtime/2D/Rendergraph/CopyCameraSortingLayerPass.cs
 0.2 kb	 0.0% Packages/com.unity.render-pipelines.universal/Runtime/2D/RendererFeatures/ScriptableRenderPass2D.cs
 0.2 kb	 0.0% Packages/com.unity.render-pipelines.universal/Runtime/2D/PixelPerfectCameraInternal.cs
 0.2 kb	 0.0% Packages/com.unity.render-pipelines.universal/Runtime/2D/Passes/PixelPerfectBackgroundPass.cs
 0.2 kb	 0.0% Packages/com.unity.render-pipelines.core/Runtime/RenderPipeline/RenderPipelineGlobalSettingsUtils.cs
 0.2 kb	 0.0% Packages/com.unity.render-pipelines.core/Runtime/RenderGraph/RenderGraphResourceRegistry.cs
 0.2 kb	 0.0% Packages/com.unity.render-pipelines.core/Runtime/RenderGraph/RenderGraphDefaultResources.cs
 0.2 kb	 0.0% Packages/com.unity.render-pipelines.core/Runtime/RenderGraph/Compiler/ResourcesData.cs
 0.2 kb	 0.0% Packages/com.unity.render-pipelines.core/Runtime/Lighting/ProbeVolume/ProbeVolumeConstantRuntimeResources.cs
 0.2 kb	 0.0% Packages/com.unity.render-pipelines.core/Runtime/Lighting/ProbeVolume/ProbeVolumeBakingSetWeakReference.cs
 0.2 kb	 0.0% Packages/com.unity.render-pipelines.core/Runtime/Lighting/ProbeVolume/IProbeVolumeEnabledRenderPipeline.cs
 0.2 kb	 0.0% Packages/com.unity.render-pipelines.core/Runtime/Debugging/Prefabs/Scripts/DebugUIHandlerRenderingLayerField.cs
 0.2 kb	 0.0% Packages/com.meta.xr.sdk.voice/Lib/Telemetry/Scripts/Runtime/Tracing/UnityProfilerTraceProvider.cs
 0.2 kb	 0.0% Packages/com.meta.xr.sdk.voice/Lib/PlatformCompatibility/Scripts/Runtime/Android/PlatformLogger/VoiceSDKPlatformLoggerImpl.cs
 0.2 kb	 0.0% Packages/com.meta.xr.sdk.voice/Lib/PlatformCompatibility/Scripts/Runtime/Android/PlatformLogger/VoiceSDKConsoleLoggerImpl.cs
 0.2 kb	 0.0% Packages/com.meta.xr.sdk.voice/Features/Dictation/source/Scripts/Runtime/Bindings/Android/DictationConfigurationBinding.cs
 0.2 kb	 0.0% Packages/com.meta.xr.sdk.interaction/Runtime/Scripts/PoseDetection/Debug/TransformFeatureVectorDebugVisual.cs
 0.2 kb	 0.0% Packages/com.meta.xr.sdk.interaction/Runtime/Scripts/Interaction/Models/Locomotion/Turn/LocomotionTurnerInteractorEventsWrapper.cs
 0.2 kb	 0.0% Packages/com.unity.xr.openxr/Runtime/TestTooling/MockOpenXREnvironmentSettings.cs
 0.2 kb	 0.0% Packages/com.unity.xr.core-utils/Runtime/ARTrackablesParentTransformChangedEventArgs.cs
 0.2 kb	 0.0% Packages/com.unity.visualscripting/Runtime/VisualScripting.Core/Dependencies/FullSerializer/Converters/Unity/GUIStyleState_DirectConverter.cs
 0.2 kb	 0.0% Packages/com.unity.visualscripting/Runtime/VisualScripting.Core/Dependencies/FullSerializer/Converters/Unity/AnimationCurve_DirectConverter.cs
 0.2 kb	 0.0% Packages/com.unity.rendering.light-transport/Runtime/UnifiedRayTracing/IRayTracingAccelStruct.cs
 0.2 kb	 0.0% Packages/com.unity.rendering.light-transport/Runtime/UnifiedRayTracing/Hardware/HardwareRayTracingShader.cs
 0.2 kb	 0.0% Packages/com.unity.rendering.light-transport/Runtime/UnifiedRayTracing/Compute/ComputeRayTracingShader.cs
 0.2 kb	 0.0% Packages/com.unity.rendering.light-transport/Runtime/UnifiedRayTracing/Compute/ComputeRayTracingBackend.cs
 0.2 kb	 0.0% Packages/com.unity.render-pipelines.universal/Runtime/UniversalAdditionalLightData.cs
 0.2 kb	 0.0% Packages/com.unity.render-pipelines.universal/Runtime/Tiling/ReflectionProbeMinMaxZJob.cs
 0.2 kb	 0.0% Packages/com.unity.render-pipelines.universal/Runtime/Settings/URPShaderStrippingSetting.cs
 0.2 kb	 0.0% Packages/com.unity.render-pipelines.universal/Runtime/ScriptableRendererFeature.cs
 0.2 kb	 0.0% Packages/com.unity.render-pipelines.universal/Runtime/RendererFeatures/ScreenSpaceAmbientOcclusion.cs
 0.2 kb	 0.0% Packages/com.unity.render-pipelines.universal/Runtime/RenderTargetBufferSystem.cs
 0.2 kb	 0.0% Packages/com.unity.render-pipelines.universal/Runtime/RenderPipelineResources/UniversalRendererResources.cs
 0.2 kb	 0.0% Packages/com.unity.render-pipelines.universal/Runtime/Overrides/ShadowsMidtonesHighlights.cs
 0.2 kb	 0.0% Packages/com.unity.render-pipelines.universal/Runtime/FrameData/UniversalPostProcessingData.cs
 0.2 kb	 0.0% Packages/com.unity.render-pipelines.universal/Runtime/Decal/ScreenSpace/DecalScreenSpaceRenderPass.cs
 0.2 kb	 0.0% Packages/com.unity.render-pipelines.universal/Runtime/Decal/Entities/DecalCreateDrawCallSystem.cs
 0.2 kb	 0.0% Packages/com.unity.render-pipelines.universal/Runtime/Debug/DebugDisplaySettingsMaterial.cs
 0.2 kb	 0.0% Packages/com.unity.render-pipelines.universal/Runtime/Debug/DebugDisplaySettingsLighting.cs
 0.2 kb	 0.0% Packages/com.unity.render-pipelines.universal/Runtime/Debug/DebugDisplaySettingsCommon.cs
 0.2 kb	 0.0% Packages/com.unity.render-pipelines.universal/Runtime/Data/UniversalRenderPipelineAsset.cs
 0.2 kb	 0.0% Packages/com.unity.render-pipelines.core/Runtime/RenderGraph/RenderGraphResourceRendererList.cs
 0.2 kb	 0.0% Packages/com.unity.render-pipelines.core/Runtime/RenderGraph/Compiler/PassesData.cs
 0.2 kb	 0.0% Packages/com.unity.render-pipelines.core/Runtime/GPUDriven/OccluderDepthPyramidConstants.cs
 0.2 kb	 0.0% Packages/com.unity.render-pipelines.core/Runtime/GPUDriven/Debug/DebugDisplayGPUResidentDrawer.cs
 0.2 kb	 0.0% Packages/com.unity.collections/Unity.Collections/GenerateTestsForBurstCompatibilityAttribute.cs
 0.2 kb	 0.0% Packages/com.meta.xr.sdk.interaction/Runtime/Scripts/DistanceGrab/Visuals/DistantInteractionLineRendererVisual.cs
 0.2 kb	 0.0% Packages/com.meta.xr.sdk.interaction/Runtime/Sample/Scripts/Snap/ListSnapPoseDelegateRoundedBoxVisual.cs
 0.2 kb	 0.0% Packages/com.meta.xr.sdk.interaction/Runtime/Sample/Scripts/PanelWithManipulators/PanelWithManipulatorsStateSignaler.cs
 0.2 kb	 0.0% Packages/com.meta.xr.sdk.interaction/Runtime/Sample/Scripts/PalmMenu/PalmMenuExampleButtonHandlers.cs
 0.2 kb	 0.0% Packages/com.meta.xr.sdk.interaction/Runtime/Sample/Scripts/Locomotion/LocomotionTutorialProgressTracker.cs
 0.2 kb	 0.0% Packages/com.meta.xr.mrutilitykit/Core/Materials/UnlitGreen.mat
 0.2 kb	 0.0% Packages/com.meta.xr.mrutilitykit/Core/Materials/UnlitBlue.mat
 0.2 kb	 0.0% Packages/com.unity.xr.openxr/Runtime/NativeTypes/XR_EXT_spatial_plane_tracking/Structs/XrSpatialComponentPolygon2DListEXT.cs
 0.2 kb	 0.0% Packages/com.unity.xr.openxr/Runtime/NativeTypes/XR_EXT_spatial_persistence_operations/Structs/XrPersistSpatialEntityCompletionEXT.cs
 0.2 kb	 0.0% Packages/com.unity.xr.openxr/Runtime/NativeTypes/XR_EXT_spatial_persistence/Structs/XrSpatialContextPersistenceConfigEXT.cs
 0.2 kb	 0.0% Packages/com.unity.xr.openxr/Runtime/NativeTypes/XR_EXT_spatial_persistence/Structs/XrSpatialComponentPersistenceListEXT.cs
 0.2 kb	 0.0% Packages/com.unity.xr.openxr/Runtime/NativeTypes/XR_EXT_spatial_marker_tracking/Structs/XrSpatialMarkerStaticOptimizationEXT.cs
 0.2 kb	 0.0% Packages/com.unity.xr.openxr/Runtime/NativeTypes/XR_EXT_spatial_entity/Structs/XrSpatialUpdateSnapshotCreateInfoEXT.cs
 0.2 kb	 0.0% Packages/com.unity.xr.openxr/Runtime/NativeTypes/XR_EXT_spatial_entity/Structs/XrSpatialEntityFromIdCreateInfoEXT.cs
 0.2 kb	 0.0% Packages/com.unity.xr.openxr/Runtime/NativeTypes/XR_EXT_spatial_entity/Structs/XrSpatialComponentDataQueryResultEXT.cs
 0.2 kb	 0.0% Packages/com.unity.xr.openxr/Runtime/NativeTypes/XR_EXT_spatial_entity/Structs/XrSpatialCapabilityComponentTypesEXT.cs
 0.2 kb	 0.0% Packages/com.unity.xr.openxr/Runtime/NativeTypes/XR_EXT_spatial_entity/Structs/XrCreateSpatialContextCompletionEXT.cs
 0.2 kb	 0.0% Packages/com.unity.xr.openxr/Runtime/NativeTypes/XR_EXT_spatial_entity/Structs/Components/XrSpatialComponentBounded3DListEXT.cs
 0.2 kb	 0.0% Packages/com.unity.xr.openxr/Runtime/NativeTypes/XR_EXT_spatial_entity/Structs/Components/XrSpatialComponentBounded2DListEXT.cs
 0.2 kb	 0.0% Packages/com.unity.xr.openxr/Runtime/MetaQuest/MetaQuestFeature.cs
 0.2 kb	 0.0% Packages/com.unity.xr.openxr/Runtime/Features/Interactions/MicrosoftMotionControllerProfile.cs
 0.2 kb	 0.0% Packages/com.unity.xr.openxr/Runtime/Features/Interactions/AndroidMouseInteractionProfile.cs
 0.2 kb	 0.0% Packages/com.unity.visualscripting/Runtime/VisualScripting.Core/SerializedProperties/SerializedPropertyProviderAttribute.cs
 0.2 kb	 0.0% Packages/com.unity.visualscripting/Runtime/VisualScripting.Core/Listeners/UIInterfaces/UnityOnPointerExitMessageListener.cs
 0.2 kb	 0.0% Packages/com.unity.visualscripting/Runtime/VisualScripting.Core/Listeners/UIInterfaces/UnityOnPointerEnterMessageListener.cs
 0.2 kb	 0.0% Packages/com.unity.visualscripting/Runtime/VisualScripting.Core/Listeners/UIInterfaces/UnityOnPointerDownMessageListener.cs
 0.2 kb	 0.0% Packages/com.unity.visualscripting/Runtime/VisualScripting.Core/Listeners/UIInterfaces/UnityOnPointerClickMessageListener.cs
 0.2 kb	 0.0% Packages/com.unity.visualscripting/Runtime/VisualScripting.Core/Listeners/UI/UnityOnButtonClickMessageListener.cs
 0.2 kb	 0.0% Packages/com.unity.visualscripting/Runtime/VisualScripting.Core/Listeners/MonoBehaviour/UnityOnTriggerEnterMessageListener.cs
 0.2 kb	 0.0% Packages/com.unity.visualscripting/Runtime/VisualScripting.Core/Listeners/MonoBehaviour/UnityOnJointBreak2DMessageListener.cs
 0.2 kb	 0.0% Packages/com.unity.visualscripting/Runtime/VisualScripting.Core/Listeners/MonoBehaviour/UnityOnCollisionStayMessageListener.cs
 0.2 kb	 0.0% Packages/com.unity.visualscripting/Runtime/VisualScripting.Core/Listeners/MonoBehaviour/UnityOnCollisionExitMessageListener.cs
 0.2 kb	 0.0% Packages/com.unity.visualscripting/Runtime/VisualScripting.Core/Listeners/MonoBehaviour/UnityOnCollisionEnterMessageListener.cs
 0.2 kb	 0.0% Packages/com.unity.visualscripting/Runtime/VisualScripting.Core/Listeners/MonoBehaviour/UnityOnBecameVisibleMessageListener.cs
 0.2 kb	 0.0% Packages/com.unity.visualscripting/Runtime/VisualScripting.Core/EditorBinding/Inspector/InspectorActionDirectionAttribute.cs
 0.2 kb	 0.0% Packages/com.unity.visualscripting/Runtime/VisualScripting.Core/EditorBinding/Inspector/InspectViaImplementationsAttribute.cs
 0.2 kb	 0.0% Packages/com.unity.visualscripting/Runtime/VisualScripting.Core/Dependencies/FullSerializer/Internal/fsCyclicReferenceManager.cs
 0.2 kb	 0.0% Packages/com.unity.visualscripting/Runtime/VisualScripting.Core/Dependencies/FullSerializer/Converters/Unity/UnityEvent_Converter.cs
 0.2 kb	 0.0% Packages/com.unity.render-pipelines.universal/Runtime/UniversalRenderPipelineCore.cs
 0.2 kb	 0.0% Packages/com.unity.render-pipelines.universal/Runtime/FrameData/UniversalResourceBase.cs
 0.2 kb	 0.0% Packages/com.unity.render-pipelines.universal/Runtime/2D/Shadows/ShadowProvider/ShadowShape2DProvider.cs
 0.2 kb	 0.0% Packages/com.unity.render-pipelines.universal/Runtime/2D/Shadows/CompositeShadowCaster2D.cs
 0.2 kb	 0.0% Packages/com.unity.render-pipelines.core/Runtime/Utilities/CoreRenderPipelinePreferences.cs
 0.2 kb	 0.0% Packages/com.unity.render-pipelines.core/Runtime/Settings/IDefaultVolumeProfileSettings.cs
 0.2 kb	 0.0% Packages/com.unity.render-pipelines.core/Runtime/RenderGraph/RenderGraphResourcePool.cs
 0.2 kb	 0.0% Packages/com.unity.render-pipelines.core/Runtime/RenderGraph/RenderGraphObjectPool.cs
 0.2 kb	 0.0% Packages/com.unity.render-pipelines.core/Runtime/RenderGraph/Debug/RenderGraphDebugParams.cs
 0.2 kb	 0.0% Packages/com.unity.render-pipelines.core/Runtime/RenderGraph/Debug/DebugDisplaySettingsRenderGraph.cs
 0.2 kb	 0.0% Packages/com.unity.render-pipelines.core/Runtime/Lighting/ProbeVolume/ProbeVolumeBakingProcessSettings.cs
 0.2 kb	 0.0% Packages/com.unity.render-pipelines.core/Runtime/Debugging/Prefabs/Scripts/DebugUIHandlerPersistentCanvas.cs
 0.2 kb	 0.0% Packages/com.unity.render-pipelines.core/Runtime/Debugging/Prefabs/Scripts/DebugUIHandlerObjectPopupField.cs
 0.2 kb	 0.0% Packages/com.unity.render-pipelines.core/Runtime/Debugging/Prefabs/Scripts/DebugUIHandlerIndirectFloatField.cs
 0.2 kb	 0.0% Packages/com.unity.render-pipelines.core/Runtime/Debugging/DebugDisplaySettingsHDROutput.cs
 0.2 kb	 0.0% Packages/com.unity.render-pipelines.core/Runtime/Common/GlobalDynamicResolutionSettings.cs
 0.2 kb	 0.0% Packages/com.unity.inputsystem/InputSystem/Editor/UITKAssetEditor/Views/CompositePartBindingPropertiesView.cs
 0.2 kb	 0.0% Packages/com.unity.inputsystem/InputSystem/Editor/UITKAssetEditor/Views/CollectionViewSelectionChangeFilter.cs
 0.2 kb	 0.0% Packages/com.unity.inputsystem/InputSystem/Editor/UITKAssetEditor/InputActionsEditorSettingsProvider.cs
 0.2 kb	 0.0% Packages/com.unity.inputsystem/InputSystem/Editor/PropertyDrawers/InputActionReferenceSearchProviders.cs
 0.2 kb	 0.0% Packages/com.unity.inputsystem/InputSystem/Editor/PropertyDrawers/InputActionReferencePropertyDrawer.cs
 0.2 kb	 0.0% Packages/com.unity.inputsystem/InputSystem/Editor/Analytics/InputActionsEditorSessionAnalytic.cs
 0.2 kb	 0.0% Packages/com.unity.inputsystem/InputSystem/Devices/Commands/QueryEditorWindowCoordinatesCommand.cs
 0.2 kb	 0.0% Packages/com.unity.inputsystem/InputSystem/Devices/Commands/InitiateUserAccountPairingCommand.cs
 0.2 kb	 0.0% Packages/com.meta.xr.sdk.voice/Lib/PlatformCompatibility/Scripts/Runtime/Android/PlatformLogger/VoiceSDKLoggerBinding.cs
 0.2 kb	 0.0% Packages/com.meta.xr.sdk.voice/Features/Dictation/source/Scripts/Runtime/Bindings/Android/PlatformDictationSDKBinding.cs
 0.2 kb	 0.0% Packages/com.meta.xr.sdk.interaction/Runtime/Scripts/PoseDetection/Debug/TransformRecognizerDebugVisual.cs
 0.2 kb	 0.0% Packages/com.meta.xr.sdk.interaction/Runtime/Scripts/PoseDetection/Debug/FingerFeatureSkeletalDebugVisual.cs
 0.2 kb	 0.0% Packages/com.meta.xr.sdk.interaction/Runtime/Scripts/PoseDetection/ColliderContainsHandJointActiveState.cs
 0.2 kb	 0.0% Packages/com.meta.xr.sdk.interaction/Runtime/Sample/Scripts/Locomotion/LocomotionSettings/LocomotionComfortVignetteSetting.cs
 0.2 kb	 0.0% Packages/com.meta.xr.sdk.interaction.ovr/Runtime/Scripts/Input/OVRControllerMatchesProfileActiveState.cs
 0.2 kb	 0.0% Packages/com.meta.xr.sdk.core/Scripts/ImmersiveDebugger/UserInterface/Generic/Controllers/InteractableController.cs
 0.2 kb	 0.0% Packages/com.meta.xr.sdk.core/Scripts/BuildingBlocks/MultiplayerBlocks/Shared/Colocation/ColocationPackage/Runtime/AutomaticColocationLauncher.cs
 0.2 kb	 0.0% Packages/com.meta.xr.mrutilitykit/Core/Materials/UnlitRed.mat
 0.2 kb	 0.0% Packages/com.unity.xr.openxr/Runtime/RuntimeDebugger/DebuggerState.cs
 0.2 kb	 0.0% Packages/com.unity.xr.openxr/Runtime/Features/AutomaticDynamicResolutionFeature.cs
 0.2 kb	 0.0% Packages/com.unity.xr.hands/Runtime/Capture/Recording/XRHandRecordingInitializeArgs.cs
 0.2 kb	 0.0% Packages/com.unity.xr.hands/Runtime/Capture/Recording/Impl/BinaryFileFormatConfigs.cs
 0.2 kb	 0.0% Packages/com.unity.xr.hands/Runtime/Capture/Playback/Transforms/WorldSpaceCoordinateTransform.cs
 0.2 kb	 0.0% Packages/com.unity.xr.hands/Runtime/Capture/Playback/Transforms/RelativeToInitialRootTransform.cs
 0.2 kb	 0.0% Packages/com.unity.visualscripting/Runtime/VisualScripting.Core/Listeners/MonoBehaviour/UnityOnTriggerStay2DMListener.cs
 0.2 kb	 0.0% Packages/com.unity.visualscripting/Runtime/VisualScripting.Core/Listeners/MonoBehaviour/UnityOnTriggerExit2DMListener.cs
 0.2 kb	 0.0% Packages/com.unity.visualscripting/Runtime/VisualScripting.Core/Listeners/MonoBehaviour/UnityOnTriggerEnter2DMListener.cs
 0.2 kb	 0.0% Packages/com.unity.visualscripting/Runtime/VisualScripting.Core/Dependencies/FullSerializer/fsISerializationCallbacks.cs
 0.2 kb	 0.0% Packages/com.unity.visualscripting/Runtime/VisualScripting.Core/Dependencies/FullSerializer/Converters/Unity/RectOffset_DirectConverter.cs
 0.2 kb	 0.0% Packages/com.unity.visualscripting/Runtime/VisualScripting.Core/Dependencies/FullSerializer/Converters/Unity/LayerMask_DirectConverter.cs
 0.2 kb	 0.0% Packages/com.unity.visualscripting/Runtime/VisualScripting.Core/Dependencies/FullSerializer/Converters/Unity/InputAction_DirectConverter.cs
 0.2 kb	 0.0% Packages/com.unity.rendering.light-transport/Runtime/UnifiedRayTracing/RayTracingResources.cs
 0.2 kb	 0.0% Packages/com.unity.rendering.light-transport/Runtime/UnifiedRayTracing/RayTracingContext.cs
 0.2 kb	 0.0% Packages/com.unity.rendering.light-transport/Runtime/UnifiedRayTracing/IRayTracingShader.cs
 0.2 kb	 0.0% Packages/com.unity.rendering.light-transport/Runtime/UnifiedRayTracing/IRayTracingBackend.cs
 0.2 kb	 0.0% Packages/com.unity.rendering.light-transport/Runtime/UnifiedRayTracing/Compute/BLASPositionsPool.cs
 0.2 kb	 0.0% Packages/com.unity.rendering.light-transport/Runtime/UnifiedRayTracing/Common/GeometryPool/GeometryPoolDefs.cs
 0.2 kb	 0.0% Packages/com.unity.rendering.light-transport/Runtime/UnifiedRayTracing/Common/AccelStructInstances.cs
 0.2 kb	 0.0% Packages/com.unity.rendering.light-transport/Runtime/UnifiedRayTracing/Common/AccelStructAdapter.cs
 0.2 kb	 0.0% Packages/com.unity.render-pipelines.universal/Runtime/UniversalRendererRenderGraph.cs
 0.2 kb	 0.0% Packages/com.unity.render-pipelines.universal/Runtime/UniversalRendererData.cs
 0.2 kb	 0.0% Packages/com.unity.render-pipelines.universal/Runtime/UniversalRenderPipeline.cs
 0.2 kb	 0.0% Packages/com.unity.render-pipelines.universal/Runtime/UniversalCameraHistory.cs
 0.2 kb	 0.0% Packages/com.unity.render-pipelines.universal/Runtime/Tiling/TileRangeExpansionJob.cs
 0.2 kb	 0.0% Packages/com.unity.render-pipelines.universal/Runtime/SupportedOnRenderer.cs
 0.2 kb	 0.0% Packages/com.unity.render-pipelines.universal/Runtime/ScriptableRendererData.cs
 0.2 kb	 0.0% Packages/com.unity.render-pipelines.universal/Runtime/RendererFeatures/FullScreenPassRendererFeature_OldGUID.cs
 0.2 kb	 0.0% Packages/com.unity.render-pipelines.universal/Runtime/ReflectionProbeManager.cs
 0.2 kb	 0.0% Packages/com.unity.render-pipelines.universal/Runtime/Passes/TransparentSettingsPass.cs
 0.2 kb	 0.0% Packages/com.unity.render-pipelines.universal/Runtime/Passes/MotionVectorRenderPass.cs
 0.2 kb	 0.0% Packages/com.unity.render-pipelines.universal/Runtime/Passes/DrawScreenSpaceUIPass.cs
 0.2 kb	 0.0% Packages/com.unity.render-pipelines.universal/Runtime/Passes/DepthNormalOnlyPass.cs
 0.2 kb	 0.0% Packages/com.unity.render-pipelines.universal/Runtime/Passes/ColorGradingLutPass.cs
 0.2 kb	 0.0% Packages/com.unity.render-pipelines.universal/Runtime/NormalReconstruction.cs
 0.2 kb	 0.0% Packages/com.unity.render-pipelines.universal/Runtime/FrameData/UniversalResourceData.cs
 0.2 kb	 0.0% Packages/com.unity.render-pipelines.universal/Runtime/FrameData/UniversalRenderingData.cs
 0.2 kb	 0.0% Packages/com.unity.render-pipelines.universal/Runtime/FrameData/Universal2DResourceData.cs
 0.2 kb	 0.0% Packages/com.unity.render-pipelines.universal/Runtime/Decal/ScreenSpace/DecalGBufferRenderPass.cs
 0.2 kb	 0.0% Packages/com.unity.render-pipelines.universal/Runtime/Decal/Entities/DecalUpdateCulledSystem.cs
 0.2 kb	 0.0% Packages/com.unity.render-pipelines.universal/Runtime/Decal/Entities/DecalUpdateCachedSystem.cs
 0.2 kb	 0.0% Packages/com.unity.render-pipelines.universal/Runtime/Decal/Entities/DecalSkipCulledSystem.cs
 0.2 kb	 0.0% Packages/com.unity.render-pipelines.universal/Runtime/Decal/DBuffer/DecalForwardEmissivePass.cs
 0.2 kb	 0.0% Packages/com.unity.render-pipelines.core/Runtime/XR/XRBuiltinShaderConstants.cs
 0.2 kb	 0.0% Packages/com.unity.render-pipelines.core/Runtime/Settings/IDefaultVolumeProfileResource.cs
 0.2 kb	 0.0% Packages/com.unity.render-pipelines.core/Runtime/RenderGraph/RenderGraphResourceTexture.cs
 0.2 kb	 0.0% Packages/com.unity.render-pipelines.core/Runtime/RenderGraph/IRenderGraphBuilder.cs
 0.2 kb	 0.0% Packages/com.unity.render-pipelines.core/Runtime/GPUDriven/InstanceCullingBatcherBurst.cs
 0.2 kb	 0.0% Packages/com.unity.render-pipelines.core/Runtime/GPUDriven/IGPUResidentRenderPipeline.cs
 0.2 kb	 0.0% Packages/com.unity.render-pipelines.core/Runtime/GPUDriven/GPUResidentDrawerResources.cs
 0.2 kb	 0.0% Packages/com.unity.render-pipelines.core/Runtime/GPUDriven/Components/DisallowGPUDrivenRendering.cs
 0.2 kb	 0.0% Packages/com.unity.render-pipelines.core/Runtime-PrivateShared/AssemblyInfo.cs
 0.2 kb	 0.0% Packages/com.unity.inputsystem/InputSystem/Plugins/UI/StandaloneInputModuleEditor.cs
 0.2 kb	 0.0% Packages/com.unity.inputsystem/InputSystem/Plugins/UI/InputSystemUIInputModuleEditor.cs
 0.2 kb	 0.0% Packages/com.meta.xr.sdk.voice/Lib/Wit.ai/Lib/Wit/Runtime/Attributes/WitConfigurationAssetRefreshAttribute.cs
 0.2 kb	 0.0% Packages/com.meta.xr.sdk.voice/Features/Dictation/source/Lib/Wit.ai/Features/dictation/Scripts/Runtime/Dictation/ServiceReferences/DictationServiceAudioEventReference.cs
 0.2 kb	 0.0% Packages/com.meta.xr.sdk.interaction/Runtime/UnityXR/Scripts/FromUnityXRControllerDataSource.cs
 0.2 kb	 0.0% Packages/com.meta.xr.sdk.interaction/Runtime/Scripts/Interaction/Models/HandGrab/HandGrabInteractableDataCollection.cs
 0.2 kb	 0.0% Packages/com.meta.xr.sdk.interaction/Runtime/Scripts/DistanceGrab/Visuals/DistantInteractionPolylineVisual.cs
 0.2 kb	 0.0% Packages/com.meta.xr.sdk.interaction/Runtime/Sample/Scripts/PanelWithManipulators/ManipulatorAffordanceController.cs
 0.2 kb	 0.0% Packages/com.meta.xr.sdk.interaction/Runtime/Sample/Scripts/PanelWithManipulators/AnchoredWorldSpaceDistanceScaler.cs
 0.2 kb	 0.0% Packages/com.meta.xr.sdk.interaction/Runtime/Sample/Scripts/PalmMenu/DominantHandGameObjectFilter.cs
 0.2 kb	 0.0% Packages/com.meta.xr.sdk.interaction.ovr/Runtime/Scripts/Body/Input/OVRBodyPoseSkeletonProvider.cs
 0.2 kb	 0.0% Packages/com.meta.xr.sdk.core/Scripts/ImmersiveDebugger/UsageExample/ExampleCustomIntegrationConfig.cs
 0.2 kb	 0.0% Packages/com.meta.xr.sdk.core/Scripts/BuildingBlocks/SampleSpatialAnchorControllerScripts/SpatialAnchorSpawnerBuildingBlock.cs
 0.2 kb	 0.0% Packages/com.meta.xr.sdk.core/Scripts/BuildingBlocks/MultiplayerBlocks/Shared/NetworkGrabbableObject/Scripts/TransferOwnershipOnSelect.cs
 0.2 kb	 0.0% Packages/com.meta.xr.mrutilitykit/Core/Scripts/SceneDecorator/Modifier/KeepUprightWithSurfaceModifier.cs
 0.2 kb	 0.0% Packages/com.meta.xr.mrutilitykit/Core/Scripts/SceneDecorator/Modifier/KeepUprightWithAnchorModifier.cs
 0.2 kb	 0.0% Packages/com.meta.xr.mrutilitykit/Core/Scripts/SceneDecorator/Distributions/StaggeredConcentricDistribution.cs
 0.1 kb	 0.0% Packages/com.unity.xr.openxr/Runtime/NativeTypes/XR_EXT_spatial_plane_tracking/Structs/XrSpatialComponentMesh2DListEXT.cs
 0.1 kb	 0.0% Packages/com.unity.xr.openxr/Runtime/NativeTypes/XR_EXT_spatial_persistence_operations/Structs/XrSpatialEntityUnpersistInfoEXT.cs
 0.1 kb	 0.0% Packages/com.unity.xr.openxr/Runtime/NativeTypes/XR_EXT_spatial_persistence_operations/Structs/XrSpatialEntityPersistInfoEXT.cs
 0.1 kb	 0.0% Packages/com.unity.xr.openxr/Runtime/NativeTypes/XR_EXT_spatial_marker_tracking/Structs/XrSpatialComponentMarkerListEXT.cs
 0.1 kb	 0.0% Packages/com.unity.xr.openxr/Runtime/NativeTypes/XR_EXT_spatial_entity/Structs/XrSpatialFilterTrackingStateEXT.cs
 0.1 kb	 0.0% Packages/com.unity.xr.openxr/Runtime/NativeTypes/XR_EXT_spatial_entity/Structs/XrSpatialContextCreateInfoEXT.cs
 0.1 kb	 0.0% Packages/com.unity.xr.openxr/Runtime/NativeTypes/XR_EXT_spatial_entity/Structs/Components/XrSpatialComponentParentListEXT.cs
 0.1 kb	 0.0% Packages/com.unity.xr.openxr/Runtime/NativeTypes/XR_EXT_spatial_entity/Structs/Components/XrSpatialComponentMesh3DListEXT.cs
 0.1 kb	 0.0% Packages/com.unity.xr.openxr/Runtime/NativeTypes/XR_EXT_spatial_entity/ISpatialCapabilityConfiguration.cs
 0.1 kb	 0.0% Packages/com.unity.xr.openxr/Runtime/NativeTypes/XR_EXT_spatial_anchor/Structs/XrSpatialComponentAnchorListEXT.cs
 0.1 kb	 0.0% Packages/com.unity.xr.openxr/Runtime/NativeTypes/XR_EXT_future/Structs/XrFutureCompletionBaseHeaderEXT.cs
 0.1 kb	 0.0% Packages/com.unity.xr.openxr/Runtime/Features/Interactions/ValveIndexControllerProfile.cs
 0.1 kb	 0.0% Packages/com.unity.xr.openxr/Runtime/Features/Interactions/OculusTouchControllerProfile.cs
 0.1 kb	 0.0% Packages/com.unity.xr.openxr/Runtime/Features/Interactions/KHRSimpleControllerProfile.cs
 0.1 kb	 0.0% Packages/com.unity.xr.openxr/Runtime/Features/Interactions/HandCommonPosesInteraction.cs
 0.1 kb	 0.0% Packages/com.unity.xr.openxr/Runtime/Features/Interactions/HPReverbG2ControllerProfile.cs
 0.1 kb	 0.0% Packages/com.unity.xr.hands/Runtime/XRHandProviderUtility.deprecated.cs
 0.1 kb	 0.0% Packages/com.unity.visualscripting/Runtime/VisualScripting.Flow/Ports/MissingValuePortInputException.cs
 0.1 kb	 0.0% Packages/com.unity.visualscripting/Runtime/VisualScripting.Flow/EditorBinding/UnitHeaderInspectableAttribute.cs
 0.1 kb	 0.0% Packages/com.unity.visualscripting/Runtime/VisualScripting.Flow/Dependencies/NCalc/LogicalExpressionVisitor.cs
 0.1 kb	 0.0% Packages/com.unity.visualscripting/Runtime/VisualScripting.Core/Variables/VariableDeclarationCollection.cs
 0.1 kb	 0.0% Packages/com.unity.visualscripting/Runtime/VisualScripting.Core/Variables/InspectorVariableNameAttribute.cs
 0.1 kb	 0.0% Packages/com.unity.visualscripting/Runtime/VisualScripting.Core/Serialization/SerializationVersionAttribute.cs
 0.1 kb	 0.0% Packages/com.unity.visualscripting/Runtime/VisualScripting.Core/Listeners/UIInterfaces/UnityOnPointerUpMessageListener.cs
 0.1 kb	 0.0% Packages/com.unity.visualscripting/Runtime/VisualScripting.Core/Listeners/UIInterfaces/UnityOnEndDragMessageListener.cs
 0.1 kb	 0.0% Packages/com.unity.visualscripting/Runtime/VisualScripting.Core/Listeners/UIInterfaces/UnityOnDeselectMessageListener.cs
 0.1 kb	 0.0% Packages/com.unity.visualscripting/Runtime/VisualScripting.Core/Listeners/UIInterfaces/UnityOnBeginDragMessageListener.cs
 0.1 kb	 0.0% Packages/com.unity.visualscripting/Runtime/VisualScripting.Core/Listeners/MonoBehaviour/UnityOnTriggerStayMListener.cs
 0.1 kb	 0.0% Packages/com.unity.visualscripting/Runtime/VisualScripting.Core/Listeners/MonoBehaviour/UnityOnTriggerExitMListener.cs
 0.1 kb	 0.0% Packages/com.unity.visualscripting/Runtime/VisualScripting.Core/Listeners/MonoBehaviour/UnityOnMouseUpMessageListener.cs
 0.1 kb	 0.0% Packages/com.unity.visualscripting/Runtime/VisualScripting.Core/Listeners/MonoBehaviour/UnityOnMouseOverMessageListener.cs
 0.1 kb	 0.0% Packages/com.unity.visualscripting/Runtime/VisualScripting.Core/Listeners/MonoBehaviour/UnityOnMouseExitMessageListener.cs
 0.1 kb	 0.0% Packages/com.unity.visualscripting/Runtime/VisualScripting.Core/Listeners/MonoBehaviour/UnityOnMouseEnterMessageListener.cs
 0.1 kb	 0.0% Packages/com.unity.visualscripting/Runtime/VisualScripting.Core/Listeners/MonoBehaviour/UnityOnMouseDragMessageListener.cs
 0.1 kb	 0.0% Packages/com.unity.visualscripting/Runtime/VisualScripting.Core/Listeners/MonoBehaviour/UnityOnMouseDownMessageListener.cs
 0.1 kb	 0.0% Packages/com.unity.visualscripting/Runtime/VisualScripting.Core/Listeners/MonoBehaviour/UnityOnJointBreakMessageListener.cs
 0.1 kb	 0.0% Packages/com.unity.visualscripting/Runtime/VisualScripting.Core/Exceptions/InvalidImplementationException.cs
 0.1 kb	 0.0% Packages/com.unity.visualscripting/Runtime/VisualScripting.Core/EditorBinding/Inspector/InspectorExpandTooltipAttribute.cs
 0.1 kb	 0.0% Packages/com.unity.visualscripting/Runtime/VisualScripting.Core/EditorBinding/Inspector/InspectorAdaptiveWidthAttribute.cs
 0.1 kb	 0.0% Packages/com.unity.visualscripting/Runtime/VisualScripting.Core/Dependencies/FullSerializer/Internal/fsPortableReflection.cs
 0.1 kb	 0.0% Packages/com.unity.visualscripting/Runtime/VisualScripting.Core/Attributes/VisualScriptingHelpURLAttribute.cs
 0.1 kb	 0.0% Packages/com.unity.render-pipelines.universal/Runtime/UniversalRendererDebug.cs
 0.1 kb	 0.0% Packages/com.unity.render-pipelines.universal/Runtime/Passes/PostProcessPassRenderGraph.cs
 0.1 kb	 0.0% Packages/com.unity.render-pipelines.universal/Runtime/MotionVectors.cs
 0.1 kb	 0.0% Packages/com.unity.render-pipelines.universal/Runtime/Decal/DecalDrawErrorRenderPass.cs
 0.1 kb	 0.0% Packages/com.unity.render-pipelines.universal/Runtime/2D/Shadows/ShadowProvider/ShapeProviderUtility.cs
 0.1 kb	 0.0% Packages/com.unity.render-pipelines.universal/Runtime/2D/Shadows/ShadowCasterGroup2D.cs
 0.1 kb	 0.0% Packages/com.unity.render-pipelines.universal/Runtime/2D/Rendergraph/GlobalPropertiesPass.cs
 0.1 kb	 0.0% Packages/com.unity.render-pipelines.universal/Runtime/2D/Rendergraph/DrawRenderer2DPass.cs
 0.1 kb	 0.0% Packages/com.unity.render-pipelines.universal/Runtime/2D/PixelPerfectCamera.cs
 0.1 kb	 0.0% Packages/com.unity.render-pipelines.universal/Runtime/2D/Passes/Utility/Light2DLookupTexture.cs
 0.1 kb	 0.0% Packages/com.unity.render-pipelines.universal/Runtime/2D/Passes/Render2DLightingPass.cs
 0.1 kb	 0.0% Packages/com.unity.render-pipelines.universal/Runtime/2D/Light2DCullResult.cs
 0.1 kb	 0.0% Packages/com.unity.render-pipelines.universal/Runtime/2D/Light2DBlendStyle.cs
 0.1 kb	 0.0% Packages/com.unity.render-pipelines.core/Runtime/Utilities/BatchRendererGroupGlobals.cs
 0.1 kb	 0.0% Packages/com.unity.render-pipelines.core/Runtime/Settings/IncludeRenderPipelineAsset.cs
 0.1 kb	 0.0% Packages/com.unity.render-pipelines.core/Runtime/STP/ISTPEnabledRenderPipeline.cs
 0.1 kb	 0.0% Packages/com.unity.render-pipelines.core/Runtime/RenderGraph/RenderGraphUtilsBlit.cs
 0.1 kb	 0.0% Packages/com.unity.render-pipelines.core/Runtime/RenderGraph/RenderGraphResourceBuffer.cs
 0.1 kb	 0.0% Packages/com.unity.render-pipelines.core/Runtime/RenderGraph/RenderGraphLogger.cs
 0.1 kb	 0.0% Packages/com.unity.render-pipelines.core/Runtime/RenderGraph/RenderGraphGlobalSettings.cs
 0.1 kb	 0.0% Packages/com.unity.render-pipelines.core/Runtime/RenderGraph/RenderGraphBuilders.cs
 0.1 kb	 0.0% Packages/com.unity.render-pipelines.core/Runtime/RenderGraph/RenderGraphBuilder.cs
 0.1 kb	 0.0% Packages/com.unity.render-pipelines.core/Runtime/RenderGraph/IRenderGraphRecorder.cs
 0.1 kb	 0.0% Packages/com.unity.render-pipelines.core/Runtime/Lighting/ProbeVolume/ShaderVariablesProbeVolumes.cs
 0.1 kb	 0.0% Packages/com.unity.render-pipelines.core/Runtime/Lighting/ProbeVolume/ProbeVolumeStreamableAsset.cs
 0.1 kb	 0.0% Packages/com.unity.render-pipelines.core/Runtime/Lighting/ProbeVolume/ProbeVolumeScratchBufferPool.cs
 0.1 kb	 0.0% Packages/com.unity.render-pipelines.core/Runtime/Lighting/ProbeVolume/ProbeVolumeGlobalSettings.cs
 0.1 kb	 0.0% Packages/com.unity.render-pipelines.core/Runtime/GPUDriven/InstanceData/InstanceWindDataUpdateDefs.cs
 0.1 kb	 0.0% Packages/com.unity.render-pipelines.core/Runtime/GPUDriven/InstanceData/InstanceTransformUpdateDefs.cs
 0.1 kb	 0.0% Packages/com.unity.render-pipelines.core/Runtime/GPUDriven/InstanceData/GPUInstanceDataUploader.cs
 0.1 kb	 0.0% Packages/com.unity.render-pipelines.core/Runtime/GPUDriven/GPUResidentDrawerTypes.cs
 0.1 kb	 0.0% Packages/com.unity.render-pipelines.core/Runtime/Debugging/Prefabs/Scripts/DebugUIHandlerToggleHistory.cs
 0.1 kb	 0.0% Packages/com.unity.render-pipelines.core/Runtime/Debugging/Prefabs/Scripts/DebugUIHandlerProgressBar.cs
 0.1 kb	 0.0% Packages/com.unity.render-pipelines.core/Runtime/Debugging/Prefabs/Scripts/DebugUIHandlerIndirectToggle.cs
 0.1 kb	 0.0% Packages/com.unity.render-pipelines.core/Runtime/Debugging/Prefabs/Scripts/DebugUIHandlerEnumHistory.cs
 0.1 kb	 0.0% Packages/com.unity.render-pipelines.core/Runtime/Debugging/IDebugDisplaySettingsQuery.cs
 0.1 kb	 0.0% Packages/com.unity.render-pipelines.core/Runtime/Debugging/IDebugDisplaySettingsPanel.cs
 0.1 kb	 0.0% Packages/com.unity.render-pipelines.core/Runtime/Debugging/IDebugDisplaySettingsData.cs
 0.1 kb	 0.0% Packages/com.unity.render-pipelines.core/Runtime/Debugging/DebugDisplaySettingsVolumes.cs
 0.1 kb	 0.0% Packages/com.unity.render-pipelines.core/Runtime/Debugging/DebugDisplaySettingsPanel.cs
 0.1 kb	 0.0% Packages/com.unity.inputsystem/InputSystem/Plugins/InputForUI/InputActionAssetVerifier.cs
 0.1 kb	 0.0% Packages/com.unity.inputsystem/InputSystem/Editor/UITKAssetEditor/Views/CompositeBindingPropertiesView.cs
 0.1 kb	 0.0% Packages/com.unity.inputsystem/InputSystem/Editor/UITKAssetEditor/InputActionsEditorWindowUtils.cs
 0.1 kb	 0.0% Packages/com.unity.inputsystem/InputSystem/Editor/PropertyDrawers/InputActionAssetSearchProvider.cs
 0.1 kb	 0.0% Packages/com.unity.inputsystem/InputSystem/Editor/ProjectWideActions/ProjectWideActionsBuildProvider.cs
 0.1 kb	 0.0% Packages/com.unity.inputsystem/InputSystem/Editor/Internal/SerializedPropertyLinqExtensions.cs
 0.1 kb	 0.0% Packages/com.unity.inputsystem/InputSystem/Editor/Internal/InputActionSerializationHelpers.cs
 0.1 kb	 0.0% Packages/com.unity.inputsystem/InputSystem/Editor/EditorInputControlLayoutCache.cs
 0.1 kb	 0.0% Packages/com.unity.inputsystem/InputSystem/Editor/ControlPicker/Layouts/TouchscreenControlPickerLayout.cs
 0.1 kb	 0.0% Packages/com.unity.inputsystem/InputSystem/Editor/ControlPicker/Layouts/DefaultInputControlPickerLayout.cs
 0.1 kb	 0.0% Packages/com.unity.inputsystem/InputSystem/Editor/Analytics/VirtualMouseInputEditorAnalytic.cs
 0.1 kb	 0.0% Packages/com.unity.inputsystem/InputSystem/Editor/Analytics/PlayerInputManagerEditorAnalytic.cs
 0.1 kb	 0.0% Packages/com.unity.inputsystem/InputSystem/Devices/Commands/QuerySamplingFrequencyCommand.cs
 0.1 kb	 0.0% Packages/com.unity.inputsystem/InputSystem/Devices/Commands/QueryPairedUserAccountCommand.cs
 0.1 kb	 0.0% Packages/com.meta.xr.sdk.voice/Lib/Wit.ai/Lib/Wit/Runtime/Net/WebSockets/Requests/WitWebSocketTranscribeRequest.cs
 0.1 kb	 0.0% Packages/com.meta.xr.sdk.voice/Lib/Wit.ai/Lib/Wit/Runtime/Net/WebSockets/Requests/WitWebSocketSubscriptionRequest.cs
 0.1 kb	 0.0% Packages/com.meta.xr.sdk.voice/Features/Dictation/source/Scripts/Runtime/Data/WitDictationRuntimeConfiguration.cs
 0.1 kb	 0.0% Packages/com.meta.xr.sdk.voice/Features/Dictation/source/Scripts/Runtime/Bindings/Android/PlatformDictationSession.cs
 0.1 kb	 0.0% Packages/com.meta.xr.sdk.voice/Features/Dictation/source/Scripts/Runtime/Bindings/Android/PlatformDictationImpl.cs
 0.1 kb	 0.0% Packages/com.meta.xr.sdk.voice/Features/Dictation/source/Scripts/Runtime/Bindings/Android/DictationListenerBinding.cs
 0.1 kb	 0.0% Packages/com.meta.xr.sdk.voice/Features/Composer/Composer/Lib/Wit.ai/Features/composer/Scripts/Runtime/Integrations/WitComposerResponseExtensions.cs
 0.1 kb	 0.0% Packages/com.meta.xr.sdk.interaction/Runtime/UnityXR/Scripts/FromUnityXRHandDataSource.cs
 0.1 kb	 0.0% Packages/com.meta.xr.sdk.interaction/Runtime/Scripts/PoseDetection/TransformRecognizerActiveState.cs
 0.1 kb	 0.0% Packages/com.meta.xr.sdk.interaction/Runtime/Scripts/PoseDetection/TransformFeatureValueProvider.cs
 0.1 kb	 0.0% Packages/com.meta.xr.sdk.interaction/Runtime/Scripts/PoseDetection/TransformFeatureStateThresholds.cs
 0.1 kb	 0.0% Packages/com.meta.xr.sdk.interaction/Runtime/Scripts/PoseDetection/TransformFeatureStateProvider.cs
 0.1 kb	 0.0% Packages/com.meta.xr.sdk.interaction/Runtime/Scripts/PoseDetection/Debug/TransformFeatureDebugVisual.cs
 0.1 kb	 0.0% Packages/com.meta.xr.sdk.interaction/Runtime/Scripts/PoseDetection/Debug/HandShapeSkeletalDebugVisual.cs
 0.1 kb	 0.0% Packages/com.meta.xr.sdk.interaction/Runtime/Scripts/PoseDetection/Debug/ActiveStateNodeUIVertical.cs
 0.1 kb	 0.0% Packages/com.meta.xr.sdk.interaction/Runtime/Scripts/PoseDetection/Debug/ActiveStateNodeUIHorizontal.cs
 0.1 kb	 0.0% Packages/com.meta.xr.sdk.interaction/Runtime/Scripts/Interaction/Models/Ray/Visuals/RayInteractorDebugPolylineGizmos.cs
 0.1 kb	 0.0% Packages/com.meta.xr.sdk.interaction/Runtime/Scripts/Interaction/Models/Locomotion/Visuals/LocomotionGateUnityEventWrapper.cs
 0.1 kb	 0.0% Packages/com.meta.xr.sdk.interaction/Runtime/Scripts/Interaction/Models/Locomotion/Turn/LocomotionTurnerInteractorVisual.cs
 0.1 kb	 0.0% Packages/com.meta.xr.sdk.interaction/Runtime/Scripts/Interaction/Models/Locomotion/Turn/LocomotionAxisTurnerInteractor.cs
 0.1 kb	 0.0% Packages/com.meta.xr.sdk.interaction/Runtime/Scripts/Body/PoseDetection/BodyPoseComparerActiveState.cs
 0.1 kb	 0.0% Packages/com.meta.xr.sdk.interaction/Runtime/Sample/Scripts/Locomotion/LocomotionSettings/LocomotionTurnSliderSetting.cs
 0.1 kb	 0.0% Packages/com.meta.xr.sdk.interaction.ovr/Runtime/Sample/Scripts/PassThrough/MRPassThroughMaterialChanger.cs
 0.1 kb	 0.0% Packages/com.meta.xr.sdk.interaction.ovr/Runtime/Sample/Scripts/PassThrough/MRPassThroughHandVisualize.cs
 0.1 kb	 0.0% Packages/com.meta.xr.sdk.core/Scripts/ImmersiveDebugger/UserInterface/Generic/Controllers/Implementations/OverlayCanvasPanel.cs
 0.1 kb	 0.0% Packages/com.meta.xr.sdk.core/Scripts/BuildingBlocks/MultiplayerBlocks/Shared/Colocation/ColocationPackage/Runtime/ShareAndLocalizeParams.cs
 0.1 kb	 0.0% Assets/Resources/ImmersiveDebuggerSettings.asset
 0.1 kb	 0.0% Packages/com.unity.xr.openxr/Runtime/TestTooling/MockOpenXREnvironment.cs
 0.1 kb	 0.0% Packages/com.unity.xr.legacyinputhelpers/Runtime/ArmModels/TransitionArmModel.cs
 0.1 kb	 0.0% Packages/com.unity.xr.hands/Runtime/Gestures/XRFingerShapeConfigurationState.cs
 0.1 kb	 0.0% Packages/com.unity.xr.hands/Runtime/Capture/Playback/Transforms/IPlaybackCoordinateTransform.cs
 0.1 kb	 0.0% Packages/com.unity.visualscripting/Runtime/VisualScripting.Core/Dependencies/FullSerializer/fsExceptions.cs
 0.1 kb	 0.0% Packages/com.unity.visualscripting/Runtime/VisualScripting.Core/Dependencies/FullSerializer/fsAotCompilationManager.cs
 0.1 kb	 0.0% Packages/com.unity.visualscripting/Runtime/VisualScripting.Core/Dependencies/FullSerializer/Converters/fsWeakReferenceConverter.cs
 0.1 kb	 0.0% Packages/com.unity.visualscripting/Runtime/VisualScripting.Core/Dependencies/FullSerializer/Converters/fsKeyValuePairConverter.cs
 0.1 kb	 0.0% Packages/com.unity.visualscripting/Runtime/VisualScripting.Core/Dependencies/FullSerializer/Converters/fsIEnumerableConverter.cs
 0.1 kb	 0.0% Packages/com.unity.visualscripting/Runtime/VisualScripting.Core/Dependencies/FullSerializer/Converters/fsDictionaryConverter.cs
 0.1 kb	 0.0% Packages/com.unity.visualscripting/Runtime/VisualScripting.Core/Dependencies/FullSerializer/Converters/Unity/Keyframe_DirectConverter.cs
 0.1 kb	 0.0% Packages/com.unity.visualscripting/Runtime/VisualScripting.Core/Dependencies/FullSerializer/Converters/Unity/Gradient_DirectConverter.cs
 0.1 kb	 0.0% Packages/com.unity.visualscripting/Runtime/VisualScripting.Core/Dependencies/FullSerializer/Converters/Unity/GUIStyle_DirectConverter.cs
 0.1 kb	 0.0% Packages/com.unity.visualscripting/Runtime/VisualScripting.Core/Dependencies/FullSerializer/Converters/Unity/Bounds_DirectConverter.cs
 0.1 kb	 0.0% Packages/com.unity.rendering.light-transport/Runtime/UnifiedRayTracing/Compute/RadeonRays/HlbvhTopLevelBuilder.cs
 0.1 kb	 0.0% Packages/com.unity.rendering.light-transport/Runtime/UnifiedRayTracing/Common/Utilities/GraphicsHelpers.cs
 0.1 kb	 0.0% Packages/com.unity.rendering.light-transport/Runtime/UnifiedRayTracing/Common/Utilities/BlockAllocator.cs
 0.1 kb	 0.0% Packages/com.unity.rendering.light-transport/Runtime/UnifiedRayTracing/Common/Utilities/BackendHelpers.cs
 0.1 kb	 0.0% Packages/com.unity.rendering.light-transport/Runtime/UnifiedRayTracing/Common/TerrainToMesh.cs
 0.1 kb	 0.0% Packages/com.unity.rendering.light-transport/Runtime/Sampling/SamplingResources.cs
 0.1 kb	 0.0% Packages/com.unity.render-pipelines.universal/Runtime/XR/XRSystemUniversal.cs
 0.1 kb	 0.0% Packages/com.unity.render-pipelines.universal/Runtime/UniversalRenderer.cs
 0.1 kb	 0.0% Packages/com.unity.render-pipelines.universal/Runtime/SpaceFillingCurves.cs
 0.1 kb	 0.0% Packages/com.unity.render-pipelines.universal/Runtime/Settings/RenderGraphSettings.cs
 0.1 kb	 0.0% Packages/com.unity.render-pipelines.universal/Runtime/ScriptableRenderer.cs
 0.1 kb	 0.0% Packages/com.unity.render-pipelines.universal/Runtime/SceneViewDrawMode.cs
 0.1 kb	 0.0% Packages/com.unity.render-pipelines.universal/Runtime/RenderingLayerUtils.cs
 0.1 kb	 0.0% Packages/com.unity.render-pipelines.universal/Runtime/RendererFeatures/ScreenSpaceShadows.cs
 0.1 kb	 0.0% Packages/com.unity.render-pipelines.universal/Runtime/RendererFeatures/DecalRendererFeature.cs
 0.1 kb	 0.0% Packages/com.unity.render-pipelines.universal/Runtime/RenderTargetHandle.cs
 0.1 kb	 0.0% Packages/com.unity.render-pipelines.universal/Runtime/RenderPipelineResources/Renderer2DResources.cs
 0.1 kb	 0.0% Packages/com.unity.render-pipelines.universal/Runtime/PostProcessPasses.cs
 0.1 kb	 0.0% Packages/com.unity.render-pipelines.universal/Runtime/Passes/XROcclusionMeshPass.cs
 0.1 kb	 0.0% Packages/com.unity.render-pipelines.universal/Runtime/Passes/XRDepthMotionPass.cs
 0.1 kb	 0.0% Packages/com.unity.render-pipelines.universal/Runtime/Passes/ScriptableRenderPass.cs
 0.1 kb	 0.0% Packages/com.unity.render-pipelines.universal/Runtime/Passes/RenderObjectsPass.cs
 0.1 kb	 0.0% Packages/com.unity.render-pipelines.universal/Runtime/Passes/ProbeVolumeDebugPass.cs
 0.1 kb	 0.0% Packages/com.unity.render-pipelines.universal/Runtime/Passes/FinalBlitPass.cs
 0.1 kb	 0.0% Packages/com.unity.render-pipelines.universal/Runtime/Passes/DrawObjectsPass.cs
 0.1 kb	 0.0% Packages/com.unity.render-pipelines.universal/Runtime/Passes/DepthOnlyPass.cs
 0.1 kb	 0.0% Packages/com.unity.render-pipelines.universal/Runtime/Passes/CopyDepthPass.cs
 0.1 kb	 0.0% Packages/com.unity.render-pipelines.universal/Runtime/Passes/CopyColorPass.cs
 0.1 kb	 0.0% Packages/com.unity.render-pipelines.universal/Runtime/Overrides/ScreenSpaceLensFlare.cs
 0.1 kb	 0.0% Packages/com.unity.render-pipelines.universal/Runtime/Overrides/ChromaticAberration.cs
 0.1 kb	 0.0% Packages/com.unity.render-pipelines.universal/Runtime/LightCookieManager.cs
 0.1 kb	 0.0% Packages/com.unity.render-pipelines.universal/Runtime/History/SingleHistoryBase.cs
 0.1 kb	 0.0% Packages/com.unity.render-pipelines.universal/Runtime/FrameData/UniversalShadowData.cs
 0.1 kb	 0.0% Packages/com.unity.render-pipelines.universal/Runtime/FrameData/UniversalLightData.cs
 0.1 kb	 0.0% Packages/com.unity.render-pipelines.universal/Runtime/FrameData/UniversalCameraData.cs
 0.1 kb	 0.0% Packages/com.unity.render-pipelines.universal/Runtime/ForwardRendererData.cs
 0.1 kb	 0.0% Packages/com.unity.render-pipelines.universal/Runtime/ForwardLights.cs
 0.1 kb	 0.0% Packages/com.unity.render-pipelines.universal/Runtime/DeferredLights.cs
 0.1 kb	 0.0% Packages/com.unity.render-pipelines.universal/Runtime/Decal/Entities/DecalEntityManager.cs
 0.1 kb	 0.0% Packages/com.unity.render-pipelines.universal/Runtime/Decal/DecalShaderPassNames.cs
 0.1 kb	 0.0% Packages/com.unity.render-pipelines.universal/Runtime/Decal/DBuffer/DBufferRenderPass.cs
 0.1 kb	 0.0% Packages/com.unity.render-pipelines.universal/Runtime/Decal/DBuffer/DBufferDepthCopyPass.cs
 0.1 kb	 0.0% Packages/com.unity.render-pipelines.universal/Runtime/2D/Rendergraph/Renderer2DRendergraph.cs
 0.1 kb	 0.0% Packages/com.unity.render-pipelines.core/Runtime/RenderGraph/RenderGraphResources.cs
 0.1 kb	 0.0% Packages/com.unity.render-pipelines.core/Runtime/RenderGraph/RenderGraph.DebugData.cs
 0.1 kb	 0.0% Packages/com.unity.render-pipelines.core/Runtime/Lighting/ProbeVolume/ProbeReferenceVolume.Streaming.cs
 0.1 kb	 0.0% Packages/com.unity.render-pipelines.core/Runtime/Lighting/ProbeVolume/ProbeReferenceVolume.Debug.cs
 0.1 kb	 0.0% Packages/com.unity.render-pipelines.core/Runtime/GPUDriven/Utilities/ParallelSortExtensions.cs
 0.1 kb	 0.0% Packages/com.unity.render-pipelines.core/Runtime/GPUDriven/RenderersBatchersContext.cs
 0.1 kb	 0.0% Packages/com.unity.render-pipelines.core/Runtime/GPUDriven/OcclusionCullingCommon.cs
 0.1 kb	 0.0% Packages/com.unity.render-pipelines.core/Runtime/GPUDriven/LODGroupRenderingUtils.cs
 0.1 kb	 0.0% Packages/com.unity.render-pipelines.core/Runtime/GPUDriven/LODGroupDataPoolBurst.cs
 0.1 kb	 0.0% Packages/com.unity.render-pipelines.core/Runtime/GPUDriven/InstanceData/InstanceDataSystemBurst.cs
 0.1 kb	 0.0% Packages/com.unity.render-pipelines.core/Runtime/GPUDriven/InstanceData/GPUInstanceDataBuffer.cs
 0.1 kb	 0.0% Packages/com.unity.render-pipelines.core/Runtime/GPUDriven/InstanceCullingBatcher.cs
 0.1 kb	 0.0% Packages/com.unity.render-pipelines.core/Runtime/GPUDriven/GPUResidentDrawerDebug.cs
 0.1 kb	 0.0% Packages/com.unity.render-pipelines.core/Runtime/GPUDriven/GPUResidentDrawerBurst.cs
 0.1 kb	 0.0% Packages/com.unity.render-pipelines.core/Runtime/GPUDriven/GPUResidentDrawer.Validator.cs
 0.1 kb	 0.0% Packages/com.unity.render-pipelines.core/Runtime/GPUDriven/GPUResidentBatcher.SpeedTree.cs
 0.1 kb	 0.0% Packages/com.unity.render-pipelines.core/Runtime/GPUDriven/Components/DisallowSmallMeshCulling.cs
 0.1 kb	 0.0% Packages/com.unity.multiplayer.center/Common/SelectedSolutionsData.cs
 0.1 kb	 0.0% Packages/com.unity.inputsystem/InputSystem/Utilities/DisplayStringFormatAttribute.cs
 0.1 kb	 0.0% Packages/com.unity.inputsystem/InputSystem/Plugins/XR/Haptics/SendBufferedHapticsCommand.cs
 0.1 kb	 0.0% Packages/com.unity.inputsystem/InputSystem/Plugins/XR/Haptics/GetHapticCapabilitiesCommand.cs
 0.1 kb	 0.0% Packages/com.unity.inputsystem/InputSystem/Plugins/XR/Haptics/GetCurrentHapticStateCommand.cs
 0.1 kb	 0.0% Packages/com.unity.inputsystem/InputSystem/Plugins/UI/ExtendedSubmitCancelEventData.cs
 0.1 kb	 0.0% Packages/com.unity.inputsystem/InputSystem/Plugins/Android/AndroidGameController.cs
 0.1 kb	 0.0% Packages/com.unity.inputsystem/InputSystem/Controls/Processors/NormalizeVector3Processor.cs
 0.1 kb	 0.0% Packages/com.unity.inputsystem/InputSystem/Controls/Processors/NormalizeVector2Processor.cs
 0.1 kb	 0.0% Packages/com.unity.inputsystem/InputSystem/Controls/Processors/EditorWindowSpaceProcessor.cs
 0.1 kb	 0.0% Packages/com.unity.inputsystem/InputSystem/Controls/Processors/CompensateRotationProcessor.cs
 0.1 kb	 0.0% Packages/com.unity.inputsystem/InputSystem/Controls/Processors/CompensateDirectionProcessor.cs
 0.1 kb	 0.0% Packages/com.unity.collections/Unity.Collections/UnsafeParallelHashSetExtensions.gen.cs
 0.1 kb	 0.0% Packages/com.unity.collections/Unity.Collections/UnsafeParallelHashMap.cs
 0.1 kb	 0.0% Packages/com.meta.xr.sdk.voice/Features/Dictation/source/Scripts/Runtime/API/Configuration/DictationConfiguration.cs
 0.1 kb	 0.0% Packages/com.meta.xr.sdk.platform/Scripts/Models/NetSyncSessionsChangedNotification.cs
 0.1 kb	 0.0% Packages/com.meta.xr.sdk.interaction/Runtime/Scripts/Utils/MonoBehaviourEndOfFrameExtensions.cs
 0.1 kb	 0.0% Packages/com.meta.xr.sdk.interaction/Runtime/Scripts/Input/TransformTrackingToWorldTransformer.cs
 0.1 kb	 0.0% Packages/com.meta.xr.sdk.interaction/Runtime/Scripts/DistanceGrab/Visuals/DistantInteractionTubeVisual.cs
 0.1 kb	 0.0% Packages/com.meta.xr.sdk.interaction/Runtime/Scripts/DistanceGrab/Visuals/DistantInteractionLineVisual.cs
 0.1 kb	 0.0% Packages/com.meta.xr.sdk.interaction/Runtime/Sample/Scripts/Locomotion/LocomotionTutorialTurnVisual.cs
 0.1 kb	 0.0% Packages/com.meta.xr.sdk.interaction/Runtime/Sample/Scripts/HandGrabRecord/HandGrabPoseLiveRecorder.cs
 0.1 kb	 0.0% Packages/com.meta.xr.sdk.interaction/Runtime/Sample/Scripts/ComprehensiveRigExampleUI/AnimatorOverrideLayerWeigth.cs
 0.1 kb	 0.0% Packages/com.meta.xr.sdk.interaction/Runtime/Sample/Scripts/CanvasConstantWidthScaler.cs
 0.1 kb	 0.0% Packages/com.meta.xr.sdk.interaction.ovr/Runtime/Scripts/Input/TrackingToWorldTransformerOVR.cs
 0.1 kb	 0.0% Packages/com.meta.xr.sdk.interaction.ovr/Runtime/Scripts/Input/OVRControllerInHandActiveState.cs
 0.1 kb	 0.0% Packages/com.meta.xr.sdk.core/Scripts/ImmersiveDebugger/Interface/CustomIntegrationConfig.cs
 0.1 kb	 0.0% Packages/com.meta.xr.sdk.core/Scripts/BuildingBlocks/Variants/InstallationRoutineCheckpoint.cs
 0.1 kb	 0.0% Packages/com.meta.xr.sdk.core/Scripts/BuildingBlocks/SpatialAnchorManagerBlockScripts/SpatialAnchorCoreBuildingBlock.cs
 0.1 kb	 0.0% Packages/com.meta.xr.sdk.core/Scripts/BuildingBlocks/SampleSpatialAnchorControllerScripts/SpatialAnchorLoaderBuildingBlock.cs
 0.1 kb	 0.0% Packages/com.meta.xr.sdk.core/Scripts/BuildingBlocks/MultiplayerBlocks/Shared/Colocation/Scripts/NetworkBootstrapperUtils.cs
 0.1 kb	 0.0% Packages/com.meta.xr.mrutilitykit/Core/Scripts/SceneDecorator/Modifier/DontDestroyOnLoadModifier.cs
 0.1 kb	 0.0% Packages/com.meta.xr.mrutilitykit/Core/Scripts/SceneDecorator/Masks/AnchorComponentDistanceMask.cs
 0.1 kb	 0.0% Packages/com.unity.xr.openxr/Runtime/NativeTypes/XR_EXT_spatial_plane_tracking/Structs/XrSpatialPolygon2DDataEXT.cs
 0.1 kb	 0.0% Packages/com.unity.xr.openxr/Runtime/NativeTypes/XR_EXT_spatial_persistence/Structs/XrSpatialPersistenceDataEXT.cs
 0.1 kb	 0.0% Packages/com.unity.xr.openxr/Runtime/NativeTypes/XR_EXT_spatial_entity/Structs/XrSpatialBufferGetInfoEXT.cs
 0.1 kb	 0.0% Packages/com.unity.xr.openxr/Runtime/NativeTypes/XR_EXT_spatial_entity/Structs/Components/XrSpatialBounded2DDataEXT.cs
 0.1 kb	 0.0% Packages/com.unity.xr.openxr/Runtime/NativeTypes/XR_EXT_spatial_anchor/Structs/XrSpatialAnchorCreateInfoEXT.cs
 0.1 kb	 0.0% Packages/com.unity.xr.openxr/Runtime/Features/Interactions/MicrosoftHandInteraction.cs
 0.1 kb	 0.0% Packages/com.unity.xr.openxr/Runtime/Features/Interactions/HandInteractionProfile.cs
 0.1 kb	 0.0% Packages/com.unity.xr.openxr/Runtime/Features/Interactions/HTCViveControllerProfile.cs
 0.1 kb	 0.0% Packages/com.unity.xr.hands/Runtime/XRHandSubsystemProvider.cs
 0.1 kb	 0.0% Packages/com.unity.xr.hands/Runtime/XRHandSubsystemConfiguration.cs
 0.1 kb	 0.0% Packages/com.unity.xr.hands/Runtime/XRHandProviderUtility.cs
 0.1 kb	 0.0% Packages/com.unity.xr.hands/Runtime/OpenXR/Meshing/IOpenXRHandMeshDataSupplier.cs
 0.1 kb	 0.0% Packages/com.unity.xr.core-utils/Runtime/CapabilityProfile/Dictionary/CustomCapabilityKeyAttribute.cs
 0.1 kb	 0.0% Packages/com.unity.visualscripting/Runtime/VisualScripting.State/IStateTransitionDebugData.cs
 0.1 kb	 0.0% Packages/com.unity.visualscripting/Runtime/VisualScripting.Flow/Ports/IUnitOutputPortDefinition.cs
 0.1 kb	 0.0% Packages/com.unity.visualscripting/Runtime/VisualScripting.Flow/Ports/IUnitControlPortDefinition.cs
 0.1 kb	 0.0% Packages/com.unity.visualscripting/Runtime/VisualScripting.Flow/Framework/Variables/Obsolete/IsApplicationVariableDefined.cs
 0.1 kb	 0.0% Packages/com.unity.visualscripting/Runtime/VisualScripting.Flow/Framework/Events/Hierarchy/OnTransformChildrenChanged.cs
 0.1 kb	 0.0% Packages/com.unity.visualscripting/Runtime/VisualScripting.Flow/Dependencies/NCalc/TernaryExpression.cs
 0.1 kb	 0.0% Packages/com.unity.visualscripting/Runtime/VisualScripting.Flow/Dependencies/NCalc/SerializationVisitor.cs
 0.1 kb	 0.0% Packages/com.unity.visualscripting/Runtime/VisualScripting.Flow/Dependencies/NCalc/LogicalExpression.cs
 0.1 kb	 0.0% Packages/com.unity.visualscripting/Runtime/VisualScripting.Flow/Dependencies/NCalc/IdentifierExpression.cs
 0.1 kb	 0.0% Packages/com.unity.visualscripting/Runtime/VisualScripting.Flow/Dependencies/NCalc/FunctionExpression.cs
 0.1 kb	 0.0% Packages/com.unity.visualscripting/Runtime/VisualScripting.Flow/Dependencies/NCalc/EvaluationVisitor.cs
 0.1 kb	 0.0% Packages/com.unity.visualscripting/Runtime/VisualScripting.Flow/Dependencies/NCalc/EvaluationException.cs
 0.1 kb	 0.0% Packages/com.unity.visualscripting/Runtime/VisualScripting.Core/Variables/VariableDeclarationsCloner.cs
 0.1 kb	 0.0% Packages/com.unity.visualscripting/Runtime/VisualScripting.Core/Utilities/ReferenceEqualityComparer.cs
 0.1 kb	 0.0% Packages/com.unity.visualscripting/Runtime/VisualScripting.Core/Unity/UnityObjectOwnershipUtility.cs
 0.1 kb	 0.0% Packages/com.unity.visualscripting/Runtime/VisualScripting.Core/Unity/RequiresUnityAPIAttribute.cs
 0.1 kb	 0.0% Packages/com.unity.visualscripting/Runtime/VisualScripting.Core/SerializedProperties/ISerializedPropertyProvider.cs
 0.1 kb	 0.0% Packages/com.unity.visualscripting/Runtime/VisualScripting.Core/Serialization/Converters/LooseAssemblyNameConverter.cs
 0.1 kb	 0.0% Packages/com.unity.visualscripting/Runtime/VisualScripting.Core/Reflection/RenamedNamespaceAttribute.cs
 0.1 kb	 0.0% Packages/com.unity.visualscripting/Runtime/VisualScripting.Core/Reflection/Optimization/ReflectionPropertyAccessor.cs
 0.1 kb	 0.0% Packages/com.unity.visualscripting/Runtime/VisualScripting.Core/Reflection/Operators/GreaterThanOrEqualHandler.cs
 0.1 kb	 0.0% Packages/com.unity.visualscripting/Runtime/VisualScripting.Core/Reflection/Operators/AmbiguousOperatorException.cs
 0.1 kb	 0.0% Packages/com.unity.visualscripting/Runtime/VisualScripting.Core/Profiling/ProfiledSegmentCollection.cs
 0.1 kb	 0.0% Packages/com.unity.visualscripting/Runtime/VisualScripting.Core/Listeners/UIInterfaces/UnityOnSubmitMessageListener.cs
 0.1 kb	 0.0% Packages/com.unity.visualscripting/Runtime/VisualScripting.Core/Listeners/UIInterfaces/UnityOnSelectMessageListener.cs
 0.1 kb	 0.0% Packages/com.unity.visualscripting/Runtime/VisualScripting.Core/Listeners/UIInterfaces/UnityOnScrollMessageListener.cs
 0.1 kb	 0.0% Packages/com.unity.visualscripting/Runtime/VisualScripting.Core/Listeners/UIInterfaces/UnityOnMoveMessageListener.cs
 0.1 kb	 0.0% Packages/com.unity.visualscripting/Runtime/VisualScripting.Core/Listeners/UIInterfaces/UnityOnDropMessageListener.cs
 0.1 kb	 0.0% Packages/com.unity.visualscripting/Runtime/VisualScripting.Core/Listeners/UIInterfaces/UnityOnDragMessageListener.cs
 0.1 kb	 0.0% Packages/com.unity.visualscripting/Runtime/VisualScripting.Core/Listeners/UIInterfaces/UnityOnCancelMessageListener.cs
 0.1 kb	 0.0% Packages/com.unity.visualscripting/Runtime/VisualScripting.Core/Graphs/MergedGraphElementCollection.cs
 0.1 kb	 0.0% Packages/com.unity.visualscripting/Runtime/VisualScripting.Core/Graphs/IGraphElementWithDebugData.cs
 0.1 kb	 0.0% Packages/com.unity.visualscripting/Runtime/VisualScripting.Core/Exceptions/InvalidConversionException.cs
 0.1 kb	 0.0% Packages/com.unity.visualscripting/Runtime/VisualScripting.Core/EditorBinding/WarnBeforeRemovingAttribute.cs
 0.1 kb	 0.0% Packages/com.unity.visualscripting/Runtime/VisualScripting.Core/EditorBinding/WarnBeforeEditingAttribute.cs
 0.1 kb	 0.0% Packages/com.unity.visualscripting/Runtime/VisualScripting.Core/EditorBinding/TypeIconPriorityAttribute.cs
 0.1 kb	 0.0% Packages/com.unity.visualscripting/Runtime/VisualScripting.Core/EditorBinding/Inspector/InspectorToggleLeftAttribute.cs
 0.1 kb	 0.0% Packages/com.unity.visualscripting/Runtime/VisualScripting.Core/EditorBinding/Inspector/InspectorTextAreaAttribute.cs
 0.1 kb	 0.0% Packages/com.unity.visualscripting/Runtime/VisualScripting.Core/EditorBinding/Inspector/InspectorDelayedAttribute.cs
 0.1 kb	 0.0% Packages/com.unity.visualscripting/Runtime/VisualScripting.Core/EditorBinding/IncludeInSettingsAttribute.cs
 0.1 kb	 0.0% Packages/com.unity.visualscripting/Runtime/VisualScripting.Core/EditorBinding/DisableAnnotationAttribute.cs
 0.1 kb	 0.0% Packages/com.unity.visualscripting/Runtime/VisualScripting.Core/Dependencies/FullSerializer/Internal/fsVersionedType.cs
 0.1 kb	 0.0% Packages/com.unity.visualscripting/Runtime/VisualScripting.Core/Dependencies/FullSerializer/Internal/fsVersionManager.cs
 0.1 kb	 0.0% Packages/com.unity.visualscripting/Runtime/VisualScripting.Core/Dependencies/FullSerializer/Internal/fsTypeExtensions.cs
 0.1 kb	 0.0% Packages/com.unity.visualscripting/Runtime/VisualScripting.Core/Connections/InvalidConnectionException.cs
 0.1 kb	 0.0% Packages/com.unity.render-pipelines.universal/Runtime/RTHandleUtils.cs
 0.1 kb	 0.0% Packages/com.unity.render-pipelines.universal/Runtime/NativeRenderPass.cs
 0.1 kb	 0.0% Packages/com.unity.render-pipelines.universal/Runtime/2D/UTess2D/Tessellator.cs
 0.1 kb	 0.0% Packages/com.unity.render-pipelines.universal/Runtime/2D/UTess2D/PlanarGraph.cs
 0.1 kb	 0.0% Packages/com.unity.render-pipelines.universal/Runtime/2D/Shadows/ShadowRendering.cs
 0.1 kb	 0.0% Packages/com.unity.render-pipelines.universal/Runtime/2D/Shadows/ShadowProvider/ShadowUtility.cs
 0.1 kb	 0.0% Packages/com.unity.render-pipelines.universal/Runtime/2D/Shadows/ShadowProvider/ShadowShape2D.cs
 0.1 kb	 0.0% Packages/com.unity.render-pipelines.universal/Runtime/2D/Shadows/ShadowProvider/EdgeDictionary.cs
 0.1 kb	 0.0% Packages/com.unity.render-pipelines.universal/Runtime/2D/Shadows/ShadowCaster2D.cs
 0.1 kb	 0.0% Packages/com.unity.render-pipelines.universal/Runtime/2D/Rendergraph/DrawShadow2DPass.cs
 0.1 kb	 0.0% Packages/com.unity.render-pipelines.universal/Runtime/2D/Rendergraph/DrawNormal2DPass.cs
 0.1 kb	 0.0% Packages/com.unity.render-pipelines.universal/Runtime/2D/Rendergraph/DrawLight2DPass.cs
 0.1 kb	 0.0% Packages/com.unity.render-pipelines.universal/Runtime/2D/Renderer2DData.cs
 0.1 kb	 0.0% Packages/com.unity.render-pipelines.universal/Runtime/2D/Passes/Utility/RendererLighting.cs
 0.1 kb	 0.0% Packages/com.unity.render-pipelines.universal/Runtime/2D/Passes/IRenderPass2D.cs
 0.1 kb	 0.0% Packages/com.unity.render-pipelines.universal/Runtime/2D/Light2DManager.cs
 0.1 kb	 0.0% Packages/com.unity.render-pipelines.universal-config/Runtime/ShaderConfig.cs
 0.1 kb	 0.0% Packages/com.unity.render-pipelines.core/Runtime/XR/XRGraphicsAutomatedTests.cs
 0.1 kb	 0.0% Packages/com.unity.render-pipelines.core/Runtime/Textures/PowerOfTwoTextureAtlas.cs
 0.1 kb	 0.0% Packages/com.unity.render-pipelines.core/Runtime/Textures/BufferedRTHandleSystem.cs
 0.1 kb	 0.0% Packages/com.unity.render-pipelines.core/Runtime/Settings/ShaderStrippingSetting.cs
 0.1 kb	 0.0% Packages/com.unity.render-pipelines.core/Runtime/RenderPipeline/RenderPipelineResources.cs
 0.1 kb	 0.0% Packages/com.unity.render-pipelines.core/Runtime/RenderGraph/RenderGraphPass.cs
 0.1 kb	 0.0% Packages/com.unity.render-pipelines.core/Runtime/RenderGraph/RenderGraph.Compiler.cs
 0.1 kb	 0.0% Packages/com.unity.render-pipelines.core/Runtime/PostProcessing/LensFlareComponentSRP.cs
 0.1 kb	 0.0% Packages/com.unity.render-pipelines.core/Runtime/PostProcessing/IPostProcessComponent.cs
 0.1 kb	 0.0% Packages/com.unity.render-pipelines.core/Runtime/Lighting/ProbeVolume/ProbeVolumePositioning.cs
 0.1 kb	 0.0% Packages/com.unity.render-pipelines.core/Runtime/Lighting/ProbeVolume/ProbeVolumePerSceneData.cs
 0.1 kb	 0.0% Packages/com.unity.render-pipelines.core/Runtime/Lighting/ProbeVolume/ProbeReferenceVolume.Binding.cs
 0.1 kb	 0.0% Packages/com.unity.render-pipelines.core/Runtime/Lighting/ProbeVolume/ProbeAdjustmentVolume.cs
 0.1 kb	 0.0% Packages/com.unity.render-pipelines.core/Runtime/GPUDriven/InstanceOcclusionCuller.cs
 0.1 kb	 0.0% Packages/com.unity.render-pipelines.core/Runtime/GPUDriven/InstanceData/InstanceDataSystem.Jobs.cs
 0.1 kb	 0.0% Packages/com.unity.render-pipelines.core/Runtime/Debugging/ShaderDebugPrintManager.cs
 0.1 kb	 0.0% Packages/com.unity.render-pipelines.core/Runtime/Debugging/Prefabs/Scripts/DebugUIHandlerVector4.cs
 0.1 kb	 0.0% Packages/com.unity.render-pipelines.core/Runtime/Debugging/Prefabs/Scripts/DebugUIHandlerVector3.cs
 0.1 kb	 0.0% Packages/com.unity.render-pipelines.core/Runtime/Debugging/Prefabs/Scripts/DebugUIHandlerVector2.cs
 0.1 kb	 0.0% Packages/com.unity.render-pipelines.core/Runtime/Debugging/Prefabs/Scripts/DebugUIHandlerValueTuple.cs
 0.1 kb	 0.0% Packages/com.unity.render-pipelines.core/Runtime/Debugging/Prefabs/Scripts/DebugUIHandlerUIntField.cs
 0.1 kb	 0.0% Packages/com.unity.render-pipelines.core/Runtime/Debugging/Prefabs/Scripts/DebugUIHandlerObjectList.cs
 0.1 kb	 0.0% Packages/com.unity.render-pipelines.core/Runtime/Debugging/Prefabs/Scripts/DebugUIHandlerMessageBox.cs
 0.1 kb	 0.0% Packages/com.unity.render-pipelines.core/Runtime/Debugging/Prefabs/Scripts/DebugUIHandlerIntField.cs
 0.1 kb	 0.0% Packages/com.unity.render-pipelines.core/Runtime/Debugging/Prefabs/Scripts/DebugUIHandlerFoldout.cs
 0.1 kb	 0.0% Packages/com.unity.render-pipelines.core/Runtime/Debugging/Prefabs/Scripts/DebugUIHandlerFloatField.cs
 0.1 kb	 0.0% Packages/com.unity.render-pipelines.core/Runtime/Debugging/Prefabs/Scripts/DebugUIHandlerEnumField.cs
 0.1 kb	 0.0% Packages/com.unity.render-pipelines.core/Runtime/Debugging/Prefabs/Scripts/DebugUIHandlerContainer.cs
 0.1 kb	 0.0% Packages/com.unity.render-pipelines.core/Runtime/Debugging/Prefabs/Scripts/DebugUIHandlerBitField.cs
 0.1 kb	 0.0% Packages/com.unity.render-pipelines.core/Runtime/Debugging/IDebugDisplaySettings.cs
 0.1 kb	 0.0% Packages/com.unity.render-pipelines.core/Runtime/Debugging/DebugDisplaySettingsUI.cs
 0.1 kb	 0.0% Packages/com.unity.render-pipelines.core/Runtime/Common/RemoveRange.Extensions.cs
 0.1 kb	 0.0% Packages/com.unity.render-pipelines.core/Runtime/Common/DynamicResolutionHandler.cs
 0.1 kb	 0.0% Packages/com.unity.render-pipelines.core/Runtime/CommandBuffers/IComputeCommandBuffer.cs
 0.1 kb	 0.0% Packages/com.unity.render-pipelines.core/Runtime/Camera/CameraHistory.cs
 0.1 kb	 0.0% Packages/com.unity.inputsystem/InputSystem/State/IInputStateCallbackReceiver.cs
 0.1 kb	 0.0% Packages/com.unity.inputsystem/InputSystem/Plugins/InputForUI/InputSystemProvider.cs
 0.1 kb	 0.0% Packages/com.unity.inputsystem/InputSystem/Plugins/DualShock/DualShockGamepadHID.cs
 0.1 kb	 0.0% Packages/com.unity.inputsystem/InputSystem/Editor/UITKAssetEditor/Views/NameAndParametersListView.cs
 0.1 kb	 0.0% Packages/com.unity.inputsystem/InputSystem/Editor/UITKAssetEditor/Views/InputActionMapsTreeViewItem.cs
 0.1 kb	 0.0% Packages/com.unity.inputsystem/InputSystem/Editor/UITKAssetEditor/InputActionsEditorConstants.cs
 0.1 kb	 0.0% Packages/com.unity.inputsystem/InputSystem/Editor/Settings/InputSettingsBuildProvider.cs
 0.1 kb	 0.0% Packages/com.unity.inputsystem/InputSystem/Editor/Settings/EditorPlayerSettingHelpers.cs
 0.1 kb	 0.0% Packages/com.unity.inputsystem/InputSystem/Editor/PropertyDrawers/InputActionPropertyDrawer.cs
 0.1 kb	 0.0% Packages/com.unity.inputsystem/InputSystem/Editor/PropertyDrawers/GamepadButtonPropertyDrawer.cs
 0.1 kb	 0.0% Packages/com.unity.inputsystem/InputSystem/Editor/Internal/SerializedPropertyHelpers.cs
 0.1 kb	 0.0% Packages/com.unity.inputsystem/InputSystem/Editor/Internal/AdvancedDropdown/AdvancedDropdownDataSource.cs
 0.1 kb	 0.0% Packages/com.unity.inputsystem/InputSystem/Editor/InputSystemPackageControl.cs
 0.1 kb	 0.0% Packages/com.unity.inputsystem/InputSystem/Editor/Debugger/SampleFrequencyCalculator.cs
 0.1 kb	 0.0% Packages/com.unity.inputsystem/InputSystem/Editor/Debugger/InputDeviceDebuggerWindow.cs
 0.1 kb	 0.0% Packages/com.unity.inputsystem/InputSystem/Editor/Debugger/InputActionDebuggerWindow.cs
 0.1 kb	 0.0% Packages/com.unity.inputsystem/InputSystem/Editor/ControlPicker/InputControlPickerDropdown.cs
 0.1 kb	 0.0% Packages/com.unity.inputsystem/InputSystem/Editor/ControlPicker/IInputControlPickerLayout.cs
 0.1 kb	 0.0% Packages/com.unity.inputsystem/InputSystem/Editor/AssetImporter/InputActionImporterEditor.cs
 0.1 kb	 0.0% Packages/com.unity.inputsystem/InputSystem/Editor/AssetImporter/InputActionAssetIconLoader.cs
 0.1 kb	 0.0% Packages/com.unity.inputsystem/InputSystem/Editor/AssetEditor/InputBindingPropertiesView.cs
 0.1 kb	 0.0% Packages/com.unity.inputsystem/InputSystem/Editor/AssetEditor/InputActionPropertiesView.cs
 0.1 kb	 0.0% Packages/com.unity.inputsystem/InputSystem/Editor/Analytics/PlayerInputEditorAnalytic.cs
 0.1 kb	 0.0% Packages/com.unity.inputsystem/InputSystem/Editor/Analytics/OnScreenStickEditorAnalytic.cs
 0.1 kb	 0.0% Packages/com.unity.inputsystem/InputSystem/Editor/Analytics/InputExitPlayModeAnalytic.cs
 0.1 kb	 0.0% Packages/com.unity.inputsystem/InputSystem/Editor/Analytics/InputComponentEditorAnalytic.cs
 0.1 kb	 0.0% Packages/com.unity.inputsystem/InputSystem/Devices/IInputUpdateCallbackReceiver.cs
 0.1 kb	 0.0% Packages/com.unity.inputsystem/InputSystem/Devices/Commands/SetSamplingFrequencyCommand.cs
 0.1 kb	 0.0% Packages/com.unity.inputsystem/InputSystem/Devices/Commands/SetIMECursorPositionCommand.cs
 0.1 kb	 0.0% Packages/com.unity.inputsystem/InputSystem/Devices/Commands/QueryKeyboardLayoutCommand.cs
 0.1 kb	 0.0% Packages/com.unity.inputsystem/InputSystem/Devices/Commands/EnableIMECompositionCommand.cs
 0.1 kb	 0.0% Packages/com.unity.inputsystem/InputSystem/Controls/InputControlLayoutAttribute.cs
 0.1 kb	 0.0% Packages/com.unity.inputsystem/InputSystem/Actions/InputActionRebindingExtensions.cs
 0.1 kb	 0.0% Packages/com.unity.collections/Unity.Collections/UnsafeNotBurstCompatible.cs
 0.1 kb	 0.0% Packages/com.meta.xr.sdk.voice/Lib/Wit.ai/Scripts/Runtime/Events/UnityEventListeners/TranscriptionEventListener.cs
 0.1 kb	 0.0% Packages/com.meta.xr.sdk.voice/Lib/Wit.ai/Lib/Wit/Runtime/Net/WebSockets/Requests/WitWebSocketSpeechRequest.cs
 0.1 kb	 0.0% Packages/com.meta.xr.sdk.voice/Lib/Wit.ai/Lib/Wit/Runtime/Net/WebSockets/Requests/WitWebSocketMessageRequest.cs
 0.1 kb	 0.0% Packages/com.meta.xr.sdk.voice/Lib/Telemetry/Scripts/Runtime/Tracing/ITraceProvider.cs
 0.1 kb	 0.0% Packages/com.meta.xr.sdk.voice/Lib/PlatformCompatibility/Scripts/Runtime/Utility/ArrayElementTitleAttribute.cs
 0.1 kb	 0.0% Packages/com.meta.xr.sdk.voice/Lib/PlatformCompatibility/Scripts/Runtime/Android/AndroidServiceConnection.cs
 0.1 kb	 0.0% Packages/com.meta.xr.sdk.voice/Lib/Common/Scripts/Runtime/Listeners/VoiceCommandListener.cs
 0.1 kb	 0.0% Packages/com.meta.xr.sdk.voice/Features/Composer/Composer/Lib/Wit.ai/Features/composer/Scripts/Runtime/Integrations/WitComposerRequestHandler.cs
 0.1 kb	 0.0% Packages/com.meta.xr.sdk.voice/Features/Composer/Composer/Lib/Wit.ai/Features/composer/Scripts/Runtime/Data/ReservedContextPathDictionary.cs
 0.1 kb	 0.0% Packages/com.meta.xr.sdk.interaction/Runtime/UnityXR/Scripts/FromOpenXRHandDataSource.cs
 0.1 kb	 0.0% Packages/com.meta.xr.sdk.interaction/Runtime/UnityXR/Scripts/DefaultHandSkeletonProvider.cs
 0.1 kb	 0.0% Packages/com.meta.xr.sdk.interaction/Runtime/ThirdParty/LeapMotion/VelocityCalculatorUtilMethods.cs
 0.1 kb	 0.0% Packages/com.meta.xr.sdk.interaction/Runtime/Scripts/PoseDetection/TransformFeatureProperties.cs
 0.1 kb	 0.0% Packages/com.meta.xr.sdk.interaction/Runtime/Scripts/PoseDetection/ShapeRecognizerActiveState.cs
 0.1 kb	 0.0% Packages/com.meta.xr.sdk.interaction/Runtime/Scripts/PoseDetection/FingerFeatureStateThresholds.cs
 0.1 kb	 0.0% Packages/com.meta.xr.sdk.interaction/Runtime/Scripts/PoseDetection/FingerFeatureStateProvider.cs
 0.1 kb	 0.0% Packages/com.meta.xr.sdk.interaction/Runtime/Scripts/PoseDetection/Debug/JointVelocityDebugVisual.cs
 0.1 kb	 0.0% Packages/com.meta.xr.sdk.interaction/Runtime/Scripts/PoseDetection/Debug/JointRotationDebugVisual.cs
 0.1 kb	 0.0% Packages/com.meta.xr.sdk.interaction/Runtime/Scripts/PoseDetection/Debug/FingerFeatureDebugVisual.cs
 0.1 kb	 0.0% Packages/com.meta.xr.sdk.interaction/Runtime/Scripts/PoseDetection/Debug/ActiveStateDebugVisual.cs
 0.1 kb	 0.0% Packages/com.meta.xr.sdk.interaction/Runtime/Scripts/PoseDetection/Debug/ActiveStateDebugTreeUI.cs
 0.1 kb	 0.0% Packages/com.meta.xr.sdk.interaction/Runtime/Scripts/Interaction/Pointable/PointableDebugPolylineGizmos.cs
 0.1 kb	 0.0% Packages/com.meta.xr.sdk.interaction/Runtime/Scripts/Interaction/Models/Locomotion/Turn/TurnLocomotionBroadcaster.cs
 0.1 kb	 0.0% Packages/com.meta.xr.sdk.interaction/Runtime/Scripts/Interaction/Models/Locomotion/Turn/LocomotionTurnerInteractor.cs
 0.1 kb	 0.0% Packages/com.meta.xr.sdk.interaction/Runtime/Scripts/Interaction/Models/Locomotion/Teleport/Visuals/TeleportProceduralArcVisual.cs
 0.1 kb	 0.0% Packages/com.meta.xr.sdk.interaction/Runtime/Scripts/Interaction/Models/Locomotion/Teleport/TeleportCandidateComputer.cs
 0.1 kb	 0.0% Packages/com.meta.xr.sdk.interaction/Runtime/Scripts/Interaction/Models/Locomotion/Slide/StepLocomotionBroadcaster.cs
 0.1 kb	 0.0% Packages/com.meta.xr.sdk.interaction/Runtime/Scripts/Interaction/Models/Locomotion/Slide/SlideLocomotionBroadcaster.cs
 0.1 kb	 0.0% Packages/com.meta.xr.sdk.interaction/Runtime/Scripts/Interaction/Models/Locomotion/LocomotionEventsConnection.cs
 0.1 kb	 0.0% Packages/com.meta.xr.sdk.interaction/Runtime/Scripts/Interaction/Models/Locomotion/ILocomotionEventBroadcaster.cs
 0.1 kb	 0.0% Packages/com.meta.xr.sdk.interaction/Runtime/Scripts/Input/Controllers/ControllerButtonUsageActiveState.cs
 0.1 kb	 0.0% Packages/com.meta.xr.sdk.interaction/Runtime/Sample/Scripts/Locomotion/LocomotionSettings/LocomotionSeatedSetting.cs
 0.1 kb	 0.0% Packages/com.meta.xr.sdk.interaction/Runtime/Sample/Scripts/HandGrabUse/Effects/WaterSpray/WaterSprayNozzleTransformer.cs
 0.1 kb	 0.0% Packages/com.meta.xr.sdk.core/Scripts/ImmersiveDebugger/UserInterface/ToggleForGizmo.cs
 0.1 kb	 0.0% Packages/com.meta.xr.sdk.core/Scripts/ImmersiveDebugger/UserInterface/Generic/MonoBehaviours/PointerHandler.cs
 0.1 kb	 0.0% Packages/com.meta.xr.sdk.core/Scripts/ImmersiveDebugger/UserInterface/Generic/MonoBehaviours/OverlayCanvas.cs
 0.1 kb	 0.0% Packages/com.meta.xr.sdk.core/Scripts/ImmersiveDebugger/UserInterface/Generic/Controllers/Implementations/ScrollViewport.cs
 0.1 kb	 0.0% Packages/com.meta.xr.sdk.core/Scripts/ImmersiveDebugger/UserInterface/Generic/Controllers/Implementations/DropdownMenuItem.cs
 0.1 kb	 0.0% Packages/com.meta.xr.sdk.core/Scripts/ImmersiveDebugger/UserInterface/Generic/Controllers/Implementations/ButtonWithLabel.cs
 0.1 kb	 0.0% Packages/com.meta.xr.sdk.core/Scripts/ImmersiveDebugger/UserInterface/Generic/Controllers/Implementations/ButtonWithIcon.cs
 0.1 kb	 0.0% Packages/com.meta.xr.sdk.core/Scripts/ImmersiveDebugger/UserInterface/ButtonForAction.cs
 0.1 kb	 0.0% Packages/com.meta.xr.sdk.core/Scripts/BuildingBlocks/MultiplayerBlocks/Shared/Colocation/ColocationPackage/Runtime/SharedAnchorManager.cs
 0.1 kb	 0.0% Packages/com.meta.xr.sdk.core/Scripts/BuildingBlocks/MultiplayerBlocks/Shared/Colocation/ColocationPackage/Runtime/INetworkMessenger.cs
 0.1 kb	 0.0% Packages/com.meta.xr.sdk.core/Scripts/BuildingBlocks/MultiplayerBlocks/Shared/Colocation/ColocationPackage/Runtime/AnchorDebugVisual.cs
 0.1 kb	 0.0% Packages/com.meta.xr.sdk.core/Scripts/BuildingBlocks/MultiplayerBlocks/Shared/Colocation/ColocationPackage/Runtime/AlignCameraToAnchor.cs
 0.1 kb	 0.0% Packages/com.meta.xr.mrutilitykit/Core/Scripts/EnvironmentDepthManagerRaycastExtensions.cs
 0.1 kb	 0.0% Assets/XR/XRGeneralSettingsPerBuildTarget.asset
 0.1 kb	 0.0% Packages/com.unity.xr.legacyinputhelpers/Runtime/ArmModels/SwingArmModel.cs
 0.1 kb	 0.0% Packages/com.unity.xr.hands/Runtime/Gestures/XRHandRelativeOrientation.cs
 0.1 kb	 0.0% Packages/com.unity.xr.hands/Runtime/Gestures/XRFingerShapeConfiguration.cs
 0.1 kb	 0.0% Packages/com.unity.xr.hands/Runtime/Capture/Recording/XRHandRecordingSettings.cs
 0.1 kb	 0.0% Packages/com.unity.xr.hands/Runtime/Capture/Recording/XRHandRecordingSaveArgs.cs
 0.1 kb	 0.0% Packages/com.unity.xr.hands/Runtime/Capture/Recording/XRHandRecordingMetadata.cs
 0.1 kb	 0.0% Packages/com.unity.xr.hands/Runtime/Capture/Recording/Impl/SerializationExtensions.cs
 0.1 kb	 0.0% Packages/com.unity.xr.hands/Runtime/Capture/Playback/XRHandPlaybackExtensions.cs
 0.1 kb	 0.0% Packages/com.unity.xr.hands/Runtime/Capture/Playback/TimeControl/TimeBasedTimeController.cs
 0.1 kb	 0.0% Packages/com.unity.xr.hands/Runtime/Capture/Playback/TimeControl/IPlaybackTimeController.cs
 0.1 kb	 0.0% Packages/com.unity.xr.hands/Runtime/Capture/Playback/TimeControl/FrameBasedTimeController.cs
 0.1 kb	 0.0% Packages/com.unity.xr.hands/Runtime/Capture/Playback/PlaybackGestureHandler.cs
 0.1 kb	 0.0% Packages/com.unity.xr.hands/Runtime/Capture/Playback/PlaybackFrameProvider.cs
 0.1 kb	 0.0% Packages/com.unity.xr.core-utils/Runtime/Datums/AnimationCurveDatumProperty.cs
 0.1 kb	 0.0% Packages/com.unity.xr.core-utils/Runtime/Attributes/ScriptableSettingsPathAttribute.cs
 0.1 kb	 0.0% Packages/com.unity.webrtc/Runtime/Scripts/Internal/ExecutableUnitySynchronizationContext.cs
 0.1 kb	 0.0% Packages/com.unity.visualscripting/Runtime/VisualScripting.Flow/Framework/Events/Input/InputSystem/OnInputSystemEvent.cs
 0.1 kb	 0.0% Packages/com.unity.visualscripting/Runtime/VisualScripting.Core/Dependencies/FullSerializer/fsPropertyAttribute.cs
 0.1 kb	 0.0% Packages/com.unity.visualscripting/Runtime/VisualScripting.Core/Dependencies/FullSerializer/fsObjectProcessor.cs
 0.1 kb	 0.0% Packages/com.unity.visualscripting/Runtime/VisualScripting.Core/Dependencies/FullSerializer/fsObjectAttribute.cs
 0.1 kb	 0.0% Packages/com.unity.visualscripting/Runtime/VisualScripting.Core/Dependencies/FullSerializer/fsIgnoreAttribute.cs
 0.1 kb	 0.0% Packages/com.unity.visualscripting/Runtime/VisualScripting.Core/Dependencies/FullSerializer/fsDirectConverter.cs
 0.1 kb	 0.0% Packages/com.unity.visualscripting/Runtime/VisualScripting.Core/Dependencies/FullSerializer/fsConverterRegistrar.cs
 0.1 kb	 0.0% Packages/com.unity.visualscripting/Runtime/VisualScripting.Core/Dependencies/FullSerializer/Reflection/fsReflectionUtility.cs
 0.1 kb	 0.0% Packages/com.unity.visualscripting/Runtime/VisualScripting.Core/Dependencies/FullSerializer/Converters/fsReflectedConverter.cs
 0.1 kb	 0.0% Packages/com.unity.visualscripting/Runtime/VisualScripting.Core/Dependencies/FullSerializer/Converters/fsPrimitiveConverter.cs
 0.1 kb	 0.0% Packages/com.unity.visualscripting/Runtime/VisualScripting.Core/Dependencies/FullSerializer/Converters/fsNullableConverter.cs
 0.1 kb	 0.0% Packages/com.unity.visualscripting/Runtime/VisualScripting.Core/Dependencies/FullSerializer/Converters/fsForwardConverter.cs
 0.1 kb	 0.0% Packages/com.unity.visualscripting/Runtime/VisualScripting.Core/Dependencies/FullSerializer/Converters/Unity/Rect_DirectConverter.cs
 0.1 kb	 0.0% Packages/com.unity.rendering.light-transport/Runtime/UnifiedRayTracing/Compute/RadeonRays/RestructureBvh.cs
 0.1 kb	 0.0% Packages/com.unity.rendering.light-transport/Runtime/UnifiedRayTracing/Compute/RadeonRays/RadeonRaysAPI.cs
 0.1 kb	 0.0% Packages/com.unity.rendering.light-transport/Runtime/UnifiedRayTracing/Common/GeometryPool/GeometryPool.cs
 0.1 kb	 0.0% Packages/com.unity.render-pipelines.universal/Textures/BayerMatrix.png
 0.1 kb	 0.0% Packages/com.unity.render-pipelines.universal/Runtime/XR/XRPassUniversal.cs
 0.1 kb	 0.0% Packages/com.unity.render-pipelines.universal/Runtime/Tiling/LightMinMaxZJob.cs
 0.1 kb	 0.0% Packages/com.unity.render-pipelines.universal/Runtime/Tiling/InclusiveRange.cs
 0.1 kb	 0.0% Packages/com.unity.render-pipelines.universal/Runtime/ShadowCulling.cs
 0.1 kb	 0.0% Packages/com.unity.render-pipelines.universal/Runtime/ShaderBitArray.cs
 0.1 kb	 0.0% Packages/com.unity.render-pipelines.universal/Runtime/RenderingUtils.cs
 0.1 kb	 0.0% Packages/com.unity.render-pipelines.universal/Runtime/RendererFeatures/RenderObjects.cs
 0.1 kb	 0.0% Packages/com.unity.render-pipelines.universal/Runtime/PostProcessUtils.cs
 0.1 kb	 0.0% Packages/com.unity.render-pipelines.universal/Runtime/Passes/PostProcessPass.cs
 0.1 kb	 0.0% Packages/com.unity.render-pipelines.universal/Runtime/Passes/HDRDebugViewPass.cs
 0.1 kb	 0.0% Packages/com.unity.render-pipelines.universal/Runtime/Passes/GBufferPass.cs
 0.1 kb	 0.0% Packages/com.unity.render-pipelines.universal/Runtime/Passes/DrawSkyboxPass.cs
 0.1 kb	 0.0% Packages/com.unity.render-pipelines.universal/Runtime/Passes/DeferredPass.cs
 0.1 kb	 0.0% Packages/com.unity.render-pipelines.universal/Runtime/Overrides/PaniniProjection.cs
 0.1 kb	 0.0% Packages/com.unity.render-pipelines.universal/Runtime/Overrides/LiftGammaGain.cs
 0.1 kb	 0.0% Packages/com.unity.render-pipelines.universal/Runtime/Overrides/LensDistortion.cs
 0.1 kb	 0.0% Packages/com.unity.render-pipelines.universal/Runtime/Overrides/ColorAdjustments.cs
 0.1 kb	 0.0% Packages/com.unity.render-pipelines.universal/Runtime/Memory/BuddyAllocator.cs
 0.1 kb	 0.0% Packages/com.unity.render-pipelines.universal/Runtime/History/RawDepthHistory.cs
 0.1 kb	 0.0% Packages/com.unity.render-pipelines.universal/Runtime/History/RawColorHistory.cs
 0.1 kb	 0.0% Packages/com.unity.render-pipelines.universal/Runtime/Documentation.cs
 0.1 kb	 0.0% Packages/com.unity.render-pipelines.universal/Runtime/Deprecated.cs
 0.1 kb	 0.0% Packages/com.unity.render-pipelines.universal/Runtime/Decal/Entities/DecalDrawSystem.cs
 0.1 kb	 0.0% Packages/com.unity.render-pipelines.universal/Runtime/Decal/DecalProjector.cs
 0.1 kb	 0.0% Packages/com.unity.render-pipelines.universal/Runtime/Decal/DecalPreviewPass.cs
 0.1 kb	 0.0% Packages/com.unity.render-pipelines.universal/Runtime/Debug/DebugRenderSetup.cs
 0.1 kb	 0.0% Packages/com.unity.render-pipelines.universal/Runtime/Data/RenderStateData.cs
 0.1 kb	 0.0% Packages/com.unity.render-pipelines.universal/Runtime/Data/PostProcessData.cs
 0.1 kb	 0.0% Packages/com.unity.render-pipelines.universal/Runtime/ComponentUtility.cs
 0.1 kb	 0.0% Packages/com.unity.render-pipelines.universal/Runtime/2D/Shadows/ShadowProvider/Providers/ShadowShapeProvider2D_Utility.cs
 0.1 kb	 0.0% Packages/com.unity.render-pipelines.core/Runtime/XR/XROcclusionMesh.cs
 0.1 kb	 0.0% Packages/com.unity.render-pipelines.core/Runtime/XR/XRLayoutStack.cs
 0.1 kb	 0.0% Packages/com.unity.render-pipelines.core/Runtime/Lighting/ProbeVolume/ProbeIndexOfIndices.cs
 0.1 kb	 0.0% Packages/com.unity.render-pipelines.core/Runtime/GPUDriven/RenderersParameters.cs
 0.1 kb	 0.0% Packages/com.unity.render-pipelines.core/Runtime/GPUDriven/InstanceData/InstanceDataSystem.cs
 0.1 kb	 0.0% Packages/com.unity.render-pipelines.core/Runtime/GPUDriven/InstanceData/InstanceAllocator.cs
 0.1 kb	 0.0% Packages/com.unity.render-pipelines.core/Runtime/GPUDriven/InstanceCullerBurst.cs
 0.1 kb	 0.0% Packages/com.unity.render-pipelines.core/Runtime/GPUDriven/GPUResidentDrawer.cs
 0.1 kb	 0.0% Packages/com.unity.render-pipelines.core/Runtime/GPUDriven/GPUResidentBatcher.cs
 0.1 kb	 0.0% Packages/com.unity.multiplayer.center/Common/IOnboardingSection.cs
 0.1 kb	 0.0% Packages/com.unity.inputsystem/InputSystem/Utilities/Observables/ForDeviceEventObservable.cs
 0.1 kb	 0.0% Packages/com.unity.inputsystem/InputSystem/Plugins/XR/Haptics/SendHapticImpulseCommand.cs
 0.1 kb	 0.0% Packages/com.unity.inputsystem/InputSystem/Plugins/Android/AndroidSensors.cs
 0.1 kb	 0.0% Packages/com.unity.inputsystem/InputSystem/Editor/AssetEditor/NameAndParameterListView.cs
 0.1 kb	 0.0% Packages/com.unity.inputsystem/InputSystem/Controls/Processors/StickDeadzoneProcessor.cs
 0.1 kb	 0.0% Packages/com.unity.inputsystem/InputSystem/Controls/Processors/ScaleVector3Processor.cs
 0.1 kb	 0.0% Packages/com.unity.inputsystem/InputSystem/Controls/Processors/ScaleVector2Processor.cs
 0.1 kb	 0.0% Packages/com.unity.inputsystem/InputSystem/Controls/Processors/InvertVector3Processor.cs
 0.1 kb	 0.0% Packages/com.unity.inputsystem/InputSystem/Controls/Processors/InvertVector2Processor.cs
 0.1 kb	 0.0% Packages/com.unity.inputsystem/InputSystem/Controls/Processors/AxisDeadzoneProcessor.cs
 0.1 kb	 0.0% Packages/com.unity.inputsystem/InputSystem/Actions/Composites/TwoModifiersComposite.cs
 0.1 kb	 0.0% Packages/com.unity.inputsystem/InputSystem/Actions/Composites/ButtonWithTwoModifiers.cs
 0.1 kb	 0.0% Packages/com.unity.inputsystem/InputSystem/Actions/Composites/ButtonWithOneModifier.cs
 0.1 kb	 0.0% Packages/com.unity.collections/Unity.Collections/UnsafeScratchAllocator.cs
 0.1 kb	 0.0% Packages/com.unity.collections/Unity.Collections/NativeParallelHashMapExtensions.cs
 0.1 kb	 0.0% Packages/com.meta.xr.sdk.voice/Lib/Wit.ai/Scripts/Runtime/ServiceReferences/VoiceServiceAudioEventReference.cs
 0.1 kb	 0.0% Packages/com.meta.xr.sdk.voice/Lib/Wit.ai/Scripts/Runtime/Events/AudioDurationTrackerFinishedEvent.cs
 0.1 kb	 0.0% Packages/com.meta.xr.sdk.voice/Lib/Wit.ai/Lib/Wit/Runtime/Data/Info/WitConfigurationAssetData.cs
 0.1 kb	 0.0% Packages/com.meta.xr.sdk.voice/Lib/Common/Scripts/Runtime/Data/VoiceCommandResult.cs
 0.1 kb	 0.0% Packages/com.meta.xr.sdk.voice/Features/Composer/Composer/Lib/Wit.ai/Features/composer/Scripts/Runtime/Handlers/ComposerSpeechUnityEvents.cs
 0.1 kb	 0.0% Packages/com.meta.xr.sdk.platform/Scripts/Models/NetSyncSetSessionPropertyResult.cs
 0.1 kb	 0.0% Packages/com.meta.xr.sdk.platform/Scripts/Models/LivestreamingApplicationStatus.cs
 0.1 kb	 0.0% Packages/com.meta.xr.sdk.platform/Scripts/Models/LaunchFriendRequestFlowResult.cs
 0.1 kb	 0.0% Packages/com.meta.xr.sdk.platform/Scripts/Models/AssetFileDownloadCancelResult.cs
 0.1 kb	 0.0% Packages/com.meta.xr.sdk.interaction/Runtime/UnityXR/Scripts/FromUnityXRHmdDataSource.cs
 0.1 kb	 0.0% Packages/com.meta.xr.sdk.interaction/Runtime/Scripts/Unity/RectTransformBoundsClipperDriver.cs
 0.1 kb	 0.0% Packages/com.meta.xr.sdk.interaction/Runtime/Scripts/Unity/PointableCanvasUnityEventWrapper.cs
 0.1 kb	 0.0% Packages/com.meta.xr.sdk.interaction/Runtime/Scripts/Unity/InteractableUnityEventWrapper.cs
 0.1 kb	 0.0% Packages/com.meta.xr.sdk.interaction/Runtime/Scripts/Throw/HandTrackingConfidenceProvider.cs
 0.1 kb	 0.0% Packages/com.meta.xr.sdk.interaction/Runtime/Scripts/Selection/Hands/IndexPinchSafeReleaseSelector.cs
 0.1 kb	 0.0% Packages/com.meta.xr.sdk.interaction/Runtime/Scripts/PoseDetection/TransformFeatureStateProviderRef.cs
 0.1 kb	 0.0% Packages/com.meta.xr.sdk.interaction/Runtime/Scripts/PoseDetection/FingerFeatureStateProviderRef.cs
 0.1 kb	 0.0% Packages/com.meta.xr.sdk.interaction/Runtime/Scripts/Movements/AutoMoveTowardsTargetProvider.cs
 0.1 kb	 0.0% Packages/com.meta.xr.sdk.interaction/Runtime/Scripts/Interaction/Visuals/InteractorGroupDebugTreeUI.cs
 0.1 kb	 0.0% Packages/com.meta.xr.sdk.interaction/Runtime/Scripts/Interaction/Models/TouchHandGrab/TouchHandGrabInteractorVisual.cs
 0.1 kb	 0.0% Packages/com.meta.xr.sdk.interaction/Runtime/Scripts/Interaction/Models/Ray/Visuals/HandRayInteractorCursorVisual.cs
 0.1 kb	 0.0% Packages/com.meta.xr.sdk.interaction/Runtime/Scripts/Interaction/Models/Locomotion/Teleport/Visuals/TeleportReticleDrawer.cs
 0.1 kb	 0.0% Packages/com.meta.xr.sdk.interaction/Runtime/Scripts/Interaction/Models/DistanceHandGrab/DistanceHandGrabInteractor.cs
 0.1 kb	 0.0% Packages/com.meta.xr.sdk.interaction/Runtime/Scripts/Interaction/Models/DistanceHandGrab/DistanceHandGrabInteractable.cs
 0.1 kb	 0.0% Packages/com.meta.xr.sdk.interaction/Runtime/Scripts/Interaction/Grabbable/OneGrabPhysicsJointTransformer.cs
 0.1 kb	 0.0% Packages/com.meta.xr.sdk.interaction/Runtime/Scripts/Interaction/Core/SecondaryInteractorConnection.cs
 0.1 kb	 0.0% Packages/com.meta.xr.sdk.interaction/Runtime/Scripts/Interaction/Core/InteractableTriggerBroadcaster.cs
 0.1 kb	 0.0% Packages/com.meta.xr.sdk.interaction/Runtime/Sample/Scripts/PanelWithManipulators/UnionClippedPlaneSurface.cs
 0.1 kb	 0.0% Packages/com.meta.xr.sdk.interaction/Runtime/Sample/Scripts/PanelWithManipulators/OneGrabScaleTransformer.cs
 0.1 kb	 0.0% Packages/com.meta.xr.sdk.interaction/Runtime/Sample/Scripts/PanelWithManipulators/ArcAffordanceController.cs
 0.1 kb	 0.0% Packages/com.meta.xr.sdk.interaction.ovr/Runtime/Scripts/UnityCanvas/OVRCanvasMeshRenderer.cs
 0.1 kb	 0.0% Packages/com.meta.xr.sdk.interaction.ovr/Runtime/Scripts/Input/OVRInputDeviceActiveState.cs
 0.1 kb	 0.0% Packages/com.meta.xr.sdk.interaction.ovr/Runtime/Scripts/Input/FromOVRControllerDataSource.cs
 0.1 kb	 0.0% Packages/com.meta.xr.sdk.interaction.ovr/Runtime/Scripts/Body/Input/FromOVRBodyDataSource.cs
 0.1 kb	 0.0% Packages/com.meta.xr.sdk.core/Scripts/ImmersiveDebugger/UserInterface/Resources/Styles/ImageStyles/MemberDescriptionBackground.asset
 0.1 kb	 0.0% Packages/com.meta.xr.sdk.core/Scripts/ImmersiveDebugger/InspectedData/SerializableInspectedItems.cs
 0.1 kb	 0.0% Packages/com.meta.xr.sdk.core/Scripts/ImmersiveDebugger/DebugInspector/DebugInspectorManager.cs
 0.1 kb	 0.0% Packages/com.meta.xr.sdk.core/Scripts/BuildingBlocks/MultiplayerBlocks/Shared/PlayerNameTag/Scripts/PlayerNameTagSpawner.cs
 0.1 kb	 0.0% Packages/com.meta.xr.sdk.core/Scripts/BuildingBlocks/MultiplayerBlocks/Shared/NetworkedAvatar/Scripts/IAvatarStreamConfig.cs
 0.1 kb	 0.0% Packages/com.meta.xr.sdk.core/Scripts/BuildingBlocks/MultiplayerBlocks/Shared/CustomMatchmaking/CustomMatchmaking.cs
 0.1 kb	 0.0% Packages/com.meta.xr.sdk.core/Scripts/BuildingBlocks/MultiplayerBlocks/Shared/Colocation/Scripts/ColocationController.cs
 0.1 kb	 0.0% Packages/com.meta.xr.mrutilitykit/Core/Scripts/SceneDecorator/Pool/SingletonMonoBehavior.cs
 0.1 kb	 0.0% Packages/com.meta.xr.mrutilitykit/Core/Scripts/SceneDecorator/Modifier/RotationModifierSpaceMap.cs
 0.1 kb	 0.0% Packages/com.meta.xr.mrutilitykit/Core/Scripts/SceneDecorator/Masks/InsideCurrentRoomMask.cs
 0.1 kb	 0.0% Packages/com.meta.xr.mrutilitykit/Core/Scripts/SceneDecorator/Editor/SceneDecorationEditor.cs
 0.1 kb	 0.0% Packages/com.meta.xr.mrutilitykit/Core/Scripts/DestructibleGlobalMeshSpawner.cs
 0.1 kb	 0.0% Packages/com.unity.xr.openxr/Runtime/NativeTypes/XR_EXT_spatial_marker_tracking/Structs/XrSpatialMarkerSizeEXT.cs
 0.1 kb	 0.0% Packages/com.unity.xr.openxr/Runtime/NativeTypes/XR_EXT_spatial_marker_tracking/Structs/XrSpatialMarkerDataEXT.cs
 0.1 kb	 0.0% Packages/com.unity.xr.openxr/Runtime/NativeTypes/XR_EXT_future/Structs/XrFuturePollResultEXT.cs
 0.1 kb	 0.0% Packages/com.unity.xr.openxr/Runtime/NativeTypes/XR_EXT_future/Structs/XrFutureCompletionEXT.cs
 0.1 kb	 0.0% Packages/com.unity.xr.openxr/Runtime/NativeTypes/XR_EXT_future/Structs/XrFutureCancelInfoEXT.cs
 0.1 kb	 0.0% Packages/com.unity.xr.openxr/Runtime/NativeTypes/Core/XrSwapchainCreateInfo.cs
 0.1 kb	 0.0% Packages/com.unity.xr.openxr/Runtime/NativeTypes/Core/XrEventDataBaseHeader.cs
 0.1 kb	 0.0% Packages/com.unity.xr.openxr/Runtime/Features/Interactions/PalmPoseInteraction.cs
 0.1 kb	 0.0% Packages/com.unity.xr.openxr/Runtime/Features/Interactions/EyeGazeInteraction.cs
 0.1 kb	 0.0% Packages/com.unity.xr.legacyinputhelpers/Runtime/TrackedPoseDriver/BasePoseProvider.cs
 0.1 kb	 0.0% Packages/com.unity.xr.hands/Runtime/OpenXR/OpenXRHandSubsystemManager.cs
 0.1 kb	 0.0% Packages/com.unity.xr.hands/Runtime/Meshing/XRHandMeshDataQueryResult.cs
 0.1 kb	 0.0% Packages/com.unity.xr.hands/Runtime/Meshing/XRHandMeshDataQueryParams.cs
 0.1 kb	 0.0% Packages/com.unity.xr.core-utils/Runtime/CapabilityProfile/Dictionary/StandardCapabilityKeys.cs
 0.1 kb	 0.0% Packages/com.unity.visualscripting/Runtime/VisualScripting.State/TriggerStateTransition.cs
 0.1 kb	 0.0% Packages/com.unity.visualscripting/Runtime/VisualScripting.State/INesterStateTransition.cs
 0.1 kb	 0.0% Packages/com.unity.visualscripting/Runtime/VisualScripting.Flow/UnitCategoryConverter.cs
 0.1 kb	 0.0% Packages/com.unity.visualscripting/Runtime/VisualScripting.Flow/Ports/ValueOutputDefinition.cs
 0.1 kb	 0.0% Packages/com.unity.visualscripting/Runtime/VisualScripting.Flow/Ports/IUnitValuePortDefinition.cs
 0.1 kb	 0.0% Packages/com.unity.visualscripting/Runtime/VisualScripting.Flow/Ports/IUnitInputPortDefinition.cs
 0.1 kb	 0.0% Packages/com.unity.visualscripting/Runtime/VisualScripting.Flow/Ports/ControlPortDefinition.cs
 0.1 kb	 0.0% Packages/com.unity.visualscripting/Runtime/VisualScripting.Flow/Ports/ControlOutputDefinition.cs
 0.1 kb	 0.0% Packages/com.unity.visualscripting/Runtime/VisualScripting.Flow/Ports/ControlInputDefinition.cs
 0.1 kb	 0.0% Packages/com.unity.visualscripting/Runtime/VisualScripting.Flow/Framework/Variables/Obsolete/SetApplicationVariable.cs
 0.1 kb	 0.0% Packages/com.unity.visualscripting/Runtime/VisualScripting.Flow/Framework/Variables/Obsolete/IsVariableDefinedUnit.cs
 0.1 kb	 0.0% Packages/com.unity.visualscripting/Runtime/VisualScripting.Flow/Framework/Variables/Obsolete/IsSceneVariableDefined.cs
 0.1 kb	 0.0% Packages/com.unity.visualscripting/Runtime/VisualScripting.Flow/Framework/Variables/Obsolete/IsSavedVariableDefined.cs
 0.1 kb	 0.0% Packages/com.unity.visualscripting/Runtime/VisualScripting.Flow/Framework/Variables/Obsolete/IsObjectVariableDefined.cs
 0.1 kb	 0.0% Packages/com.unity.visualscripting/Runtime/VisualScripting.Flow/Framework/Variables/Obsolete/IsGraphVariableDefined.cs
 0.1 kb	 0.0% Packages/com.unity.visualscripting/Runtime/VisualScripting.Flow/Framework/Variables/Obsolete/IApplicationVariableUnit.cs
 0.1 kb	 0.0% Packages/com.unity.visualscripting/Runtime/VisualScripting.Flow/Framework/Variables/Obsolete/GetApplicationVariable.cs
 0.1 kb	 0.0% Packages/com.unity.visualscripting/Runtime/VisualScripting.Flow/Framework/Time/WaitForEndOfFrameUnit.cs
 0.1 kb	 0.0% Packages/com.unity.visualscripting/Runtime/VisualScripting.Flow/Framework/Logic/NotApproximatelyEqual.cs
 0.1 kb	 0.0% Packages/com.unity.visualscripting/Runtime/VisualScripting.Flow/Framework/Events/Physics/OnControllerColliderHit.cs
 0.1 kb	 0.0% Packages/com.unity.visualscripting/Runtime/VisualScripting.Flow/Framework/Events/Hierarchy/OnTransformParentChanged.cs
 0.1 kb	 0.0% Packages/com.unity.visualscripting/Runtime/VisualScripting.Flow/Framework/Events/GUI/OnScrollbarValueChanged.cs
 0.1 kb	 0.0% Packages/com.unity.visualscripting/Runtime/VisualScripting.Flow/Framework/Events/GUI/OnScrollRectValueChanged.cs
 0.1 kb	 0.0% Packages/com.unity.visualscripting/Runtime/VisualScripting.Flow/Framework/Events/GUI/OnInputFieldValueChanged.cs
 0.1 kb	 0.0% Packages/com.unity.visualscripting/Runtime/VisualScripting.Flow/Framework/Events/GUI/OnDropdownValueChanged.cs
 0.1 kb	 0.0% Packages/com.unity.visualscripting/Runtime/VisualScripting.Flow/Framework/Events/Application/OnApplicationLostFocus.cs
 0.1 kb	 0.0% Packages/com.unity.visualscripting/Runtime/VisualScripting.Flow/Framework/Events/Animation/BoltNamedAnimationEvent.cs
 0.1 kb	 0.0% Packages/com.unity.visualscripting/Runtime/VisualScripting.Flow/Framework/Collections/Dictionaries/DictionaryContainsKey.cs
 0.1 kb	 0.0% Packages/com.unity.visualscripting/Runtime/VisualScripting.Flow/EditorBinding/UnitSurtitleAttribute.cs
 0.1 kb	 0.0% Packages/com.unity.visualscripting/Runtime/VisualScripting.Flow/EditorBinding/UnitSubtitleAttribute.cs
 0.1 kb	 0.0% Packages/com.unity.visualscripting/Runtime/VisualScripting.Flow/EditorBinding/UnitShortTitleAttribute.cs
 0.1 kb	 0.0% Packages/com.unity.visualscripting/Runtime/VisualScripting.Flow/EditorBinding/UnitFooterPortsAttribute.cs
 0.1 kb	 0.0% Packages/com.unity.visualscripting/Runtime/VisualScripting.Flow/EditorBinding/PortLabelHiddenAttribute.cs
 0.1 kb	 0.0% Packages/com.unity.visualscripting/Runtime/VisualScripting.Flow/Dependencies/NCalc/ValueExpression.cs
 0.1 kb	 0.0% Packages/com.unity.visualscripting/Runtime/VisualScripting.Flow/Dependencies/NCalc/UnaryExpression.cs
 0.1 kb	 0.0% Packages/com.unity.visualscripting/Runtime/VisualScripting.Flow/Dependencies/NCalc/ParameterArgs.cs
 0.1 kb	 0.0% Packages/com.unity.visualscripting/Runtime/VisualScripting.Flow/Dependencies/NCalc/BinaryExpression.cs
 0.1 kb	 0.0% Packages/com.unity.visualscripting/Runtime/VisualScripting.Flow/Connections/UnitConnectionDebugData.cs
 0.1 kb	 0.0% Packages/com.unity.visualscripting/Runtime/VisualScripting.Flow/Connections/IUnitConnectionDebugData.cs
 0.1 kb	 0.0% Packages/com.unity.visualscripting/Runtime/VisualScripting.Core/Variables/VariableKindAttribute.cs
 0.1 kb	 0.0% Packages/com.unity.visualscripting/Runtime/VisualScripting.Core/Variables/IGraphDataWithVariables.cs
 0.1 kb	 0.0% Packages/com.unity.visualscripting/Runtime/VisualScripting.Core/Utilities/RuntimeVSUsageUtility.cs
 0.1 kb	 0.0% Packages/com.unity.visualscripting/Runtime/VisualScripting.Core/Utilities/IAnalyticsIdentifiable.cs
 0.1 kb	 0.0% Packages/com.unity.visualscripting/Runtime/VisualScripting.Core/Utilities/ComponentHolderProtocol.cs
 0.1 kb	 0.0% Packages/com.unity.visualscripting/Runtime/VisualScripting.Core/Unity/MacroScriptableObject.cs
 0.1 kb	 0.0% Packages/com.unity.visualscripting/Runtime/VisualScripting.Core/Unity/LudiqScriptableObject.cs
 0.1 kb	 0.0% Packages/com.unity.visualscripting/Runtime/VisualScripting.Core/Serialization/SerializationOperation.cs
 0.1 kb	 0.0% Packages/com.unity.visualscripting/Runtime/VisualScripting.Core/Serialization/ISerializationDepender.cs
 0.1 kb	 0.0% Packages/com.unity.visualscripting/Runtime/VisualScripting.Core/Serialization/ISerializationDependency.cs
 0.1 kb	 0.0% Packages/com.unity.visualscripting/Runtime/VisualScripting.Core/Serialization/DoNotSerializeAttribute.cs
 0.1 kb	 0.0% Packages/com.unity.visualscripting/Runtime/VisualScripting.Core/Reflection/RenamedAssemblyAttribute.cs
 0.1 kb	 0.0% Packages/com.unity.visualscripting/Runtime/VisualScripting.Core/Reflection/Optimization/StaticActionInvokerBase.cs
 0.1 kb	 0.0% Packages/com.unity.visualscripting/Runtime/VisualScripting.Core/Reflection/Optimization/ReflectionFieldAccessor.cs
 0.1 kb	 0.0% Packages/com.unity.visualscripting/Runtime/VisualScripting.Core/Reflection/Operators/NumericNegationHandler.cs
 0.1 kb	 0.0% Packages/com.unity.visualscripting/Runtime/VisualScripting.Core/Reflection/Operators/MultiplicationHandler.cs
 0.1 kb	 0.0% Packages/com.unity.visualscripting/Runtime/VisualScripting.Core/Reflection/Operators/LogicalNegationHandler.cs
 0.1 kb	 0.0% Packages/com.unity.visualscripting/Runtime/VisualScripting.Core/Reflection/Operators/LessThanOrEqualHandler.cs
 0.1 kb	 0.0% Packages/com.unity.visualscripting/Runtime/VisualScripting.Core/Reflection/Operators/InvalidOperatorException.cs
 0.1 kb	 0.0% Packages/com.unity.visualscripting/Runtime/VisualScripting.Core/Reflection/Operators/BinaryOperatorHandler.cs
 0.1 kb	 0.0% Packages/com.unity.visualscripting/Runtime/VisualScripting.Core/Reflection/GenericClosingException.cs
 0.1 kb	 0.0% Packages/com.unity.visualscripting/Runtime/VisualScripting.Core/Platforms/AotIncompatibleAttribute.cs
 0.1 kb	 0.0% Packages/com.unity.visualscripting/Runtime/VisualScripting.Core/Listeners/IGraphEventListenerData.cs
 0.1 kb	 0.0% Packages/com.unity.visualscripting/Runtime/VisualScripting.Core/Listeners/GlobalMessageListener.cs
 0.1 kb	 0.0% Packages/com.unity.visualscripting/Runtime/VisualScripting.Core/Listeners/AnimatorMessageListener.cs
 0.1 kb	 0.0% Packages/com.unity.visualscripting/Runtime/VisualScripting.Core/Graphs/IGraphElementWithData.cs
 0.1 kb	 0.0% Packages/com.unity.visualscripting/Runtime/VisualScripting.Core/Graphs/IGraphElementDebugData.cs
 0.1 kb	 0.0% Packages/com.unity.visualscripting/Runtime/VisualScripting.Core/Graphs/GraphsExceptionUtility.cs
 0.1 kb	 0.0% Packages/com.unity.visualscripting/Runtime/VisualScripting.Core/Graphs/GraphPointerException.cs
 0.1 kb	 0.0% Packages/com.unity.visualscripting/Runtime/VisualScripting.Core/EditorBinding/NullMeansSelfAttribute.cs
 0.1 kb	 0.0% Packages/com.unity.visualscripting/Runtime/VisualScripting.Core/EditorBinding/Inspector/InspectorWideAttribute.cs
 0.1 kb	 0.0% Packages/com.unity.visualscripting/Runtime/VisualScripting.Core/EditorBinding/Inspector/InspectorRangeAttribute.cs
 0.1 kb	 0.0% Packages/com.unity.visualscripting/Runtime/VisualScripting.Core/EditorBinding/Inspector/InspectorLabelAttribute.cs
 0.1 kb	 0.0% Packages/com.unity.visualscripting/Runtime/VisualScripting.Core/EditorBinding/InspectableIfAttribute.cs
 0.1 kb	 0.0% Packages/com.unity.visualscripting/Runtime/VisualScripting.Core/EditorBinding/IInspectableAttribute.cs
 0.1 kb	 0.0% Packages/com.unity.visualscripting/Runtime/VisualScripting.Core/EditorBinding/ExpectedTypeAttribute.cs
 0.1 kb	 0.0% Packages/com.unity.visualscripting/Runtime/VisualScripting.Core/Collections/INotifiedCollectionItem.cs
 0.1 kb	 0.0% Packages/com.unity.visualscripting/Runtime/VisualScripting.Core/Cloning/Cloners/FakeSerializationCloner.cs
 0.1 kb	 0.0% Packages/com.unity.ugui/Runtime/TMP/TMP_SpriteAssetImportFormats.cs
 0.1 kb	 0.0% Packages/com.unity.timeline/Runtime/Animation/AnimationPreviewUpdateCallback.cs
 0.1 kb	 0.0% Packages/com.unity.timeline/Runtime/Animation/AnimationOutputWeightProcessor.cs
 0.1 kb	 0.0% Packages/com.unity.shadergraph/ShaderGraphLibrary/DummyShaderGraphLibrary.cs
 0.1 kb	 0.0% Packages/com.unity.render-pipelines.universal/ShaderLibrary/ShaderTypes.cs
 0.1 kb	 0.0% Packages/com.unity.render-pipelines.universal/ShaderLibrary/Deprecated.cs
 0.1 kb	 0.0% Packages/com.unity.render-pipelines.universal/Runtime/Tiling/TileSize.cs
 0.1 kb	 0.0% Packages/com.unity.render-pipelines.universal/Runtime/2D/UTess2D/UTess.cs
 0.1 kb	 0.0% Packages/com.unity.render-pipelines.universal/Runtime/2D/Shadows/ShadowProvider/ShadowMesh2D.cs
 0.1 kb	 0.0% Packages/com.unity.render-pipelines.universal/Runtime/2D/Shadows/ShadowProvider/ShadowEdge.cs
 0.1 kb	 0.0% Packages/com.unity.render-pipelines.universal/Runtime/2D/Shadows/ShadowProvider/IEdgeStore.cs
 0.1 kb	 0.0% Packages/com.unity.render-pipelines.universal/Runtime/2D/Rendergraph/UpscalePass.cs
 0.1 kb	 0.0% Packages/com.unity.render-pipelines.universal/Runtime/2D/Renderer2D.cs
 0.1 kb	 0.0% Packages/com.unity.render-pipelines.universal/Runtime/2D/Passes/Utility/LightBatch.cs
 0.1 kb	 0.0% Packages/com.unity.render-pipelines.universal/Runtime/2D/Passes/Utility/LayerUtility.cs
 0.1 kb	 0.0% Packages/com.unity.render-pipelines.universal/Runtime/2D/LightUtility.cs
 0.1 kb	 0.0% Packages/com.unity.render-pipelines.core/Runtime/Utilities/SceneRenderPipeline.cs
 0.1 kb	 0.0% Packages/com.unity.render-pipelines.core/Runtime/Utilities/MaterialQuality.cs
 0.1 kb	 0.0% Packages/com.unity.render-pipelines.core/Runtime/Utilities/CameraCaptureBridge.cs
 0.1 kb	 0.0% Packages/com.unity.render-pipelines.core/Runtime/ShaderGenerator/ShaderGeneratorAttributes.cs
 0.1 kb	 0.0% Packages/com.unity.render-pipelines.core/Runtime/RenderGraph/RenderGraph.cs
 0.1 kb	 0.0% Packages/com.unity.render-pipelines.core/Runtime/PostProcessing/LensFlareCommonSRP.cs
 0.1 kb	 0.0% Packages/com.unity.render-pipelines.core/Runtime/LookDev/IDataProvider.cs
 0.1 kb	 0.0% Packages/com.unity.render-pipelines.core/Runtime/Lighting/SphericalHarmonics.cs
 0.1 kb	 0.0% Packages/com.unity.render-pipelines.core/Runtime/Lighting/ProbeVolume/ProbeVolumesOptions.cs
 0.1 kb	 0.0% Packages/com.unity.render-pipelines.core/Runtime/Lighting/ProbeVolume/ProbeVolumeSceneData.cs
 0.1 kb	 0.0% Packages/com.unity.render-pipelines.core/Runtime/Lighting/ProbeVolume/ProbeVolumeGIContributor.cs
 0.1 kb	 0.0% Packages/com.unity.render-pipelines.core/Runtime/Lighting/ProbeVolume/ProbeVolumeBakingSet.cs
 0.1 kb	 0.0% Packages/com.unity.render-pipelines.core/Runtime/Lighting/ProbeVolume/ProbeVolumeAsset.cs
 0.1 kb	 0.0% Packages/com.unity.render-pipelines.core/Runtime/Lighting/ProbeVolume/ProbeReferenceVolume.cs
 0.1 kb	 0.0% Packages/com.unity.render-pipelines.core/Runtime/Documentation.cs
 0.1 kb	 0.0% Packages/com.unity.render-pipelines.core/Runtime/Debugging/Prefabs/Scripts/DebugUIHandlerWidget.cs
 0.1 kb	 0.0% Packages/com.unity.render-pipelines.core/Runtime/Debugging/Prefabs/Scripts/DebugUIHandlerValue.cs
 0.1 kb	 0.0% Packages/com.unity.render-pipelines.core/Runtime/Debugging/Prefabs/Scripts/DebugUIHandlerVBox.cs
 0.1 kb	 0.0% Packages/com.unity.render-pipelines.core/Runtime/Debugging/Prefabs/Scripts/DebugUIHandlerToggle.cs
 0.1 kb	 0.0% Packages/com.unity.render-pipelines.core/Runtime/Debugging/Prefabs/Scripts/DebugUIHandlerRow.cs
 0.1 kb	 0.0% Packages/com.unity.render-pipelines.core/Runtime/Debugging/Prefabs/Scripts/DebugUIHandlerPanel.cs
 0.1 kb	 0.0% Packages/com.unity.render-pipelines.core/Runtime/Debugging/Prefabs/Scripts/DebugUIHandlerObject.cs
 0.1 kb	 0.0% Packages/com.unity.render-pipelines.core/Runtime/Debugging/Prefabs/Scripts/DebugUIHandlerHBox.cs
 0.1 kb	 0.0% Packages/com.unity.render-pipelines.core/Runtime/Debugging/Prefabs/Scripts/DebugUIHandlerGroup.cs
 0.1 kb	 0.0% Packages/com.unity.render-pipelines.core/Runtime/Debugging/Prefabs/Scripts/DebugUIHandlerColor.cs
 0.1 kb	 0.0% Packages/com.unity.render-pipelines.core/Runtime/Debugging/Prefabs/Scripts/DebugUIHandlerCanvas.cs
 0.1 kb	 0.0% Packages/com.unity.render-pipelines.core/Runtime/Debugging/Prefabs/Scripts/DebugUIHandlerButton.cs
 0.1 kb	 0.0% Packages/com.unity.render-pipelines.core/Runtime/Debugging/MousePositionDebug.cs
 0.1 kb	 0.0% Packages/com.unity.render-pipelines.core/Runtime/Debugging/IVolumeDebugSettings.cs
 0.1 kb	 0.0% Packages/com.unity.render-pipelines.core/Runtime/Debugging/FrameTiming/FrameTimeBottleneck.cs
 0.1 kb	 0.0% Packages/com.unity.render-pipelines.core/Runtime/Common/Swap.Extensions.cs
 0.1 kb	 0.0% Packages/com.unity.render-pipelines.core/Runtime/Common/ReloadGroupAttribute.cs
 0.1 kb	 0.0% Packages/com.unity.render-pipelines.core/Runtime/Common/CommandBufferPool.cs
 0.1 kb	 0.0% Packages/com.unity.render-pipelines.core/Runtime/CommandBuffers/UnsafeCommandBuffer.cs
 0.1 kb	 0.0% Packages/com.unity.render-pipelines.core/Runtime/CommandBuffers/RasterCommandBuffer.cs
 0.1 kb	 0.0% Packages/com.unity.render-pipelines.core/Runtime/CommandBuffers/IUnsafeCommandBuffer.cs
 0.1 kb	 0.0% Packages/com.unity.render-pipelines.core/Runtime/CommandBuffers/IRasterCommandBuffer.cs
 0.1 kb	 0.0% Packages/com.unity.render-pipelines.core/Runtime/CommandBuffers/IBaseCommandBuffer.cs
 0.1 kb	 0.0% Packages/com.unity.render-pipelines.core/Runtime/CommandBuffers/ComputeCommandBuffer.cs
 0.1 kb	 0.0% Packages/com.unity.render-pipelines.core/Runtime/CommandBuffers/CommandBufferHelpers.cs
 0.1 kb	 0.0% Packages/com.unity.multiplayer.center/Common/StyleConstants.cs
 0.1 kb	 0.0% Packages/com.unity.inputsystem/InputSystem/State/IInputStateChangeMonitor.cs
 0.1 kb	 0.0% Packages/com.unity.inputsystem/InputSystem/Plugins/iOS/IOSGameController.cs
 0.1 kb	 0.0% Packages/com.unity.inputsystem/InputSystem/Plugins/XInput/XInputControllerWindows.cs
 0.1 kb	 0.0% Packages/com.unity.inputsystem/InputSystem/Plugins/Users/InputUserAccountHandle.cs
 0.1 kb	 0.0% Packages/com.unity.inputsystem/InputSystem/Plugins/Switch/SwitchProControllerHID.cs
 0.1 kb	 0.0% Packages/com.unity.inputsystem/InputSystem/Plugins/PlayerInput/PlayerInputManagerEditor.cs
 0.1 kb	 0.0% Packages/com.unity.inputsystem/InputSystem/Plugins/OSX/OSXGameController.cs
 0.1 kb	 0.0% Packages/com.unity.inputsystem/InputSystem/Plugins/EnhancedTouch/EnhancedTouchSupport.cs
 0.1 kb	 0.0% Packages/com.unity.inputsystem/InputSystem/Events/DeviceConfigurationEvent.cs
 0.1 kb	 0.0% Packages/com.unity.inputsystem/InputSystem/Editor/UITKAssetEditor/Views/VisualElementExtensions.cs
 0.1 kb	 0.0% Packages/com.unity.inputsystem/InputSystem/Editor/UITKAssetEditor/Views/InputActionsTreeViewItem.cs
 0.1 kb	 0.0% Packages/com.unity.inputsystem/InputSystem/Editor/UITKAssetEditor/Views/InputActionsEditorView.cs
 0.1 kb	 0.0% Packages/com.unity.inputsystem/InputSystem/Editor/UITKAssetEditor/Views/BindingPropertiesView.cs
 0.1 kb	 0.0% Packages/com.unity.inputsystem/InputSystem/Editor/UITKAssetEditor/SerializedInputBinding.cs
 0.1 kb	 0.0% Packages/com.unity.inputsystem/InputSystem/Editor/UITKAssetEditor/SerializedInputActionMap.cs
 0.1 kb	 0.0% Packages/com.unity.inputsystem/InputSystem/Editor/UITKAssetEditor/SerializedInputAction.cs
 0.1 kb	 0.0% Packages/com.unity.inputsystem/InputSystem/Editor/UITKAssetEditor/InputActionsEditorWindow.cs
 0.1 kb	 0.0% Packages/com.unity.inputsystem/InputSystem/Editor/UITKAssetEditor/InputActionsEditorState.cs
 0.1 kb	 0.0% Packages/com.unity.inputsystem/InputSystem/Editor/UITKAssetEditor/Commands/ControlSchemeCommands.cs
 0.1 kb	 0.0% Packages/com.unity.inputsystem/InputSystem/Editor/Settings/InputSettingsProvider.cs
 0.1 kb	 0.0% Packages/com.unity.inputsystem/InputSystem/Editor/Settings/InputEditorUserSettings.cs
 0.1 kb	 0.0% Packages/com.unity.inputsystem/InputSystem/Editor/PropertyDrawers/InputControlPathDrawer.cs
 0.1 kb	 0.0% Packages/com.unity.inputsystem/InputSystem/Editor/PropertyDrawers/InputActionDrawerBase.cs
 0.1 kb	 0.0% Packages/com.unity.inputsystem/InputSystem/Editor/PropertyDrawers/InputActionAssetDrawer.cs
 0.1 kb	 0.0% Packages/com.unity.inputsystem/InputSystem/Editor/ProjectWideActions/ProjectWideActionsAsset.cs
 0.1 kb	 0.0% Packages/com.unity.inputsystem/InputSystem/Editor/Internal/AdvancedDropdown/AdvancedDropdownWindow.cs
 0.1 kb	 0.0% Packages/com.unity.inputsystem/InputSystem/Editor/Internal/AdvancedDropdown/AdvancedDropdownState.cs
 0.1 kb	 0.0% Packages/com.unity.inputsystem/InputSystem/Editor/InputSystemPluginControl.cs
 0.1 kb	 0.0% Packages/com.unity.inputsystem/InputSystem/Editor/InputLayoutCodeGenerator.cs
 0.1 kb	 0.0% Packages/com.unity.inputsystem/InputSystem/Editor/InputAssetEditorUtils.cs
 0.1 kb	 0.0% Packages/com.unity.inputsystem/InputSystem/Editor/Debugger/InputLatencyCalculator.cs
 0.1 kb	 0.0% Packages/com.unity.inputsystem/InputSystem/Editor/ControlPicker/InputControlPickerState.cs
 0.1 kb	 0.0% Packages/com.unity.inputsystem/InputSystem/Editor/ControlPicker/InputControlPathEditor.cs
 0.1 kb	 0.0% Packages/com.unity.inputsystem/InputSystem/Editor/ControlPicker/InputControlDropdownItem.cs
 0.1 kb	 0.0% Packages/com.unity.inputsystem/InputSystem/Editor/AssetImporter/InputActionCodeGenerator.cs
 0.1 kb	 0.0% Packages/com.unity.inputsystem/InputSystem/Editor/AssetImporter/InputActionAssetEditor.cs
 0.1 kb	 0.0% Packages/com.unity.inputsystem/InputSystem/Editor/AssetImporter/IInputActionAssetEditor.cs
 0.1 kb	 0.0% Packages/com.unity.inputsystem/InputSystem/Editor/AssetEditor/InputActionAssetManager.cs
 0.1 kb	 0.0% Packages/com.unity.inputsystem/InputSystem/Devices/Remote/RemoteInputPlayerConnection.cs
 0.1 kb	 0.0% Packages/com.unity.inputsystem/InputSystem/Devices/InputDeviceDescription.cs
 0.1 kb	 0.0% Packages/com.unity.inputsystem/InputSystem/Devices/Haptics/DualMotorRumbleCommand.cs
 0.1 kb	 0.0% Packages/com.unity.inputsystem/InputSystem/Devices/Commands/WarpMousePositionCommand.cs
 0.1 kb	 0.0% Packages/com.unity.inputsystem/InputSystem/Devices/Commands/QueryEnabledStateCommand.cs
 0.1 kb	 0.0% Packages/com.unity.inputsystem/InputSystem/Devices/Commands/QueryDimensionsCommand.cs
 0.1 kb	 0.0% Packages/com.unity.inputsystem/InputSystem/Devices/Commands/QueryCanRunInBackground.cs
 0.1 kb	 0.0% Packages/com.unity.inputsystem/InputSystem/Devices/Commands/IInputDeviceCommandInfo.cs
 0.1 kb	 0.0% Packages/com.unity.inputsystem/InputSystem/Controls/InputControlAttribute.cs
 0.1 kb	 0.0% Packages/com.unity.inputsystem/InputSystem/Controls/DiscreteButtonControl.cs
 0.1 kb	 0.0% Packages/com.unity.inputsystem/InputSystem/Actions/InputBindingCompositeContext.cs
 0.1 kb	 0.0% Packages/com.unity.inputsystem/InputSystem/Actions/InputActionSetupExtensions.cs
 0.1 kb	 0.0% Packages/com.unity.inputsystem/InputSystem/Actions/InputActionParameters.cs
 0.1 kb	 0.0% Packages/com.unity.collections/Unity.Collections/UnsafeAtomicCounter.cs
 0.1 kb	 0.0% Packages/com.meta.xr.sdk.voice/Scripts/Runtime/Interfaces/IPlatformVoiceServiceOverride.cs
 0.1 kb	 0.0% Packages/com.meta.xr.sdk.voice/Lib/Wit.ai/Scripts/Runtime/Data/Entities/EntityRegistryComponents/RegisteredDynamicEntityKeyword.cs
 0.1 kb	 0.0% Packages/com.meta.xr.sdk.voice/Lib/Wit.ai/Scripts/Runtime/Attributes/Attributes/VersionTagDropdownAttribute.cs
 0.1 kb	 0.0% Packages/com.meta.xr.sdk.voice/Lib/Wit.ai/Lib/Wit/Runtime/Net/WebSockets/Requests/WitWebSocketTtsRequest.cs
 0.1 kb	 0.0% Packages/com.meta.xr.sdk.voice/Lib/Wit.ai/Lib/Wit/Runtime/Net/WebSockets/Requests/WitWebSocketJsonRequest.cs
 0.1 kb	 0.0% Packages/com.meta.xr.sdk.voice/Lib/Wit.ai/Lib/Wit/Runtime/Net/WebSockets/Requests/WitWebSocketAuthRequest.cs
 0.1 kb	 0.0% Packages/com.meta.xr.sdk.voice/Lib/Wit.ai/Lib/Wit/Runtime/Net/WebSockets/IWitWebSocketClientProvider.cs
 0.1 kb	 0.0% Packages/com.meta.xr.sdk.voice/Lib/Telemetry/Scripts/Runtime/Tracing/VsdkProfiler.cs
 0.1 kb	 0.0% Packages/com.meta.xr.sdk.voice/Lib/Hub/Scripts/Runtime/Attributes/MetaHubContextAttribute.cs
 0.1 kb	 0.0% Packages/com.meta.xr.sdk.voice/Features/Dictation/source/Scripts/Runtime/Bindings/Android/IServiceEvents.cs
 0.1 kb	 0.0% Packages/com.meta.xr.sdk.voice/Features/Dictation/source/Scripts/Runtime/API/Service/AppDictationExperience.cs
 0.1 kb	 0.0% Packages/com.meta.xr.sdk.voice/Features/Dictation/source/Scripts/Runtime/API/Listeners/DictationListener.cs
 0.1 kb	 0.0% Packages/com.meta.xr.sdk.voice/Features/Composer/Composer/Scripts/Runtime/AppComposerExperience.cs
 0.1 kb	 0.0% Packages/com.meta.xr.sdk.voice/Features/Composer/Composer/Lib/Wit.ai/Features/composer/Scripts/Runtime/Interfaces/IComposerSpeechHandler.cs
 0.1 kb	 0.0% Packages/com.meta.xr.sdk.voice/Features/Composer/Composer/Lib/Wit.ai/Features/composer/Scripts/Runtime/Interfaces/IComposerRequestHandler.cs
 0.1 kb	 0.0% Packages/com.meta.xr.sdk.voice/Features/Composer/Composer/Lib/Wit.ai/Features/composer/Scripts/Runtime/Interfaces/IComposerActionHandler.cs
 0.1 kb	 0.0% Packages/com.meta.xr.sdk.interaction/Runtime/Scripts/Unity/UnityCanvas/UpdateCanvasSortingOrder.cs
 0.1 kb	 0.0% Packages/com.meta.xr.sdk.interaction/Runtime/Scripts/Throw/StandardVelocityCalculator.cs
 0.1 kb	 0.0% Packages/com.meta.xr.sdk.interaction/Runtime/Scripts/Throw/ControllerPoseInputDevice.cs
 0.1 kb	 0.0% Packages/com.meta.xr.sdk.interaction/Runtime/Scripts/Selection/Hands/WristAngleActiveState.cs
 0.1 kb	 0.0% Packages/com.meta.xr.sdk.interaction/Runtime/Scripts/PoseDetection/JointVelocityActiveState.cs
 0.1 kb	 0.0% Packages/com.meta.xr.sdk.interaction/Runtime/Scripts/PoseDetection/JointRotationActiveState.cs
 0.1 kb	 0.0% Packages/com.meta.xr.sdk.interaction/Runtime/Scripts/PoseDetection/JointDistanceActiveState.cs
 0.1 kb	 0.0% Packages/com.meta.xr.sdk.interaction/Runtime/Scripts/PoseDetection/FingerFeatureProperties.cs
 0.1 kb	 0.0% Packages/com.meta.xr.sdk.interaction/Runtime/Scripts/PoseDetection/Debug/HandShapeDebugVisual.cs
 0.1 kb	 0.0% Packages/com.meta.xr.sdk.interaction/Runtime/Scripts/PoseDetection/Debug/ActiveStateDebugTree.cs
 0.1 kb	 0.0% Packages/com.meta.xr.sdk.interaction/Runtime/Scripts/Interaction/Models/Locomotion/Turn/TurnerEventBroadcaster.cs
 0.1 kb	 0.0% Packages/com.meta.xr.sdk.interaction/Runtime/Scripts/Interaction/Models/Locomotion/Turn/AnimatedSnapTurnVisuals.cs
 0.1 kb	 0.0% Packages/com.meta.xr.sdk.interaction/Runtime/Scripts/Interaction/Models/Locomotion/Tunneling/WallPenetrationTunneling.cs
 0.1 kb	 0.0% Packages/com.meta.xr.sdk.interaction/Runtime/Scripts/Interaction/Models/Locomotion/ILocomotionEventHandler.cs
 0.1 kb	 0.0% Packages/com.meta.xr.sdk.interaction/Runtime/Scripts/Interaction/Models/Locomotion/CapsuleLocomotionHandler.cs
 0.1 kb	 0.0% Packages/com.meta.xr.sdk.interaction/Runtime/Scripts/Input/OneEuroFilter/OneEuroFilterPropertyBlock.cs
 0.1 kb	 0.0% Packages/com.meta.xr.sdk.interaction/Runtime/Scripts/Input/ITrackingToWorldTransformer.cs
 0.1 kb	 0.0% Packages/com.meta.xr.sdk.interaction/Runtime/Scripts/Input/Controllers/SyntheticControllerInHand.cs
 0.1 kb	 0.0% Packages/com.meta.xr.sdk.interaction/Runtime/Scripts/Input/Controllers/ControllerDataSourceConfig.cs
 0.1 kb	 0.0% Packages/com.meta.xr.sdk.interaction/Runtime/Scripts/Body/PoseDetection/BodyPoseDebugGizmos.cs
 0.1 kb	 0.0% Packages/com.meta.xr.sdk.interaction/Runtime/Sample/Scripts/Body/PoseCaptureCountdown.cs
 0.1 kb	 0.0% Packages/com.meta.xr.sdk.interaction.ovr/Runtime/Sample/Scripts/Menu/ISDKSceneMenuManager.cs
 0.1 kb	 0.0% Packages/com.meta.xr.sdk.core/Scripts/ImmersiveDebugger/Utils/MemberInfoExtensions.cs
 0.1 kb	 0.0% Packages/com.meta.xr.sdk.core/Scripts/ImmersiveDebugger/UserInterface/Utils/ProxyInputModule.cs
 0.1 kb	 0.0% Packages/com.meta.xr.sdk.core/Scripts/ImmersiveDebugger/UserInterface/Utils/ProxyCameraRig.cs
 0.1 kb	 0.0% Packages/com.meta.xr.sdk.core/Scripts/ImmersiveDebugger/UserInterface/Utils/PanelInputModule.cs
 0.1 kb	 0.0% Packages/com.meta.xr.sdk.core/Scripts/ImmersiveDebugger/UserInterface/Resources/Styles/ImageStyles/PanelButtonBackground.asset
 0.1 kb	 0.0% Packages/com.meta.xr.sdk.core/Scripts/ImmersiveDebugger/UserInterface/Resources/Styles/ImageStyles/MemberValueBackground.asset
 0.1 kb	 0.0% Packages/com.meta.xr.sdk.core/Scripts/ImmersiveDebugger/UserInterface/Resources/Styles/ImageStyles/MemberActionBackground.asset
 0.1 kb	 0.0% Packages/com.meta.xr.sdk.core/Scripts/ImmersiveDebugger/UserInterface/Resources/Styles/ImageStyles/LogDetailPaneCloseButton.asset
 0.1 kb	 0.0% Packages/com.meta.xr.sdk.core/Scripts/ImmersiveDebugger/UserInterface/Resources/Styles/ImageStyles/LogDetailPaneBackground.asset
 0.1 kb	 0.0% Packages/com.meta.xr.sdk.core/Scripts/ImmersiveDebugger/UserInterface/Resources/Styles/ImageStyles/DropdownValueBackground.asset
 0.1 kb	 0.0% Packages/com.meta.xr.sdk.core/Scripts/ImmersiveDebugger/UserInterface/Resources/Styles/ImageStyles/ConsoleLineBackground.asset
 0.1 kb	 0.0% Packages/com.meta.xr.sdk.core/Scripts/ImmersiveDebugger/UserInterface/Resources/Styles/ImageStyles/CloseButtonBackground.asset
 0.1 kb	 0.0% Packages/com.meta.xr.sdk.core/Scripts/ImmersiveDebugger/UserInterface/Resources/Styles/ImageStyles/CategoryButtonBackground.asset
 0.1 kb	 0.0% Packages/com.meta.xr.sdk.core/Scripts/ImmersiveDebugger/UserInterface/Resources/Styles/ImageStyles/CategoriesDivBackground.asset
 0.1 kb	 0.0% Packages/com.meta.xr.sdk.core/Scripts/ImmersiveDebugger/UserInterface/InspectorPanel.cs
 0.1 kb	 0.0% Packages/com.meta.xr.sdk.core/Scripts/ImmersiveDebugger/UserInterface/IDebugUIPanel.cs
 0.1 kb	 0.0% Packages/com.meta.xr.sdk.core/Scripts/ImmersiveDebugger/UserInterface/Generic/Styles/Implementations/TextStyle.cs
 0.1 kb	 0.0% Packages/com.meta.xr.sdk.core/Scripts/ImmersiveDebugger/UserInterface/Generic/Styles/Implementations/LayoutStyle.cs
 0.1 kb	 0.0% Packages/com.meta.xr.sdk.core/Scripts/ImmersiveDebugger/UserInterface/Generic/Styles/Implementations/ImageStyle.cs
 0.1 kb	 0.0% Packages/com.meta.xr.sdk.core/Scripts/ImmersiveDebugger/UserInterface/Generic/Controllers/Interface.cs
 0.1 kb	 0.0% Packages/com.meta.xr.sdk.core/Scripts/ImmersiveDebugger/UserInterface/Generic/Controllers/Implementations/ScrollView.cs
 0.1 kb	 0.0% Packages/com.meta.xr.sdk.core/Scripts/ImmersiveDebugger/UserInterface/Generic/Controllers/Implementations/Background.cs
 0.1 kb	 0.0% Packages/com.meta.xr.sdk.core/Scripts/ImmersiveDebugger/UserInterface/Generic/Controllers/Controller.cs
 0.1 kb	 0.0% Packages/com.meta.xr.sdk.core/Scripts/ImmersiveDebugger/UserInterface/DebugInterface.cs
 0.1 kb	 0.0% Packages/com.meta.xr.sdk.core/Scripts/ImmersiveDebugger/UserInterface/CategoryButton.cs
 0.1 kb	 0.0% Packages/com.meta.xr.sdk.core/Scripts/ImmersiveDebugger/Gizmos/GizmoTypesRegistry.cs
 0.1 kb	 0.0% Packages/com.meta.xr.sdk.core/Scripts/ImmersiveDebugger/Gizmos/GizmoRendererManager.cs
 0.1 kb	 0.0% Packages/com.meta.xr.sdk.core/Scripts/BuildingBlocks/MultiplayerBlocks/Shared/Colocation/ColocationPackage/Runtime/NetworkDataUtils.cs
 0.1 kb	 0.0% Packages/com.meta.xr.sdk.core/Scripts/BuildingBlocks/MultiplayerBlocks/Shared/Colocation/ColocationPackage/Runtime/NetworkAdapter.cs
 0.1 kb	 0.0% Assets/TextMesh Pro/Resources/LineBreaking Leading Characters.txt
 0.1 kb	 0.0% Packages/com.unity.xr.openxr/Runtime/MockRuntime/MockRuntime.cs
 0.1 kb	 0.0% Packages/com.unity.xr.openxr/Runtime/Features/OpenXRInteractionFeature.cs
 0.1 kb	 0.0% Packages/com.unity.xr.openxr/Runtime/Features/OpenXRFeatureAttribute.cs
 0.1 kb	 0.0% Packages/com.unity.xr.openxr/Runtime/Features/FoveatedRenderingFeature.cs
 0.1 kb	 0.0% Packages/com.unity.xr.openxr/Runtime/AdditiveActionsAnalytics.cs
 0.1 kb	 0.0% Packages/com.unity.xr.management/Runtime/XRManagementAnalytics.cs
 0.1 kb	 0.0% Packages/com.unity.xr.management/Runtime/XRConfigurationData.cs
 0.1 kb	 0.0% Packages/com.unity.xr.legacyinputhelpers/Runtime/TrackedPoseDriver/TrackedPoseDriver.cs
 0.1 kb	 0.0% Packages/com.unity.xr.legacyinputhelpers/Runtime/CameraOffset.cs
 0.1 kb	 0.0% Packages/com.unity.xr.hands/Runtime/XRHandProcessingUtility.cs
 0.1 kb	 0.0% Packages/com.unity.xr.hands/Runtime/XRHandFeatureUsageData.cs
 0.1 kb	 0.0% Packages/com.unity.xr.hands/Runtime/Gestures/XRHandOrientationUtility.cs
 0.1 kb	 0.0% Packages/com.unity.xr.hands/Runtime/Gestures/XRFingerShapeCondition.cs
 0.1 kb	 0.0% Packages/com.unity.xr.hands/Runtime/Capture/Recording/XRHandRecordingBlob.cs
 0.1 kb	 0.0% Packages/com.unity.xr.hands/Runtime/Capture/Recording/XRHandRecordingBase.cs
 0.1 kb	 0.0% Packages/com.unity.xr.hands/Runtime/Capture/Recording/Impl/HandSnapshotBuffer.cs
 0.1 kb	 0.0% Packages/com.unity.xr.hands/Runtime/Capture/Playback/PlaybackInterpolator.cs
 0.1 kb	 0.0% Packages/com.unity.visualscripting/Runtime/VisualScripting.Core/Reflection/Optimization/StaticActionInvoker_5.cs
 0.1 kb	 0.0% Packages/com.unity.visualscripting/Runtime/VisualScripting.Core/Reflection/Optimization/StaticActionInvoker_4.cs
 0.1 kb	 0.0% Packages/com.unity.visualscripting/Runtime/VisualScripting.Core/Reflection/Optimization/StaticActionInvoker_3.cs
 0.1 kb	 0.0% Packages/com.unity.visualscripting/Runtime/VisualScripting.Core/Reflection/Optimization/StaticActionInvoker_2.cs
 0.1 kb	 0.0% Packages/com.unity.visualscripting/Runtime/VisualScripting.Core/Reflection/Optimization/StaticActionInvoker_1.cs
 0.1 kb	 0.0% Packages/com.unity.visualscripting/Runtime/VisualScripting.Core/Reflection/Optimization/StaticActionInvoker_0.cs
 0.1 kb	 0.0% Packages/com.unity.visualscripting/Runtime/VisualScripting.Core/Ensure/EnsureThat.NullableValueTypes.cs
 0.1 kb	 0.0% Packages/com.unity.visualscripting/Runtime/VisualScripting.Core/Dependencies/FullSerializer/fsJsonPrinter.cs
 0.1 kb	 0.0% Packages/com.unity.visualscripting/Runtime/VisualScripting.Core/Dependencies/FullSerializer/fsBaseConverter.cs
 0.1 kb	 0.0% Packages/com.unity.visualscripting/Runtime/VisualScripting.Core/Dependencies/FullSerializer/Reflection/fsMetaProperty.cs
 0.1 kb	 0.0% Packages/com.unity.visualscripting/Runtime/VisualScripting.Core/Dependencies/FullSerializer/Converters/fsTypeConverter.cs
 0.1 kb	 0.0% Packages/com.unity.visualscripting/Runtime/VisualScripting.Core/Dependencies/FullSerializer/Converters/fsGuidConverter.cs
 0.1 kb	 0.0% Packages/com.unity.visualscripting/Runtime/VisualScripting.Core/Dependencies/FullSerializer/Converters/fsEnumConverter.cs
 0.1 kb	 0.0% Packages/com.unity.visualscripting/Runtime/VisualScripting.Core/Dependencies/FullSerializer/Converters/fsDateConverter.cs
 0.1 kb	 0.0% Packages/com.unity.visualscripting/Runtime/VisualScripting.Core/Dependencies/FullSerializer/Converters/fsArrayConverter.cs
 0.1 kb	 0.0% Packages/com.unity.ugui/Runtime/UGUI/UI/Core/Layout/HorizontalOrVerticalLayoutGroup.cs
 0.1 kb	 0.0% Packages/com.unity.rendering.light-transport/Runtime/UnifiedRayTracing/Compute/RadeonRays/RadixSort.cs
 0.1 kb	 0.0% Packages/com.unity.rendering.light-transport/Runtime/UnifiedRayTracing/Compute/RadeonRays/HlbvhBuilder.cs
 0.1 kb	 0.0% Packages/com.unity.rendering.light-transport/Runtime/UnifiedRayTracing/Common/Utilities/Utils.cs
 0.1 kb	 0.0% Packages/com.unity.rendering.light-transport/Runtime/Sampling/SobolData.cs
 0.1 kb	 0.0% Packages/com.unity.render-pipelines.universal/Runtime/Tiling/ZBinningJob.cs
 0.1 kb	 0.0% Packages/com.unity.render-pipelines.universal/Runtime/Tiling/TilingJob.cs
 0.1 kb	 0.0% Packages/com.unity.render-pipelines.universal/Runtime/TemporalAA.cs
 0.1 kb	 0.0% Packages/com.unity.render-pipelines.universal/Runtime/ShadowUtils.cs
 0.1 kb	 0.0% Packages/com.unity.render-pipelines.universal/Runtime/ShaderUtils.cs
 0.1 kb	 0.0% Packages/com.unity.render-pipelines.universal/Runtime/ShaderData.cs
 0.1 kb	 0.0% Packages/com.unity.render-pipelines.universal/Runtime/Passes/CapturePass.cs
 0.1 kb	 0.0% Packages/com.unity.render-pipelines.universal/Runtime/Overrides/WhiteBalance.cs
 0.1 kb	 0.0% Packages/com.unity.render-pipelines.universal/Runtime/Overrides/Tonemapping.cs
 0.1 kb	 0.0% Packages/com.unity.render-pipelines.universal/Runtime/Overrides/SplitToning.cs
 0.1 kb	 0.0% Packages/com.unity.render-pipelines.universal/Runtime/Overrides/MotionBlur.cs
 0.1 kb	 0.0% Packages/com.unity.render-pipelines.universal/Runtime/Overrides/FilmGrain.cs
 0.1 kb	 0.0% Packages/com.unity.render-pipelines.universal/Runtime/Overrides/DepthOfField.cs
 0.1 kb	 0.0% Packages/com.unity.render-pipelines.universal/Runtime/Overrides/ColorLookup.cs
 0.1 kb	 0.0% Packages/com.unity.render-pipelines.universal/Runtime/Overrides/ColorCurves.cs
 0.1 kb	 0.0% Packages/com.unity.render-pipelines.universal/Runtime/Overrides/ChannelMixer.cs
 0.1 kb	 0.0% Packages/com.unity.render-pipelines.universal/Runtime/History/TaaHistory.cs
 0.1 kb	 0.0% Packages/com.unity.render-pipelines.universal/Runtime/History/StpHistory.cs
 0.1 kb	 0.0% Packages/com.unity.render-pipelines.universal/Runtime/Decal/Entities/DecalChunk.cs
 0.1 kb	 0.0% Packages/com.unity.render-pipelines.universal/Runtime/Debug/DebugHandler.cs
 0.1 kb	 0.0% Packages/com.unity.render-pipelines.core/Runtime/XR/XRMirrorView.cs
 0.1 kb	 0.0% Packages/com.unity.render-pipelines.core/Runtime/Utilities/GPUPrefixSum/GPUPrefixSum.ShaderIDs.cs
 0.1 kb	 0.0% Packages/com.unity.render-pipelines.core/Runtime/GPUDriven/Utilities/ParallelBitArray.cs
 0.1 kb	 0.0% Packages/com.unity.render-pipelines.core/Runtime/GPUDriven/Utilities/MemoryUtilities.cs
 0.1 kb	 0.0% Packages/com.unity.render-pipelines.core/Runtime/GPUDriven/LODGroupDataPool.cs
 0.1 kb	 0.0% Packages/com.unity.render-pipelines.core/Runtime/GPUDriven/InstanceCuller.cs
 0.1 kb	 0.0% Packages/com.unity.render-pipelines.core/Runtime/Deprecated.cs
 0.1 kb	 0.0% Packages/com.unity.render-pipelines.core/Runtime/Common/CoreAttributes.cs
 0.1 kb	 0.0% Packages/com.unity.render-pipelines.core/Runtime/CommandBuffers/BaseCommandBufer.cs
 0.1 kb	 0.0% Packages/com.unity.inputsystem/InputSystem/Utilities/NameAndParameters.cs
 0.1 kb	 0.0% Packages/com.unity.inputsystem/InputSystem/Utilities/CSharpCodeHelpers.cs
 0.1 kb	 0.0% Packages/com.unity.inputsystem/InputSystem/Plugins/UI/TrackedDeviceRaycaster.cs
 0.1 kb	 0.0% Packages/com.unity.inputsystem/InputSystem/Plugins/UI/MultiplayerEventSystem.cs
 0.1 kb	 0.0% Packages/com.unity.inputsystem/InputSystem/Plugins/UI/InputSystemUIInputModule.cs
 0.1 kb	 0.0% Packages/com.unity.inputsystem/InputSystem/Plugins/UI/ExtendedPointerEventData.cs
 0.1 kb	 0.0% Packages/com.unity.inputsystem/InputSystem/Plugins/UI/ExtendedAxisEventData.cs
 0.1 kb	 0.0% Packages/com.unity.inputsystem/InputSystem/Plugins/HID/HIDDescriptorWindow.cs
 0.1 kb	 0.0% Packages/com.unity.inputsystem/InputSystem/Plugins/DualShock/IDualShockHaptics.cs
 0.1 kb	 0.0% Packages/com.unity.inputsystem/InputSystem/Editor/AssetEditor/ParameterListView.cs
 0.1 kb	 0.0% Packages/com.unity.inputsystem/InputSystem/Editor/AssetEditor/InputActionTreeViewItems.cs
 0.1 kb	 0.0% Packages/com.unity.inputsystem/InputSystem/Controls/Processors/NormalizeProcessor.cs
 0.1 kb	 0.0% Packages/com.unity.inputsystem/InputSystem/Actions/Interactions/SlowTapInteraction.cs
 0.1 kb	 0.0% Packages/com.unity.inputsystem/InputSystem/Actions/Interactions/MultiTapInteraction.cs
 0.1 kb	 0.0% Packages/com.unity.inputsystem/InputSystem/Actions/Composites/OneModifierComposite.cs
 0.1 kb	 0.0% Packages/com.unity.collections/Unity.Collections/UnsafeUtilityEx.cs
 0.1 kb	 0.0% Packages/com.unity.collections/Unity.Collections/UnsafeAppendBuffer.cs
 0.1 kb	 0.0% Packages/com.unity.collections/Unity.Collections/NativeParallelHashSetExtensions.gen.cs
 0.1 kb	 0.0% Packages/com.unity.collections/Unity.Collections/Jobs/RegisterGenericJobTypeAttribute.cs
 0.1 kb	 0.0% Packages/com.unity.collections/Unity.Collections/DoubleRewindableAllocators.cs
 0.1 kb	 0.0% Packages/com.unity.collections/Unity.Collections/DataStreamExtensions.cs
 0.1 kb	 0.0% Packages/com.meta.xr.sdk.voice/Scripts/Runtime/Bindings/Android/VoiceSDKListenerBinding.cs
 0.1 kb	 0.0% Packages/com.meta.xr.sdk.voice/Scripts/Runtime/Bindings/Android/VoiceSDKConfigBinding.cs
 0.1 kb	 0.0% Packages/com.meta.xr.sdk.voice/Lib/Wit.ai/Scripts/Runtime/ServiceReferences/CombinedAudioEventReference.cs
 0.1 kb	 0.0% Packages/com.meta.xr.sdk.voice/Lib/Wit.ai/Scripts/Runtime/ServiceReferences/AudioInputServiceReference.cs
 0.1 kb	 0.0% Packages/com.meta.xr.sdk.voice/Lib/Wit.ai/Scripts/Runtime/Requests/VoiceEventToRequestEventMapper.cs
 0.1 kb	 0.0% Packages/com.meta.xr.sdk.voice/Lib/Wit.ai/Scripts/Runtime/CallbackHandlers/SimpleStringEntityHandler.cs
 0.1 kb	 0.0% Packages/com.meta.xr.sdk.voice/Lib/Wit.ai/Scripts/Runtime/CallbackHandlers/OutOfScopeUtteranceHandler.cs
 0.1 kb	 0.0% Packages/com.meta.xr.sdk.voice/Lib/Wit.ai/Lib/Conduit/Runtime/Attributes/HandleEntityResolutionFailure.cs
 0.1 kb	 0.0% Packages/com.meta.xr.sdk.voice/Lib/Wit.ai/Features/TTS/Scripts/Runtime/LipSync/BaseVisemeBlendShapeLipSync.cs
 0.1 kb	 0.0% Packages/com.meta.xr.sdk.voice/Lib/PlatformCompatibility/Scripts/Runtime/Interfaces/IVoiceSDKLogger.cs
 0.1 kb	 0.0% Packages/com.meta.xr.sdk.voice/Lib/Common/Scripts/Runtime/Configuration/VoiceCommand.cs
 0.1 kb	 0.0% Packages/com.meta.xr.sdk.voice/Features/Dictation/source/Lib/Wit.ai/Features/dictation/Scripts/Runtime/Dictation/ServiceReferences/DictationServiceReference.cs
 0.1 kb	 0.0% Packages/com.meta.xr.sdk.voice/Features/Dictation/source/Lib/Wit.ai/Features/dictation/Scripts/Runtime/Dictation/MultiRequestTranscription.cs
 0.1 kb	 0.0% Packages/com.meta.xr.sdk.voice/Features/Dictation/source/Lib/Wit.ai/Features/dictation/Scripts/Runtime/Dictation/Events/DictationSessionEvent.cs
 0.1 kb	 0.0% Packages/com.meta.xr.sdk.voice/Features/Composer/Composer/Lib/Wit.ai/Features/composer/Scripts/Runtime/Handlers/ComposerSpeechHandler.cs
 0.1 kb	 0.0% Packages/com.meta.xr.sdk.voice/Features/Composer/Composer/Lib/Wit.ai/Features/composer/Scripts/Runtime/Handlers/ComposerActionHandler.cs
 0.1 kb	 0.0% Packages/com.meta.xr.sdk.platform/Scripts/Models/UserDataStoreUpdateResponse.cs
 0.1 kb	 0.0% Packages/com.meta.xr.sdk.platform/Scripts/Models/NetSyncVoipAttenuationValue.cs
 0.1 kb	 0.0% Packages/com.meta.xr.sdk.platform/Scripts/Models/MicrophoneAvailabilityState.cs
 0.1 kb	 0.0% Packages/com.meta.xr.sdk.platform/Scripts/Models/LaunchInvitePanelFlowResult.cs
 0.1 kb	 0.0% Packages/com.meta.xr.sdk.platform/Scripts/Models/AppDownloadProgressResult.cs
 0.1 kb	 0.0% Packages/com.meta.xr.sdk.interaction/Runtime/Scripts/Unity/SelectorUnityEventWrapper.cs
 0.1 kb	 0.0% Packages/com.meta.xr.sdk.interaction/Runtime/Scripts/Unity/PointableUnityEventWrapper.cs
 0.1 kb	 0.0% Packages/com.meta.xr.sdk.interaction/Runtime/Scripts/Unity/InteractorUnityEventWrapper.cs
 0.1 kb	 0.0% Packages/com.meta.xr.sdk.interaction/Runtime/Scripts/Unity/ActiveStateUnityEventWrapper.cs
 0.1 kb	 0.0% Packages/com.meta.xr.sdk.interaction/Runtime/Scripts/PoseDetection/Debug/ActiveStateModel.cs
 0.1 kb	 0.0% Packages/com.meta.xr.sdk.interaction/Runtime/Scripts/Movements/MoveTowardsTargetProvider.cs
 0.1 kb	 0.0% Packages/com.meta.xr.sdk.interaction/Runtime/Scripts/MaterialProperties/MaterialPropertyBlockEditor.cs
 0.1 kb	 0.0% Packages/com.meta.xr.sdk.interaction/Runtime/Scripts/Interaction/Visuals/InteractorGroupNodeUI.cs
 0.1 kb	 0.0% Packages/com.meta.xr.sdk.interaction/Runtime/Scripts/Interaction/Visuals/BecomeChildOfTargetOnStart.cs
 0.1 kb	 0.0% Packages/com.meta.xr.sdk.interaction/Runtime/Scripts/Interaction/Surfaces/ClippedCylinderSurface.cs
 0.1 kb	 0.0% Packages/com.meta.xr.sdk.interaction/Runtime/Scripts/Interaction/Models/UseGrab/HandGrabUseInteractor.cs
 0.1 kb	 0.0% Packages/com.meta.xr.sdk.interaction/Runtime/Scripts/Interaction/Models/UseGrab/HandGrabUseInteractable.cs
 0.1 kb	 0.0% Packages/com.meta.xr.sdk.interaction/Runtime/Scripts/Interaction/Models/TouchHandGrab/TouchHandGrabInteractable.cs
 0.1 kb	 0.0% Packages/com.meta.xr.sdk.interaction/Runtime/Scripts/Interaction/Models/Snap/Visuals/SnapInteractorFollowVisual.cs
 0.1 kb	 0.0% Packages/com.meta.xr.sdk.interaction/Runtime/Scripts/Interaction/Models/Ray/Visuals/RayInteractorCursorVisual.cs
 0.1 kb	 0.0% Packages/com.meta.xr.sdk.interaction/Runtime/Scripts/Interaction/Models/Locomotion/Teleport/Visuals/ReticleDataTeleport.cs
 0.1 kb	 0.0% Packages/com.meta.xr.sdk.interaction/Runtime/Scripts/Interaction/Models/HandGrab/IHandGrabInteractable.cs
 0.1 kb	 0.0% Packages/com.meta.xr.sdk.interaction/Runtime/Scripts/Interaction/Grabbable/OneGrabTranslateTransformer.cs
 0.1 kb	 0.0% Packages/com.meta.xr.sdk.interaction/Runtime/Scripts/Interaction/Core/UpdateDriverAfterDataSource.cs
 0.1 kb	 0.0% Packages/com.meta.xr.sdk.interaction/Runtime/Scripts/Interaction/Core/SecondaryInteractorFilter.cs
 0.1 kb	 0.0% Packages/com.meta.xr.sdk.interaction/Runtime/Scripts/Interaction/Core/FirstHoverInteractorGroup.cs
 0.1 kb	 0.0% Packages/com.meta.xr.sdk.interaction/Runtime/Scripts/Interaction/Core/CandidatePositionComparer.cs
 0.1 kb	 0.0% Packages/com.meta.xr.sdk.interaction/Runtime/Scripts/Interaction/Core/BestSelectInteractorGroup.cs
 0.1 kb	 0.0% Packages/com.meta.xr.sdk.interaction/Runtime/Scripts/Input/Hands/OVRHandPrimitives.cs
 0.1 kb	 0.0% Packages/com.meta.xr.sdk.interaction/Runtime/Scripts/Grab/Visuals/HandGhostProvider.cs
 0.1 kb	 0.0% Packages/com.meta.xr.sdk.interaction/Runtime/Scripts/Grab/SnapSurfaces/SphereGrabSurface.cs
 0.1 kb	 0.0% Packages/com.meta.xr.sdk.interaction/Runtime/Scripts/Grab/SnapSurfaces/CylinderGrabSurface.cs
 0.1 kb	 0.0% Packages/com.meta.xr.sdk.interaction/Runtime/Scripts/Grab/SnapSurfaces/ColliderGrabSurface.cs
 0.1 kb	 0.0% Packages/com.meta.xr.sdk.interaction/Runtime/Scripts/Grab/SnapSurfaces/BezierGrabSurface.cs
 0.1 kb	 0.0% Packages/com.meta.xr.sdk.interaction/Runtime/Scripts/Grab/FingerRawPinchInjector.cs
 0.1 kb	 0.0% Packages/com.meta.xr.sdk.interaction/Runtime/Scripts/Grab/ControllerPinchInjector.cs
 0.1 kb	 0.0% Packages/com.meta.xr.sdk.interaction/Runtime/Scripts/Extensions/MonoBehaviourStartExtensions.cs
 0.1 kb	 0.0% Packages/com.meta.xr.sdk.interaction/Runtime/Scripts/DistanceGrab/Visuals/ReticleMeshDrawer.cs
 0.1 kb	 0.0% Packages/com.meta.xr.sdk.interaction/Runtime/Scripts/DistanceGrab/Visuals/ReticleIconDrawer.cs
 0.1 kb	 0.0% Packages/com.meta.xr.sdk.interaction/Runtime/Scripts/DistanceGrab/Visuals/ReticleGhostDrawer.cs
 0.1 kb	 0.0% Packages/com.meta.xr.sdk.interaction/Runtime/Sample/Scripts/ShouldHideHandOnGrab.cs
 0.1 kb	 0.0% Packages/com.meta.xr.sdk.interaction/Runtime/Sample/Scripts/RotationAudioEvents.cs
 0.1 kb	 0.0% Packages/com.meta.xr.sdk.interaction/Runtime/Sample/Scripts/PanelWithManipulators/ParentScaleInverter.cs
 0.1 kb	 0.0% Packages/com.meta.xr.sdk.interaction/Runtime/Sample/Scripts/PalmMenu/PalmMenuExample.cs
 0.1 kb	 0.0% Packages/com.meta.xr.sdk.interaction/Runtime/Sample/Scripts/HideHandVisualOnGrab.cs
 0.1 kb	 0.0% Packages/com.meta.xr.sdk.interaction/Runtime/Sample/Scripts/HandGrabRecord/TimerUIControl.cs
 0.1 kb	 0.0% Packages/com.meta.xr.sdk.interaction/Runtime/Sample/Scripts/FadeTextAfterActive.cs
 0.1 kb	 0.0% Packages/com.meta.xr.sdk.interaction/Runtime/Sample/Scripts/EnableTargetOnStart.cs
 0.1 kb	 0.0% Packages/com.meta.xr.sdk.interaction.ovr/Runtime/Scripts/Input/OVRControllerVisual.cs
 0.1 kb	 0.0% Packages/com.meta.xr.sdk.interaction.ovr/Runtime/Scripts/Input/FromOVRHandDataSource.cs
 0.1 kb	 0.0% Packages/com.meta.xr.sdk.interaction.ovr/Runtime/Scripts/Body/Input/OVRSkeletonMapping.cs
 0.1 kb	 0.0% Packages/com.meta.xr.sdk.core/Scripts/ImmersiveDebugger/UserInterface/Resources/Styles/ImageStyles/InspectorBackground.asset
 0.1 kb	 0.0% Packages/com.meta.xr.sdk.core/Scripts/ImmersiveDebugger/Managers/IDebugManager.cs
 0.1 kb	 0.0% Packages/com.meta.xr.sdk.core/Scripts/ImmersiveDebugger/Managers/ActionManager.cs
 0.1 kb	 0.0% Packages/com.meta.xr.sdk.core/Scripts/EnvironmentDepth/EnvironmentDepthUtils.cs
 0.1 kb	 0.0% Packages/com.meta.xr.sdk.core/Scripts/EnvironmentDepth/EnvironmentDepthManager.cs
 0.1 kb	 0.0% Packages/com.meta.xr.sdk.core/Scripts/BuildingBlocks/SharedSpatialAnchorCore/SharedSpatialAnchorCoreBuildingBlock.cs
 0.1 kb	 0.0% Packages/com.meta.xr.sdk.core/Scripts/BuildingBlocks/SharedSpatialAnchorCore/SharedSpatialAnchorCore.cs
 0.1 kb	 0.0% Packages/com.meta.xr.sdk.core/Scripts/BuildingBlocks/MultiplayerBlocks/Shared/PlatformInit/Scripts/PlatformInit_.cs
 0.1 kb	 0.0% Packages/com.meta.xr.sdk.core/Scripts/BuildingBlocks/MultiplayerBlocks/Shared/NetworkedAvatar/Scripts/IAvatarBehaviour.cs
 0.1 kb	 0.0% Packages/com.meta.xr.sdk.core/Scripts/BuildingBlocks/ControllerButtonsMapperScripts/ControllerButtonsMapper.cs
 0.1 kb	 0.0% Packages/com.meta.xr.sdk.audio/Runtime/scripts/MetaXRAudioSourceExperimentalFeatures.cs
 0.1 kb	 0.0% Packages/com.meta.xr.mrutilitykit/Core/Scripts/SceneDecorator/Pool/PoolManagerSingleton.cs
 0.1 kb	 0.0% Packages/com.meta.xr.mrutilitykit/Core/Scripts/SceneDecorator/Pool/PoolManagerComponent.cs
 0.1 kb	 0.0% Packages/com.meta.xr.mrutilitykit/Core/Scripts/SceneDecorator/Modifier/ScaleUniformModifier.cs
 0.1 kb	 0.0% Packages/com.meta.xr.mrutilitykit/Core/Scripts/SceneDecorator/Masks/CellularNoiseMask.cs
 0.1 kb	 0.0% Packages/com.meta.xr.mrutilitykit/Core/Scripts/SceneDecorator/Masks/AnchorDistanceMask.cs
 0.1 kb	 0.0% Packages/com.meta.xr.mrutilitykit/Core/Scripts/SceneDecorator/Distributions/SimplexDistribution.cs
 0.1 kb	 0.0% Packages/com.meta.xr.mrutilitykit/Core/Scripts/SceneDecorator/Distributions/RandomDistribution.cs
 0.1 kb	 0.0% Packages/com.meta.xr.mrutilitykit/Core/Scripts/ICustomAnchorPrefabSpawner.cs
 0.1 kb	 0.0% Packages/com.meta.xr.mrutilitykit/Core/Scripts/EnableUnpremultipliedAlpha.cs
 0.1 kb	 0.0% Packages/com.meta.xr.mrutilitykit/Core/Scripts/DestructibleMeshComponent.cs
 0.1 kb	 0.0% Packages/com.meta.xr.mrutilitykit/Core/Scripts/AnchorPrefabSpawnerUtilities.cs
 0.1 kb	 0.0% Packages/com.unity.xr.openxr/Runtime/OpenXRColorSubmissonModeList.cs
 0.1 kb	 0.0% Packages/com.unity.xr.openxr/Runtime/NativeTypes/XR_EXT_spatial_entity/Structs/XrSpatialBufferEXT.cs
 0.1 kb	 0.0% Packages/com.unity.xr.openxr/Runtime/NativeTypes/XR_EXT_spatial_entity/Structs/Components/XrSpatialMeshDataEXT.cs
 0.1 kb	 0.0% Packages/com.unity.xr.openxr/Runtime/NativeTypes/XR_EXT_future/Structs/XrFuturePollInfoEXT.cs
 0.1 kb	 0.0% Packages/com.unity.xr.openxr/Runtime/NativeTypes/OpenXRResultStatus.cs
 0.1 kb	 0.0% Packages/com.unity.xr.openxr/Runtime/NativeTypes/Core/XrBaseInStructure.cs
 0.1 kb	 0.0% Packages/com.unity.xr.openxr/Runtime/Features/Interactions/DPadInteraction.cs
 0.1 kb	 0.0% Packages/com.unity.xr.hands/Runtime/XRHandSubsystemDescriptor.cs
 0.1 kb	 0.0% Packages/com.unity.xr.hands/Runtime/XRHandSkeletonDriverUtility.cs
 0.1 kb	 0.0% Packages/com.unity.xr.hands/Runtime/XRHandJointsUpdatedEventArgs.cs
 0.1 kb	 0.0% Packages/com.unity.xr.hands/Runtime/XRCommonHandGesturesState.cs
 0.1 kb	 0.0% Packages/com.unity.xr.hands/Runtime/Capture/XRHandCaptureSnapshot.cs
 0.1 kb	 0.0% Packages/com.unity.xr.hands/Runtime/Capture/XRHandCaptureSequence.cs
 0.1 kb	 0.0% Packages/com.unity.xr.core-utils/Runtime/CapabilityProfile/Dictionary/ICapabilityModifier.cs
 0.1 kb	 0.0% Packages/com.unity.xr.core-utils/Runtime/CapabilityProfile/Dictionary/CapabilityDictionary.cs
 0.1 kb	 0.0% Packages/com.unity.xr.core-utils/Runtime/CapabilityProfile/CapabilityProfile.cs
 0.1 kb	 0.0% Packages/com.unity.xr.core-utils/Runtime/Attributes/FlagsPropertyAttribute.cs
 0.1 kb	 0.0% Packages/com.unity.visualscripting/Runtime/VisualScripting.State/FlowStateTransition.cs
 0.1 kb	 0.0% Packages/com.unity.visualscripting/Runtime/VisualScripting.Flow/Ports/ValuePortDefinition.cs
 0.1 kb	 0.0% Packages/com.unity.visualscripting/Runtime/VisualScripting.Flow/Ports/ValueInputDefinition.cs
 0.1 kb	 0.0% Packages/com.unity.visualscripting/Runtime/VisualScripting.Flow/Ports/UnitPortDefinition.cs
 0.1 kb	 0.0% Packages/com.unity.visualscripting/Runtime/VisualScripting.Flow/Ports/IUnitPortDefinition.cs
 0.1 kb	 0.0% Packages/com.unity.visualscripting/Runtime/VisualScripting.Flow/Framework/Variables/UnifiedVariableUnit.cs
 0.1 kb	 0.0% Packages/com.unity.visualscripting/Runtime/VisualScripting.Flow/Framework/Variables/Obsolete/SetObjectVariable.cs
 0.1 kb	 0.0% Packages/com.unity.visualscripting/Runtime/VisualScripting.Flow/Framework/Variables/Obsolete/ISceneVariableUnit.cs
 0.1 kb	 0.0% Packages/com.unity.visualscripting/Runtime/VisualScripting.Flow/Framework/Variables/Obsolete/ISavedVariableUnit.cs
 0.1 kb	 0.0% Packages/com.unity.visualscripting/Runtime/VisualScripting.Flow/Framework/Variables/Obsolete/IObjectVariableUnit.cs
 0.1 kb	 0.0% Packages/com.unity.visualscripting/Runtime/VisualScripting.Flow/Framework/Variables/Obsolete/IGraphVariableUnit.cs
 0.1 kb	 0.0% Packages/com.unity.visualscripting/Runtime/VisualScripting.Flow/Framework/Variables/Obsolete/GetObjectVariable.cs
 0.1 kb	 0.0% Packages/com.unity.visualscripting/Runtime/VisualScripting.Flow/Framework/Variables/IsVariableDefined.cs
 0.1 kb	 0.0% Packages/com.unity.visualscripting/Runtime/VisualScripting.Flow/Framework/Variables/IUnifiedVariableUnit.cs
 0.1 kb	 0.0% Packages/com.unity.visualscripting/Runtime/VisualScripting.Flow/Framework/Time/WaitForSecondsUnit.cs
 0.1 kb	 0.0% Packages/com.unity.visualscripting/Runtime/VisualScripting.Flow/Framework/Time/WaitForNextFrameUnit.cs
 0.1 kb	 0.0% Packages/com.unity.visualscripting/Runtime/VisualScripting.Flow/Framework/Math/Vector4/Vector4MoveTowards.cs
 0.1 kb	 0.0% Packages/com.unity.visualscripting/Runtime/VisualScripting.Flow/Framework/Math/Vector4/Vector4DotProduct.cs
 0.1 kb	 0.0% Packages/com.unity.visualscripting/Runtime/VisualScripting.Flow/Framework/Math/Vector4/DeprecatedVector4Add.cs
 0.1 kb	 0.0% Packages/com.unity.visualscripting/Runtime/VisualScripting.Flow/Framework/Math/Vector3/Vector3MoveTowards.cs
 0.1 kb	 0.0% Packages/com.unity.visualscripting/Runtime/VisualScripting.Flow/Framework/Math/Vector3/Vector3DotProduct.cs
 0.1 kb	 0.0% Packages/com.unity.visualscripting/Runtime/VisualScripting.Flow/Framework/Math/Vector3/Vector3CrossProduct.cs
 0.1 kb	 0.0% Packages/com.unity.visualscripting/Runtime/VisualScripting.Flow/Framework/Math/Vector3/DeprecatedVector3Add.cs
 0.1 kb	 0.0% Packages/com.unity.visualscripting/Runtime/VisualScripting.Flow/Framework/Math/Vector2/Vector2MoveTowards.cs
 0.1 kb	 0.0% Packages/com.unity.visualscripting/Runtime/VisualScripting.Flow/Framework/Math/Vector2/Vector2DotProduct.cs
 0.1 kb	 0.0% Packages/com.unity.visualscripting/Runtime/VisualScripting.Flow/Framework/Math/Vector2/DeprecatedVector2Add.cs
 0.1 kb	 0.0% Packages/com.unity.visualscripting/Runtime/VisualScripting.Flow/Framework/Math/Scalar/ScalarMoveTowards.cs
 0.1 kb	 0.0% Packages/com.unity.visualscripting/Runtime/VisualScripting.Flow/Framework/Math/Scalar/ScalarExponentiate.cs
 0.1 kb	 0.0% Packages/com.unity.visualscripting/Runtime/VisualScripting.Flow/Framework/Math/Scalar/DeprecatedScalarAdd.cs
 0.1 kb	 0.0% Packages/com.unity.visualscripting/Runtime/VisualScripting.Flow/Framework/Math/Generic/DeprecatedGenericAdd.cs
 0.1 kb	 0.0% Packages/com.unity.visualscripting/Runtime/VisualScripting.Flow/Framework/Logic/NumericComparison.cs
 0.1 kb	 0.0% Packages/com.unity.visualscripting/Runtime/VisualScripting.Flow/Framework/Logic/EqualityComparison.cs
 0.1 kb	 0.0% Packages/com.unity.visualscripting/Runtime/VisualScripting.Flow/Framework/Logic/BinaryComparisonUnit.cs
 0.1 kb	 0.0% Packages/com.unity.visualscripting/Runtime/VisualScripting.Flow/Framework/Logic/ApproximatelyEqual.cs
 0.1 kb	 0.0% Packages/com.unity.visualscripting/Runtime/VisualScripting.Flow/Framework/Events/TriggerCustomEvent.cs
 0.1 kb	 0.0% Packages/com.unity.visualscripting/Runtime/VisualScripting.Flow/Framework/Events/Rendering/OnBecameInvisible.cs
 0.1 kb	 0.0% Packages/com.unity.visualscripting/Runtime/VisualScripting.Flow/Framework/Events/Physics2D/TriggerEvent2DUnit.cs
 0.1 kb	 0.0% Packages/com.unity.visualscripting/Runtime/VisualScripting.Flow/Framework/Events/Physics2D/OnCollisionStay2D.cs
 0.1 kb	 0.0% Packages/com.unity.visualscripting/Runtime/VisualScripting.Flow/Framework/Events/Physics2D/OnCollisionExit2D.cs
 0.1 kb	 0.0% Packages/com.unity.visualscripting/Runtime/VisualScripting.Flow/Framework/Events/Physics2D/OnCollisionEnter2D.cs
 0.1 kb	 0.0% Packages/com.unity.visualscripting/Runtime/VisualScripting.Flow/Framework/Events/Physics2D/CollisionEvent2DUnit.cs
 0.1 kb	 0.0% Packages/com.unity.visualscripting/Runtime/VisualScripting.Flow/Framework/Events/Physics/OnParticleCollision.cs
 0.1 kb	 0.0% Packages/com.unity.visualscripting/Runtime/VisualScripting.Flow/Framework/Events/Physics/CollisionEventUnit.cs
 0.1 kb	 0.0% Packages/com.unity.visualscripting/Runtime/VisualScripting.Flow/Framework/Events/Navigation/OnDestinationReached.cs
 0.1 kb	 0.0% Packages/com.unity.visualscripting/Runtime/VisualScripting.Flow/Framework/Events/Input/OnMouseUpAsButton.cs
 0.1 kb	 0.0% Packages/com.unity.visualscripting/Runtime/VisualScripting.Flow/Framework/Events/GUI/OnToggleValueChanged.cs
 0.1 kb	 0.0% Packages/com.unity.visualscripting/Runtime/VisualScripting.Flow/Framework/Events/GUI/OnSliderValueChanged.cs
 0.1 kb	 0.0% Packages/com.unity.visualscripting/Runtime/VisualScripting.Flow/Framework/Events/GUI/OnInputFieldEndEdit.cs
 0.1 kb	 0.0% Packages/com.unity.visualscripting/Runtime/VisualScripting.Flow/Framework/Events/GUI/GenericGuiEventUnit.cs
 0.1 kb	 0.0% Packages/com.unity.visualscripting/Runtime/VisualScripting.Flow/Framework/Events/Editor/OnDrawGizmosSelected.cs
 0.1 kb	 0.0% Packages/com.unity.visualscripting/Runtime/VisualScripting.Flow/Framework/Events/Application/OnApplicationResume.cs
 0.1 kb	 0.0% Packages/com.unity.visualscripting/Runtime/VisualScripting.Flow/Framework/Events/Application/OnApplicationQuit.cs
 0.1 kb	 0.0% Packages/com.unity.visualscripting/Runtime/VisualScripting.Flow/Framework/Events/Application/OnApplicationPause.cs
 0.1 kb	 0.0% Packages/com.unity.visualscripting/Runtime/VisualScripting.Flow/Framework/Events/Application/OnApplicationFocus.cs
 0.1 kb	 0.0% Packages/com.unity.visualscripting/Runtime/VisualScripting.Flow/Framework/Events/Animation/BoltAnimationEvent.cs
 0.1 kb	 0.0% Packages/com.unity.visualscripting/Runtime/VisualScripting.Flow/Framework/Collections/Dictionaries/SetDictionaryItem.cs
 0.1 kb	 0.0% Packages/com.unity.visualscripting/Runtime/VisualScripting.Flow/Framework/Collections/Dictionaries/RemoveDictionaryItem.cs
 0.1 kb	 0.0% Packages/com.unity.visualscripting/Runtime/VisualScripting.Flow/Framework/Collections/Dictionaries/MergeDictionaries.cs
 0.1 kb	 0.0% Packages/com.unity.visualscripting/Runtime/VisualScripting.Flow/Framework/Collections/Dictionaries/GetDictionaryItem.cs
 0.1 kb	 0.0% Packages/com.unity.visualscripting/Runtime/VisualScripting.Flow/Framework/Collections/Dictionaries/AddDictionaryItem.cs
 0.1 kb	 0.0% Packages/com.unity.visualscripting/Runtime/VisualScripting.Flow/EditorBinding/UnitTitleAttribute.cs
 0.1 kb	 0.0% Packages/com.unity.visualscripting/Runtime/VisualScripting.Flow/EditorBinding/UnitOrderAttribute.cs
 0.1 kb	 0.0% Packages/com.unity.visualscripting/Runtime/VisualScripting.Flow/EditorBinding/SpecialUnitAttribute.cs
 0.1 kb	 0.0% Packages/com.unity.visualscripting/Runtime/VisualScripting.Flow/EditorBinding/PortLabelAttribute.cs
 0.1 kb	 0.0% Packages/com.unity.visualscripting/Runtime/VisualScripting.Flow/Dependencies/NCalc/NCalcParser.cs
 0.1 kb	 0.0% Packages/com.unity.visualscripting/Runtime/VisualScripting.Flow/Dependencies/NCalc/NCalcLexer.cs
 0.1 kb	 0.0% Packages/com.unity.visualscripting/Runtime/VisualScripting.Flow/Dependencies/NCalc/FunctionArgs.cs
 0.1 kb	 0.0% Packages/com.unity.visualscripting/Runtime/VisualScripting.Flow/Dependencies/NCalc/Expression.cs
 0.1 kb	 0.0% Packages/com.unity.visualscripting/Runtime/VisualScripting.Flow/Connections/InvalidConnection.cs
 0.1 kb	 0.0% Packages/com.unity.visualscripting/Runtime/VisualScripting.Flow/Connections/ControlConnection.cs
 0.1 kb	 0.0% Packages/com.unity.visualscripting/Runtime/VisualScripting.Core/Variables/VariableDeclarations.cs
 0.1 kb	 0.0% Packages/com.unity.visualscripting/Runtime/VisualScripting.Core/Variables/VariableDeclaration.cs
 0.1 kb	 0.0% Packages/com.unity.visualscripting/Runtime/VisualScripting.Core/Variables/IGraphWithVariables.cs
 0.1 kb	 0.0% Packages/com.unity.visualscripting/Runtime/VisualScripting.Core/Variables/ApplicationVariables.cs
 0.1 kb	 0.0% Packages/com.unity.visualscripting/Runtime/VisualScripting.Core/Utilities/UnityObjectUtility.cs
 0.1 kb	 0.0% Packages/com.unity.visualscripting/Runtime/VisualScripting.Core/Utilities/ReferenceCollector.cs
 0.1 kb	 0.0% Packages/com.unity.visualscripting/Runtime/VisualScripting.Core/Utilities/CSharpNameUtility.cs
 0.1 kb	 0.0% Packages/com.unity.visualscripting/Runtime/VisualScripting.Core/Unity/SingletonAttribute.cs
 0.1 kb	 0.0% Packages/com.unity.visualscripting/Runtime/VisualScripting.Core/Unity/IUnityObjectOwnable.cs
 0.1 kb	 0.0% Packages/com.unity.visualscripting/Runtime/VisualScripting.Core/Serialization/SerializeAttribute.cs
 0.1 kb	 0.0% Packages/com.unity.visualscripting/Runtime/VisualScripting.Core/Serialization/SerializeAsAttribute.cs
 0.1 kb	 0.0% Packages/com.unity.visualscripting/Runtime/VisualScripting.Core/Serialization/SerializationData.cs
 0.1 kb	 0.0% Packages/com.unity.visualscripting/Runtime/VisualScripting.Core/Serialization/Converters/UnityObjectConverter.cs
 0.1 kb	 0.0% Packages/com.unity.visualscripting/Runtime/VisualScripting.Core/Serialization/Converters/NamespaceConverter.cs
 0.1 kb	 0.0% Packages/com.unity.visualscripting/Runtime/VisualScripting.Core/Reflection/RenamedFromAttribute.cs
 0.1 kb	 0.0% Packages/com.unity.visualscripting/Runtime/VisualScripting.Core/Reflection/Optimization/StaticInvokerBase.cs
 0.1 kb	 0.0% Packages/com.unity.visualscripting/Runtime/VisualScripting.Core/Reflection/Optimization/ReflectionInvoker.cs
 0.1 kb	 0.0% Packages/com.unity.visualscripting/Runtime/VisualScripting.Core/Reflection/Optimization/OptimizedReflection.cs
 0.1 kb	 0.0% Packages/com.unity.visualscripting/Runtime/VisualScripting.Core/Reflection/Optimization/IOptimizedInvoker.cs
 0.1 kb	 0.0% Packages/com.unity.visualscripting/Runtime/VisualScripting.Core/Reflection/Optimization/IOptimizedAccessor.cs
 0.1 kb	 0.0% Packages/com.unity.visualscripting/Runtime/VisualScripting.Core/Reflection/Operators/UnaryOperatorHandler.cs
 0.1 kb	 0.0% Packages/com.unity.visualscripting/Runtime/VisualScripting.Core/Reflection/Operators/SubtractionHandler.cs
 0.1 kb	 0.0% Packages/com.unity.visualscripting/Runtime/VisualScripting.Core/Reflection/Operators/RightShiftHandler.cs
 0.1 kb	 0.0% Packages/com.unity.visualscripting/Runtime/VisualScripting.Core/Reflection/Operators/OperatorException.cs
 0.1 kb	 0.0% Packages/com.unity.visualscripting/Runtime/VisualScripting.Core/Reflection/Operators/InequalityHandler.cs
 0.1 kb	 0.0% Packages/com.unity.visualscripting/Runtime/VisualScripting.Core/Reflection/Operators/GreaterThanHandler.cs
 0.1 kb	 0.0% Packages/com.unity.visualscripting/Runtime/VisualScripting.Core/Reflection/Operators/ExclusiveOrHandler.cs
 0.1 kb	 0.0% Packages/com.unity.visualscripting/Runtime/VisualScripting.Core/Reflection/MemberInfoComparer.cs
 0.1 kb	 0.0% Packages/com.unity.visualscripting/Runtime/VisualScripting.Core/Reflection/LooseAssemblyName.cs
 0.1 kb	 0.0% Packages/com.unity.visualscripting/Runtime/VisualScripting.Core/Reflection/IAttributeProvider.cs
 0.1 kb	 0.0% Packages/com.unity.visualscripting/Runtime/VisualScripting.Core/Reflection/ConversionUtility.cs
 0.1 kb	 0.0% Packages/com.unity.visualscripting/Runtime/VisualScripting.Core/Listeners/UnityMessageListener.cs
 0.1 kb	 0.0% Packages/com.unity.visualscripting/Runtime/VisualScripting.Core/Listeners/IGraphEventListener.cs
 0.1 kb	 0.0% Packages/com.unity.visualscripting/Runtime/VisualScripting.Core/Graphs/IGraphParentElement.cs
 0.1 kb	 0.0% Packages/com.unity.visualscripting/Runtime/VisualScripting.Core/Graphs/IGraphNesterElement.cs
 0.1 kb	 0.0% Packages/com.unity.visualscripting/Runtime/VisualScripting.Core/Graphs/IGraphElementData.cs
 0.1 kb	 0.0% Packages/com.unity.visualscripting/Runtime/VisualScripting.Core/Events/FrameDelayedCallback.cs
 0.1 kb	 0.0% Packages/com.unity.visualscripting/Runtime/VisualScripting.Core/Events/EventHookComparer.cs
 0.1 kb	 0.0% Packages/com.unity.visualscripting/Runtime/VisualScripting.Core/Ensure/ExceptionMessages.cs
 0.1 kb	 0.0% Packages/com.unity.visualscripting/Runtime/VisualScripting.Core/EditorBinding/TypeIconAttribute.cs
 0.1 kb	 0.0% Packages/com.unity.visualscripting/Runtime/VisualScripting.Core/EditorBinding/PredictableAttribute.cs
 0.1 kb	 0.0% Packages/com.unity.visualscripting/Runtime/VisualScripting.Core/EditorBinding/InspectableAttribute.cs
 0.1 kb	 0.0% Packages/com.unity.visualscripting/Runtime/VisualScripting.Core/EditorBinding/EditorTimeBinding.cs
 0.1 kb	 0.0% Packages/com.unity.visualscripting/Runtime/VisualScripting.Core/EditorBinding/EditorBindingUtility.cs
 0.1 kb	 0.0% Packages/com.unity.visualscripting/Runtime/VisualScripting.Core/EditorBinding/AllowsNullAttribute.cs
 0.1 kb	 0.0% Packages/com.unity.visualscripting/Runtime/VisualScripting.Core/Dependencies/FullSerializer/Internal/fsOption.cs
 0.1 kb	 0.0% Packages/com.unity.visualscripting/Runtime/VisualScripting.Core/Decorators/IDecoratorAttribute.cs
 0.1 kb	 0.0% Packages/com.unity.visualscripting/Runtime/VisualScripting.Core/Cloning/Cloners/AnimationCurveCloner.cs
 0.1 kb	 0.0% Packages/com.unity.ugui/Runtime/TMP/TMP_DynamicFontAssetUtilities.cs
 0.1 kb	 0.0% Packages/com.unity.timeline/Runtime/Utilities/AnimationPreviewUtilities.cs
 0.1 kb	 0.0% Packages/com.unity.timeline/Runtime/Playables/TimeNotificationBehaviour.cs
 0.1 kb	 0.0% Packages/com.unity.timeline/Runtime/Playables/ActivationControlPlayable.cs
 0.1 kb	 0.0% Packages/com.unity.timeline/Runtime/Events/INotificationOptionProvider.cs
 0.1 kb	 0.0% Packages/com.unity.render-pipelines.universal/Runtime/NoAllocUtils.cs
 0.1 kb	 0.0% Packages/com.unity.render-pipelines.universal/Runtime/2D/Light2D.cs
 0.1 kb	 0.0% Packages/com.unity.render-pipelines.universal/Runtime/2D/Clipper.cs
 0.1 kb	 0.0% Packages/com.unity.render-pipelines.core/Runtime/XR/XRSRPSettings.cs
 0.1 kb	 0.0% Packages/com.unity.render-pipelines.core/Runtime/Volume/VolumeProfile.cs
 0.1 kb	 0.0% Packages/com.unity.render-pipelines.core/Runtime/Volume/VolumeParameter.cs
 0.1 kb	 0.0% Packages/com.unity.render-pipelines.core/Runtime/Volume/VolumeManager.cs
 0.1 kb	 0.0% Packages/com.unity.render-pipelines.core/Runtime/Volume/VolumeDebugData.cs
 0.1 kb	 0.0% Packages/com.unity.render-pipelines.core/Runtime/Volume/VolumeComponent.cs
 0.1 kb	 0.0% Packages/com.unity.render-pipelines.core/Runtime/Volume/VolumeCollection.cs
 0.1 kb	 0.0% Packages/com.unity.render-pipelines.core/Runtime/Volume/KeyframeUtility.cs
 0.1 kb	 0.0% Packages/com.unity.render-pipelines.core/Runtime/Utilities/TileLayoutUtils.cs
 0.1 kb	 0.0% Packages/com.unity.render-pipelines.core/Runtime/Utilities/TextureGradient.cs
 0.1 kb	 0.0% Packages/com.unity.render-pipelines.core/Runtime/Utilities/ResourceReloader.cs
 0.1 kb	 0.0% Packages/com.unity.render-pipelines.core/Runtime/Utilities/LightUnitUtils.cs
 0.1 kb	 0.0% Packages/com.unity.render-pipelines.core/Runtime/Utilities/HaltonSequence.cs
 0.1 kb	 0.0% Packages/com.unity.render-pipelines.core/Runtime/Utilities/HDROutputUtils.cs
 0.1 kb	 0.0% Packages/com.unity.render-pipelines.core/Runtime/Utilities/GPUPrefixSum/GPUPrefixSum.Data.cs
 0.1 kb	 0.0% Packages/com.unity.render-pipelines.core/Runtime/Utilities/DelegateUtility.cs
 0.1 kb	 0.0% Packages/com.unity.render-pipelines.core/Runtime/Utilities/CoreMatrixUtils.cs
 0.1 kb	 0.0% Packages/com.unity.render-pipelines.core/Runtime/Utilities/ColorSpaceUtils.cs
 0.1 kb	 0.0% Packages/com.unity.render-pipelines.core/Runtime/Utilities/ArrayExtensions.cs
 0.1 kb	 0.0% Packages/com.unity.render-pipelines.core/Runtime/Textures/Texture2DAtlas.cs
 0.1 kb	 0.0% Packages/com.unity.render-pipelines.core/Runtime/Textures/RTHandleSystem.cs
 0.1 kb	 0.0% Packages/com.unity.render-pipelines.core/Runtime/RenderPipeline/IVolumetricCloud.cs
 0.1 kb	 0.0% Packages/com.unity.render-pipelines.core/Runtime/RenderPipeline/ICloudBackground.cs
 0.1 kb	 0.0% Packages/com.unity.render-pipelines.core/Runtime/RenderGraph/RenderGraphCompilationCache.cs
 0.1 kb	 0.0% Packages/com.unity.render-pipelines.core/Runtime/PostProcessing/LensFlareDataSRP.cs
 0.1 kb	 0.0% Packages/com.unity.render-pipelines.core/Runtime/Lighting/ProbeVolume/ProbeBrickPool.cs
 0.1 kb	 0.0% Packages/com.unity.render-pipelines.core/Runtime/Lighting/ProbeVolume/ProbeBrickIndex.cs
 0.1 kb	 0.0% Packages/com.unity.render-pipelines.core/Runtime/GPUDriven/InstanceData/InstanceType.cs
 0.1 kb	 0.0% Packages/com.unity.render-pipelines.core/Runtime/GPUDriven/InstanceData/InstanceData.cs
 0.1 kb	 0.0% Packages/com.unity.render-pipelines.core/Runtime/Debugging/ProfilingScope.cs
 0.1 kb	 0.0% Packages/com.unity.render-pipelines.core/Runtime/Debugging/FrameTiming/FrameTimeSample.cs
 0.1 kb	 0.0% Packages/com.unity.render-pipelines.core/Runtime/Debugging/DebugManager.UIState.cs
 0.1 kb	 0.0% Packages/com.unity.render-pipelines.core/Runtime/Debugging/DebugManager.Actions.cs
 0.1 kb	 0.0% Packages/com.unity.render-pipelines.core/Runtime/Debugging/DebugFrameTiming.cs
 0.1 kb	 0.0% Packages/com.unity.render-pipelines.core/Runtime/Common/SerializableEnum.cs
 0.1 kb	 0.0% Packages/com.unity.render-pipelines.core/Runtime/Common/ReloadAttribute.cs
 0.1 kb	 0.0% Packages/com.unity.render-pipelines.core/Runtime/Common/IAdditionalData.cs
 0.1 kb	 0.0% Packages/com.unity.render-pipelines.core/Runtime/Common/DynamicString.cs
 0.1 kb	 0.0% Packages/com.unity.render-pipelines.core/Runtime/Common/CoreUnsafeUtils.cs
 0.1 kb	 0.0% Packages/com.unity.render-pipelines.core/Runtime/Common/ContextContainer.cs
 0.1 kb	 0.0% Packages/com.unity.render-pipelines.core/Runtime/Common/ConstantBuffer.cs
 0.1 kb	 0.0% Packages/com.unity.render-pipelines.core/Runtime/Camera/CameraSwitcher.cs
 0.1 kb	 0.0% Packages/com.unity.inputsystem/InputSystem/Utilities/Comparers.cs
 0.1 kb	 0.0% Packages/com.unity.inputsystem/InputSystem/State/InputStateHistory.cs
 0.1 kb	 0.0% Packages/com.unity.inputsystem/InputSystem/State/InputStateBuffers.cs
 0.1 kb	 0.0% Packages/com.unity.inputsystem/InputSystem/State/IInputStateTypeInfo.cs
 0.1 kb	 0.0% Packages/com.unity.inputsystem/InputSystem/Plugins/iOS/InputSettingsiOSProvider.cs
 0.1 kb	 0.0% Packages/com.unity.inputsystem/InputSystem/Plugins/Users/InputUserSettings.cs
 0.1 kb	 0.0% Packages/com.unity.inputsystem/InputSystem/Plugins/PlayerInput/PlayerInputEditor.cs
 0.1 kb	 0.0% Packages/com.unity.inputsystem/InputSystem/Plugins/EnhancedTouch/TouchSimulation.cs
 0.1 kb	 0.0% Packages/com.unity.inputsystem/InputSystem/NativeInputRuntime.cs
 0.1 kb	 0.0% Packages/com.unity.inputsystem/InputSystem/Events/InputEventListener.cs
 0.1 kb	 0.0% Packages/com.unity.inputsystem/InputSystem/Events/IMECompositionEvent.cs
 0.1 kb	 0.0% Packages/com.unity.inputsystem/InputSystem/Events/IInputEventTypeInfo.cs
 0.1 kb	 0.0% Packages/com.unity.inputsystem/InputSystem/Events/DeviceRemoveEvent.cs
 0.1 kb	 0.0% Packages/com.unity.inputsystem/InputSystem/Editor/UITKAssetEditor/Views/MatchingControlPaths.cs
 0.1 kb	 0.0% Packages/com.unity.inputsystem/InputSystem/Editor/UITKAssetEditor/Views/IViewStateCollection.cs
 0.1 kb	 0.0% Packages/com.unity.inputsystem/InputSystem/Editor/UITKAssetEditor/Views/ControlSchemesView.cs
 0.1 kb	 0.0% Packages/com.unity.inputsystem/InputSystem/Editor/UITKAssetEditor/Views/ActionPropertiesView.cs
 0.1 kb	 0.0% Packages/com.unity.inputsystem/InputSystem/Editor/UITKAssetEditor/EnumerableExtensions.cs
 0.1 kb	 0.0% Packages/com.unity.inputsystem/InputSystem/Editor/PropertyDrawers/InputActionMapDrawer.cs
 0.1 kb	 0.0% Packages/com.unity.inputsystem/InputSystem/Editor/PropertyDrawers/InputActionDrawer.cs
 0.1 kb	 0.0% Packages/com.unity.inputsystem/InputSystem/Editor/Internal/InputEventTreeView.cs
 0.1 kb	 0.0% Packages/com.unity.inputsystem/InputSystem/Editor/Internal/InputControlTreeView.cs
 0.1 kb	 0.0% Packages/com.unity.inputsystem/InputSystem/Editor/Internal/BuildProviderHelpers.cs
 0.1 kb	 0.0% Packages/com.unity.inputsystem/InputSystem/Editor/Internal/AdvancedDropdown/MultiLevelDataSource.cs
 0.1 kb	 0.0% Packages/com.unity.inputsystem/InputSystem/Editor/Internal/AdvancedDropdown/CallbackDataSource.cs
 0.1 kb	 0.0% Packages/com.unity.inputsystem/InputSystem/Editor/Internal/AdvancedDropdown/AdvancedDropdownItem.cs
 0.1 kb	 0.0% Packages/com.unity.inputsystem/InputSystem/Editor/Internal/AdvancedDropdown/AdvancedDropdownGUI.cs
 0.1 kb	 0.0% Packages/com.unity.inputsystem/InputSystem/Editor/InputParameterEditor.cs
 0.1 kb	 0.0% Packages/com.unity.inputsystem/InputSystem/Editor/DeviceSimulator/InputSystemPlugin.cs
 0.1 kb	 0.0% Packages/com.unity.inputsystem/InputSystem/Editor/Debugger/InputDebuggerWindow.cs
 0.1 kb	 0.0% Packages/com.unity.inputsystem/InputSystem/Editor/ControlPicker/InputControlPicker.cs
 0.1 kb	 0.0% Packages/com.unity.inputsystem/InputSystem/Editor/BuildPipeline/LinkFileGenerator.cs
 0.1 kb	 0.0% Packages/com.unity.inputsystem/InputSystem/Editor/AssetImporter/InputActionImporter.cs
 0.1 kb	 0.0% Packages/com.unity.inputsystem/InputSystem/Editor/AssetEditor/PropertiesViewBase.cs
 0.1 kb	 0.0% Packages/com.unity.inputsystem/InputSystem/Editor/AssetEditor/InputActionTreeView.cs
 0.1 kb	 0.0% Packages/com.unity.inputsystem/InputSystem/Editor/Analytics/InputEditorAnalytics.cs
 0.1 kb	 0.0% Packages/com.unity.inputsystem/InputSystem/Editor/Analytics/InputBuildAnalytic.cs
 0.1 kb	 0.0% Packages/com.unity.inputsystem/InputSystem/Devices/InputDeviceMatcher.cs
 0.1 kb	 0.0% Packages/com.unity.inputsystem/InputSystem/Devices/InputDeviceBuilder.cs
 0.1 kb	 0.0% Packages/com.unity.inputsystem/InputSystem/Devices/ITextInputReceiver.cs
 0.1 kb	 0.0% Packages/com.unity.inputsystem/InputSystem/Devices/IEventPreProcessor.cs
 0.1 kb	 0.0% Packages/com.unity.inputsystem/InputSystem/Devices/ICustomDeviceReset.cs
 0.1 kb	 0.0% Packages/com.unity.inputsystem/InputSystem/Devices/Commands/RequestSyncCommand.cs
 0.1 kb	 0.0% Packages/com.unity.inputsystem/InputSystem/Devices/Commands/RequestResetCommand.cs
 0.1 kb	 0.0% Packages/com.unity.inputsystem/InputSystem/Devices/Commands/QueryUserIdCommand.cs
 0.1 kb	 0.0% Packages/com.unity.inputsystem/InputSystem/Devices/Commands/QueryKeyNameCommand.cs
 0.1 kb	 0.0% Packages/com.unity.inputsystem/InputSystem/Devices/Commands/InputDeviceCommand.cs
 0.1 kb	 0.0% Packages/com.unity.inputsystem/InputSystem/Devices/Commands/EnableDeviceCommand.cs
 0.1 kb	 0.0% Packages/com.unity.inputsystem/InputSystem/Devices/Commands/DisableDeviceCommand.cs
 0.1 kb	 0.0% Packages/com.unity.inputsystem/InputSystem/Controls/TouchPressControl.cs
 0.1 kb	 0.0% Packages/com.unity.inputsystem/InputSystem/Controls/TouchPhaseControl.cs
 0.1 kb	 0.0% Packages/com.unity.inputsystem/InputSystem/Controls/QuaternionControl.cs
 0.1 kb	 0.0% Packages/com.unity.inputsystem/InputSystem/Controls/InputControlLayout.cs
 0.1 kb	 0.0% Packages/com.unity.inputsystem/InputSystem/Controls/InputControlExtensions.cs
 0.1 kb	 0.0% Packages/com.unity.inputsystem/InputSystem/Actions/InputInteractionContext.cs
 0.1 kb	 0.0% Packages/com.unity.inputsystem/InputSystem/Actions/InputBindingComposite.cs
 0.1 kb	 0.0% Packages/com.unity.inputsystem/InputSystem/Actions/IInputActionCollection.cs
 0.1 kb	 0.0% Packages/com.unity.collections/Unity.Collections/NativeNotBurstCompatible.cs
 0.1 kb	 0.0% Packages/com.meta.xr.sdk.voice/Scripts/Runtime/Utilities/MicPermissionsManager.cs
 0.1 kb	 0.0% Packages/com.meta.xr.sdk.voice/Lib/Wit.ai/Scripts/Runtime/Interfaces/IWitConfigurationProvider.cs
 0.1 kb	 0.0% Packages/com.meta.xr.sdk.voice/Lib/Wit.ai/Scripts/Runtime/Interfaces/IVoiceServiceRequestProvider.cs
 0.1 kb	 0.0% Packages/com.meta.xr.sdk.voice/Lib/Wit.ai/Scripts/Runtime/Interfaces/ITranscriptionEventProvider.cs
 0.1 kb	 0.0% Packages/com.meta.xr.sdk.voice/Lib/Wit.ai/Scripts/Runtime/Interfaces/CustomTranscriptionProvider.cs
 0.1 kb	 0.0% Packages/com.meta.xr.sdk.voice/Lib/Wit.ai/Scripts/Runtime/Events/UnityEventListeners/AudioEventListener.cs
 0.1 kb	 0.0% Packages/com.meta.xr.sdk.voice/Lib/Wit.ai/Scripts/Runtime/Data/Entities/EntityRegistryComponents/DynamicEntityKeywordRegistry.cs
 0.1 kb	 0.0% Packages/com.meta.xr.sdk.voice/Lib/Wit.ai/Scripts/Runtime/Data/Entities/DynamicEntityDataProvider.cs
 0.1 kb	 0.0% Packages/com.meta.xr.sdk.voice/Lib/Wit.ai/Lib/Wit/Runtime/Requests/UnityRequests/WitServerRequestConfiguration.cs
 0.1 kb	 0.0% Packages/com.meta.xr.sdk.voice/Lib/Wit.ai/Lib/Wit/Runtime/Requests/UnityRequests/WitRuntimeRequestConfiguration.cs
 0.1 kb	 0.0% Packages/com.meta.xr.sdk.voice/Lib/Wit.ai/Lib/Wit/Runtime/Net/WebSockets/NativeWebSocketWrapper.cs
 0.1 kb	 0.0% Packages/com.meta.xr.sdk.voice/Lib/Wit.ai/Features/TTS/Scripts/Runtime/Interfaces/ITTSRuntimeCacheHandler.cs
 0.1 kb	 0.0% Packages/com.meta.xr.sdk.voice/Lib/Wit.ai/Features/TTS/Scripts/Runtime/Integrations/TTSWitRequestSettings.cs
 0.1 kb	 0.0% Packages/com.meta.xr.sdk.voice/Lib/Wit.ai/Features/TTS/Scripts/Runtime/Integrations/TTSRuntimePlaybackCache.cs
 0.1 kb	 0.0% Packages/com.meta.xr.sdk.voice/Lib/Telemetry/Scripts/Runtime/RuntimeTelemetry.cs
 0.1 kb	 0.0% Packages/com.meta.xr.sdk.voice/Lib/Telemetry/Scripts/Runtime/ITelemetryWriter.cs
 0.1 kb	 0.0% Packages/com.meta.xr.sdk.voice/Lib/Hub/Scripts/Runtime/Attributes/MetaHubPageAttribute.cs
 0.1 kb	 0.0% Packages/com.meta.xr.sdk.voice/Lib/Common/Scripts/Runtime/Listeners/SlotHandler.cs
 0.1 kb	 0.0% Packages/com.meta.xr.sdk.voice/Features/Composer/Composer/Lib/Wit.ai/Features/composer/Scripts/Runtime/Integrations/WitComposerService.cs
 0.1 kb	 0.0% Packages/com.meta.xr.sdk.voice/Features/Composer/Composer/Lib/Wit.ai/Features/composer/Scripts/Runtime/Integrations/WitComposerConstants.cs
 0.1 kb	 0.0% Packages/com.meta.xr.sdk.voice/Features/Composer/Composer/Lib/Wit.ai/Features/composer/Scripts/Runtime/Data/BaseReservedContextPath.cs
 0.1 kb	 0.0% Packages/com.meta.xr.sdk.interaction/Runtime/Scripts/Unity/UnityCanvas/CanvasRenderTexture.cs
 0.1 kb	 0.0% Packages/com.meta.xr.sdk.interaction/Runtime/Scripts/Unity/UnityCanvas/CanvasMeshRenderer.cs
 0.1 kb	 0.0% Packages/com.meta.xr.sdk.interaction/Runtime/Scripts/Throw/RANSACVelocityCalculator.cs
 0.1 kb	 0.0% Packages/com.meta.xr.sdk.interaction/Runtime/Scripts/Throw/IThrowVelocityCalculator.cs
 0.1 kb	 0.0% Packages/com.meta.xr.sdk.interaction/Runtime/Scripts/PoseDetection/SequenceActiveState.cs
 0.1 kb	 0.0% Packages/com.meta.xr.sdk.interaction/Runtime/Scripts/PoseDetection/JointDeltaProvider.cs
 0.1 kb	 0.0% Packages/com.meta.xr.sdk.interaction/Runtime/Scripts/PoseDetection/FeatureDescription.cs
 0.1 kb	 0.0% Packages/com.meta.xr.sdk.interaction/Runtime/Scripts/PoseDetection/FeatureConfigBuilder.cs
 0.1 kb	 0.0% Packages/com.meta.xr.sdk.interaction/Runtime/Scripts/Interaction/Models/Locomotion/Tunneling/LocomotionTunneling.cs
 0.1 kb	 0.0% Packages/com.meta.xr.sdk.interaction/Runtime/Scripts/Interaction/Models/Locomotion/Teleport/Visuals/TeleportArcVisual.cs
 0.1 kb	 0.0% Packages/com.meta.xr.sdk.interaction/Runtime/Scripts/Interaction/Models/Locomotion/Teleport/TeleportInteractor.cs
 0.1 kb	 0.0% Packages/com.meta.xr.sdk.interaction/Runtime/Scripts/Interaction/Models/Locomotion/Teleport/TeleportInteractable.cs
 0.1 kb	 0.0% Packages/com.meta.xr.sdk.interaction/Runtime/Scripts/Interaction/Models/Locomotion/Teleport/TeleportArcGravity.cs
 0.1 kb	 0.0% Packages/com.meta.xr.sdk.interaction/Runtime/Scripts/Interaction/Models/HandGrab/PoseMeasureParameters.cs
 0.1 kb	 0.0% Packages/com.meta.xr.sdk.interaction/Runtime/Scripts/Interaction/Core/VirtualActiveState.cs
 0.1 kb	 0.0% Packages/com.meta.xr.sdk.interaction/Runtime/Scripts/Input/OneEuroFilter/HandFilterParameterBlock.cs
 0.1 kb	 0.0% Packages/com.meta.xr.sdk.interaction/Runtime/Scripts/Input/Hands/IHandSkeletonProvider.cs
 0.1 kb	 0.0% Packages/com.meta.xr.sdk.interaction/Runtime/Scripts/Input/Hands/FromHandPrefabDataSource.cs
 0.1 kb	 0.0% Packages/com.meta.xr.sdk.interaction/Runtime/Scripts/Input/Hands/DataModifiers/JointRotationHistoryHand.cs
 0.1 kb	 0.0% Packages/com.meta.xr.sdk.interaction/Runtime/Scripts/Input/Hands/ControllerAnimatedHand.cs
 0.1 kb	 0.0% Packages/com.meta.xr.sdk.interaction/Runtime/Scripts/Input/Controllers/IControllerDataModifier.cs
 0.1 kb	 0.0% Packages/com.meta.xr.sdk.interaction/Runtime/Scripts/Input/Controllers/ControllerHandDataSource.cs
 0.1 kb	 0.0% Packages/com.meta.xr.sdk.interaction/Runtime/Sample/Scripts/PanelWithManipulators/UpdateRoundedBoxAnchorConstraint.cs
 0.1 kb	 0.0% Packages/com.meta.xr.sdk.interaction/Runtime/Sample/Scripts/Locomotion/LocomotorSound.cs
 0.1 kb	 0.0% Packages/com.meta.xr.sdk.interaction/Runtime/Sample/Scripts/Locomotion/AdjustableAudio.cs
 0.1 kb	 0.0% Packages/com.meta.xr.sdk.interaction/Runtime/Sample/Scripts/Body/LockedBodyPose.cs
 0.1 kb	 0.0% Packages/com.meta.xr.sdk.interaction/Runtime/Sample/Scripts/Body/BodyPoseSwitcher.cs
 0.1 kb	 0.0% Packages/com.meta.xr.sdk.interaction.ovr/Runtime/Scripts/Input/OVRButtonActiveState.cs
 0.1 kb	 0.0% Packages/com.meta.xr.sdk.interaction.ovr/Runtime/Sample/Scripts/PassThrough/MRPassthrough.cs
 0.1 kb	 0.0% Packages/com.meta.xr.sdk.interaction.ovr/Runtime/Sample/Scripts/MultiModal/PingPongPaddle.cs
 0.1 kb	 0.0% Packages/com.meta.xr.sdk.interaction.ovr/Runtime/Sample/Scripts/Menu/MenuWristButton.cs
 0.1 kb	 0.0% Packages/com.meta.xr.sdk.core/Scripts/OVRVirtualKeyboard/OVRVirtualKeyboardInputFieldTextHandler.cs
 0.1 kb	 0.0% Packages/com.meta.xr.sdk.core/Scripts/OVRVirtualKeyboard/OVRVirtualKeyboardControllerInputHandler.cs
 0.1 kb	 0.0% Packages/com.meta.xr.sdk.core/Scripts/OVRSimultaneousHandsAndControllersSample.cs
 0.1 kb	 0.0% Packages/com.meta.xr.sdk.core/Scripts/OVRGLTFAnimationNodeMorphTargetHandler.cs
 0.1 kb	 0.0% Packages/com.meta.xr.sdk.core/Scripts/ImmersiveDebugger/Utils/ValueContainer/Implementations/Vector3Container.cs
 0.1 kb	 0.0% Packages/com.meta.xr.sdk.core/Scripts/ImmersiveDebugger/Utils/ValueContainer/Implementations/Vector2Container.cs
 0.1 kb	 0.0% Packages/com.meta.xr.sdk.core/Scripts/ImmersiveDebugger/Utils/ValueContainer/Implementations/IntegerContainer.cs
 0.1 kb	 0.0% Packages/com.meta.xr.sdk.core/Scripts/ImmersiveDebugger/Utils/ValueContainer/Implementations/FloatContainer.cs
 0.1 kb	 0.0% Packages/com.meta.xr.sdk.core/Scripts/ImmersiveDebugger/Utils/Resources/Values/InspectorsPanelPositions.asset
 0.1 kb	 0.0% Packages/com.meta.xr.sdk.core/Scripts/ImmersiveDebugger/Utils/Resources/Values/ConsolePanelPositions.asset
 0.1 kb	 0.0% Packages/com.meta.xr.sdk.core/Scripts/ImmersiveDebugger/Utils/InstanceHandle.cs
 0.1 kb	 0.0% Packages/com.meta.xr.sdk.core/Scripts/ImmersiveDebugger/Utils/InstanceCache.cs
 0.1 kb	 0.0% Packages/com.meta.xr.sdk.core/Scripts/ImmersiveDebugger/Utils/ConsoleLogsCache.cs
 0.1 kb	 0.0% Packages/com.meta.xr.sdk.core/Scripts/ImmersiveDebugger/Utils/AssemblyParser.cs
 0.1 kb	 0.0% Packages/com.meta.xr.sdk.core/Scripts/ImmersiveDebugger/UserInterface/Resources/Styles/ImageStyles/ToggleButtonIcon.asset
 0.1 kb	 0.0% Packages/com.meta.xr.sdk.core/Scripts/ImmersiveDebugger/UserInterface/Resources/Styles/ImageStyles/PanelButtonIcon.asset
 0.1 kb	 0.0% Packages/com.meta.xr.sdk.core/Scripts/ImmersiveDebugger/UserInterface/Resources/Styles/ImageStyles/PanelBackground.asset
 0.1 kb	 0.0% Packages/com.meta.xr.sdk.core/Scripts/ImmersiveDebugger/UserInterface/Resources/Styles/ImageStyles/MiniButtonIcon.asset
 0.1 kb	 0.0% Packages/com.meta.xr.sdk.core/Scripts/ImmersiveDebugger/UserInterface/Resources/Styles/ImageStyles/LogCollapseIcon.asset
 0.1 kb	 0.0% Packages/com.meta.xr.sdk.core/Scripts/ImmersiveDebugger/UserInterface/Resources/Styles/ImageStyles/DownArrowIcon.asset
 0.1 kb	 0.0% Packages/com.meta.xr.sdk.core/Scripts/ImmersiveDebugger/UserInterface/Resources/Styles/ImageStyles/CloseButtonIcon.asset
 0.1 kb	 0.0% Packages/com.meta.xr.sdk.core/Scripts/ImmersiveDebugger/UserInterface/Resources/Styles/ImageStyles/BarBackground.asset
 0.1 kb	 0.0% Packages/com.meta.xr.sdk.core/Scripts/ImmersiveDebugger/UserInterface/Inspector.cs
 0.1 kb	 0.0% Packages/com.meta.xr.sdk.core/Scripts/ImmersiveDebugger/UserInterface/Generic/Styles/Style.cs
 0.1 kb	 0.0% Packages/com.meta.xr.sdk.core/Scripts/ImmersiveDebugger/UserInterface/Generic/MonoBehaviours/Cursor.cs
 0.1 kb	 0.0% Packages/com.meta.xr.sdk.core/Scripts/ImmersiveDebugger/UserInterface/Generic/Controllers/Implementations/Toggle.cs
 0.1 kb	 0.0% Packages/com.meta.xr.sdk.core/Scripts/ImmersiveDebugger/UserInterface/Generic/Controllers/Implementations/TextArea.cs
 0.1 kb	 0.0% Packages/com.meta.xr.sdk.core/Scripts/ImmersiveDebugger/UserInterface/Generic/Controllers/Implementations/Switch.cs
 0.1 kb	 0.0% Packages/com.meta.xr.sdk.core/Scripts/ImmersiveDebugger/UserInterface/Generic/Controllers/Implementations/Slider.cs
 0.1 kb	 0.0% Packages/com.meta.xr.sdk.core/Scripts/ImmersiveDebugger/UserInterface/Generic/Controllers/Implementations/Panel.cs
 0.1 kb	 0.0% Packages/com.meta.xr.sdk.core/Scripts/ImmersiveDebugger/UserInterface/Generic/Controllers/Implementations/Label.cs
 0.1 kb	 0.0% Packages/com.meta.xr.sdk.core/Scripts/ImmersiveDebugger/UserInterface/Generic/Controllers/Implementations/Image.cs
 0.1 kb	 0.0% Packages/com.meta.xr.sdk.core/Scripts/ImmersiveDebugger/UserInterface/Generic/Controllers/Implementations/Dropdown.cs
 0.1 kb	 0.0% Packages/com.meta.xr.sdk.core/Scripts/ImmersiveDebugger/UserInterface/Generic/Controllers/Implementations/Button.cs
 0.1 kb	 0.0% Packages/com.meta.xr.sdk.core/Scripts/ImmersiveDebugger/UserInterface/DebugPanel.cs
 0.1 kb	 0.0% Packages/com.meta.xr.sdk.core/Scripts/ImmersiveDebugger/UserInterface/ConsoleLine.cs
 0.1 kb	 0.0% Packages/com.meta.xr.sdk.core/Scripts/ImmersiveDebugger/Interface/DebugAttributes.cs
 0.1 kb	 0.0% Packages/com.meta.xr.sdk.core/Scripts/ImmersiveDebugger/Gizmos/GizmoRenderer.cs
 0.1 kb	 0.0% Packages/com.meta.xr.sdk.core/Scripts/ImmersiveDebugger/Gizmos/DebugGizmos/PolylineRenderer.cs
 0.1 kb	 0.0% Packages/com.meta.xr.sdk.core/Scripts/BuildingBlocks/MultiplayerBlocks/Shared/Colocation/ColocationPackage/Runtime/INetworkData.cs
 0.1 kb	 0.0% Packages/com.meta.xr.mrutilitykit/Core/Scripts/Extensions/Vector3Extensions.cs
 0.1 kb	 0.0% Packages/com.meta.xr.mrutilitykit/Core/Scripts/Extensions/Vector2Extensions.cs
 0.1 kb	 0.0% Packages/com.unity.xr.openxr/Runtime/Settings/PackageSettingsLocator.cs
 0.1 kb	 0.0% Packages/com.unity.xr.openxr/Runtime/OpenXRProjectValidation.cs
 0.1 kb	 0.0% Packages/com.unity.xr.openxr/Runtime/OpenXRLoaderNoPreInit.cs
 0.1 kb	 0.0% Packages/com.unity.xr.openxr/Runtime/Features/DebugUtilsFeature.cs
 0.1 kb	 0.0% Packages/com.unity.xr.management/Runtime/XRManagerSettings.cs
 0.1 kb	 0.0% Packages/com.unity.xr.management/Runtime/XRGeneralSettings.cs
 0.1 kb	 0.0% Packages/com.unity.xr.legacyinputhelpers/Runtime/ArmModels/ArmModel.cs
 0.1 kb	 0.0% Packages/com.unity.xr.hands/Runtime/XRHandAnalyticsData.cs
 0.1 kb	 0.0% Packages/com.unity.xr.hands/Runtime/Gestures/XRFingerShapeMath.cs
 0.1 kb	 0.0% Packages/com.unity.xr.hands/Runtime/Capture/Recording/Impl/RawFrame.cs
 0.1 kb	 0.0% Packages/com.unity.xr.hands/Runtime/Capture/Playback/XRHandPlayback.cs
 0.1 kb	 0.0% Packages/com.unity.xr.hands/Runtime/Capture/Playback/Impl/PlaybackProvider.cs
 0.1 kb	 0.0% Packages/com.unity.xr.core-utils/Runtime/ScriptableSettingsBase.cs
 0.1 kb	 0.0% Packages/com.unity.xr.core-utils/Runtime/Extensions/MonoBehaviourExtensions.cs
 0.1 kb	 0.0% Packages/com.unity.xr.core-utils/Runtime/Datums/StringDatumProperty.cs
 0.1 kb	 0.0% Packages/com.unity.xr.core-utils/Runtime/Datums/FloatDatumProperty.cs
 0.1 kb	 0.0% Packages/com.unity.xr.core-utils/Runtime/Datums/AnimationCurveDatum.cs
 0.1 kb	 0.0% Packages/com.unity.webrtc/Runtime/Scripts/SetSessionDescriptionObserver.cs
 0.1 kb	 0.0% Packages/com.unity.webrtc/Runtime/Scripts/CreateSessionDescriptionObserver.cs
 0.1 kb	 0.0% Packages/com.unity.visualscripting/Runtime/VisualScripting.Core/Ensure/EnsureThat.ValueTypes.cs
 0.1 kb	 0.0% Packages/com.unity.visualscripting/Runtime/VisualScripting.Core/Ensure/EnsureThat.Reflection.cs
 0.1 kb	 0.0% Packages/com.unity.visualscripting/Runtime/VisualScripting.Core/Ensure/EnsureThat.Comparables.cs
 0.1 kb	 0.0% Packages/com.unity.visualscripting/Runtime/VisualScripting.Core/Ensure/EnsureThat.Collections.cs
 0.1 kb	 0.0% Packages/com.unity.visualscripting/Runtime/VisualScripting.Core/Dependencies/FullSerializer/fsSerializer.cs
 0.1 kb	 0.0% Packages/com.unity.visualscripting/Runtime/VisualScripting.Core/Dependencies/FullSerializer/fsJsonParser.cs
 0.1 kb	 0.0% Packages/com.unity.visualscripting/Runtime/VisualScripting.Core/Dependencies/FullSerializer/fsConverter.cs
 0.1 kb	 0.0% Packages/com.unity.visualscripting/Runtime/VisualScripting.Core/Dependencies/FullSerializer/fsContext.cs
 0.1 kb	 0.0% Packages/com.unity.visualscripting/Runtime/VisualScripting.Core/Dependencies/FullSerializer/Reflection/fsTypeCache.cs
 0.1 kb	 0.0% Packages/com.unity.visualscripting/Runtime/VisualScripting.Core/Dependencies/FullSerializer/Reflection/fsMetaType.cs
 0.1 kb	 0.0% Packages/com.unity.ugui/Runtime/UGUI/EventSystem/InputModules/StandaloneInputModule.cs
 0.1 kb	 0.0% Packages/com.unity.rendering.light-transport/Runtime/UnifiedRayTracing/Compute/RadeonRays/StringIDs.cs
 0.1 kb	 0.0% Packages/com.unity.rendering.light-transport/Runtime/UnifiedRayTracing/Compute/RadeonRays/Common.cs
 0.1 kb	 0.0% Packages/com.unity.rendering.light-transport/Runtime/UnifiedRayTracing/Compute/RadeonRays/BvhCheck.cs
 0.1 kb	 0.0% Packages/com.unity.render-pipelines.universal/Runtime/StpUtils.cs
 0.1 kb	 0.0% Packages/com.unity.render-pipelines.universal/Runtime/Overrides/Vignette.cs
 0.1 kb	 0.0% Packages/com.unity.render-pipelines.universal/Runtime/Overrides/Bloom.cs
 0.1 kb	 0.0% Packages/com.unity.render-pipelines.core/Runtime/XR/XRView.cs
 0.1 kb	 0.0% Packages/com.unity.render-pipelines.core/Runtime/XR/XRSystem.cs
 0.1 kb	 0.0% Packages/com.unity.render-pipelines.core/Runtime/XR/XRPass.cs
 0.1 kb	 0.0% Packages/com.unity.render-pipelines.core/Runtime/XR/XRLayout.cs
 0.1 kb	 0.0% Packages/com.unity.render-pipelines.core/Runtime/GPUDriven/BatchLayers.cs
 0.1 kb	 0.0% Packages/com.unity.render-pipelines.core/Runtime/Debugging/DebugUI.Containers.cs
 0.1 kb	 0.0% Packages/com.unity.multiplayer.center/Common/AnswerData.cs
 0.1 kb	 0.0% Packages/com.unity.inputsystem/InputSystem/Utilities/StringHelpers.cs
 0.1 kb	 0.0% Packages/com.unity.inputsystem/InputSystem/Utilities/SpriteUtilities.cs
 0.1 kb	 0.0% Packages/com.unity.inputsystem/InputSystem/Utilities/PrimitiveValue.cs
 0.1 kb	 0.0% Packages/com.unity.inputsystem/InputSystem/Utilities/PredictiveParser.cs
 0.1 kb	 0.0% Packages/com.unity.inputsystem/InputSystem/Utilities/NumberHelpers.cs
 0.1 kb	 0.0% Packages/com.unity.inputsystem/InputSystem/Utilities/MemoryHelpers.cs
 0.1 kb	 0.0% Packages/com.unity.inputsystem/InputSystem/Utilities/InternedString.cs
 0.1 kb	 0.0% Packages/com.unity.inputsystem/InputSystem/Utilities/ExceptionHelpers.cs
 0.1 kb	 0.0% Packages/com.unity.inputsystem/InputSystem/Utilities/DelegateHelpers.cs
 0.1 kb	 0.0% Packages/com.unity.inputsystem/InputSystem/Plugins/iOS/iOSStepCounter.cs
 0.1 kb	 0.0% Packages/com.unity.inputsystem/InputSystem/Plugins/XR/TrackedPoseDriver.cs
 0.1 kb	 0.0% Packages/com.unity.inputsystem/InputSystem/Plugins/XR/Haptics/BufferedRumble.cs
 0.1 kb	 0.0% Packages/com.unity.inputsystem/InputSystem/Plugins/UI/VirtualMouseInput.cs
 0.1 kb	 0.0% Packages/com.unity.inputsystem/InputSystem/Plugins/UI/INavigationEventData.cs
 0.1 kb	 0.0% Packages/com.unity.inputsystem/InputSystem/Plugins/UI/BaseInputOverride.cs
 0.1 kb	 0.0% Packages/com.unity.inputsystem/InputSystem/Plugins/DualShock/DualShockSupport.cs
 0.1 kb	 0.0% Packages/com.unity.inputsystem/InputSystem/Plugins/DualShock/DualShockGamepad.cs
 0.1 kb	 0.0% Packages/com.unity.inputsystem/InputSystem/Controls/Processors/ScaleProcessor.cs
 0.1 kb	 0.0% Packages/com.unity.inputsystem/InputSystem/Controls/Processors/InvertProcessor.cs
 0.1 kb	 0.0% Packages/com.unity.inputsystem/InputSystem/Controls/Processors/ClampProcessor.cs
 0.1 kb	 0.0% Packages/com.unity.inputsystem/InputSystem/Actions/Interactions/TapInteraction.cs
 0.1 kb	 0.0% Packages/com.unity.inputsystem/InputSystem/Actions/Interactions/PressInteraction.cs
 0.1 kb	 0.0% Packages/com.unity.inputsystem/InputSystem/Actions/Interactions/HoldInteraction.cs
 0.1 kb	 0.0% Packages/com.unity.inputsystem/InputSystem/Actions/InputActionTrace.cs
 0.1 kb	 0.0% Packages/com.unity.inputsystem/InputSystem/Actions/Composites/Vector3Composite.cs
 0.1 kb	 0.0% Packages/com.unity.inputsystem/InputSystem/Actions/Composites/Vector2Composite.cs
 0.1 kb	 0.0% Packages/com.unity.inputsystem/InputSystem/Actions/Composites/AxisComposite.cs
 0.1 kb	 0.0% Packages/com.unity.collections/Unity.Collections/UnsafeBitArray.cs
 0.1 kb	 0.0% Packages/com.unity.collections/Unity.Collections/UTF8ArrayUnsafeUtility.cs
 0.1 kb	 0.0% Packages/com.unity.collections/Unity.Collections/StreamCompressionModel.cs
 0.1 kb	 0.0% Packages/com.unity.collections/Unity.Collections/NativeArrayExtensions.cs
 0.1 kb	 0.0% Packages/com.unity.collections/Unity.Collections/FixedStringInternalMethods.cs
 0.1 kb	 0.0% Packages/com.unity.collections/Unity.Collections/FixedStringFormatMethods.gen.cs
 0.1 kb	 0.0% Packages/com.unity.burst/Runtime/CompilerServices/SkipLocalsInitAttribute.cs
 0.1 kb	 0.0% Packages/com.unity.burst/Runtime/CompilerServices/IgnoreWarningAttribute.cs
 0.1 kb	 0.0% Packages/com.unity.ai.navigation/Runtime/NavMeshModifierVolume.cs
 0.1 kb	 0.0% Packages/com.meta.xr.sdk.voice/Scripts/Runtime/Interfaces/IPlatformVoiceService.cs
 0.1 kb	 0.0% Packages/com.meta.xr.sdk.voice/Scripts/Runtime/Bindings/Android/VoiceSDKImplRequest.cs
 0.1 kb	 0.0% Packages/com.meta.xr.sdk.voice/Lib/Wit.ai/Scripts/Runtime/Requests/VoiceServiceRequestResults.cs
 0.1 kb	 0.0% Packages/com.meta.xr.sdk.voice/Lib/Wit.ai/Scripts/Runtime/Requests/VoiceServiceRequestOptions.cs
 0.1 kb	 0.0% Packages/com.meta.xr.sdk.voice/Lib/Wit.ai/Scripts/Runtime/Requests/VoiceServiceRequestEvents.cs
 0.1 kb	 0.0% Packages/com.meta.xr.sdk.voice/Lib/Wit.ai/Scripts/Runtime/Lib/Mic/Common/IAudioLevelRangeProvider.cs
 0.1 kb	 0.0% Packages/com.meta.xr.sdk.voice/Lib/Wit.ai/Scripts/Runtime/Lib/Mic/Common/IAudioInputSource.cs
 0.1 kb	 0.0% Packages/com.meta.xr.sdk.voice/Lib/Wit.ai/Lib/third-party/NLayer/Decoder/LayerIIDecoderBase.cs
 0.1 kb	 0.0% Packages/com.meta.xr.sdk.voice/Lib/Wit.ai/Lib/Conduit/Runtime/Attributes/ConduitParameterAttribute.cs
 0.1 kb	 0.0% Packages/com.meta.xr.sdk.voice/Lib/Wit.ai/Features/TTS/Scripts/Runtime/Utilities/TTSSpeakerBodyAnimator.cs
 0.1 kb	 0.0% Packages/com.meta.xr.sdk.voice/Lib/Wit.ai/Features/TTS/Scripts/Runtime/LipSync/VisemeTextureFlipLipSync.cs
 0.1 kb	 0.0% Packages/com.meta.xr.sdk.voice/Lib/Wit.ai/Features/TTS/Scripts/Runtime/LipSync/VisemeLipSyncAnimator.cs
 0.1 kb	 0.0% Packages/com.meta.xr.sdk.voice/Lib/Wit.ai/Features/TTS/Scripts/Runtime/LipSync/VisemeBlendShapeLipSync.cs
 0.1 kb	 0.0% Packages/com.meta.xr.sdk.voice/Lib/Wit.ai/Features/TTS/Scripts/Runtime/LipSync/VisemeAnimatorProvider.cs
 0.1 kb	 0.0% Packages/com.meta.xr.sdk.voice/Lib/Wit.ai/Features/TTS/Scripts/Runtime/LipSync/BaseTextureFlipLipSync.cs
 0.1 kb	 0.0% Packages/com.meta.xr.sdk.voice/Lib/PlatformCompatibility/Scripts/Runtime/Interfaces/IConnection.cs
 0.1 kb	 0.0% Packages/com.meta.xr.sdk.platform/Scripts/StandalonePlatformSettings.cs
 0.1 kb	 0.0% Packages/com.meta.xr.sdk.platform/Scripts/Models/UserAccountAgeCategory.cs
 0.1 kb	 0.0% Packages/com.meta.xr.sdk.platform/Scripts/Models/PartyUpdateNotification.cs
 0.1 kb	 0.0% Packages/com.meta.xr.sdk.platform/Scripts/Models/LivestreamingVideoStats.cs
 0.1 kb	 0.0% Packages/com.meta.xr.sdk.platform/Scripts/Models/LivestreamingStartResult.cs
 0.1 kb	 0.0% Packages/com.meta.xr.sdk.platform/Scripts/Models/LaunchUnblockFlowResult.cs
 0.1 kb	 0.0% Packages/com.meta.xr.sdk.platform/Scripts/Models/LaunchReportFlowResult.cs
 0.1 kb	 0.0% Packages/com.meta.xr.sdk.platform/Scripts/Models/LaunchBlockFlowResult.cs
 0.1 kb	 0.0% Packages/com.meta.xr.sdk.platform/Scripts/Models/InvitePanelResultInfo.cs
 0.1 kb	 0.0% Packages/com.meta.xr.sdk.platform/Scripts/Models/GroupPresenceLeaveIntent.cs
 0.1 kb	 0.0% Packages/com.meta.xr.sdk.platform/Scripts/Models/GroupPresenceJoinIntent.cs
 0.1 kb	 0.0% Packages/com.meta.xr.sdk.platform/Scripts/Models/AssetFileDownloadUpdate.cs
 0.1 kb	 0.0% Packages/com.meta.xr.sdk.platform/Scripts/Models/AssetFileDownloadResult.cs
 0.1 kb	 0.0% Packages/com.meta.xr.sdk.platform/Scripts/Models/AssetFileDeleteResult.cs
 0.1 kb	 0.0% Packages/com.meta.xr.sdk.platform/Scripts/Models/AchievementDefinition.cs
 0.1 kb	 0.0% Packages/com.meta.xr.sdk.platform/Scripts/AdvancedAbuseReportOptions.cs
 0.1 kb	 0.0% Packages/com.meta.xr.sdk.interaction/Runtime/Scripts/Unity/RigidbodyKinematicLocker.cs
 0.1 kb	 0.0% Packages/com.meta.xr.sdk.interaction/Runtime/Scripts/Unity/PointableCanvasModule.cs
 0.1 kb	 0.0% Packages/com.meta.xr.sdk.interaction/Runtime/Scripts/Selection/Hands/ShoulderEstimatePosition.cs
 0.1 kb	 0.0% Packages/com.meta.xr.sdk.interaction/Runtime/Scripts/Selection/Controllers/ControllerPointerPose.cs
 0.1 kb	 0.0% Packages/com.meta.xr.sdk.interaction/Runtime/Scripts/PoseDetection/JointDeltaProviderRef.cs
 0.1 kb	 0.0% Packages/com.meta.xr.sdk.interaction/Runtime/Scripts/Movements/MoveFromTargetProvider.cs
 0.1 kb	 0.0% Packages/com.meta.xr.sdk.interaction/Runtime/Scripts/Interaction/Visuals/InteractorDebugVisual.cs
 0.1 kb	 0.0% Packages/com.meta.xr.sdk.interaction/Runtime/Scripts/Interaction/Visuals/InteractableDebugVisual.cs
 0.1 kb	 0.0% Packages/com.meta.xr.sdk.interaction/Runtime/Scripts/Interaction/Visuals/InteractableColorVisual.cs
 0.1 kb	 0.0% Packages/com.meta.xr.sdk.interaction/Runtime/Scripts/Interaction/Surfaces/PhysicsLayerSurface.cs
 0.1 kb	 0.0% Packages/com.meta.xr.sdk.interaction/Runtime/Scripts/Interaction/Surfaces/ClippedPlaneSurface.cs
 0.1 kb	 0.0% Packages/com.meta.xr.sdk.interaction/Runtime/Scripts/Interaction/Models/UseGrab/UseFingerControllerAPI.cs
 0.1 kb	 0.0% Packages/com.meta.xr.sdk.interaction/Runtime/Scripts/Interaction/Models/UseGrab/IHandGrabUseDelegate.cs
 0.1 kb	 0.0% Packages/com.meta.xr.sdk.interaction/Runtime/Scripts/Interaction/Models/TouchHandGrab/TouchHandGrabInteractor.cs
 0.1 kb	 0.0% Packages/com.meta.xr.sdk.interaction/Runtime/Scripts/Interaction/Models/TouchHandGrab/HandSphereMapGenerator.cs
 0.1 kb	 0.0% Packages/com.meta.xr.sdk.interaction/Runtime/Scripts/Interaction/Models/Snap/SurfaceSnapPoseDelegate.cs
 0.1 kb	 0.0% Packages/com.meta.xr.sdk.interaction/Runtime/Scripts/Interaction/Models/Snap/SequentialSlotsProvider.cs
 0.1 kb	 0.0% Packages/com.meta.xr.sdk.interaction/Runtime/Scripts/Interaction/Models/Ray/Visuals/RayInteractorPinchVisual.cs
 0.1 kb	 0.0% Packages/com.meta.xr.sdk.interaction/Runtime/Scripts/Interaction/Models/Ray/Visuals/RayInteractorDebugGizmos.cs
 0.1 kb	 0.0% Packages/com.meta.xr.sdk.interaction/Runtime/Scripts/Interaction/Models/Poke/Visuals/PokeInteractableVisual.cs
 0.1 kb	 0.0% Packages/com.meta.xr.sdk.interaction/Runtime/Scripts/Interaction/Models/Poke/Visuals/HandPokeLimiterVisual.cs
 0.1 kb	 0.0% Packages/com.meta.xr.sdk.interaction/Runtime/Scripts/Interaction/Models/Locomotion/Teleport/Visuals/ActiveStateFingerVisual.cs
 0.1 kb	 0.0% Packages/com.meta.xr.sdk.interaction/Runtime/Scripts/Interaction/Models/HandGrab/IHandGrabInteractor.cs
 0.1 kb	 0.0% Packages/com.meta.xr.sdk.interaction/Runtime/Scripts/Interaction/Models/HandGrab/HandGrabInteractor.cs
 0.1 kb	 0.0% Packages/com.meta.xr.sdk.interaction/Runtime/Scripts/Interaction/Models/HandGrab/HandGrabInteraction.cs
 0.1 kb	 0.0% Packages/com.meta.xr.sdk.interaction/Runtime/Scripts/Interaction/Models/HandGrab/HandGrabInteractable.cs
 0.1 kb	 0.0% Packages/com.meta.xr.sdk.interaction/Runtime/Scripts/Interaction/Models/DistanceGrab/DistanceGrabInteractor.cs
 0.1 kb	 0.0% Packages/com.meta.xr.sdk.interaction/Runtime/Scripts/Interaction/Models/DistanceGrab/DistanceGrabInteractable.cs
 0.1 kb	 0.0% Packages/com.meta.xr.sdk.interaction/Runtime/Scripts/Interaction/Grabbable/TwoGrabRotateTransformer.cs
 0.1 kb	 0.0% Packages/com.meta.xr.sdk.interaction/Runtime/Scripts/Interaction/Grabbable/TwoGrabPlaneTransformer.cs
 0.1 kb	 0.0% Packages/com.meta.xr.sdk.interaction/Runtime/Scripts/Interaction/Grabbable/TwoGrabFreeTransformer.cs
 0.1 kb	 0.0% Packages/com.meta.xr.sdk.interaction/Runtime/Scripts/Interaction/Grabbable/OneGrabSphereTransformer.cs
 0.1 kb	 0.0% Packages/com.meta.xr.sdk.interaction/Runtime/Scripts/Interaction/Grabbable/OneGrabRotateTransformer.cs
 0.1 kb	 0.0% Packages/com.meta.xr.sdk.interaction/Runtime/Scripts/Interaction/Grabbable/OneGrabFreeTransformer.cs
 0.1 kb	 0.0% Packages/com.meta.xr.sdk.interaction/Runtime/Scripts/Interaction/Core/InteractorActiveState.cs
 0.1 kb	 0.0% Packages/com.meta.xr.sdk.interaction/Runtime/Scripts/Interaction/Core/InteractableGroupView.cs
 0.1 kb	 0.0% Packages/com.meta.xr.sdk.interaction/Runtime/Scripts/Interaction/Core/GameObjectActiveState.cs
 0.1 kb	 0.0% Packages/com.meta.xr.sdk.interaction/Runtime/Scripts/Interaction/Core/DPadUnityEventWrapper.cs
 0.1 kb	 0.0% Packages/com.meta.xr.sdk.interaction/Runtime/Scripts/Interaction/Core/ControllerActiveState.cs
 0.1 kb	 0.0% Packages/com.meta.xr.sdk.interaction/Runtime/Scripts/Interaction/Core/BestHoverInteractorGroup.cs
 0.1 kb	 0.0% Packages/com.meta.xr.sdk.interaction/Runtime/Scripts/Input/Axis1DPrioritySelector.cs
 0.1 kb	 0.0% Packages/com.meta.xr.sdk.interaction/Runtime/Scripts/HandGlow/HandPokeOvershootGlow.cs
 0.1 kb	 0.0% Packages/com.meta.xr.sdk.interaction/Runtime/Scripts/HandGlow/HandFingerMaskGenerator.cs
 0.1 kb	 0.0% Packages/com.meta.xr.sdk.interaction/Runtime/Scripts/Grab/Visuals/HandGrabStateVisual.cs
 0.1 kb	 0.0% Packages/com.meta.xr.sdk.interaction/Runtime/Scripts/Grab/Visuals/GrabStrengthIndicator.cs
 0.1 kb	 0.0% Packages/com.meta.xr.sdk.interaction/Runtime/Scripts/Grab/SnapSurfaces/BoxGrabSurface.cs
 0.1 kb	 0.0% Packages/com.meta.xr.sdk.interaction/Runtime/Scripts/Grab/FingerRawPinchAPI.cs
 0.1 kb	 0.0% Packages/com.meta.xr.sdk.interaction/Runtime/Scripts/Grab/FingerPinchGrabAPI.cs
 0.1 kb	 0.0% Packages/com.meta.xr.sdk.interaction/Runtime/Scripts/Grab/FingerPalmGrabAPI.cs
 0.1 kb	 0.0% Packages/com.meta.xr.sdk.interaction/Runtime/Scripts/DistanceGrab/Visuals/ReticleDataMesh.cs
 0.1 kb	 0.0% Packages/com.meta.xr.sdk.interaction/Runtime/Scripts/DistanceGrab/Visuals/ReticleDataIcon.cs
 0.1 kb	 0.0% Packages/com.meta.xr.sdk.interaction/Runtime/Scripts/DistanceGrab/Visuals/ReticleDataGhost.cs
 0.1 kb	 0.0% Packages/com.meta.xr.sdk.interaction/Runtime/Scripts/Attributes/ConditionalHideAttribute.cs
 0.1 kb	 0.0% Packages/com.meta.xr.sdk.interaction/Runtime/Sample/Scripts/UseGrabPressure/PressureSquishable.cs
 0.1 kb	 0.0% Packages/com.meta.xr.sdk.interaction/Runtime/Sample/Scripts/UseGrabPressure/PressureBreakable.cs
 0.1 kb	 0.0% Packages/com.meta.xr.sdk.interaction/Runtime/Sample/Scripts/Snap/ConstantRotation.cs
 0.1 kb	 0.0% Packages/com.meta.xr.sdk.interaction/Runtime/Sample/Scripts/ScaleModifier.cs
 0.1 kb	 0.0% Packages/com.meta.xr.sdk.interaction/Runtime/Sample/Scripts/ScaleAudioEvents.cs
 0.1 kb	 0.0% Packages/com.meta.xr.sdk.interaction/Runtime/Sample/Scripts/SamplesInfoPanel.cs
 0.1 kb	 0.0% Packages/com.meta.xr.sdk.interaction/Runtime/Sample/Scripts/RespawnOnDrop.cs
 0.1 kb	 0.0% Packages/com.meta.xr.sdk.interaction/Runtime/Sample/Scripts/PoseUseSample.cs
 0.1 kb	 0.0% Packages/com.meta.xr.sdk.interaction/Runtime/Sample/Scripts/MultiModal/SlingshotPellet.cs
 0.1 kb	 0.0% Packages/com.meta.xr.sdk.interaction/Runtime/Sample/Scripts/Locomotion/LocomotionSettings/TogglerActiveState.cs
 0.1 kb	 0.0% Packages/com.meta.xr.sdk.interaction/Runtime/Sample/Scripts/CountdownTimer.cs
 0.1 kb	 0.0% Packages/com.meta.xr.sdk.interaction/Runtime/Sample/Objects/UISet/Scripts/DropDownGroup.cs
 0.1 kb	 0.0% Packages/com.meta.xr.sdk.interaction.ovr/Runtime/Scripts/Input/SetDisplayRefresh.cs
 0.1 kb	 0.0% Packages/com.meta.xr.sdk.interaction.ovr/Runtime/Scripts/Input/OVRControllerUtility.cs
 0.1 kb	 0.0% Packages/com.meta.xr.sdk.interaction.ovr/Runtime/Scripts/Input/FromOVRHmdDataSource.cs
 0.1 kb	 0.0% Packages/com.meta.xr.sdk.core/Scripts/Util/SampleMetadata/SampleTelemetryEvents.cs
 0.1 kb	 0.0% Packages/com.meta.xr.sdk.core/Scripts/ImmersiveDebugger/UserInterface/Resources/Styles/LayoutStyles/ConsoleLineLogDetailsLabel.asset
 0.1 kb	 0.0% Packages/com.meta.xr.sdk.core/Scripts/ImmersiveDebugger/UserInterface/Resources/Styles/ImageStyles/WarningIcon.asset
 0.1 kb	 0.0% Packages/com.meta.xr.sdk.core/Scripts/ImmersiveDebugger/UserInterface/Resources/Styles/ImageStyles/PillWarning.asset
 0.1 kb	 0.0% Packages/com.meta.xr.sdk.core/Scripts/ImmersiveDebugger/UserInterface/Resources/Styles/ImageStyles/PillError.asset
 0.1 kb	 0.0% Packages/com.meta.xr.sdk.core/Scripts/ImmersiveDebugger/UserInterface/Resources/Styles/ImageStyles/NoticeIcon.asset
 0.1 kb	 0.0% Packages/com.meta.xr.sdk.core/Scripts/ImmersiveDebugger/UserInterface/Resources/Styles/ImageStyles/MiniCounter.asset
 0.1 kb	 0.0% Packages/com.meta.xr.sdk.core/Scripts/ImmersiveDebugger/UserInterface/Resources/Styles/ImageStyles/ErrorIcon.asset
 0.1 kb	 0.0% Packages/com.meta.xr.sdk.core/Scripts/ImmersiveDebugger/RuntimeSettings.cs
 0.1 kb	 0.0% Packages/com.meta.xr.sdk.core/Scripts/ImmersiveDebugger/Managers/WatchManager.cs
 0.1 kb	 0.0% Packages/com.meta.xr.sdk.core/Scripts/ImmersiveDebugger/Managers/TweakManager.cs
 0.1 kb	 0.0% Packages/com.meta.xr.sdk.core/Scripts/ImmersiveDebugger/Managers/Hooks/GizmoHook.cs
 0.1 kb	 0.0% Packages/com.meta.xr.sdk.core/Scripts/ImmersiveDebugger/Managers/Hooks/ActionHook.cs
 0.1 kb	 0.0% Packages/com.meta.xr.sdk.core/Scripts/ImmersiveDebugger/Managers/GizmoManager.cs
 0.1 kb	 0.0% Packages/com.meta.xr.sdk.core/Scripts/ImmersiveDebugger/Managers/DebugManager.cs
 0.1 kb	 0.0% Packages/com.meta.xr.sdk.core/Scripts/ImmersiveDebugger/InspectedData/InspectedData.cs
 0.1 kb	 0.0% Packages/com.meta.xr.sdk.core/Scripts/ImmersiveDebugger/DebugInspector/DebugInspector.cs
 0.1 kb	 0.0% Packages/com.meta.xr.sdk.core/Scripts/BuildingBlocks/SharedSpatialAnchorCore/SharedSpatialAnchorErrorHandler.cs
 0.1 kb	 0.0% Packages/com.meta.xr.sdk.core/Scripts/BuildingBlocks/RoomMesh/RoomMeshController.cs
 0.1 kb	 0.0% Packages/com.meta.xr.sdk.core/Editor/OVRPlatformToolSettings.cs
 0.1 kb	 0.0% Packages/com.meta.xr.sdk.audio/Runtime/scripts/MetaXRAudioRoomAcousticProperties.cs
 0.1 kb	 0.0% Packages/com.meta.xr.mrutilitykit/Core/Scripts/SceneDecorator/SceneDecoratorTypes.cs
 0.1 kb	 0.0% Packages/com.meta.xr.mrutilitykit/Core/Scripts/SceneDecorator/SceneDecorator.cs
 0.1 kb	 0.0% Packages/com.meta.xr.mrutilitykit/Core/Scripts/SceneDecorator/SceneDecoration.cs
 0.1 kb	 0.0% Packages/com.meta.xr.mrutilitykit/Core/Scripts/SceneDecorator/Modifier/ScaleModifier.cs
 0.1 kb	 0.0% Packages/com.meta.xr.mrutilitykit/Core/Scripts/SceneDecorator/Modifier/RotationModifier.cs
 0.1 kb	 0.0% Packages/com.meta.xr.mrutilitykit/Core/Scripts/SceneDecorator/Masks/StochasticMask.cs
 0.1 kb	 0.0% Packages/com.meta.xr.mrutilitykit/Core/Scripts/SceneDecorator/Masks/SpaceMapGPUMask.cs
 0.1 kb	 0.0% Packages/com.meta.xr.mrutilitykit/Core/Scripts/SceneDecorator/Masks/SimplexNoiseMask.cs
 0.1 kb	 0.0% Packages/com.meta.xr.mrutilitykit/Core/Scripts/SceneDecorator/Masks/RayDistanceMask.cs
 0.1 kb	 0.0% Packages/com.meta.xr.mrutilitykit/Core/Scripts/SceneDecorator/Masks/NotInsideMask.cs
 0.1 kb	 0.0% Packages/com.meta.xr.mrutilitykit/Core/Scripts/SceneDecorator/Masks/CompositeMaskMul.cs
 0.1 kb	 0.0% Packages/com.meta.xr.mrutilitykit/Core/Scripts/SceneDecorator/Masks/CompositeMaskMin.cs
 0.1 kb	 0.0% Packages/com.meta.xr.mrutilitykit/Core/Scripts/SceneDecorator/Masks/CompositeMaskMax.cs
 0.1 kb	 0.0% Packages/com.meta.xr.mrutilitykit/Core/Scripts/SceneDecorator/Masks/CompositeMaskAvg.cs
 0.1 kb	 0.0% Packages/com.meta.xr.mrutilitykit/Core/Scripts/SceneDecorator/Masks/CompositeMaskAdd.cs
 0.1 kb	 0.0% Packages/com.meta.xr.mrutilitykit/Core/Scripts/SceneDecorator/Editor/ModifierEditor.cs
 0.1 kb	 0.0% Packages/com.meta.xr.mrutilitykit/Core/Scripts/SceneDecorator/Distributions/GridDistribution.cs
 0.1 kb	 0.0% Assets/Scripts/Quest3ControllerPointerPoseCorrector.cs
 0.1 kb	 0.0% Assets/Resources/OculusRuntimeSettings.asset
 0.1 kb	 0.0% Packages/com.unity.xr.openxr/Runtime/NativeTypes/XR_EXT_spatial_persistence_operations/OpenXRNativeApi.cs
 0.1 kb	 0.0% Packages/com.unity.xr.openxr/Runtime/NativeTypes/XR_EXT_spatial_persistence/OpenXRNativeApi.cs
 0.1 kb	 0.0% Packages/com.unity.xr.openxr/Runtime/NativeTypes/XR_EXT_spatial_entity/OpenXRNativeApi.cs
 0.1 kb	 0.0% Packages/com.unity.xr.openxr/Runtime/NativeTypes/XR_EXT_spatial_anchor/OpenXRNativeApi.cs
 0.1 kb	 0.0% Packages/com.unity.xr.openxr/Runtime/NativeTypes/XR_EXT_future/OpenXRNativeApi.cs
 0.1 kb	 0.0% Packages/com.unity.xr.openxr/Runtime/NativeTypes/Core/XrQuaternionf.cs
 0.1 kb	 0.0% Packages/com.unity.xr.openxr/Runtime/NativeTypes/Core/PollEventRouter.cs
 0.1 kb	 0.0% Packages/com.unity.xr.hands/Runtime/XRHandSubsystemActions.cs
 0.1 kb	 0.0% Packages/com.unity.xr.hands/Runtime/OpenXR/OpenXRHandProvider.cs
 0.1 kb	 0.0% Packages/com.unity.xr.hands/Runtime/OpenXR/MetaHandTrackingAim.cs
 0.1 kb	 0.0% Packages/com.unity.xr.hands/Runtime/Capture/XRHandCaptureFrame.cs
 0.1 kb	 0.0% Packages/com.unity.xr.core-utils/Runtime/Attributes/EnumDisplayAttribute.cs
 0.1 kb	 0.0% Packages/com.unity.visualscripting/Runtime/VisualScripting.State/Units/SetStateGraph.cs
 0.1 kb	 0.0% Packages/com.unity.visualscripting/Runtime/VisualScripting.State/Units/GetStateGraphs.cs
 0.1 kb	 0.0% Packages/com.unity.visualscripting/Runtime/VisualScripting.State/Units/GetStateGraph.cs
 0.1 kb	 0.0% Packages/com.unity.visualscripting/Runtime/VisualScripting.State/StateTransition.cs
 0.1 kb	 0.0% Packages/com.unity.visualscripting/Runtime/VisualScripting.State/StateGraphData.cs
 0.1 kb	 0.0% Packages/com.unity.visualscripting/Runtime/VisualScripting.State/StateGraphAsset.cs
 0.1 kb	 0.0% Packages/com.unity.visualscripting/Runtime/VisualScripting.State/StateEventHooks.cs
 0.1 kb	 0.0% Packages/com.unity.visualscripting/Runtime/VisualScripting.State/IStateTransition.cs
 0.1 kb	 0.0% Packages/com.unity.visualscripting/Runtime/VisualScripting.State/IStateDebugData.cs
 0.1 kb	 0.0% Packages/com.unity.visualscripting/Runtime/VisualScripting.State/Framework/Graph/HasStateGraph.cs
 0.1 kb	 0.0% Packages/com.unity.visualscripting/Runtime/VisualScripting.Flow/UnitPreservation.cs
 0.1 kb	 0.0% Packages/com.unity.visualscripting/Runtime/VisualScripting.Flow/ScriptMachine.cs
 0.1 kb	 0.0% Packages/com.unity.visualscripting/Runtime/VisualScripting.Flow/ScriptGraphAsset.cs
 0.1 kb	 0.0% Packages/com.unity.visualscripting/Runtime/VisualScripting.Flow/Ports/InvalidOutput.cs
 0.1 kb	 0.0% Packages/com.unity.visualscripting/Runtime/VisualScripting.Flow/Ports/IUnitValuePort.cs
 0.1 kb	 0.0% Packages/com.unity.visualscripting/Runtime/VisualScripting.Flow/Ports/IUnitOutputPort.cs
 0.1 kb	 0.0% Packages/com.unity.visualscripting/Runtime/VisualScripting.Flow/Ports/IUnitInvalidPort.cs
 0.1 kb	 0.0% Packages/com.unity.visualscripting/Runtime/VisualScripting.Flow/Ports/IUnitInputPort.cs
 0.1 kb	 0.0% Packages/com.unity.visualscripting/Runtime/VisualScripting.Flow/Ports/IUnitControlPort.cs
 0.1 kb	 0.0% Packages/com.unity.visualscripting/Runtime/VisualScripting.Flow/Ports/ControlOutput.cs
 0.1 kb	 0.0% Packages/com.unity.visualscripting/Runtime/VisualScripting.Flow/MultiInputUnit.cs
 0.1 kb	 0.0% Packages/com.unity.visualscripting/Runtime/VisualScripting.Flow/IUnitDebugData.cs
 0.1 kb	 0.0% Packages/com.unity.visualscripting/Runtime/VisualScripting.Flow/Framework/Variables/SaveVariables.cs
 0.1 kb	 0.0% Packages/com.unity.visualscripting/Runtime/VisualScripting.Flow/Framework/Variables/Obsolete/SetVariableUnit.cs
 0.1 kb	 0.0% Packages/com.unity.visualscripting/Runtime/VisualScripting.Flow/Framework/Variables/Obsolete/SetSceneVariable.cs
 0.1 kb	 0.0% Packages/com.unity.visualscripting/Runtime/VisualScripting.Flow/Framework/Variables/Obsolete/SetSavedVariable.cs
 0.1 kb	 0.0% Packages/com.unity.visualscripting/Runtime/VisualScripting.Flow/Framework/Variables/Obsolete/SetGraphVariable.cs
 0.1 kb	 0.0% Packages/com.unity.visualscripting/Runtime/VisualScripting.Flow/Framework/Variables/Obsolete/IVariableUnit.cs
 0.1 kb	 0.0% Packages/com.unity.visualscripting/Runtime/VisualScripting.Flow/Framework/Variables/Obsolete/GetVariableUnit.cs
 0.1 kb	 0.0% Packages/com.unity.visualscripting/Runtime/VisualScripting.Flow/Framework/Variables/Obsolete/GetSceneVariable.cs
 0.1 kb	 0.0% Packages/com.unity.visualscripting/Runtime/VisualScripting.Flow/Framework/Variables/Obsolete/GetSavedVariable.cs
 0.1 kb	 0.0% Packages/com.unity.visualscripting/Runtime/VisualScripting.Flow/Framework/Variables/Obsolete/GetGraphVariable.cs
 0.1 kb	 0.0% Packages/com.unity.visualscripting/Runtime/VisualScripting.Flow/Framework/Time/WaitWhileUnit.cs
 0.1 kb	 0.0% Packages/com.unity.visualscripting/Runtime/VisualScripting.Flow/Framework/Time/WaitUntilUnit.cs
 0.1 kb	 0.0% Packages/com.unity.visualscripting/Runtime/VisualScripting.Flow/Framework/Math/Vector4/Vector4Subtract.cs
 0.1 kb	 0.0% Packages/com.unity.visualscripting/Runtime/VisualScripting.Flow/Framework/Math/Vector4/Vector4PerSecond.cs
 0.1 kb	 0.0% Packages/com.unity.visualscripting/Runtime/VisualScripting.Flow/Framework/Math/Vector4/Vector4Normalize.cs
 0.1 kb	 0.0% Packages/com.unity.visualscripting/Runtime/VisualScripting.Flow/Framework/Math/Vector4/Vector4Multiply.cs
 0.1 kb	 0.0% Packages/com.unity.visualscripting/Runtime/VisualScripting.Flow/Framework/Math/Vector4/Vector4Modulo.cs
 0.1 kb	 0.0% Packages/com.unity.visualscripting/Runtime/VisualScripting.Flow/Framework/Math/Vector4/Vector4Minimum.cs
 0.1 kb	 0.0% Packages/com.unity.visualscripting/Runtime/VisualScripting.Flow/Framework/Math/Vector4/Vector4Maximum.cs
 0.1 kb	 0.0% Packages/com.unity.visualscripting/Runtime/VisualScripting.Flow/Framework/Math/Vector4/Vector4Divide.cs
 0.1 kb	 0.0% Packages/com.unity.visualscripting/Runtime/VisualScripting.Flow/Framework/Math/Vector4/Vector4Distance.cs
 0.1 kb	 0.0% Packages/com.unity.visualscripting/Runtime/VisualScripting.Flow/Framework/Math/Vector4/Vector4Average.cs
 0.1 kb	 0.0% Packages/com.unity.visualscripting/Runtime/VisualScripting.Flow/Framework/Math/Vector4/Vector4Absolute.cs
 0.1 kb	 0.0% Packages/com.unity.visualscripting/Runtime/VisualScripting.Flow/Framework/Math/Vector3/Vector3Subtract.cs
 0.1 kb	 0.0% Packages/com.unity.visualscripting/Runtime/VisualScripting.Flow/Framework/Math/Vector3/Vector3Project.cs
 0.1 kb	 0.0% Packages/com.unity.visualscripting/Runtime/VisualScripting.Flow/Framework/Math/Vector3/Vector3PerSecond.cs
 0.1 kb	 0.0% Packages/com.unity.visualscripting/Runtime/VisualScripting.Flow/Framework/Math/Vector3/Vector3Normalize.cs
 0.1 kb	 0.0% Packages/com.unity.visualscripting/Runtime/VisualScripting.Flow/Framework/Math/Vector3/Vector3Multiply.cs
 0.1 kb	 0.0% Packages/com.unity.visualscripting/Runtime/VisualScripting.Flow/Framework/Math/Vector3/Vector3Modulo.cs
 0.1 kb	 0.0% Packages/com.unity.visualscripting/Runtime/VisualScripting.Flow/Framework/Math/Vector3/Vector3Minimum.cs
 0.1 kb	 0.0% Packages/com.unity.visualscripting/Runtime/VisualScripting.Flow/Framework/Math/Vector3/Vector3Maximum.cs
 0.1 kb	 0.0% Packages/com.unity.visualscripting/Runtime/VisualScripting.Flow/Framework/Math/Vector3/Vector3Divide.cs
 0.1 kb	 0.0% Packages/com.unity.visualscripting/Runtime/VisualScripting.Flow/Framework/Math/Vector3/Vector3Distance.cs
 0.1 kb	 0.0% Packages/com.unity.visualscripting/Runtime/VisualScripting.Flow/Framework/Math/Vector3/Vector3Average.cs
 0.1 kb	 0.0% Packages/com.unity.visualscripting/Runtime/VisualScripting.Flow/Framework/Math/Vector3/Vector3Absolute.cs
 0.1 kb	 0.0% Packages/com.unity.visualscripting/Runtime/VisualScripting.Flow/Framework/Math/Vector2/Vector2Subtract.cs
 0.1 kb	 0.0% Packages/com.unity.visualscripting/Runtime/VisualScripting.Flow/Framework/Math/Vector2/Vector2Project.cs
 0.1 kb	 0.0% Packages/com.unity.visualscripting/Runtime/VisualScripting.Flow/Framework/Math/Vector2/Vector2PerSecond.cs
 0.1 kb	 0.0% Packages/com.unity.visualscripting/Runtime/VisualScripting.Flow/Framework/Math/Vector2/Vector2Normalize.cs
 0.1 kb	 0.0% Packages/com.unity.visualscripting/Runtime/VisualScripting.Flow/Framework/Math/Vector2/Vector2Multiply.cs
 0.1 kb	 0.0% Packages/com.unity.visualscripting/Runtime/VisualScripting.Flow/Framework/Math/Vector2/Vector2Modulo.cs
 0.1 kb	 0.0% Packages/com.unity.visualscripting/Runtime/VisualScripting.Flow/Framework/Math/Vector2/Vector2Minimum.cs
 0.1 kb	 0.0% Packages/com.unity.visualscripting/Runtime/VisualScripting.Flow/Framework/Math/Vector2/Vector2Maximum.cs
 0.1 kb	 0.0% Packages/com.unity.visualscripting/Runtime/VisualScripting.Flow/Framework/Math/Vector2/Vector2Divide.cs
 0.1 kb	 0.0% Packages/com.unity.visualscripting/Runtime/VisualScripting.Flow/Framework/Math/Vector2/Vector2Distance.cs
 0.1 kb	 0.0% Packages/com.unity.visualscripting/Runtime/VisualScripting.Flow/Framework/Math/Vector2/Vector2Average.cs
 0.1 kb	 0.0% Packages/com.unity.visualscripting/Runtime/VisualScripting.Flow/Framework/Math/Vector2/Vector2Absolute.cs
 0.1 kb	 0.0% Packages/com.unity.visualscripting/Runtime/VisualScripting.Flow/Framework/Math/Scalar/ScalarSubtract.cs
 0.1 kb	 0.0% Packages/com.unity.visualscripting/Runtime/VisualScripting.Flow/Framework/Math/Scalar/ScalarPerSecond.cs
 0.1 kb	 0.0% Packages/com.unity.visualscripting/Runtime/VisualScripting.Flow/Framework/Math/Scalar/ScalarNormalize.cs
 0.1 kb	 0.0% Packages/com.unity.visualscripting/Runtime/VisualScripting.Flow/Framework/Math/Scalar/ScalarMultiply.cs
 0.1 kb	 0.0% Packages/com.unity.visualscripting/Runtime/VisualScripting.Flow/Framework/Math/Scalar/ScalarMinimum.cs
 0.1 kb	 0.0% Packages/com.unity.visualscripting/Runtime/VisualScripting.Flow/Framework/Math/Scalar/ScalarMaximum.cs
 0.1 kb	 0.0% Packages/com.unity.visualscripting/Runtime/VisualScripting.Flow/Framework/Math/Scalar/ScalarAverage.cs
 0.1 kb	 0.0% Packages/com.unity.visualscripting/Runtime/VisualScripting.Flow/Framework/Math/Scalar/ScalarAbsolute.cs
 0.1 kb	 0.0% Packages/com.unity.visualscripting/Runtime/VisualScripting.Flow/Framework/Math/Generic/GenericSubtract.cs
 0.1 kb	 0.0% Packages/com.unity.visualscripting/Runtime/VisualScripting.Flow/Framework/Math/Generic/GenericMultiply.cs
 0.1 kb	 0.0% Packages/com.unity.visualscripting/Runtime/VisualScripting.Flow/Framework/Math/Generic/GenericModulo.cs
 0.1 kb	 0.0% Packages/com.unity.visualscripting/Runtime/VisualScripting.Flow/Framework/Math/Generic/GenericDivide.cs
 0.1 kb	 0.0% Packages/com.unity.visualscripting/Runtime/VisualScripting.Flow/Framework/Logic/GreaterOrEqual.cs
 0.1 kb	 0.0% Packages/com.unity.visualscripting/Runtime/VisualScripting.Flow/Framework/Graph/SetScriptGraph.cs
 0.1 kb	 0.0% Packages/com.unity.visualscripting/Runtime/VisualScripting.Flow/Framework/Graph/HasScriptGraph.cs
 0.1 kb	 0.0% Packages/com.unity.visualscripting/Runtime/VisualScripting.Flow/Framework/Graph/GetScriptGraphs.cs
 0.1 kb	 0.0% Packages/com.unity.visualscripting/Runtime/VisualScripting.Flow/Framework/Graph/GetScriptGraph.cs
 0.1 kb	 0.0% Packages/com.unity.visualscripting/Runtime/VisualScripting.Flow/Framework/Events/Time/OnTimerElapsed.cs
 0.1 kb	 0.0% Packages/com.unity.visualscripting/Runtime/VisualScripting.Flow/Framework/Events/Rendering/OnBecameVisible.cs
 0.1 kb	 0.0% Packages/com.unity.visualscripting/Runtime/VisualScripting.Flow/Framework/Events/Physics2D/OnTriggerStay2D.cs
 0.1 kb	 0.0% Packages/com.unity.visualscripting/Runtime/VisualScripting.Flow/Framework/Events/Physics2D/OnTriggerExit2D.cs
 0.1 kb	 0.0% Packages/com.unity.visualscripting/Runtime/VisualScripting.Flow/Framework/Events/Physics2D/OnTriggerEnter2D.cs
 0.1 kb	 0.0% Packages/com.unity.visualscripting/Runtime/VisualScripting.Flow/Framework/Events/Physics2D/OnJointBreak2D.cs
 0.1 kb	 0.0% Packages/com.unity.visualscripting/Runtime/VisualScripting.Flow/Framework/Events/Physics/TriggerEventUnit.cs
 0.1 kb	 0.0% Packages/com.unity.visualscripting/Runtime/VisualScripting.Flow/Framework/Events/Physics/OnTriggerStay.cs
 0.1 kb	 0.0% Packages/com.unity.visualscripting/Runtime/VisualScripting.Flow/Framework/Events/Physics/OnTriggerExit.cs
 0.1 kb	 0.0% Packages/com.unity.visualscripting/Runtime/VisualScripting.Flow/Framework/Events/Physics/OnTriggerEnter.cs
 0.1 kb	 0.0% Packages/com.unity.visualscripting/Runtime/VisualScripting.Flow/Framework/Events/Physics/OnCollisionStay.cs
 0.1 kb	 0.0% Packages/com.unity.visualscripting/Runtime/VisualScripting.Flow/Framework/Events/Physics/OnCollisionExit.cs
 0.1 kb	 0.0% Packages/com.unity.visualscripting/Runtime/VisualScripting.Flow/Framework/Events/Physics/OnCollisionEnter.cs
 0.1 kb	 0.0% Packages/com.unity.visualscripting/Runtime/VisualScripting.Flow/Framework/Events/Input/OnKeyboardInput.cs
 0.1 kb	 0.0% Packages/com.unity.visualscripting/Runtime/VisualScripting.Flow/Framework/Events/Input/OnButtonInput.cs
 0.1 kb	 0.0% Packages/com.unity.visualscripting/Runtime/VisualScripting.Flow/Framework/Events/Input/IMouseEventUnit.cs
 0.1 kb	 0.0% Packages/com.unity.visualscripting/Runtime/VisualScripting.Flow/Framework/Events/GUI/PointerEventUnit.cs
 0.1 kb	 0.0% Packages/com.unity.visualscripting/Runtime/VisualScripting.Flow/Framework/Events/GUI/OnPointerExit.cs
 0.1 kb	 0.0% Packages/com.unity.visualscripting/Runtime/VisualScripting.Flow/Framework/Events/GUI/OnPointerEnter.cs
 0.1 kb	 0.0% Packages/com.unity.visualscripting/Runtime/VisualScripting.Flow/Framework/Events/GUI/OnPointerDown.cs
 0.1 kb	 0.0% Packages/com.unity.visualscripting/Runtime/VisualScripting.Flow/Framework/Events/GUI/OnPointerClick.cs
 0.1 kb	 0.0% Packages/com.unity.visualscripting/Runtime/VisualScripting.Flow/Framework/Events/GUI/OnButtonClick.cs
 0.1 kb	 0.0% Packages/com.unity.visualscripting/Runtime/VisualScripting.Flow/Framework/Events/CustomEventArgs.cs
 0.1 kb	 0.0% Packages/com.unity.visualscripting/Runtime/VisualScripting.Flow/Framework/Events/BoltUnityEvent.cs
 0.1 kb	 0.0% Packages/com.unity.visualscripting/Runtime/VisualScripting.Flow/Framework/Events/Animation/OnAnimatorMove.cs
 0.1 kb	 0.0% Packages/com.unity.visualscripting/Runtime/VisualScripting.Flow/Framework/Control/SwitchOnString.cs
 0.1 kb	 0.0% Packages/com.unity.visualscripting/Runtime/VisualScripting.Flow/Framework/Control/SwitchOnInteger.cs
 0.1 kb	 0.0% Packages/com.unity.visualscripting/Runtime/VisualScripting.Flow/Framework/Control/SelectOnString.cs
 0.1 kb	 0.0% Packages/com.unity.visualscripting/Runtime/VisualScripting.Flow/Framework/Control/SelectOnInteger.cs
 0.1 kb	 0.0% Packages/com.unity.visualscripting/Runtime/VisualScripting.Flow/Framework/Collections/Lists/RemoveListItemAt.cs
 0.1 kb	 0.0% Packages/com.unity.visualscripting/Runtime/VisualScripting.Flow/Framework/Collections/Lists/RemoveListItem.cs
 0.1 kb	 0.0% Packages/com.unity.visualscripting/Runtime/VisualScripting.Flow/Framework/Collections/Lists/ListContainsItem.cs
 0.1 kb	 0.0% Packages/com.unity.visualscripting/Runtime/VisualScripting.Flow/Framework/Collections/Lists/InsertListItem.cs
 0.1 kb	 0.0% Packages/com.unity.visualscripting/Runtime/VisualScripting.Flow/Framework/Collections/Dictionaries/CreateDictionary.cs
 0.1 kb	 0.0% Packages/com.unity.visualscripting/Runtime/VisualScripting.Flow/Framework/Collections/Dictionaries/ClearDictionary.cs
 0.1 kb	 0.0% Packages/com.unity.visualscripting/Runtime/VisualScripting.Flow/FlowGraphData.cs
 0.1 kb	 0.0% Packages/com.unity.visualscripting/Runtime/VisualScripting.Flow/EditorBinding/PortKeyAttribute.cs
 0.1 kb	 0.0% Packages/com.unity.visualscripting/Runtime/VisualScripting.Flow/Connections/ValueConnection.cs
 0.1 kb	 0.0% Packages/com.unity.visualscripting/Runtime/VisualScripting.Flow/Connections/IUnitRelation.cs
 0.1 kb	 0.0% Packages/com.unity.visualscripting/Runtime/VisualScripting.Flow/Connections/IUnitConnection.cs
 0.1 kb	 0.0% Packages/com.unity.visualscripting/Runtime/VisualScripting.Core/Variables/VariablesSaver.cs
 0.1 kb	 0.0% Packages/com.unity.visualscripting/Runtime/VisualScripting.Core/Variables/VariablesAsset.cs
 0.1 kb	 0.0% Packages/com.unity.visualscripting/Runtime/VisualScripting.Core/Variables/SceneVariables.cs
 0.1 kb	 0.0% Packages/com.unity.visualscripting/Runtime/VisualScripting.Core/Variables/SavedVariables.cs
 0.1 kb	 0.0% Packages/com.unity.visualscripting/Runtime/VisualScripting.Core/Variables/ObjectVariables.cs
 0.1 kb	 0.0% Packages/com.unity.visualscripting/Runtime/VisualScripting.Core/Utilities/StringUtility.cs
 0.1 kb	 0.0% Packages/com.unity.visualscripting/Runtime/VisualScripting.Core/Utilities/IInitializable.cs
 0.1 kb	 0.0% Packages/com.unity.visualscripting/Runtime/VisualScripting.Core/Utilities/IIdentifiable.cs
 0.1 kb	 0.0% Packages/com.unity.visualscripting/Runtime/VisualScripting.Core/Utilities/ExceptionUtility.cs
 0.1 kb	 0.0% Packages/com.unity.visualscripting/Runtime/VisualScripting.Core/Utilities/CoroutineRunner.cs
 0.1 kb	 0.0% Packages/com.unity.visualscripting/Runtime/VisualScripting.Core/Unity/LudiqBehaviour.cs
 0.1 kb	 0.0% Packages/com.unity.visualscripting/Runtime/VisualScripting.Core/Serialization/Serialization.cs
 0.1 kb	 0.0% Packages/com.unity.visualscripting/Runtime/VisualScripting.Core/Serialization/SerializableType.cs
 0.1 kb	 0.0% Packages/com.unity.visualscripting/Runtime/VisualScripting.Core/Serialization/DictionaryAsset.cs
 0.1 kb	 0.0% Packages/com.unity.visualscripting/Runtime/VisualScripting.Core/Serialization/Converters/Ray2DConverter.cs
 0.1 kb	 0.0% Packages/com.unity.visualscripting/Runtime/VisualScripting.Core/Reflection/RuntimeCodebase.cs
 0.1 kb	 0.0% Packages/com.unity.visualscripting/Runtime/VisualScripting.Core/Reflection/Operators/OperatorUtility.cs
 0.1 kb	 0.0% Packages/com.unity.visualscripting/Runtime/VisualScripting.Core/Reflection/Operators/OperatorHandler.cs
 0.1 kb	 0.0% Packages/com.unity.visualscripting/Runtime/VisualScripting.Core/Reflection/Operators/ModuloHandler.cs
 0.1 kb	 0.0% Packages/com.unity.visualscripting/Runtime/VisualScripting.Core/Reflection/Operators/LessThanHandler.cs
 0.1 kb	 0.0% Packages/com.unity.visualscripting/Runtime/VisualScripting.Core/Reflection/Operators/LeftShiftHandler.cs
 0.1 kb	 0.0% Packages/com.unity.visualscripting/Runtime/VisualScripting.Core/Reflection/Operators/IncrementHandler.cs
 0.1 kb	 0.0% Packages/com.unity.visualscripting/Runtime/VisualScripting.Core/Reflection/Operators/EqualityHandler.cs
 0.1 kb	 0.0% Packages/com.unity.visualscripting/Runtime/VisualScripting.Core/Reflection/Operators/DivisionHandler.cs
 0.1 kb	 0.0% Packages/com.unity.visualscripting/Runtime/VisualScripting.Core/Reflection/Operators/DecrementHandler.cs
 0.1 kb	 0.0% Packages/com.unity.visualscripting/Runtime/VisualScripting.Core/Reflection/Operators/AdditionHandler.cs
 0.1 kb	 0.0% Packages/com.unity.visualscripting/Runtime/VisualScripting.Core/Reflection/MemberUtility.cs
 0.1 kb	 0.0% Packages/com.unity.visualscripting/Runtime/VisualScripting.Core/Reflection/AttributeUtility.cs
 0.1 kb	 0.0% Packages/com.unity.visualscripting/Runtime/VisualScripting.Core/Profiling/ProfilingUtility.cs
 0.1 kb	 0.0% Packages/com.unity.visualscripting/Runtime/VisualScripting.Core/Profiling/ProfilingScope.cs
 0.1 kb	 0.0% Packages/com.unity.visualscripting/Runtime/VisualScripting.Core/Profiling/ProfiledSegment.cs
 0.1 kb	 0.0% Packages/com.unity.visualscripting/Runtime/VisualScripting.Core/Platforms/PlatformUtility.cs
 0.1 kb	 0.0% Packages/com.unity.visualscripting/Runtime/VisualScripting.Core/Platforms/IAotStubbable.cs
 0.1 kb	 0.0% Packages/com.unity.visualscripting/Runtime/VisualScripting.Core/Listeners/MessageListener.cs
 0.1 kb	 0.0% Packages/com.unity.visualscripting/Runtime/VisualScripting.Core/Graphs/IGraphElement.cs
 0.1 kb	 0.0% Packages/com.unity.visualscripting/Runtime/VisualScripting.Core/Graphs/IGraphDebugData.cs
 0.1 kb	 0.0% Packages/com.unity.visualscripting/Runtime/VisualScripting.Core/Graphs/GraphReference.cs
 0.1 kb	 0.0% Packages/com.unity.visualscripting/Runtime/VisualScripting.Core/Graphs/GraphInstances.cs
 0.1 kb	 0.0% Packages/com.unity.visualscripting/Runtime/VisualScripting.Core/Graphs/GraphDebugData.cs
 0.1 kb	 0.0% Packages/com.unity.visualscripting/Runtime/VisualScripting.Core/Events/IEventMachine.cs
 0.1 kb	 0.0% Packages/com.unity.visualscripting/Runtime/VisualScripting.Core/Events/EmptyEventArgs.cs
 0.1 kb	 0.0% Packages/com.unity.visualscripting/Runtime/VisualScripting.Core/Ensure/EnsureThat.Strings.cs
 0.1 kb	 0.0% Packages/com.unity.visualscripting/Runtime/VisualScripting.Core/Ensure/EnsureThat.Objects.cs
 0.1 kb	 0.0% Packages/com.unity.visualscripting/Runtime/VisualScripting.Core/Ensure/EnsureThat.Booleans.cs
 0.1 kb	 0.0% Packages/com.unity.visualscripting/Runtime/VisualScripting.Core/EditorBinding/TypeSetAttribute.cs
 0.1 kb	 0.0% Packages/com.unity.visualscripting/Runtime/VisualScripting.Core/Decorators/ValueAttribute.cs
 0.1 kb	 0.0% Packages/com.unity.visualscripting/Runtime/VisualScripting.Core/Collections/AotDictionary.cs
 0.1 kb	 0.0% Packages/com.unity.visualscripting/Runtime/VisualScripting.Core/Cloning/ISpecifiesCloner.cs
 0.1 kb	 0.0% Packages/com.unity.visualscripting/Runtime/VisualScripting.Core/Cloning/CloningContext.cs
 0.1 kb	 0.0% Packages/com.unity.visualscripting/Runtime/VisualScripting.Core/Cloning/Cloners/ReflectedCloner.cs
 0.1 kb	 0.0% Packages/com.unity.visualscripting/Runtime/VisualScripting.Core/Cloning/Cloners/GradientCloner.cs
 0.1 kb	 0.0% Packages/com.unity.visualscripting/Runtime/VisualScripting.Core/Cloning/Cloners/EnumerableCloner.cs
 0.1 kb	 0.0% Packages/com.unity.visualscripting/Runtime/VisualScripting.Core/Cloning/Cloners/DictionaryCloner.cs
 0.1 kb	 0.0% Packages/com.unity.ugui/Runtime/TMP/TMP_ScrollbarEventHandler.cs
 0.1 kb	 0.0% Packages/com.unity.ugui/Runtime/TMP/TMP_PackageResourceImporter.cs
 0.1 kb	 0.0% Packages/com.unity.timeline/Runtime/Utilities/TimelineCreateUtilities.cs
 0.1 kb	 0.0% Packages/com.unity.timeline/Runtime/Utilities/TimelineClipExtensions.cs
 0.1 kb	 0.0% Packages/com.unity.timeline/Runtime/Utilities/NotificationUtilities.cs
 0.1 kb	 0.0% Packages/com.unity.timeline/Runtime/Playables/PrefabControlPlayable.cs
 0.1 kb	 0.0% Packages/com.unity.timeline/Runtime/Playables/ParticleControlPlayable.cs
 0.1 kb	 0.0% Packages/com.unity.timeline/Runtime/Playables/DirectorControlPlayable.cs
 0.1 kb	 0.0% Packages/com.unity.timeline/Runtime/Events/Signals/CustomSignalEventDrawer.cs
 0.1 kb	 0.0% Packages/com.unity.timeline/Runtime/Attributes/TimelineHelpURLAttribute.cs
 0.1 kb	 0.0% Packages/com.unity.timeline/Runtime/Animation/AnimationPlayableAsset.cs
 0.1 kb	 0.0% Packages/com.unity.timeline/Runtime/Activation/ActivationPlayableAsset.cs
 0.1 kb	 0.0% Packages/com.unity.timeline/Runtime/Activation/ActivationMixerPlayable.cs
 0.1 kb	 0.0% Packages/com.unity.render-pipelines.core/Runtime/Volume/VolumeStack.cs
 0.1 kb	 0.0% Packages/com.unity.render-pipelines.core/Runtime/Utilities/TextureCurve.cs
 0.1 kb	 0.0% Packages/com.unity.render-pipelines.core/Runtime/Utilities/MeshGizmo.cs
 0.1 kb	 0.0% Packages/com.unity.render-pipelines.core/Runtime/Utilities/HashFNV1A32.cs
 0.1 kb	 0.0% Packages/com.unity.render-pipelines.core/Runtime/Utilities/HableCurve.cs
 0.1 kb	 0.0% Packages/com.unity.render-pipelines.core/Runtime/Utilities/GPUPrefixSum/GPUPrefixSum.cs
 0.1 kb	 0.0% Packages/com.unity.render-pipelines.core/Runtime/Utilities/CoreUtils.cs
 0.1 kb	 0.0% Packages/com.unity.render-pipelines.core/Runtime/Utilities/ColorUtils.cs
 0.1 kb	 0.0% Packages/com.unity.render-pipelines.core/Runtime/Textures/TextureXR.cs
 0.1 kb	 0.0% Packages/com.unity.render-pipelines.core/Runtime/Textures/RTHandles.cs
 0.1 kb	 0.0% Packages/com.unity.render-pipelines.core/Runtime/Stripping/IStripper.cs
 0.1 kb	 0.0% Packages/com.unity.render-pipelines.core/Runtime/ShaderLibrary/Sampling/Hammersley.cs
 0.1 kb	 0.0% Packages/com.unity.render-pipelines.core/Runtime/Lighting/ProbeVolume/ProbeVolume.cs
 0.1 kb	 0.0% Packages/com.unity.render-pipelines.core/Runtime/GPUDriven/FrustumPlanes.cs
 0.1 kb	 0.0% Packages/com.unity.render-pipelines.core/Runtime/Debugging/Prefabs/Scripts/UIFoldout.cs
 0.1 kb	 0.0% Packages/com.unity.render-pipelines.core/Runtime/Debugging/DebugUpdater.cs
 0.1 kb	 0.0% Packages/com.unity.render-pipelines.core/Runtime/Debugging/DebugUI.Panel.cs
 0.1 kb	 0.0% Packages/com.unity.render-pipelines.core/Runtime/Debugging/DebugUI.Fields.cs
 0.1 kb	 0.0% Packages/com.unity.render-pipelines.core/Runtime/Debugging/DebugShapes.cs
 0.1 kb	 0.0% Packages/com.unity.render-pipelines.core/Runtime/Debugging/DebugOverlay.cs
 0.1 kb	 0.0% Packages/com.unity.render-pipelines.core/Runtime/Debugging/DebugManager.cs
 0.1 kb	 0.0% Packages/com.unity.render-pipelines.core/Runtime/Camera/FreeCamera.cs
 0.1 kb	 0.0% Packages/com.unity.mathematics/Unity.Mathematics/PropertyAttributes.cs
 0.1 kb	 0.0% Packages/com.unity.inputsystem/InputSystem/State/InputStateBlock.cs
 0.1 kb	 0.0% Packages/com.unity.inputsystem/InputSystem/Plugins/iOS/iOSPostProcessBuild.cs
 0.1 kb	 0.0% Packages/com.unity.inputsystem/InputSystem/Plugins/XInput/XInputSupport.cs
 0.1 kb	 0.0% Packages/com.unity.inputsystem/InputSystem/Plugins/XInput/XInputController.cs
 0.1 kb	 0.0% Packages/com.unity.inputsystem/InputSystem/Plugins/XInput/IXboxOneRumble.cs
 0.1 kb	 0.0% Packages/com.unity.inputsystem/InputSystem/Plugins/WebGL/WebGLJoystick.cs
 0.1 kb	 0.0% Packages/com.unity.inputsystem/InputSystem/Plugins/UnityRemote/UnityRemoteSupport.cs
 0.1 kb	 0.0% Packages/com.unity.inputsystem/InputSystem/Plugins/Switch/SwitchSupportHID.cs
 0.1 kb	 0.0% Packages/com.unity.inputsystem/InputSystem/Plugins/PlayerInput/PlayerInputManager.cs
 0.1 kb	 0.0% Packages/com.unity.inputsystem/InputSystem/Plugins/PlayerInput/DefaultInputActions.cs
 0.1 kb	 0.0% Packages/com.unity.inputsystem/InputSystem/Plugins/OnScreen/OnScreenSupport.cs
 0.1 kb	 0.0% Packages/com.unity.inputsystem/InputSystem/Plugins/OnScreen/OnScreenStick.cs
 0.1 kb	 0.0% Packages/com.unity.inputsystem/InputSystem/Plugins/OnScreen/OnScreenControl.cs
 0.1 kb	 0.0% Packages/com.unity.inputsystem/InputSystem/Plugins/OnScreen/OnScreenButton.cs
 0.1 kb	 0.0% Packages/com.unity.inputsystem/InputSystem/Plugins/Linux/SDLDeviceBuilder.cs
 0.1 kb	 0.0% Packages/com.unity.inputsystem/InputSystem/Plugins/EnhancedTouch/TouchHistory.cs
 0.1 kb	 0.0% Packages/com.unity.inputsystem/InputSystem/Plugins/Android/AndroidSupport.cs
 0.1 kb	 0.0% Packages/com.unity.inputsystem/InputSystem/InputSystemObject.cs
 0.1 kb	 0.0% Packages/com.unity.inputsystem/InputSystem/InputManagerStateMonitors.cs
 0.1 kb	 0.0% Packages/com.unity.inputsystem/InputSystem/InputFeatureNames.cs
 0.1 kb	 0.0% Packages/com.unity.inputsystem/InputSystem/IInputRuntime.cs
 0.1 kb	 0.0% Packages/com.unity.inputsystem/InputSystem/IInputDiagnostics.cs
 0.1 kb	 0.0% Packages/com.unity.inputsystem/InputSystem/Events/InputEventTrace.cs
 0.1 kb	 0.0% Packages/com.unity.inputsystem/InputSystem/Events/InputEventStream.cs
 0.1 kb	 0.0% Packages/com.unity.inputsystem/InputSystem/Events/InputEventPtr.cs
 0.1 kb	 0.0% Packages/com.unity.inputsystem/InputSystem/Events/InputEventBuffer.cs
 0.1 kb	 0.0% Packages/com.unity.inputsystem/InputSystem/Events/DeviceResetEvent.cs
 0.1 kb	 0.0% Packages/com.unity.inputsystem/InputSystem/Events/DeltaStateEvent.cs
 0.1 kb	 0.0% Packages/com.unity.inputsystem/InputSystem/Editor/UITKAssetEditor/Views/PropertiesView.cs
 0.1 kb	 0.0% Packages/com.unity.inputsystem/InputSystem/Editor/UITKAssetEditor/Views/DropManipulator.cs
 0.1 kb	 0.0% Packages/com.unity.inputsystem/InputSystem/Editor/UITKAssetEditor/Views/CopyPasteHelper.cs
 0.1 kb	 0.0% Packages/com.unity.inputsystem/InputSystem/Editor/UITKAssetEditor/Views/ActionsTreeView.cs
 0.1 kb	 0.0% Packages/com.unity.inputsystem/InputSystem/Editor/UITKAssetEditor/Views/ActionMapsView.cs
 0.1 kb	 0.0% Packages/com.unity.inputsystem/InputSystem/Editor/UITKAssetEditor/StateContainer.cs
 0.1 kb	 0.0% Packages/com.unity.inputsystem/InputSystem/Editor/UITKAssetEditor/ExpressionUtils.cs
 0.1 kb	 0.0% Packages/com.unity.inputsystem/InputSystem/Editor/Internal/TreeViewHelpers.cs
 0.1 kb	 0.0% Packages/com.unity.inputsystem/InputSystem/Editor/Internal/InputStateWindow.cs
 0.1 kb	 0.0% Packages/com.unity.inputsystem/InputSystem/Editor/Internal/EditorHelpers.cs
 0.1 kb	 0.0% Packages/com.unity.inputsystem/InputSystem/Editor/Internal/AdvancedDropdown/AdvancedDropdown.cs
 0.1 kb	 0.0% Packages/com.unity.inputsystem/InputSystem/Editor/InputDiagnostics.cs
 0.1 kb	 0.0% Packages/com.unity.inputsystem/InputSystem/Devices/Haptics/IDualMotorRumble.cs
 0.1 kb	 0.0% Packages/com.unity.inputsystem/InputSystem/Devices/Haptics/DualMotorRumble.cs
 0.1 kb	 0.0% Packages/com.unity.inputsystem/InputSystem/Controls/Vector3Control.cs
 0.1 kb	 0.0% Packages/com.unity.inputsystem/InputSystem/Controls/Vector2Control.cs
 0.1 kb	 0.0% Packages/com.unity.inputsystem/InputSystem/Controls/IntegerControl.cs
 0.1 kb	 0.0% Packages/com.unity.inputsystem/InputSystem/Controls/DoubleControl.cs
 0.1 kb	 0.0% Packages/com.unity.inputsystem/InputSystem/Controls/ButtonControl.cs
 0.1 kb	 0.0% Packages/com.unity.inputsystem/InputSystem/Controls/AnyKeyControl.cs
 0.1 kb	 0.0% Packages/com.unity.inputsystem/InputSystem/Actions/InputControlScheme.cs
 0.1 kb	 0.0% Packages/com.unity.inputsystem/InputSystem/Actions/InputBindingResolver.cs
 0.1 kb	 0.0% Packages/com.unity.inputsystem/InputSystem/Actions/InputActionReference.cs
 0.1 kb	 0.0% Packages/com.unity.inputsystem/InputSystem/Actions/InputActionProperty.cs
 0.1 kb	 0.0% Packages/com.unity.inputsystem/InputSystem/Actions/IInputInteraction.cs
 0.1 kb	 0.0% Packages/com.unity.collections/Unity.Collections/UnsafeList.cs
 0.1 kb	 0.0% Packages/com.unity.collections/Unity.Collections/FixedStringParseMethods.cs
 0.1 kb	 0.0% Packages/com.unity.collections/Unity.Collections/FixedStringAppendMethods.cs
 0.1 kb	 0.0% Packages/com.meta.xr.sdk.voice/Scripts/Runtime/UX/VoiceTranscriptionLabel.cs
 0.1 kb	 0.0% Packages/com.meta.xr.sdk.voice/Scripts/Runtime/UX/VoiceActivationButton.cs
 0.1 kb	 0.0% Packages/com.meta.xr.sdk.voice/Lib/Wit.ai/Scripts/Runtime/Interfaces/IWitConfigurationSetter.cs
 0.1 kb	 0.0% Packages/com.meta.xr.sdk.voice/Lib/Wit.ai/Scripts/Runtime/Interfaces/ITranscriptionProvider.cs
 0.1 kb	 0.0% Packages/com.meta.xr.sdk.voice/Lib/Wit.ai/Scripts/Runtime/Interfaces/IDynamicEntitiesProvider.cs
 0.1 kb	 0.0% Packages/com.meta.xr.sdk.voice/Lib/Wit.ai/Scripts/Runtime/Data/Entities/WitSimpleDynamicEntity.cs
 0.1 kb	 0.0% Packages/com.meta.xr.sdk.voice/Lib/Wit.ai/Scripts/Runtime/Data/Entities/WitDynamicEntitiesData.cs
 0.1 kb	 0.0% Packages/com.meta.xr.sdk.voice/Lib/Wit.ai/Scripts/Runtime/Data/Entities/DynamicEntityProvider.cs
 0.1 kb	 0.0% Packages/com.meta.xr.sdk.voice/Lib/Wit.ai/Scripts/Runtime/Data/Configuration/WitRuntimeConfiguration.cs
 0.1 kb	 0.0% Packages/com.meta.xr.sdk.voice/Lib/Wit.ai/Lib/Wit/Runtime/Requests/Transcription/TranscriptionRequestEvents.cs
 0.1 kb	 0.0% Packages/com.meta.xr.sdk.voice/Lib/Wit.ai/Lib/Wit/Runtime/Requests/Transcription/ITranscriptionRequestResults.cs
 0.1 kb	 0.0% Packages/com.meta.xr.sdk.voice/Lib/Wit.ai/Lib/Wit/Runtime/Requests/Transcription/ITranscriptionRequestOptions.cs
 0.1 kb	 0.0% Packages/com.meta.xr.sdk.voice/Lib/Wit.ai/Lib/Wit/Runtime/Net/WebSockets/WitWebSocketSettings.cs
 0.1 kb	 0.0% Packages/com.meta.xr.sdk.voice/Lib/Wit.ai/Lib/Wit/Runtime/Net/WebSockets/WitWebSocketClient.cs
 0.1 kb	 0.0% Packages/com.meta.xr.sdk.voice/Lib/Wit.ai/Lib/Wit/Runtime/Net/WebSockets/WitWebSocketAdapter.cs
 0.1 kb	 0.0% Packages/com.meta.xr.sdk.voice/Lib/Wit.ai/Lib/Wit/Runtime/Net/WebSockets/IWitWebSocketRequest.cs
 0.1 kb	 0.0% Packages/com.meta.xr.sdk.voice/Lib/Wit.ai/Lib/Wit/Runtime/Net/WebSockets/IWitWebSocketClient.cs
 0.1 kb	 0.0% Packages/com.meta.xr.sdk.voice/Lib/Wit.ai/Lib/Wit/Runtime/Net/Encoding/WitChunkConverter.cs
 0.1 kb	 0.0% Packages/com.meta.xr.sdk.voice/Lib/Wit.ai/Lib/Wit/Runtime/Audio/Decoding/AudioDecoderMp3Frame.cs
 0.1 kb	 0.0% Packages/com.meta.xr.sdk.voice/Lib/Wit.ai/Features/TTS/Scripts/Runtime/UX/TTSSpeakerStatusLabel.cs
 0.1 kb	 0.0% Packages/com.meta.xr.sdk.voice/Lib/Wit.ai/Features/TTS/Scripts/Runtime/Interfaces/ITextProcessors.cs
 0.1 kb	 0.0% Packages/com.meta.xr.sdk.voice/Lib/Wit.ai/Features/TTS/Scripts/Runtime/Interfaces/ITTSVoiceProvider.cs
 0.1 kb	 0.0% Packages/com.meta.xr.sdk.voice/Lib/Wit.ai/Features/TTS/Scripts/Runtime/Interfaces/ITTSDiskCacheHandler.cs
 0.1 kb	 0.0% Packages/com.meta.xr.sdk.voice/Lib/Wit.ai/Features/TTS/Scripts/Runtime/Integrations/TTSWitVoiceSettings.cs
 0.1 kb	 0.0% Packages/com.meta.xr.sdk.voice/Lib/Wit.ai/Features/TTS/Scripts/Runtime/Integrations/TTSRuntimeLRUCache.cs
 0.1 kb	 0.0% Packages/com.meta.xr.sdk.voice/Lib/Wit.ai/Features/TTS/Scripts/Runtime/Integrations/BaseTTSRuntimeCache.cs
 0.1 kb	 0.0% Packages/com.meta.xr.sdk.voice/Lib/Telemetry/Scripts/Runtime/OperationID.cs
 0.1 kb	 0.0% Packages/com.meta.xr.sdk.voice/Lib/PlatformCompatibility/Scripts/Runtime/Utility/DateTimeUtility.cs
 0.1 kb	 0.0% Packages/com.meta.xr.sdk.voice/Features/Composer/Composer/Lib/Wit.ai/Features/composer/Scripts/Runtime/Data/WitComposerData.cs
 0.1 kb	 0.0% Packages/com.meta.xr.sdk.voice/Features/Composer/Composer/Lib/Wit.ai/Features/composer/Scripts/Runtime/Data/ReservedContextPath.cs
 0.1 kb	 0.0% Packages/com.meta.xr.sdk.voice/Features/Composer/Composer/Lib/Wit.ai/Features/composer/Scripts/Runtime/Data/ComposerResponseData.cs
 0.1 kb	 0.0% Packages/com.meta.xr.sdk.voice/Features/Composer/Composer/Lib/Wit.ai/Features/composer/Scripts/Runtime/Data/ComposerContextMap.cs
 0.1 kb	 0.0% Packages/com.meta.xr.sdk.interaction/Runtime/Scripts/Unity/UnityCanvas/CanvasCylinder.cs
 0.1 kb	 0.0% Packages/com.meta.xr.sdk.interaction/Runtime/Scripts/Unity/Input/InputMouseButton.cs
 0.1 kb	 0.0% Packages/com.meta.xr.sdk.interaction/Runtime/Scripts/Throw/IVelocityCalculator.cs
 0.1 kb	 0.0% Packages/com.meta.xr.sdk.interaction/Runtime/Scripts/Throw/HandPoseInputDevice.cs
 0.1 kb	 0.0% Packages/com.meta.xr.sdk.interaction/Runtime/Scripts/PoseDetection/ShapeRecognizer.cs
 0.1 kb	 0.0% Packages/com.meta.xr.sdk.interaction/Runtime/Scripts/Polyline/PolylineGizmos.cs
 0.1 kb	 0.0% Packages/com.meta.xr.sdk.interaction/Runtime/Scripts/Interaction/Models/Locomotion/Turn/TurnArrowVisuals.cs
 0.1 kb	 0.0% Packages/com.meta.xr.sdk.interaction/Runtime/Scripts/Interaction/Models/Locomotion/PlayerLocomotor.cs
 0.1 kb	 0.0% Packages/com.meta.xr.sdk.interaction/Runtime/Scripts/Interaction/Models/Locomotion/LocomotionGate.cs
 0.1 kb	 0.0% Packages/com.meta.xr.sdk.interaction/Runtime/Scripts/Interaction/Models/Locomotion/LocomotionEvent.cs
 0.1 kb	 0.0% Packages/com.meta.xr.sdk.interaction/Runtime/Scripts/Input/SkeletonJointsCache.cs
 0.1 kb	 0.0% Packages/com.meta.xr.sdk.interaction/Runtime/Scripts/Input/OneEuroFilter/FilteredTransform.cs
 0.1 kb	 0.0% Packages/com.meta.xr.sdk.interaction/Runtime/Scripts/Input/Hands/JointsRadiusFeature.cs
 0.1 kb	 0.0% Packages/com.meta.xr.sdk.interaction/Runtime/Scripts/Input/Hands/HandPhysicsCapsules.cs
 0.1 kb	 0.0% Packages/com.meta.xr.sdk.interaction/Runtime/Scripts/Input/Hands/HandDataSourceConfig.cs
 0.1 kb	 0.0% Packages/com.meta.xr.sdk.interaction/Runtime/Scripts/Input/Hands/DataModifiers/LastKnownGoodHand.cs
 0.1 kb	 0.0% Packages/com.meta.xr.sdk.interaction/Runtime/Scripts/Input/HMD/HmdDataSourceConfig.cs
 0.1 kb	 0.0% Packages/com.meta.xr.sdk.interaction/Runtime/Scripts/Input/Controllers/ControllerVisual.cs
 0.1 kb	 0.0% Packages/com.meta.xr.sdk.interaction/Runtime/Scripts/Input/Controllers/ControllerDataAsset.cs
 0.1 kb	 0.0% Packages/com.meta.xr.sdk.interaction/Runtime/Scripts/Collisions/IsCapsuleWithinColliderApprox.cs
 0.1 kb	 0.0% Packages/com.meta.xr.sdk.interaction/Runtime/Scripts/Body/PoseDetection/PoseFromBody.cs
 0.1 kb	 0.0% Packages/com.meta.xr.sdk.interaction/Runtime/Scripts/Body/PoseDetection/IBodyPose.cs
 0.1 kb	 0.0% Packages/com.meta.xr.sdk.interaction/Runtime/Scripts/Body/PoseDetection/BodyPoseData.cs
 0.1 kb	 0.0% Packages/com.meta.xr.sdk.interaction/Runtime/Scripts/Body/Input/ISkeletonMapping.cs
 0.1 kb	 0.0% Packages/com.meta.xr.sdk.interaction/Runtime/Scripts/Body/Input/BodyJointsCache.cs
 0.1 kb	 0.0% Packages/com.meta.xr.sdk.interaction/Runtime/Scripts/Body/Input/BodyDataAsset.cs
 0.1 kb	 0.0% Packages/com.meta.xr.sdk.interaction/Runtime/Sample/Scripts/MoveRelativeToTargetProvider.cs
 0.1 kb	 0.0% Packages/com.meta.xr.sdk.interaction/Runtime/Sample/Scripts/Locomotion/LocomotionSettings/MenuToggler.cs
 0.1 kb	 0.0% Packages/com.meta.xr.sdk.interaction/Runtime/Sample/Scripts/HandGrabUse/Rendering/BasicPBRGlobals.cs
 0.1 kb	 0.0% Packages/com.meta.xr.sdk.interaction/Runtime/Sample/Scripts/ComprehensiveRigExampleUI/RoundedBoxVideoController.cs
 0.1 kb	 0.0% Packages/com.meta.xr.sdk.interaction.ovr/Runtime/Sample/Scripts/MultiModal/Slingshot.cs
 0.1 kb	 0.0% Packages/com.meta.xr.sdk.interaction.ovr/Runtime/Sample/Scripts/Menu/VersionTextGUI.cs
 0.1 kb	 0.0% Packages/com.meta.xr.sdk.core/Scripts/Util/OVRMixedRealityCaptureConfiguration.cs
 0.1 kb	 0.0% Packages/com.meta.xr.sdk.core/Scripts/OpenXRFeatures/MetaXREyeTrackedFoveationFeature.cs
 0.1 kb	 0.0% Packages/com.meta.xr.sdk.core/Scripts/OVRVirtualKeyboard/OVRVirtualKeyboardSampleWPMPrompt.cs
 0.1 kb	 0.0% Packages/com.meta.xr.sdk.core/Scripts/OVRVirtualKeyboard/OVRVirtualKeyboardSampleInputHandler.cs
 0.1 kb	 0.0% Packages/com.meta.xr.sdk.core/Scripts/OVRVirtualKeyboard/OVRVirtualKeyboardHandInputHandler.cs
 0.1 kb	 0.0% Packages/com.meta.xr.sdk.core/Scripts/OVRHandTrackingWideMotionModeSample.cs
 0.1 kb	 0.0% Packages/com.meta.xr.sdk.core/Scripts/OVRControllerDrivenHandPosesSample.cs
 0.1 kb	 0.0% Packages/com.meta.xr.sdk.core/Scripts/Movement/OVRUnityHumanoidSkeletonRetargeter.cs
 0.1 kb	 0.0% Packages/com.meta.xr.sdk.core/Scripts/Movement/OVRHumanBodyBonesMappingsInterface.cs
 0.1 kb	 0.0% Packages/com.meta.xr.sdk.core/Scripts/ImmersiveDebugger/UserInterface/Values.cs
 0.1 kb	 0.0% Packages/com.meta.xr.sdk.core/Scripts/ImmersiveDebugger/UserInterface/Value.cs
 0.1 kb	 0.0% Packages/com.meta.xr.sdk.core/Scripts/ImmersiveDebugger/UserInterface/Utils/Utils.cs
 0.1 kb	 0.0% Packages/com.meta.xr.sdk.core/Scripts/ImmersiveDebugger/UserInterface/Resources/Styles/LayoutStyles/LogDetailsPaneBackground.asset
 0.1 kb	 0.0% Packages/com.meta.xr.sdk.core/Scripts/ImmersiveDebugger/UserInterface/Resources/Styles/LayoutStyles/LogDetailPaneCloseButton.asset
 0.1 kb	 0.0% Packages/com.meta.xr.sdk.core/Scripts/ImmersiveDebugger/UserInterface/Resources/Styles/LayoutStyles/InspectorCategoryFlex.asset
 0.1 kb	 0.0% Packages/com.meta.xr.sdk.core/Scripts/ImmersiveDebugger/UserInterface/Resources/Styles/LayoutStyles/CategoriesDivBackground.asset
 0.1 kb	 0.0% Packages/com.meta.xr.sdk.core/Scripts/ImmersiveDebugger/UserInterface/Resources/Styles/ImageStyles/PillInfo.asset
 0.1 kb	 0.0% Packages/com.meta.xr.sdk.core/Scripts/ImmersiveDebugger/UserInterface/Resources/Styles/ImageStyles/Default.asset
 0.1 kb	 0.0% Packages/com.meta.xr.sdk.core/Scripts/ImmersiveDebugger/UserInterface/Resources/Styles/ImageStyles/BinIcon.asset
 0.1 kb	 0.0% Packages/com.meta.xr.sdk.core/Scripts/ImmersiveDebugger/UserInterface/Member.cs
 0.1 kb	 0.0% Packages/com.meta.xr.sdk.core/Scripts/ImmersiveDebugger/UserInterface/LogEntry.cs
 0.1 kb	 0.0% Packages/com.meta.xr.sdk.core/Scripts/ImmersiveDebugger/UserInterface/Generic/Controllers/Implementations/Icon.cs
 0.1 kb	 0.0% Packages/com.meta.xr.sdk.core/Scripts/ImmersiveDebugger/UserInterface/Generic/Controllers/Implementations/Flex.cs
 0.1 kb	 0.0% Packages/com.meta.xr.sdk.core/Scripts/ImmersiveDebugger/UserInterface/DebugBar.cs
 0.1 kb	 0.0% Packages/com.meta.xr.sdk.core/Scripts/ImmersiveDebugger/UserInterface/Console.cs
 0.1 kb	 0.0% Packages/com.meta.xr.sdk.core/Scripts/ImmersiveDebugger/Gizmos/DebugGizmos/DebugGizmos.cs
 0.1 kb	 0.0% Packages/com.meta.xr.sdk.core/Scripts/BuildingBlocks/MultiplayerBlocks/Shared/Colocation/ColocationPackage/Runtime/Player.cs
 0.1 kb	 0.0% Packages/com.meta.xr.sdk.core/Scripts/BuildingBlocks/MultiplayerBlocks/Shared/Colocation/ColocationPackage/Runtime/Logger.cs
 0.1 kb	 0.0% Packages/com.meta.xr.sdk.core/Scripts/BuildingBlocks/MultiplayerBlocks/Shared/Colocation/ColocationPackage/Runtime/Anchor.cs
 0.1 kb	 0.0% Packages/com.meta.xr.mrutilitykit/Core/Scripts/EnvironmentRaycastManager.cs
 0.1 kb	 0.0% Packages/com.unity.xr.openxr/Runtime/WaitForRestartFinish.cs
 0.1 kb	 0.0% Packages/com.unity.xr.openxr/Runtime/OpenXRUnityAPI.cs
 0.1 kb	 0.0% Packages/com.unity.xr.openxr/Runtime/OpenXRDiagnosticReport.cs
 0.1 kb	 0.0% Packages/com.unity.xr.openxr/Runtime/NativeTypes/Core/XrResult.cs
 0.1 kb	 0.0% Packages/com.unity.xr.openxr/Runtime/Features/SpaceWarpFeature.cs
 0.1 kb	 0.0% Packages/com.unity.xr.openxr/Runtime/Features/OpenXRFeature.cs
 0.1 kb	 0.0% Packages/com.unity.xr.openxr/Runtime/Features/ApiLayersFeature.cs
 0.1 kb	 0.0% Packages/com.unity.xr.management/Runtime/XRLoaderHelper.cs
 0.1 kb	 0.0% Packages/com.unity.xr.management/Runtime/IXRLoaderPreInit.cs
 0.1 kb	 0.0% Packages/com.unity.xr.hands/Runtime/XRHandSubsystem.deprecated.cs
 0.1 kb	 0.0% Packages/com.unity.xr.hands/Runtime/IXRHandProcessor.cs
 0.1 kb	 0.0% Packages/com.unity.xr.hands/Runtime/Gestures/XRFingerShape.cs
 0.1 kb	 0.0% Packages/com.unity.xr.hands/Runtime/Capture/Recording/Impl/HandBuffer.cs
 0.1 kb	 0.0% Packages/com.unity.xr.hands/Runtime/Capture/Recording/Impl/FrameBuffer.cs
 0.1 kb	 0.0% Packages/com.unity.xr.core-utils/Runtime/SerializableGuidUtil.cs
 0.1 kb	 0.0% Packages/com.unity.xr.core-utils/Runtime/OnDestroyNotifier.cs
 0.1 kb	 0.0% Packages/com.unity.xr.core-utils/Runtime/Extensions/Vector3Extensions.cs
 0.1 kb	 0.0% Packages/com.unity.xr.core-utils/Runtime/Extensions/Vector2Extensions.cs
 0.1 kb	 0.0% Packages/com.unity.xr.core-utils/Runtime/Extensions/TransformExtensions.cs
 0.1 kb	 0.0% Packages/com.unity.xr.core-utils/Runtime/Extensions/StopwatchExtensions.cs
 0.1 kb	 0.0% Packages/com.unity.xr.core-utils/Runtime/Extensions/QuaternionExtensions.cs
 0.1 kb	 0.0% Packages/com.unity.xr.core-utils/Runtime/Extensions/LayerMaskExtensions.cs
 0.1 kb	 0.0% Packages/com.unity.xr.core-utils/Runtime/Extensions/HashSetExtensions.cs
 0.1 kb	 0.0% Packages/com.unity.xr.core-utils/Runtime/Extensions/GameObjectExtensions.cs
 0.1 kb	 0.0% Packages/com.unity.xr.core-utils/Runtime/Extensions/DictionaryExtensions.cs
 0.1 kb	 0.0% Packages/com.unity.xr.core-utils/Runtime/Extensions/CollectionExtensions.cs
 0.1 kb	 0.0% Packages/com.unity.xr.core-utils/Runtime/Datums/IntDatumProperty.cs
 0.1 kb	 0.0% Packages/com.unity.xr.core-utils/Runtime/Bindings/IEventBinding.cs
 0.1 kb	 0.0% Packages/com.unity.xr.core-utils/Runtime/Bindings/BindingsGroup.cs
 0.1 kb	 0.0% Packages/com.unity.xr.core-utils/Runtime/Attributes/ReadOnlyAttribute.cs
 0.1 kb	 0.0% Packages/com.unity.webrtc/Runtime/Scripts/RTCStatsCollectorCallback.cs
 0.1 kb	 0.0% Packages/com.unity.visualscripting/Runtime/VisualScripting.Core/Ensure/EnsureThat.Types.cs
 0.1 kb	 0.0% Packages/com.unity.visualscripting/Runtime/VisualScripting.Core/Ensure/EnsureThat.Guids.cs
 0.1 kb	 0.0% Packages/com.unity.visualscripting/Runtime/VisualScripting.Core/Dependencies/FullSerializer/fsResult.cs
 0.1 kb	 0.0% Packages/com.unity.visualscripting/Runtime/VisualScripting.Core/Dependencies/FullSerializer/fsData.cs
 0.1 kb	 0.0% Packages/com.unity.visualscripting/Runtime/VisualScripting.Core/Dependencies/FullSerializer/fsConfig.cs
 0.1 kb	 0.0% Packages/com.unity.ugui/Runtime/UGUI/UI/Core/Utility/ReflectionMethodsCache.cs
 0.1 kb	 0.0% Packages/com.unity.ugui/Runtime/UGUI/UI/Core/MultipleDisplayUtilities.cs
 0.1 kb	 0.0% Packages/com.unity.ugui/Runtime/UGUI/UI/Core/Layout/HorizontalLayoutGroup.cs
 0.1 kb	 0.0% Packages/com.unity.ugui/Runtime/UGUI/UI/Core/IGraphicEnabledDisabled.cs
 0.1 kb	 0.0% Packages/com.unity.ugui/Runtime/UGUI/UI/Core/GraphicRebuildTracker.cs
 0.1 kb	 0.0% Packages/com.unity.ugui/Runtime/UGUI/UI/Core/Culling/RectangularVertexClipper.cs
 0.1 kb	 0.0% Packages/com.unity.ugui/Runtime/UGUI/EventSystem/UIElements/PanelEventHandler.cs
 0.1 kb	 0.0% Packages/com.unity.ugui/Runtime/UGUI/EventSystem/Raycasters/Physics2DRaycaster.cs
 0.1 kb	 0.0% Packages/com.unity.ugui/Runtime/UGUI/EventSystem/InputModules/PointerInputModule.cs
 0.1 kb	 0.0% Packages/com.unity.timeline/Runtime/TimelinePlayable_Animation.cs
 0.1 kb	 0.0% Packages/com.unity.timeline/Runtime/TimelineAttributes.cs
 0.1 kb	 0.0% Packages/com.unity.timeline/Runtime/Playables/BasicScriptPlayable.cs
 0.1 kb	 0.0% Packages/com.unity.rendering.light-transport/Runtime/UnifiedRayTracing/Compute/RadeonRays/Scan.cs
 0.1 kb	 0.0% Packages/com.unity.render-pipelines.core/ShaderLibrary/DummyShaderLibrary.cs
 0.1 kb	 0.0% Packages/com.unity.render-pipelines.core/Runtime/Utilities/GPUSort/GPUSort.Data.cs
 0.1 kb	 0.0% Packages/com.unity.render-pipelines.core/Runtime/Utilities/BitArray.cs
 0.1 kb	 0.0% Packages/com.unity.render-pipelines.core/Runtime/Inputs/InputRegistering.cs
 0.1 kb	 0.0% Packages/com.unity.inputsystem/InputSystem/Utilities/TypeTable.cs
 0.1 kb	 0.0% Packages/com.unity.inputsystem/InputSystem/Utilities/TypeHelpers.cs
 0.1 kb	 0.0% Packages/com.unity.inputsystem/InputSystem/Utilities/Substring.cs
 0.1 kb	 0.0% Packages/com.unity.inputsystem/InputSystem/Utilities/SavedState.cs
 0.1 kb	 0.0% Packages/com.unity.inputsystem/InputSystem/Utilities/Observables/Observable.cs
 0.1 kb	 0.0% Packages/com.unity.inputsystem/InputSystem/Utilities/NamedValue.cs
 0.1 kb	 0.0% Packages/com.unity.inputsystem/InputSystem/Utilities/MiscHelpers.cs
 0.1 kb	 0.0% Packages/com.unity.inputsystem/InputSystem/Utilities/JsonParser.cs
 0.1 kb	 0.0% Packages/com.unity.inputsystem/InputSystem/Utilities/ArrayHelpers.cs
 0.1 kb	 0.0% Packages/com.unity.inputsystem/InputSystem/Plugins/iOS/InputSettingsiOS.cs
 0.1 kb	 0.0% Packages/com.unity.inputsystem/InputSystem/Plugins/XR/XRLayoutBuilder.cs
 0.1 kb	 0.0% Packages/com.unity.inputsystem/InputSystem/Plugins/UI/NavigationModel.cs
 0.1 kb	 0.0% Packages/com.unity.inputsystem/InputSystem/InputUpdateType.cs
 0.1 kb	 0.0% Packages/com.unity.collections/Unity.Collections/UnsafeText.cs
 0.1 kb	 0.0% Packages/com.unity.collections/Unity.Collections/UnsafeStream.cs
 0.1 kb	 0.0% Packages/com.unity.collections/Unity.Collections/RewindableAllocator.cs
 0.1 kb	 0.0% Packages/com.unity.collections/Unity.Collections/FixedStringMethods.cs
 0.1 kb	 0.0% Packages/com.unity.collections/Unity.Collections/AutoFreeAllocator.cs
 0.1 kb	 0.0% Packages/com.unity.burst/Runtime/CompilerServices/AssumeRangeAttribute.cs
 0.1 kb	 0.0% Packages/com.meta.xr.sdk.voice/Scripts/Runtime/Bindings/Android/VoiceSDKBinding.cs
 0.1 kb	 0.0% Packages/com.meta.xr.sdk.voice/Scripts/Runtime/Bindings/Android/IVCBindingEvents.cs
 0.1 kb	 0.0% Packages/com.meta.xr.sdk.voice/Lib/Wit.ai/Scripts/Runtime/WitConduitParameterProvider.cs
 0.1 kb	 0.0% Packages/com.meta.xr.sdk.voice/Lib/Wit.ai/Scripts/Runtime/Utilities/VoiceServiceReference.cs
 0.1 kb	 0.0% Packages/com.meta.xr.sdk.voice/Lib/Wit.ai/Scripts/Runtime/Utilities/GameObjectSearchUtility.cs
 0.1 kb	 0.0% Packages/com.meta.xr.sdk.voice/Lib/Wit.ai/Scripts/Runtime/Utilities/DynamicRangeAttribute.cs
 0.1 kb	 0.0% Packages/com.meta.xr.sdk.voice/Lib/Wit.ai/Scripts/Runtime/Requests/VoiceServiceMockRequest.cs
 0.1 kb	 0.0% Packages/com.meta.xr.sdk.voice/Lib/Wit.ai/Scripts/Runtime/Lib/Mic/Common/BaseAudioClipInput.cs
 0.1 kb	 0.0% Packages/com.meta.xr.sdk.voice/Lib/Wit.ai/Scripts/Runtime/Events/WitTranscriptionEvent.cs
 0.1 kb	 0.0% Packages/com.meta.xr.sdk.voice/Lib/Wit.ai/Scripts/Runtime/Events/WitRequestOptionsEvent.cs
 0.1 kb	 0.0% Packages/com.meta.xr.sdk.voice/Lib/Wit.ai/Scripts/Runtime/Events/WitRequestCreatedEvent.cs
 0.1 kb	 0.0% Packages/com.meta.xr.sdk.voice/Lib/Wit.ai/Scripts/Runtime/Events/WitMicLevelChangedEvent.cs
 0.1 kb	 0.0% Packages/com.meta.xr.sdk.voice/Lib/Wit.ai/Scripts/Runtime/Events/VoiceServiceRequestEvent.cs
 0.1 kb	 0.0% Packages/com.meta.xr.sdk.voice/Lib/Wit.ai/Scripts/Runtime/Events/EventCategoryAttribute.cs
 0.1 kb	 0.0% Packages/com.meta.xr.sdk.voice/Lib/Wit.ai/Scripts/Runtime/CallbackHandlers/WitUtteranceMatcher.cs
 0.1 kb	 0.0% Packages/com.meta.xr.sdk.voice/Lib/Wit.ai/Scripts/Runtime/CallbackHandlers/WitResponseMatcher.cs
 0.1 kb	 0.0% Packages/com.meta.xr.sdk.voice/Lib/Wit.ai/Scripts/Runtime/CallbackHandlers/WitResponseHandler.cs
 0.1 kb	 0.0% Packages/com.meta.xr.sdk.voice/Lib/Wit.ai/Scripts/Runtime/CallbackHandlers/SimpleIntentHandler.cs
 0.1 kb	 0.0% Packages/com.meta.xr.sdk.voice/Lib/Wit.ai/Lib/third-party/NativeWebSocket/WebSocket/WebSocket.cs
 0.1 kb	 0.0% Packages/com.meta.xr.sdk.voice/Lib/Wit.ai/Lib/third-party/NLayer/Decoder/RiffHeaderFrame.cs
 0.1 kb	 0.0% Packages/com.meta.xr.sdk.voice/Lib/Wit.ai/Lib/third-party/NLayer/Decoder/MpegStreamReader.cs
 0.1 kb	 0.0% Packages/com.meta.xr.sdk.voice/Lib/Wit.ai/Lib/third-party/NLayer/Decoder/LayerIIIDecoder.cs
 0.1 kb	 0.0% Packages/com.meta.xr.sdk.voice/Lib/Wit.ai/Lib/third-party/NLayer/Decoder/LayerIIDecoder.cs
 0.1 kb	 0.0% Packages/com.meta.xr.sdk.voice/Lib/Wit.ai/Lib/third-party/NLayer/Decoder/LayerIDecoder.cs
 0.1 kb	 0.0% Packages/com.meta.xr.sdk.voice/Lib/Wit.ai/Lib/third-party/NLayer/Decoder/LayerDecoderBase.cs
 0.1 kb	 0.0% Packages/com.meta.xr.sdk.voice/Lib/Wit.ai/Lib/Wit/Runtime/Net/PubSub/IPubSubSubscriber.cs
 0.1 kb	 0.0% Packages/com.meta.xr.sdk.voice/Lib/Wit.ai/Lib/Wit/Runtime/Json/JsonPropertyAttribute.cs
 0.1 kb	 0.0% Packages/com.meta.xr.sdk.voice/Lib/Wit.ai/Lib/Wit/Runtime/Attributes/ObjectTypeAttribute.cs
 0.1 kb	 0.0% Packages/com.meta.xr.sdk.voice/Lib/Wit.ai/Lib/Wit/Runtime/Attributes/HideWhenSetAttribute.cs
 0.1 kb	 0.0% Packages/com.meta.xr.sdk.voice/Lib/Wit.ai/Lib/Wit/Runtime/Attributes/DropDownAttribute.cs
 0.1 kb	 0.0% Packages/com.meta.xr.sdk.voice/Lib/Wit.ai/Lib/Conduit/Runtime/Data/ConduitParameterValue.cs
 0.1 kb	 0.0% Packages/com.meta.xr.sdk.voice/Lib/Wit.ai/Lib/Conduit/Runtime/ConduitDispatcherFactory.cs
 0.1 kb	 0.0% Packages/com.meta.xr.sdk.voice/Lib/Wit.ai/Lib/Conduit/Runtime/Attributes/ConduitValueAttribute.cs
 0.1 kb	 0.0% Packages/com.meta.xr.sdk.voice/Lib/Wit.ai/Lib/Conduit/Runtime/Attributes/ConduitEntityAttribute.cs
 0.1 kb	 0.0% Packages/com.meta.xr.sdk.voice/Lib/Wit.ai/Lib/Conduit/Runtime/Attributes/ConduitAssemblyAttribute.cs
 0.1 kb	 0.0% Packages/com.meta.xr.sdk.voice/Lib/Wit.ai/Lib/Conduit/Runtime/Attributes/ConduitActionAttribute.cs
 0.1 kb	 0.0% Packages/com.meta.xr.sdk.voice/Lib/Wit.ai/Features/TTS/Scripts/Runtime/Utilities/TTSSpeechSplitter.cs
 0.1 kb	 0.0% Packages/com.meta.xr.sdk.voice/Lib/Wit.ai/Features/TTS/Scripts/Runtime/Utilities/TTSSpeakerAutoLoader.cs
 0.1 kb	 0.0% Packages/com.meta.xr.sdk.voice/Lib/Wit.ai/Features/TTS/Scripts/Runtime/LipSync/VisemeChangedEvent.cs
 0.1 kb	 0.0% Packages/com.meta.xr.sdk.voice/Lib/Wit.ai/Features/TTS/Scripts/Runtime/Events/TTSWebRequestEvents.cs
 0.1 kb	 0.0% Packages/com.meta.xr.sdk.voice/Lib/Wit.ai/Features/TTS/Scripts/Runtime/Events/TTSSpeakerClipEvents.cs
 0.1 kb	 0.0% Packages/com.meta.xr.sdk.voice/Lib/Wit.ai/Features/TTS/Scripts/Runtime/Events/TTSDownloadEvents.cs
 0.1 kb	 0.0% Packages/com.meta.xr.sdk.voice/Features/Dictation/source/Lib/Wit.ai/Features/dictation/Scripts/Runtime/Dictation/Events/DictationEvents.cs
 0.1 kb	 0.0% Packages/com.meta.xr.sdk.voice/Features/Dictation/source/Lib/Wit.ai/Features/dictation/Scripts/Runtime/Dictation/Data/DictationSession.cs
 0.1 kb	 0.0% Packages/com.meta.xr.sdk.platform/Scripts/VoipAudioSourceHiLevel.cs
 0.1 kb	 0.0% Packages/com.meta.xr.sdk.platform/Scripts/MultiplayerErrorOptions.cs
 0.1 kb	 0.0% Packages/com.meta.xr.sdk.platform/Scripts/Models/SupplementaryMetric.cs
 0.1 kb	 0.0% Packages/com.meta.xr.sdk.platform/Scripts/Models/SendInvitesResult.cs
 0.1 kb	 0.0% Packages/com.meta.xr.sdk.platform/Scripts/Models/RejoinDialogResult.cs
 0.1 kb	 0.0% Packages/com.meta.xr.sdk.platform/Scripts/Models/PlatformInitialize.cs
 0.1 kb	 0.0% Packages/com.meta.xr.sdk.platform/Scripts/Models/NetSyncConnection.cs
 0.1 kb	 0.0% Packages/com.meta.xr.sdk.platform/Scripts/Models/LivestreamingStatus.cs
 0.1 kb	 0.0% Packages/com.meta.xr.sdk.platform/Scripts/Models/InstalledApplication.cs
 0.1 kb	 0.0% Packages/com.meta.xr.sdk.platform/Scripts/Models/HttpTransferUpdate.cs
 0.1 kb	 0.0% Packages/com.meta.xr.sdk.platform/Scripts/Models/CowatchViewerUpdate.cs
 0.1 kb	 0.0% Packages/com.meta.xr.sdk.platform/Scripts/Models/AvatarEditorResult.cs
 0.1 kb	 0.0% Packages/com.meta.xr.sdk.platform/Scripts/Models/ApplicationVersion.cs
 0.1 kb	 0.0% Packages/com.meta.xr.sdk.platform/Scripts/Models/ApplicationInvite.cs
 0.1 kb	 0.0% Packages/com.meta.xr.sdk.platform/Scripts/Models/AppDownloadResult.cs
 0.1 kb	 0.0% Packages/com.meta.xr.sdk.platform/Scripts/Models/AchievementUpdate.cs
 0.1 kb	 0.0% Packages/com.meta.xr.sdk.platform/Scripts/Models/AchievementProgress.cs
 0.1 kb	 0.0% Packages/com.meta.xr.sdk.platform/Scripts/Models/AbuseReportRecording.cs
 0.1 kb	 0.0% Packages/com.meta.xr.sdk.platform/Scripts/BuildingBlocks/EntitlementCheck/EntitlementCheck.cs
 0.1 kb	 0.0% Packages/com.meta.xr.sdk.interaction/Runtime/ThirdParty/InterfaceSupport/InterfaceAttribute.cs
 0.1 kb	 0.0% Packages/com.meta.xr.sdk.interaction/Runtime/Scripts/Utils/VersionTextVisual.cs
 0.1 kb	 0.0% Packages/com.meta.xr.sdk.interaction/Runtime/Scripts/Unity/PointableCanvasMesh.cs
 0.1 kb	 0.0% Packages/com.meta.xr.sdk.interaction/Runtime/Scripts/Shapes/CylinderSegment.cs
 0.1 kb	 0.0% Packages/com.meta.xr.sdk.interaction/Runtime/Scripts/Selection/Hands/IndexPinchSelector.cs
 0.1 kb	 0.0% Packages/com.meta.xr.sdk.interaction/Runtime/Scripts/Selection/Hands/HandTransformScaler.cs
 0.1 kb	 0.0% Packages/com.meta.xr.sdk.interaction/Runtime/Scripts/Selection/Controllers/ControllerSelector.cs
 0.1 kb	 0.0% Packages/com.meta.xr.sdk.interaction/Runtime/Scripts/Polyline/TransformsPolyline.cs
 0.1 kb	 0.0% Packages/com.meta.xr.sdk.interaction/Runtime/Scripts/Movements/ObjectPullProvider.cs
 0.1 kb	 0.0% Packages/com.meta.xr.sdk.interaction/Runtime/Scripts/Movements/MoveAtSourceProvider.cs
 0.1 kb	 0.0% Packages/com.meta.xr.sdk.interaction/Runtime/Scripts/Movements/IMovementProvider.cs
 0.1 kb	 0.0% Packages/com.meta.xr.sdk.interaction/Runtime/Scripts/Movements/FollowTargetProvider.cs
 0.1 kb	 0.0% Packages/com.meta.xr.sdk.interaction/Runtime/Scripts/MaterialProperties/RoundedBoxProperties.cs
 0.1 kb	 0.0% Packages/com.meta.xr.sdk.interaction/Runtime/Scripts/MaterialProperties/DotGridProperties.cs
 0.1 kb	 0.0% Packages/com.meta.xr.sdk.interaction/Runtime/Scripts/Interaction/Visuals/SelectorDebugVisual.cs
 0.1 kb	 0.0% Packages/com.meta.xr.sdk.interaction/Runtime/Scripts/Interaction/Visuals/HandConfidenceVisual.cs
 0.1 kb	 0.0% Packages/com.meta.xr.sdk.interaction/Runtime/Scripts/Interaction/Surfaces/NavMeshSurface.cs
 0.1 kb	 0.0% Packages/com.meta.xr.sdk.interaction/Runtime/Scripts/Interaction/Surfaces/ISurfacePatch.cs
 0.1 kb	 0.0% Packages/com.meta.xr.sdk.interaction/Runtime/Scripts/Interaction/Surfaces/ISurfaceClipper.cs
 0.1 kb	 0.0% Packages/com.meta.xr.sdk.interaction/Runtime/Scripts/Interaction/Surfaces/CylinderSurface.cs
 0.1 kb	 0.0% Packages/com.meta.xr.sdk.interaction/Runtime/Scripts/Interaction/Surfaces/CylinderClipper.cs
 0.1 kb	 0.0% Packages/com.meta.xr.sdk.interaction/Runtime/Scripts/Interaction/Surfaces/ColliderSurface.cs
 0.1 kb	 0.0% Packages/com.meta.xr.sdk.interaction/Runtime/Scripts/Interaction/Surfaces/CircleSurface.cs
 0.1 kb	 0.0% Packages/com.meta.xr.sdk.interaction/Runtime/Scripts/Interaction/Surfaces/BoundsClipper.cs
 0.1 kb	 0.0% Packages/com.meta.xr.sdk.interaction/Runtime/Scripts/Interaction/Surfaces/AxisAlignedBox.cs
 0.1 kb	 0.0% Packages/com.meta.xr.sdk.interaction/Runtime/Scripts/Interaction/Pointable/PointableDebugVisual.cs
 0.1 kb	 0.0% Packages/com.meta.xr.sdk.interaction/Runtime/Scripts/Interaction/Pointable/PointableDebugGizmos.cs
 0.1 kb	 0.0% Packages/com.meta.xr.sdk.interaction/Runtime/Scripts/Interaction/Models/UseGrab/UseFingerRawPinchAPI.cs
 0.1 kb	 0.0% Packages/com.meta.xr.sdk.interaction/Runtime/Scripts/Interaction/Models/UseGrab/Axis1DFingerUseAPI.cs
 0.1 kb	 0.0% Packages/com.meta.xr.sdk.interaction/Runtime/Scripts/Interaction/Models/Snap/ListSnapPoseDelegate.cs
 0.1 kb	 0.0% Packages/com.meta.xr.sdk.interaction/Runtime/Scripts/Interaction/Models/Snap/ISnapPoseDelegate.cs
 0.1 kb	 0.0% Packages/com.meta.xr.sdk.interaction/Runtime/Scripts/Interaction/Models/Ray/Visuals/ControllerRayVisual.cs
 0.1 kb	 0.0% Packages/com.meta.xr.sdk.interaction/Runtime/Scripts/Interaction/Models/Locomotion/Teleport/Visuals/PinchPointerVisual.cs
 0.1 kb	 0.0% Packages/com.meta.xr.sdk.interaction/Runtime/Scripts/Interaction/Models/HandGrab/IHandGrabState.cs
 0.1 kb	 0.0% Packages/com.meta.xr.sdk.interaction/Runtime/Scripts/Interaction/Models/HandGrab/HandGrabUtils.cs
 0.1 kb	 0.0% Packages/com.meta.xr.sdk.interaction/Runtime/Scripts/Interaction/Models/HandGrab/HandGrabTarget.cs
 0.1 kb	 0.0% Packages/com.meta.xr.sdk.interaction/Runtime/Scripts/Interaction/Models/HandGrab/HandGrabResult.cs
 0.1 kb	 0.0% Packages/com.meta.xr.sdk.interaction/Runtime/Scripts/Interaction/Models/HandGrab/GrabPoseFinder.cs
 0.1 kb	 0.0% Packages/com.meta.xr.sdk.interaction/Runtime/Scripts/Interaction/Grabbable/GrabFreeTransformer.cs
 0.1 kb	 0.0% Packages/com.meta.xr.sdk.interaction/Runtime/Scripts/Interaction/Core/UpdateDriverGroup.cs
 0.1 kb	 0.0% Packages/com.meta.xr.sdk.interaction/Runtime/Scripts/Interaction/Core/InteractableGroup.cs
 0.1 kb	 0.0% Packages/com.meta.xr.sdk.interaction/Runtime/Scripts/Interaction/Core/IGameObjectFilter.cs
 0.1 kb	 0.0% Packages/com.meta.xr.sdk.interaction/Runtime/Scripts/Interaction/Core/ICandidatePosition.cs
 0.1 kb	 0.0% Packages/com.meta.xr.sdk.interaction/Runtime/Scripts/Interaction/Core/ICandidateComparer.cs
 0.1 kb	 0.0% Packages/com.meta.xr.sdk.interaction/Runtime/Scripts/Interaction/Core/HoverInteractorsGate.cs
 0.1 kb	 0.0% Packages/com.meta.xr.sdk.interaction/Runtime/Scripts/Interaction/Core/Axis2DActiveState.cs
 0.1 kb	 0.0% Packages/com.meta.xr.sdk.interaction/Runtime/Scripts/Interaction/Core/ActiveStateTracker.cs
 0.1 kb	 0.0% Packages/com.meta.xr.sdk.interaction/Runtime/Scripts/Interaction/Core/ActiveStateToggle.cs
 0.1 kb	 0.0% Packages/com.meta.xr.sdk.interaction/Runtime/Scripts/Interaction/Core/ActiveStateSelector.cs
 0.1 kb	 0.0% Packages/com.meta.xr.sdk.interaction/Runtime/Scripts/Input/OneEuroFilter/OneEuroFilterMulti.cs
 0.1 kb	 0.0% Packages/com.meta.xr.sdk.interaction/Runtime/Scripts/Input/OneEuroFilter/OneEuroFilterFactory.cs
 0.1 kb	 0.0% Packages/com.meta.xr.sdk.interaction/Runtime/Scripts/Input/Controllers/ControllerPrimitives.cs
 0.1 kb	 0.0% Packages/com.meta.xr.sdk.interaction/Runtime/Scripts/Grab/Visuals/HandPuppet.cs
 0.1 kb	 0.0% Packages/com.meta.xr.sdk.interaction/Runtime/Scripts/Grab/Visuals/HandJointMap.cs
 0.1 kb	 0.0% Packages/com.meta.xr.sdk.interaction/Runtime/Scripts/Grab/Visuals/HandGhost.cs
 0.1 kb	 0.0% Packages/com.meta.xr.sdk.interaction/Runtime/Scripts/Grab/SnapSurfaces/IGrabSurface.cs
 0.1 kb	 0.0% Packages/com.meta.xr.sdk.interaction/Runtime/Scripts/Extensions/TransformExtensions.cs
 0.1 kb	 0.0% Packages/com.meta.xr.sdk.interaction/Runtime/Scripts/Extensions/HashSetExtensions.cs
 0.1 kb	 0.0% Packages/com.meta.xr.sdk.interaction/Runtime/Scripts/DistanceGrab/Visuals/IReticleData.cs
 0.1 kb	 0.0% Packages/com.meta.xr.sdk.interaction/Runtime/Scripts/DistanceGrab/IDistanceInteractor.cs
 0.1 kb	 0.0% Packages/com.meta.xr.sdk.interaction/Runtime/Scripts/DistanceGrab/DistantPointDetector.cs
 0.1 kb	 0.0% Packages/com.meta.xr.sdk.interaction/Runtime/Scripts/Body/SkeletonDebugGizmos.cs
 0.1 kb	 0.0% Packages/com.meta.xr.sdk.interaction/Runtime/Scripts/Body/Input/BodyPrimitives.cs
 0.1 kb	 0.0% Packages/com.meta.xr.sdk.interaction/Runtime/Scripts/Attributes/OptionalAttribute.cs
 0.1 kb	 0.0% Packages/com.meta.xr.sdk.interaction/Runtime/Scripts/Attributes/InspectorButton.cs
 0.1 kb	 0.0% Packages/com.meta.xr.sdk.interaction/Runtime/Sample/Scripts/StayInView.cs
 0.1 kb	 0.0% Packages/com.meta.xr.sdk.interaction/Runtime/Sample/Scripts/SceneLoader.cs
 0.1 kb	 0.0% Packages/com.meta.xr.sdk.interaction/Runtime/Sample/Scripts/LookAtTarget.cs
 0.1 kb	 0.0% Packages/com.meta.xr.sdk.interaction/Runtime/Sample/Scripts/ColorChanger.cs
 0.1 kb	 0.0% Packages/com.meta.xr.sdk.interaction/Runtime/Sample/Scripts/CarouselView.cs
 0.1 kb	 0.0% Packages/com.meta.xr.sdk.interaction/Runtime/Sample/Objects/UISet/Scripts/UIThemeManager.cs
 0.1 kb	 0.0% Packages/com.meta.xr.sdk.interaction/Runtime/Sample/Objects/UISet/Scripts/DisableRaycaster.cs
 0.1 kb	 0.0% Packages/com.meta.xr.sdk.interaction/Runtime/OpenXR/HandTranslationUtils.cs
 0.1 kb	 0.0% Packages/com.meta.xr.sdk.interaction.ovr/Runtime/Scripts/Input/OVRSkeletonData.cs
 0.1 kb	 0.0% Packages/com.meta.xr.sdk.interaction.ovr/Runtime/Scripts/Input/OVRCameraRigRef.cs
 0.1 kb	 0.0% Packages/com.meta.xr.sdk.interaction.ovr/Runtime/Scripts/Input/HandSkeletonOVR.cs
 0.1 kb	 0.0% Packages/com.meta.xr.sdk.interaction.ovr/Runtime/Scripts/Input/AnimatedHandOVR.cs
 0.1 kb	 0.0% Packages/com.meta.xr.sdk.core/Scripts/ImmersiveDebugger/UserInterface/Resources/Styles/LayoutStyles/VerticalValueFlex.asset
 0.1 kb	 0.0% Packages/com.meta.xr.sdk.core/Scripts/ImmersiveDebugger/UserInterface/Resources/Styles/LayoutStyles/MemberValueDynamic.asset
 0.1 kb	 0.0% Packages/com.meta.xr.sdk.core/Scripts/ImmersiveDebugger/UserInterface/Resources/Styles/LayoutStyles/MemberButtonToggle.asset
 0.1 kb	 0.0% Packages/com.meta.xr.sdk.core/Scripts/ImmersiveDebugger/UserInterface/Resources/Styles/LayoutStyles/LogDetailsScrollView.asset
 0.1 kb	 0.0% Packages/com.meta.xr.sdk.core/Scripts/ImmersiveDebugger/UserInterface/Resources/Styles/LayoutStyles/InspectorMainFlex.asset
 0.1 kb	 0.0% Packages/com.meta.xr.sdk.core/Scripts/ImmersiveDebugger/UserInterface/Resources/Styles/LayoutStyles/DropdownValuesFlex.asset
 0.1 kb	 0.0% Packages/com.meta.xr.sdk.core/Scripts/ImmersiveDebugger/UserInterface/Resources/Styles/LayoutStyles/DropdownValueItem.asset
 0.1 kb	 0.0% Packages/com.meta.xr.sdk.core/Scripts/ImmersiveDebugger/UserInterface/Resources/Styles/LayoutStyles/DropdownArrowIcon.asset
 0.1 kb	 0.0% Packages/com.meta.xr.sdk.core/Scripts/ImmersiveDebugger/UserInterface/Resources/Styles/LayoutStyles/ConsoleLogDetails.asset
 0.1 kb	 0.0% Packages/com.meta.xr.sdk.core/Scripts/ImmersiveDebugger/UserInterface/Resources/Styles/LayoutStyles/ConsoleButtonCount.asset
 0.1 kb	 0.0% Packages/com.meta.xr.sdk.core/Scripts/ImmersiveDebugger/UserInterface/Resources/Styles/LayoutStyles/CategoryButtonFlex.asset
 0.1 kb	 0.0% Packages/com.meta.xr.sdk.core/Scripts/ImmersiveDebugger/UserInterface/Resources/Styles/LayoutStyles/CategoriesScrollView.asset
 0.1 kb	 0.0% Packages/com.meta.xr.sdk.core/Scripts/ImmersiveDebugger/UserInterface/Resources/Styles/ImageStyles/None.asset
 0.1 kb	 0.0% Packages/com.meta.xr.sdk.core/Scripts/ImmersiveDebugger/Telemetry/Telemetry.cs
 0.1 kb	 0.0% Packages/com.meta.xr.sdk.core/Scripts/ImmersiveDebugger/SceneSetup.cs
 0.1 kb	 0.0% Packages/com.meta.xr.sdk.core/Scripts/ImmersiveDebugger/Managers/Hooks/Watch.cs
 0.1 kb	 0.0% Packages/com.meta.xr.sdk.core/Scripts/ImmersiveDebugger/Managers/Hooks/Tweak.cs
 0.1 kb	 0.0% Packages/com.meta.xr.sdk.core/Scripts/BuildingBlocks/RoomMesh/RoomMeshEvent.cs
 0.1 kb	 0.0% Packages/com.meta.xr.sdk.core/Scripts/BuildingBlocks/PassthroughWindow/EnableUnpremultipliedAlpha.cs
 0.1 kb	 0.0% Packages/com.meta.xr.sdk.core/Scripts/BuildingBlocks/OcclusionBIRP/Scripts/OcclusionBuildingBlock.cs
 0.1 kb	 0.0% Packages/com.meta.xr.sdk.core/Scripts/BuildingBlocks/BuildingBlock.cs
 0.1 kb	 0.0% Packages/com.meta.xr.sdk.audio/Runtime/scripts/MetaXRAcousticNativeInterface.cs
 0.1 kb	 0.0% Packages/com.meta.xr.sdk.audio/Runtime/scripts/MetaXRAcousticMaterialProperties.cs
 0.1 kb	 0.0% Packages/com.meta.xr.sdk.audio/Runtime/scripts/MetaXRAcousticMaterialMapping.cs
 0.1 kb	 0.0% Packages/com.meta.xr.mrutilitykit/Core/Scripts/TelemetryConstants.cs
 0.1 kb	 0.0% Packages/com.meta.xr.mrutilitykit/Core/Scripts/SerializationHelpers.cs
 0.1 kb	 0.0% Packages/com.meta.xr.mrutilitykit/Core/Scripts/SceneDecorator/Masks/SpaceMapMask.cs
 0.1 kb	 0.0% Packages/com.meta.xr.mrutilitykit/Core/Scripts/SceneDecorator/Masks/SlopeMask.cs
 0.1 kb	 0.0% Packages/com.meta.xr.mrutilitykit/Core/Scripts/SceneDecorator/Masks/RandomMask.cs
 0.1 kb	 0.0% Packages/com.meta.xr.mrutilitykit/Core/Scripts/SceneDecorator/Masks/HeightMask.cs
 0.1 kb	 0.0% Packages/com.meta.xr.mrutilitykit/Core/Scripts/SceneDecorator/Masks/CookieMask.cs
 0.1 kb	 0.0% Packages/com.meta.xr.mrutilitykit/Core/Scripts/SceneDecorator/Masks/ConstantMask.cs
 0.1 kb	 0.0% Packages/com.meta.xr.mrutilitykit/Core/Scripts/SceneDecorator/Masks/ColliderMask.cs
 0.1 kb	 0.0% Packages/com.meta.xr.mrutilitykit/Core/Scripts/SceneDecorator/Editor/MaskEditor.cs
 0.1 kb	 0.0% Packages/com.meta.xr.mrutilitykit/Core/Scripts/FindSpawnPositions.cs
 0.1 kb	 0.0% Packages/com.meta.xr.mrutilitykit/Core/Scripts/AnchorPrefabSpawner.cs
 0.1 kb	 0.0% Packages/com.unity.xr.openxr/Runtime/input/HapticControl.cs
 0.1 kb	 0.0% Packages/com.unity.xr.openxr/Runtime/NativeTypes/XR_VERSION_1_1/XrExtent3Df.cs
 0.1 kb	 0.0% Packages/com.unity.xr.openxr/Runtime/NativeTypes/Core/XrVector3f.cs
 0.1 kb	 0.0% Packages/com.unity.xr.openxr/Runtime/NativeTypes/Core/XrVector2f.cs
 0.1 kb	 0.0% Packages/com.unity.xr.openxr/Runtime/NativeTypes/Core/XrExtent2Df.cs
 0.1 kb	 0.0% Packages/com.unity.xr.openxr/Runtime/ApiLayers/Support/CoreValidationLogSupport.cs
 0.1 kb	 0.0% Packages/com.unity.xr.openxr/Runtime/ApiLayers/PlatformSupport/WindowsPlatformSupport.cs
 0.1 kb	 0.0% Packages/com.unity.xr.openxr/Runtime/ApiLayers/PlatformSupport/AndroidPlatformSupport.cs
 0.1 kb	 0.0% Packages/com.unity.xr.hands/Runtime/XRHelpURLConstants.cs
 0.1 kb	 0.0% Packages/com.unity.xr.hands/Runtime/XRHandTrackingEvents.cs
 0.1 kb	 0.0% Packages/com.unity.xr.hands/Runtime/XRHandSkeletonDriver.cs
 0.1 kb	 0.0% Packages/com.unity.xr.hands/Runtime/XRHandMeshController.cs
 0.1 kb	 0.0% Packages/com.unity.xr.hands/Runtime/XRHandDeviceState.cs
 0.1 kb	 0.0% Packages/com.unity.xr.hands/Runtime/XRHandAnalyticsFlags.cs
 0.1 kb	 0.0% Packages/com.unity.xr.hands/Runtime/XRCommonHandGestures.cs
 0.1 kb	 0.0% Packages/com.unity.xr.hands/Runtime/Meshing/XRHandMeshData.cs
 0.1 kb	 0.0% Packages/com.unity.xr.hands/Runtime/AssemblyInfo.cs
 0.1 kb	 0.0% Packages/com.unity.xr.core-utils/Runtime/GUI/ScreenGUIUtils.cs
 0.1 kb	 0.0% Packages/com.unity.xr.core-utils/Runtime/Extensions/UnityEventExtensions.cs
 0.1 kb	 0.0% Packages/com.unity.visualscripting/Runtime/VisualScripting.State/SuperState.cs
 0.1 kb	 0.0% Packages/com.unity.visualscripting/Runtime/VisualScripting.State/StateUnit.cs
 0.1 kb	 0.0% Packages/com.unity.visualscripting/Runtime/VisualScripting.State/StateMachine.cs
 0.1 kb	 0.0% Packages/com.unity.visualscripting/Runtime/VisualScripting.State/StateGraph.cs
 0.1 kb	 0.0% Packages/com.unity.visualscripting/Runtime/VisualScripting.State/OnExitState.cs
 0.1 kb	 0.0% Packages/com.unity.visualscripting/Runtime/VisualScripting.State/OnEnterState.cs
 0.1 kb	 0.0% Packages/com.unity.visualscripting/Runtime/VisualScripting.State/INesterState.cs
 0.1 kb	 0.0% Packages/com.unity.visualscripting/Runtime/VisualScripting.State/FlowState.cs
 0.1 kb	 0.0% Packages/com.unity.visualscripting/Runtime/VisualScripting.Flow/UnitCategory.cs
 0.1 kb	 0.0% Packages/com.unity.visualscripting/Runtime/VisualScripting.Flow/SubgraphUnit.cs
 0.1 kb	 0.0% Packages/com.unity.visualscripting/Runtime/VisualScripting.Flow/Ports/ValueOutput.cs
 0.1 kb	 0.0% Packages/com.unity.visualscripting/Runtime/VisualScripting.Flow/Ports/ValueInput.cs
 0.1 kb	 0.0% Packages/com.unity.visualscripting/Runtime/VisualScripting.Flow/Ports/InvalidInput.cs
 0.1 kb	 0.0% Packages/com.unity.visualscripting/Runtime/VisualScripting.Flow/Ports/IUnitPort.cs
 0.1 kb	 0.0% Packages/com.unity.visualscripting/Runtime/VisualScripting.Flow/Ports/ControlInput.cs
 0.1 kb	 0.0% Packages/com.unity.visualscripting/Runtime/VisualScripting.Flow/INesterUnit.cs
 0.1 kb	 0.0% Packages/com.unity.visualscripting/Runtime/VisualScripting.Flow/Framework/Variables/SetVariable.cs
 0.1 kb	 0.0% Packages/com.unity.visualscripting/Runtime/VisualScripting.Flow/Framework/Variables/Obsolete/VariableUnit.cs
 0.1 kb	 0.0% Packages/com.unity.visualscripting/Runtime/VisualScripting.Flow/Framework/Variables/GetVariable.cs
 0.1 kb	 0.0% Packages/com.unity.visualscripting/Runtime/VisualScripting.Flow/Framework/Time/WaitForFlow.cs
 0.1 kb	 0.0% Packages/com.unity.visualscripting/Runtime/VisualScripting.Flow/Framework/Nulls/NullCoalesce.cs
 0.1 kb	 0.0% Packages/com.unity.visualscripting/Runtime/VisualScripting.Flow/Framework/Nulls/NullCheck.cs
 0.1 kb	 0.0% Packages/com.unity.visualscripting/Runtime/VisualScripting.Flow/Framework/Nesting/GraphOutput.cs
 0.1 kb	 0.0% Packages/com.unity.visualscripting/Runtime/VisualScripting.Flow/Framework/Nesting/GraphInput.cs
 0.1 kb	 0.0% Packages/com.unity.visualscripting/Runtime/VisualScripting.Flow/Framework/MissingType.cs
 0.1 kb	 0.0% Packages/com.unity.visualscripting/Runtime/VisualScripting.Flow/Framework/Math/Vector4/Vector4Sum.cs
 0.1 kb	 0.0% Packages/com.unity.visualscripting/Runtime/VisualScripting.Flow/Framework/Math/Vector4/Vector4Round.cs
 0.1 kb	 0.0% Packages/com.unity.visualscripting/Runtime/VisualScripting.Flow/Framework/Math/Vector4/Vector4Lerp.cs
 0.1 kb	 0.0% Packages/com.unity.visualscripting/Runtime/VisualScripting.Flow/Framework/Math/Vector3/Vector3Sum.cs
 0.1 kb	 0.0% Packages/com.unity.visualscripting/Runtime/VisualScripting.Flow/Framework/Math/Vector3/Vector3Round.cs
 0.1 kb	 0.0% Packages/com.unity.visualscripting/Runtime/VisualScripting.Flow/Framework/Math/Vector3/Vector3Lerp.cs
 0.1 kb	 0.0% Packages/com.unity.visualscripting/Runtime/VisualScripting.Flow/Framework/Math/Vector3/Vector3Angle.cs
 0.1 kb	 0.0% Packages/com.unity.visualscripting/Runtime/VisualScripting.Flow/Framework/Math/Vector2/Vector2Sum.cs
 0.1 kb	 0.0% Packages/com.unity.visualscripting/Runtime/VisualScripting.Flow/Framework/Math/Vector2/Vector2Round.cs
 0.1 kb	 0.0% Packages/com.unity.visualscripting/Runtime/VisualScripting.Flow/Framework/Math/Vector2/Vector2Lerp.cs
 0.1 kb	 0.0% Packages/com.unity.visualscripting/Runtime/VisualScripting.Flow/Framework/Math/Vector2/Vector2Angle.cs
 0.1 kb	 0.0% Packages/com.unity.visualscripting/Runtime/VisualScripting.Flow/Framework/Math/Scalar/ScalarSum.cs
 0.1 kb	 0.0% Packages/com.unity.visualscripting/Runtime/VisualScripting.Flow/Framework/Math/Scalar/ScalarRound.cs
 0.1 kb	 0.0% Packages/com.unity.visualscripting/Runtime/VisualScripting.Flow/Framework/Math/Scalar/ScalarRoot.cs
 0.1 kb	 0.0% Packages/com.unity.visualscripting/Runtime/VisualScripting.Flow/Framework/Math/Scalar/ScalarModulo.cs
 0.1 kb	 0.0% Packages/com.unity.visualscripting/Runtime/VisualScripting.Flow/Framework/Math/Scalar/ScalarLerp.cs
 0.1 kb	 0.0% Packages/com.unity.visualscripting/Runtime/VisualScripting.Flow/Framework/Math/Scalar/ScalarDivide.cs
 0.1 kb	 0.0% Packages/com.unity.visualscripting/Runtime/VisualScripting.Flow/Framework/Math/Generic/GenericSum.cs
 0.1 kb	 0.0% Packages/com.unity.visualscripting/Runtime/VisualScripting.Flow/Framework/Logic/LessOrEqual.cs
 0.1 kb	 0.0% Packages/com.unity.visualscripting/Runtime/VisualScripting.Flow/Framework/Logic/ExclusiveOr.cs
 0.1 kb	 0.0% Packages/com.unity.visualscripting/Runtime/VisualScripting.Flow/Framework/Logic/Comparison.cs
 0.1 kb	 0.0% Packages/com.unity.visualscripting/Runtime/VisualScripting.Flow/Framework/Events/Physics/OnJointBreak.cs
 0.1 kb	 0.0% Packages/com.unity.visualscripting/Runtime/VisualScripting.Flow/Framework/Events/Lifecycle/OnDisable.cs
 0.1 kb	 0.0% Packages/com.unity.visualscripting/Runtime/VisualScripting.Flow/Framework/Events/Lifecycle/OnDestroy.cs
 0.1 kb	 0.0% Packages/com.unity.visualscripting/Runtime/VisualScripting.Flow/Framework/Events/Lifecycle/LateUpdate.cs
 0.1 kb	 0.0% Packages/com.unity.visualscripting/Runtime/VisualScripting.Flow/Framework/Events/Lifecycle/FixedUpdate.cs
 0.1 kb	 0.0% Packages/com.unity.visualscripting/Runtime/VisualScripting.Flow/Framework/Events/Input/OnMouseUp.cs
 0.1 kb	 0.0% Packages/com.unity.visualscripting/Runtime/VisualScripting.Flow/Framework/Events/Input/OnMouseOver.cs
 0.1 kb	 0.0% Packages/com.unity.visualscripting/Runtime/VisualScripting.Flow/Framework/Events/Input/OnMouseInput.cs
 0.1 kb	 0.0% Packages/com.unity.visualscripting/Runtime/VisualScripting.Flow/Framework/Events/Input/OnMouseExit.cs
 0.1 kb	 0.0% Packages/com.unity.visualscripting/Runtime/VisualScripting.Flow/Framework/Events/Input/OnMouseEnter.cs
 0.1 kb	 0.0% Packages/com.unity.visualscripting/Runtime/VisualScripting.Flow/Framework/Events/Input/OnMouseDrag.cs
 0.1 kb	 0.0% Packages/com.unity.visualscripting/Runtime/VisualScripting.Flow/Framework/Events/Input/OnMouseDown.cs
 0.1 kb	 0.0% Packages/com.unity.visualscripting/Runtime/VisualScripting.Flow/Framework/Events/IEventUnit.cs
 0.1 kb	 0.0% Packages/com.unity.visualscripting/Runtime/VisualScripting.Flow/Framework/Events/GUI/OnPointerUp.cs
 0.1 kb	 0.0% Packages/com.unity.visualscripting/Runtime/VisualScripting.Flow/Framework/Events/GUI/OnEndDrag.cs
 0.1 kb	 0.0% Packages/com.unity.visualscripting/Runtime/VisualScripting.Flow/Framework/Events/GUI/OnDeselect.cs
 0.1 kb	 0.0% Packages/com.unity.visualscripting/Runtime/VisualScripting.Flow/Framework/Events/GUI/OnBeginDrag.cs
 0.1 kb	 0.0% Packages/com.unity.visualscripting/Runtime/VisualScripting.Flow/Framework/Events/Editor/OnDrawGizmos.cs
 0.1 kb	 0.0% Packages/com.unity.visualscripting/Runtime/VisualScripting.Flow/Framework/Events/CustomEvent.cs
 0.1 kb	 0.0% Packages/com.unity.visualscripting/Runtime/VisualScripting.Flow/Framework/Events/Animation/OnAnimatorIK.cs
 0.1 kb	 0.0% Packages/com.unity.visualscripting/Runtime/VisualScripting.Flow/Framework/Control/ToggleValue.cs
 0.1 kb	 0.0% Packages/com.unity.visualscripting/Runtime/VisualScripting.Flow/Framework/Control/ToggleFlow.cs
 0.1 kb	 0.0% Packages/com.unity.visualscripting/Runtime/VisualScripting.Flow/Framework/Control/SwitchOnEnum.cs
 0.1 kb	 0.0% Packages/com.unity.visualscripting/Runtime/VisualScripting.Flow/Framework/Control/SelectUnit_T.cs
 0.1 kb	 0.0% Packages/com.unity.visualscripting/Runtime/VisualScripting.Flow/Framework/Control/SelectUnit.cs
 0.1 kb	 0.0% Packages/com.unity.visualscripting/Runtime/VisualScripting.Flow/Framework/Control/SelectOnFlow.cs
 0.1 kb	 0.0% Packages/com.unity.visualscripting/Runtime/VisualScripting.Flow/Framework/Control/SelectOnEnum.cs
 0.1 kb	 0.0% Packages/com.unity.visualscripting/Runtime/VisualScripting.Flow/Framework/Control/ISelectUnit.cs
 0.1 kb	 0.0% Packages/com.unity.visualscripting/Runtime/VisualScripting.Flow/Framework/Control/IBranchUnit.cs
 0.1 kb	 0.0% Packages/com.unity.visualscripting/Runtime/VisualScripting.Flow/Framework/Collections/Lists/SetListItem.cs
 0.1 kb	 0.0% Packages/com.unity.visualscripting/Runtime/VisualScripting.Flow/Framework/Collections/Lists/MergeLists.cs
 0.1 kb	 0.0% Packages/com.unity.visualscripting/Runtime/VisualScripting.Flow/Framework/Collections/Lists/GetListItem.cs
 0.1 kb	 0.0% Packages/com.unity.visualscripting/Runtime/VisualScripting.Flow/Framework/Collections/Lists/CreateList.cs
 0.1 kb	 0.0% Packages/com.unity.visualscripting/Runtime/VisualScripting.Flow/Framework/Collections/Lists/ClearList.cs
 0.1 kb	 0.0% Packages/com.unity.visualscripting/Runtime/VisualScripting.Flow/Framework/Collections/Lists/AddListItem.cs
 0.1 kb	 0.0% Packages/com.unity.visualscripting/Runtime/VisualScripting.Flow/Framework/Collections/FirstItem.cs
 0.1 kb	 0.0% Packages/com.unity.visualscripting/Runtime/VisualScripting.Flow/Framework/Collections/CountItems.cs
 0.1 kb	 0.0% Packages/com.unity.visualscripting/Runtime/VisualScripting.Flow/Framework/Codebase/SetMember.cs
 0.1 kb	 0.0% Packages/com.unity.visualscripting/Runtime/VisualScripting.Flow/Framework/Codebase/MemberUnit.cs
 0.1 kb	 0.0% Packages/com.unity.visualscripting/Runtime/VisualScripting.Flow/Framework/Codebase/InvokeMember.cs
 0.1 kb	 0.0% Packages/com.unity.visualscripting/Runtime/VisualScripting.Flow/Framework/Codebase/GetMember.cs
 0.1 kb	 0.0% Packages/com.unity.visualscripting/Runtime/VisualScripting.Flow/Framework/Codebase/CreateStruct.cs
 0.1 kb	 0.0% Packages/com.unity.visualscripting/Runtime/VisualScripting.Flow/FlowGraph.cs
 0.1 kb	 0.0% Packages/com.unity.visualscripting/Runtime/VisualScripting.Flow/Connections/UnitRelation.cs
 0.1 kb	 0.0% Packages/com.unity.visualscripting/Runtime/VisualScripting.Core/Variables/Variables.cs
 0.1 kb	 0.0% Packages/com.unity.visualscripting/Runtime/VisualScripting.Core/Utilities/Recursion.cs
 0.1 kb	 0.0% Packages/com.unity.visualscripting/Runtime/VisualScripting.Core/Utilities/LinqUtility.cs
 0.1 kb	 0.0% Packages/com.unity.visualscripting/Runtime/VisualScripting.Core/Utilities/IGettable.cs
 0.1 kb	 0.0% Packages/com.unity.visualscripting/Runtime/VisualScripting.Core/Utilities/HashUtility.cs
 0.1 kb	 0.0% Packages/com.unity.visualscripting/Runtime/VisualScripting.Core/Utilities/EnumUtility.cs
 0.1 kb	 0.0% Packages/com.unity.visualscripting/Runtime/VisualScripting.Core/Unity/UnityThread.cs
 0.1 kb	 0.0% Packages/com.unity.visualscripting/Runtime/VisualScripting.Core/Unity/ISingleton.cs
 0.1 kb	 0.0% Packages/com.unity.visualscripting/Runtime/VisualScripting.Core/Unity/IGizmoDrawer.cs
 0.1 kb	 0.0% Packages/com.unity.visualscripting/Runtime/VisualScripting.Core/StickyNote/StickyNote.cs
 0.1 kb	 0.0% Packages/com.unity.visualscripting/Runtime/VisualScripting.Core/Serialization/Converters/RayConverter.cs
 0.1 kb	 0.0% Packages/com.unity.visualscripting/Runtime/VisualScripting.Core/Reflection/TypeUtility.cs
 0.1 kb	 0.0% Packages/com.unity.visualscripting/Runtime/VisualScripting.Core/Reflection/TypeFilter.cs
 0.1 kb	 0.0% Packages/com.unity.visualscripting/Runtime/VisualScripting.Core/Reflection/Optimization/InvokerBase.cs
 0.1 kb	 0.0% Packages/com.unity.visualscripting/Runtime/VisualScripting.Core/Reflection/Operators/PlusHandler.cs
 0.1 kb	 0.0% Packages/com.unity.visualscripting/Runtime/VisualScripting.Core/Reflection/Operators/OrHandler.cs
 0.1 kb	 0.0% Packages/com.unity.visualscripting/Runtime/VisualScripting.Core/Reflection/Operators/AndHandler.cs
 0.1 kb	 0.0% Packages/com.unity.visualscripting/Runtime/VisualScripting.Core/Reflection/Namespace.cs
 0.1 kb	 0.0% Packages/com.unity.visualscripting/Runtime/VisualScripting.Core/Reflection/MemberFilter.cs
 0.1 kb	 0.0% Packages/com.unity.visualscripting/Runtime/VisualScripting.Core/Reflection/IPrewarmable.cs
 0.1 kb	 0.0% Packages/com.unity.visualscripting/Runtime/VisualScripting.Core/Pooling/IPoolable.cs
 0.1 kb	 0.0% Packages/com.unity.visualscripting/Runtime/VisualScripting.Core/Groups/GraphGroup.cs
 0.1 kb	 0.0% Packages/com.unity.visualscripting/Runtime/VisualScripting.Core/Graphs/IGraphRoot.cs
 0.1 kb	 0.0% Packages/com.unity.visualscripting/Runtime/VisualScripting.Core/Graphs/IGraphParent.cs
 0.1 kb	 0.0% Packages/com.unity.visualscripting/Runtime/VisualScripting.Core/Graphs/IGraphNester.cs
 0.1 kb	 0.0% Packages/com.unity.visualscripting/Runtime/VisualScripting.Core/Graphs/IGraphNest.cs
 0.1 kb	 0.0% Packages/com.unity.visualscripting/Runtime/VisualScripting.Core/Graphs/IGraphItem.cs
 0.1 kb	 0.0% Packages/com.unity.visualscripting/Runtime/VisualScripting.Core/Graphs/IGraphData.cs
 0.1 kb	 0.0% Packages/com.unity.visualscripting/Runtime/VisualScripting.Core/Graphs/GraphStack.cs
 0.1 kb	 0.0% Packages/com.unity.visualscripting/Runtime/VisualScripting.Core/Graphs/GraphPointer.cs
 0.1 kb	 0.0% Packages/com.unity.visualscripting/Runtime/VisualScripting.Core/Exceptions/DebugUtility.cs
 0.1 kb	 0.0% Packages/com.unity.visualscripting/Runtime/VisualScripting.Core/Events/IEventGraph.cs
 0.1 kb	 0.0% Packages/com.unity.visualscripting/Runtime/VisualScripting.Core/Events/EventHooks.cs
 0.1 kb	 0.0% Packages/com.unity.visualscripting/Runtime/VisualScripting.Core/Events/EventHook.cs
 0.1 kb	 0.0% Packages/com.unity.visualscripting/Runtime/VisualScripting.Core/Ensure/Extensions/XComparable.cs
 0.1 kb	 0.0% Packages/com.unity.visualscripting/Runtime/VisualScripting.Core/Ensure/EnsureThat.cs
 0.1 kb	 0.0% Packages/com.unity.visualscripting/Runtime/VisualScripting.Core/Cloning/Cloners/ListCloner.cs
 0.1 kb	 0.0% Packages/com.unity.visualscripting/Runtime/VisualScripting.Core/Cloning/Cloners/FieldsCloner.cs
 0.1 kb	 0.0% Packages/com.unity.visualscripting/Runtime/VisualScripting.Core/Cloning/Cloners/ArrayCloner.cs
 0.1 kb	 0.0% Packages/com.unity.ugui/Runtime/UGUI/UI/Animation/CoroutineTween.cs
 0.1 kb	 0.0% Packages/com.unity.ugui/Runtime/UGUI/EventSystem/EventInterfaces.cs
 0.1 kb	 0.0% Packages/com.unity.ugui/Runtime/TMP/TMPro_ExtensionMethods.cs
 0.1 kb	 0.0% Packages/com.unity.ugui/Runtime/TMP/TMP_TextParsingUtilities.cs
 0.1 kb	 0.0% Packages/com.unity.ugui/Runtime/TMP/TMP_TextElement_Legacy.cs
 0.1 kb	 0.0% Packages/com.unity.ugui/Runtime/TMP/TMP_FontAssetUtilities.cs
 0.1 kb	 0.0% Packages/com.unity.ugui/Runtime/TMP/MaterialReferenceManager.cs
 0.1 kb	 0.0% Packages/com.unity.ugui/Runtime/TMP/FontFeatureCommonGSUB.cs
 0.1 kb	 0.0% Packages/com.unity.timeline/Runtime/Utilities/IPropertyCollector.cs
 0.1 kb	 0.0% Packages/com.unity.timeline/Runtime/Utilities/AnimatorBindingCache.cs
 0.1 kb	 0.0% Packages/com.unity.timeline/Runtime/Playables/TimeControlPlayable.cs
 0.1 kb	 0.0% Packages/com.unity.timeline/Runtime/Extensions/SelectionExtensions.cs
 0.1 kb	 0.0% Packages/com.unity.timeline/Runtime/Evaluation/ScheduleRuntimeClip.cs
 0.1 kb	 0.0% Packages/com.unity.timeline/Runtime/Evaluation/InfiniteRuntimeClip.cs
 0.1 kb	 0.0% Packages/com.unity.timeline/Runtime/Control/ControlPlayableAsset.cs
 0.1 kb	 0.0% Packages/com.unity.timeline/Runtime/Audio/AudioPlayableAsset.cs
 0.1 kb	 0.0% Packages/com.unity.timeline/Runtime/Audio/AudioMixerProperties.cs
 0.1 kb	 0.0% Packages/com.unity.timeline/Runtime/Audio/AudioClipProperties.cs
 0.1 kb	 0.0% Packages/com.unity.timeline/Runtime/Attributes/TrackColorAttribute.cs
 0.1 kb	 0.0% Packages/com.unity.render-pipelines.universal/Runtime/2D/Shadows/ShadowProvider/VertexDictionary.cs
 0.1 kb	 0.0% Packages/com.unity.render-pipelines.core/Runtime/Volume/Volume.cs
 0.1 kb	 0.0% Packages/com.unity.render-pipelines.core/Runtime/Volume/IVolume.cs
 0.1 kb	 0.0% Packages/com.unity.render-pipelines.core/Runtime/Utilities/GPUSort/GPUSort.cs
 0.1 kb	 0.0% Packages/com.unity.render-pipelines.core/Runtime/Utilities/FSRUtils.cs
 0.1 kb	 0.0% Packages/com.unity.render-pipelines.core/Runtime/Utilities/Blitter.cs
 0.1 kb	 0.0% Packages/com.unity.render-pipelines.core/Runtime/Textures/RTHandle.cs
 0.1 kb	 0.0% Packages/com.unity.render-pipelines.core/Runtime/Debugging/DebugUI.cs
 0.1 kb	 0.0% Packages/com.unity.inputsystem/InputSystem/Utilities/DynamicBitfield.cs
 0.1 kb	 0.0% Packages/com.unity.inputsystem/InputSystem/State/InputState.cs
 0.1 kb	 0.0% Packages/com.unity.inputsystem/InputSystem/Plugins/WebGL/WebGLSupport.cs
 0.1 kb	 0.0% Packages/com.unity.inputsystem/InputSystem/Plugins/WebGL/WebGLGamepad.cs
 0.1 kb	 0.0% Packages/com.unity.inputsystem/InputSystem/Plugins/Users/InputUser.cs
 0.1 kb	 0.0% Packages/com.unity.inputsystem/InputSystem/Plugins/Linux/LinuxSupport.cs
 0.1 kb	 0.0% Packages/com.unity.inputsystem/InputSystem/Plugins/EnhancedTouch/Touch.cs
 0.1 kb	 0.0% Packages/com.unity.inputsystem/InputSystem/Plugins/EnhancedTouch/Finger.cs
 0.1 kb	 0.0% Packages/com.unity.inputsystem/InputSystem/InputSettings.cs
 0.1 kb	 0.0% Packages/com.unity.inputsystem/InputSystem/InputMetrics.cs
 0.1 kb	 0.0% Packages/com.unity.inputsystem/InputSystem/InputExtensions.cs
 0.1 kb	 0.0% Packages/com.unity.inputsystem/InputSystem/InputAnalytics.cs
 0.1 kb	 0.0% Packages/com.unity.inputsystem/InputSystem/Events/TextEvent.cs
 0.1 kb	 0.0% Packages/com.unity.inputsystem/InputSystem/Events/StateEvent.cs
 0.1 kb	 0.0% Packages/com.unity.inputsystem/InputSystem/Events/InputEvent.cs
 0.1 kb	 0.0% Packages/com.unity.inputsystem/InputSystem/Events/ActionEvent.cs
 0.1 kb	 0.0% Packages/com.unity.inputsystem/InputSystem/Editor/UITKAssetEditor/Views/Selectors.cs
 0.1 kb	 0.0% Packages/com.unity.inputsystem/InputSystem/Editor/UITKAssetEditor/Views/ContextMenu.cs
 0.1 kb	 0.0% Packages/com.unity.inputsystem/InputSystem/Editor/Internal/GUIHelpers.cs
 0.1 kb	 0.0% Packages/com.unity.inputsystem/InputSystem/Devices/TrackedDevice.cs
 0.1 kb	 0.0% Packages/com.unity.inputsystem/InputSystem/Devices/Remote/InputRemoting.cs
 0.1 kb	 0.0% Packages/com.unity.inputsystem/InputSystem/Devices/Precompiled/FastTouchscreen.cs
 0.1 kb	 0.0% Packages/com.unity.inputsystem/InputSystem/Devices/Precompiled/FastMouse.partial.cs
 0.1 kb	 0.0% Packages/com.unity.inputsystem/InputSystem/Devices/IEventMerger.cs
 0.1 kb	 0.0% Packages/com.unity.inputsystem/InputSystem/Controls/TouchControl.cs
 0.1 kb	 0.0% Packages/com.unity.inputsystem/InputSystem/Controls/StickControl.cs
 0.1 kb	 0.0% Packages/com.unity.inputsystem/InputSystem/Controls/KeyControl.cs
 0.1 kb	 0.0% Packages/com.unity.inputsystem/InputSystem/Controls/InputProcessor.cs
 0.1 kb	 0.0% Packages/com.unity.inputsystem/InputSystem/Controls/InputControlPath.cs
 0.1 kb	 0.0% Packages/com.unity.inputsystem/InputSystem/Controls/DpadControl.cs
 0.1 kb	 0.0% Packages/com.unity.inputsystem/InputSystem/Controls/DeltaControl.cs
 0.1 kb	 0.0% Packages/com.unity.inputsystem/InputSystem/Controls/AxisControl.cs
 0.1 kb	 0.0% Packages/com.unity.inputsystem/InputSystem/Actions/InputActionState.cs
 0.1 kb	 0.0% Packages/com.unity.inputsystem/InputSystem/Actions/InputActionMap.cs
 0.1 kb	 0.0% Packages/com.unity.inputsystem/InputSystem/Actions/InputActionAsset.cs
 0.1 kb	 0.0% Packages/com.unity.collections/Unity.Collections/UnsafeQueue.cs
 0.1 kb	 0.0% Packages/com.unity.collections/Unity.Collections/NativeHashMap.cs
 0.1 kb	 0.0% Packages/com.unity.collections/Unity.Collections/FixedStringFormat.gen.cs
 0.1 kb	 0.0% Packages/com.unity.collections/Unity.Collections/FixedString.gen.cs
 0.1 kb	 0.0% Packages/com.meta.xr.sdk.voice/Scripts/Runtime/Service/ObjectVoiceExperience.cs
 0.1 kb	 0.0% Packages/com.meta.xr.sdk.voice/Scripts/Runtime/Logging/TTSServiceLogging.cs
 0.1 kb	 0.0% Packages/com.meta.xr.sdk.voice/Lib/Wit.ai/Scripts/Runtime/Interfaces/IWitInspectorTools.cs
 0.1 kb	 0.0% Packages/com.meta.xr.sdk.voice/Lib/Wit.ai/Scripts/Runtime/Interfaces/ITranscriptionEvent.cs
 0.1 kb	 0.0% Packages/com.meta.xr.sdk.voice/Lib/Wit.ai/Scripts/Runtime/Interfaces/IDataUploadHandler.cs
 0.1 kb	 0.0% Packages/com.meta.xr.sdk.voice/Lib/Wit.ai/Scripts/Runtime/Interfaces/IAudioUploadHandler.cs
 0.1 kb	 0.0% Packages/com.meta.xr.sdk.voice/Lib/Wit.ai/Scripts/Runtime/Interfaces/IAudioInputEvents.cs
 0.1 kb	 0.0% Packages/com.meta.xr.sdk.voice/Lib/Wit.ai/Scripts/Runtime/Interfaces/IAudioEventProvider.cs
 0.1 kb	 0.0% Packages/com.meta.xr.sdk.voice/Lib/Wit.ai/Scripts/Runtime/Data/Entities/WitDynamicEntities.cs
 0.1 kb	 0.0% Packages/com.meta.xr.sdk.voice/Lib/Wit.ai/Scripts/Runtime/Data/Configuration/WitRequestOptions.cs
 0.1 kb	 0.0% Packages/com.meta.xr.sdk.voice/Lib/Wit.ai/Scripts/Runtime/Data/Configuration/WitEndpointConfig.cs
 0.1 kb	 0.0% Packages/com.meta.xr.sdk.voice/Lib/Wit.ai/Scripts/Runtime/Data/Configuration/WitConfiguration.cs
 0.1 kb	 0.0% Packages/com.meta.xr.sdk.voice/Lib/Wit.ai/Scripts/Runtime/Data/AudioBufferConfiguration.cs
 0.1 kb	 0.0% Packages/com.meta.xr.sdk.voice/Lib/Wit.ai/Scripts/Runtime/Attributes/TooltipBoxAttribute.cs
 0.1 kb	 0.0% Packages/com.meta.xr.sdk.voice/Lib/Wit.ai/Scripts/Runtime/Attributes/HiddenTextAttribute.cs
 0.1 kb	 0.0% Packages/com.meta.xr.sdk.voice/Lib/Wit.ai/Lib/Wit/Runtime/Utilities/UnityObjectExtensions.cs
 0.1 kb	 0.0% Packages/com.meta.xr.sdk.voice/Lib/Wit.ai/Lib/Wit/Runtime/Utilities/Logging/LogCategoryAttribute.cs
 0.1 kb	 0.0% Packages/com.meta.xr.sdk.voice/Lib/Wit.ai/Lib/Wit/Runtime/Utilities/Logging/ILogSource.cs
 0.1 kb	 0.0% Packages/com.meta.xr.sdk.voice/Lib/Wit.ai/Lib/Wit/Runtime/Speech/VoiceSpeechEvents.cs
 0.1 kb	 0.0% Packages/com.meta.xr.sdk.voice/Lib/Wit.ai/Lib/Wit/Runtime/Speech/ISpeechEventProvider.cs
 0.1 kb	 0.0% Packages/com.meta.xr.sdk.voice/Lib/Wit.ai/Lib/Wit/Runtime/Requests/UnityRequests/WitMessageVRequest.cs
 0.1 kb	 0.0% Packages/com.meta.xr.sdk.voice/Lib/Wit.ai/Lib/Wit/Runtime/Requests/UnityRequests/TextStreamHandler.cs
 0.1 kb	 0.0% Packages/com.meta.xr.sdk.voice/Lib/Wit.ai/Lib/Wit/Runtime/Requests/UnityRequests/IWitRequestConfiguration.cs
 0.1 kb	 0.0% Packages/com.meta.xr.sdk.voice/Lib/Wit.ai/Lib/Wit/Runtime/Requests/UnityRequests/AudioStreamHandler.cs
 0.1 kb	 0.0% Packages/com.meta.xr.sdk.voice/Lib/Wit.ai/Lib/Wit/Runtime/Net/Encoding/WitChunkHeader.cs
 0.1 kb	 0.0% Packages/com.meta.xr.sdk.voice/Lib/Wit.ai/Lib/Wit/Runtime/Data/Info/WitVersionTagInfo.cs
 0.1 kb	 0.0% Packages/com.meta.xr.sdk.voice/Lib/Wit.ai/Lib/Wit/Runtime/Data/Info/WitTraitValueInfo.cs
 0.1 kb	 0.0% Packages/com.meta.xr.sdk.voice/Lib/Wit.ai/Lib/Wit/Runtime/Data/Info/WitEntityRoleInfo.cs
 0.1 kb	 0.0% Packages/com.meta.xr.sdk.voice/Lib/Wit.ai/Lib/Wit/Runtime/Data/Info/WitEntityKeywordInfo.cs
 0.1 kb	 0.0% Packages/com.meta.xr.sdk.voice/Lib/Wit.ai/Lib/Wit/Runtime/Data/Info/WitContextMapInfo.cs
 0.1 kb	 0.0% Packages/com.meta.xr.sdk.voice/Lib/Wit.ai/Lib/Wit/Runtime/Audio/Decoding/IAudioDecoder.cs
 0.1 kb	 0.0% Packages/com.meta.xr.sdk.voice/Lib/Wit.ai/Lib/Wit/Runtime/Audio/Decoding/AudioDecoderWav.cs
 0.1 kb	 0.0% Packages/com.meta.xr.sdk.voice/Lib/Wit.ai/Lib/Wit/Runtime/Audio/Decoding/AudioDecoderPcm.cs
 0.1 kb	 0.0% Packages/com.meta.xr.sdk.voice/Lib/Wit.ai/Lib/Wit/Runtime/Audio/Decoding/AudioDecoderOpus.cs
 0.1 kb	 0.0% Packages/com.meta.xr.sdk.voice/Lib/Wit.ai/Lib/Wit/Runtime/Audio/Decoding/AudioDecoderMp3.cs
 0.1 kb	 0.0% Packages/com.meta.xr.sdk.voice/Lib/Wit.ai/Lib/Wit/Runtime/Audio/Decoding/AudioDecoderJson.cs
 0.1 kb	 0.0% Packages/com.meta.xr.sdk.voice/Lib/Wit.ai/Features/TTS/Scripts/Runtime/UX/TTSSpeakerObserver.cs
 0.1 kb	 0.0% Packages/com.meta.xr.sdk.voice/Lib/Wit.ai/Features/TTS/Scripts/Runtime/UX/TTSSpeakerErrorLabel.cs
 0.1 kb	 0.0% Packages/com.meta.xr.sdk.voice/Lib/Wit.ai/Features/TTS/Scripts/Runtime/Interfaces/ITTSWebHandler.cs
 0.1 kb	 0.0% Packages/com.meta.xr.sdk.voice/Lib/Wit.ai/Features/TTS/Scripts/Runtime/Interfaces/ITTSEventPlayer.cs
 0.1 kb	 0.0% Packages/com.meta.xr.sdk.voice/Lib/Wit.ai/Features/TTS/Scripts/Runtime/Data/TTSEventContainer.cs
 0.1 kb	 0.0% Packages/com.meta.xr.sdk.voice/Lib/Wit.ai/Features/TTS/Scripts/Runtime/Data/TTSDiskCacheSettings.cs
 0.1 kb	 0.0% Packages/com.meta.xr.sdk.voice/Lib/Hub/Scripts/Runtime/Interfaces/IPageInfo.cs
 0.1 kb	 0.0% Packages/com.meta.xr.sdk.voice/Lib/Hub/Scripts/Runtime/Interfaces/IMetaHubPage.cs
 0.1 kb	 0.0% Packages/com.meta.xr.sdk.interaction/Runtime/Scripts/Unity/UnityCanvas/CanvasRect.cs
 0.1 kb	 0.0% Packages/com.meta.xr.sdk.interaction/Runtime/Scripts/Unity/UnityCanvas/CanvasMesh.cs
 0.1 kb	 0.0% Packages/com.meta.xr.sdk.interaction/Runtime/Scripts/Unity/Input/InputButton.cs
 0.1 kb	 0.0% Packages/com.meta.xr.sdk.interaction/Runtime/Scripts/Unity/Input/InputAxis.cs
 0.1 kb	 0.0% Packages/com.meta.xr.sdk.interaction/Runtime/Scripts/Throw/RANSACVelocity.cs
 0.1 kb	 0.0% Packages/com.meta.xr.sdk.interaction/Runtime/Scripts/Throw/IPoseInputDevice.cs
 0.1 kb	 0.0% Packages/com.meta.xr.sdk.interaction/Runtime/Scripts/PoseDetection/HmdOffset.cs
 0.1 kb	 0.0% Packages/com.meta.xr.sdk.interaction/Runtime/Scripts/PoseDetection/FingerShapes.cs
 0.1 kb	 0.0% Packages/com.meta.xr.sdk.interaction/Runtime/Scripts/Interaction/Models/HandGrab/GrabPoseScore.cs
 0.1 kb	 0.0% Packages/com.meta.xr.sdk.interaction/Runtime/Scripts/Input/OneEuroFilter/OneEuroFilter.cs
 0.1 kb	 0.0% Packages/com.meta.xr.sdk.interaction/Runtime/Scripts/Input/Hands/HandMirroring.cs
 0.1 kb	 0.0% Packages/com.meta.xr.sdk.interaction/Runtime/Scripts/Input/Hands/HandJointsCache.cs
 0.1 kb	 0.0% Packages/com.meta.xr.sdk.interaction/Runtime/Scripts/Input/Hands/HandDataAsset.cs
 0.1 kb	 0.0% Packages/com.meta.xr.sdk.interaction/Runtime/Scripts/Input/Hands/FingersMetadata.cs
 0.1 kb	 0.0% Packages/com.meta.xr.sdk.interaction/Runtime/Scripts/Input/Hands/DominantHandRef.cs
 0.1 kb	 0.0% Packages/com.meta.xr.sdk.interaction/Runtime/Scripts/Input/Hands/DataModifiers/SyntheticHand.cs
 0.1 kb	 0.0% Packages/com.meta.xr.sdk.interaction/Runtime/Scripts/Input/Hands/DataModifiers/HandFilter.cs
 0.1 kb	 0.0% Packages/com.meta.xr.sdk.interaction/Runtime/Scripts/Input/Hands/DataModifiers/FixedScaleHand.cs
 0.1 kb	 0.0% Packages/com.meta.xr.sdk.interaction/Runtime/Scripts/Input/Controllers/ControllerRef.cs
 0.1 kb	 0.0% Packages/com.meta.xr.sdk.interaction/Runtime/Scripts/Grab/SnapSurfaces/GrabPoseHelper.cs
 0.1 kb	 0.0% Packages/com.meta.xr.sdk.interaction/Runtime/Scripts/Collisions/IsSphereWithinCollider.cs
 0.1 kb	 0.0% Packages/com.meta.xr.sdk.interaction/Runtime/Scripts/Collisions/IsPointWithinCollider.cs
 0.1 kb	 0.0% Packages/com.meta.xr.sdk.interaction/Runtime/Scripts/Collisions/ClosestPointToColliders.cs
 0.1 kb	 0.0% Packages/com.meta.xr.sdk.interaction/Runtime/Scripts/Body/BodyDebugGizmos.cs
 0.1 kb	 0.0% Packages/com.meta.xr.sdk.interaction/Runtime/Sample/Scripts/PanelWithManipulators/SkinnedRoundedBoxMesh.cs
 0.1 kb	 0.0% Packages/com.meta.xr.sdk.interaction/Runtime/Sample/Scripts/PanelWithManipulators/ColliderSizeConstraint.cs
 0.1 kb	 0.0% Packages/com.meta.xr.sdk.interaction/Runtime/Sample/Scripts/InteractableObjectLabel.cs
 0.1 kb	 0.0% Packages/com.meta.xr.sdk.interaction/Runtime/Sample/Scripts/HandGrabUse/Effects/WaterSpray/WaterSpray.cs
 0.1 kb	 0.0% Packages/com.meta.xr.sdk.interaction/Runtime/Sample/Scripts/ComprehensiveRigExampleUI/RoundedBoxUIProperties.cs
 0.1 kb	 0.0% Packages/com.meta.xr.sdk.interaction/Runtime/Sample/Scripts/ComprehensiveRigExampleUI/CanvasGroupAlphaToggle.cs
 0.1 kb	 0.0% Packages/com.meta.xr.sdk.interaction/Runtime/OpenXR/OpenXRHandPrimitives.cs
 0.1 kb	 0.0% Packages/com.meta.xr.sdk.interaction.ovr/Runtime/Scripts/Input/OVRButtonAxis1D.cs
 0.1 kb	 0.0% Packages/com.meta.xr.sdk.interaction.ovr/Runtime/Scripts/Input/OVRButton.cs
 0.1 kb	 0.0% Packages/com.meta.xr.sdk.interaction.ovr/Runtime/Scripts/Input/OVRAxis2D.cs
 0.1 kb	 0.0% Packages/com.meta.xr.sdk.interaction.ovr/Runtime/Scripts/Input/OVRAxis1D.cs
 0.1 kb	 0.0% Packages/com.meta.xr.sdk.core/Scripts/Util/OVRPointerEventData.cs
 0.1 kb	 0.0% Packages/com.meta.xr.sdk.core/Scripts/Util/OVRPhysicsRaycaster.cs
 0.1 kb	 0.0% Packages/com.meta.xr.sdk.core/Scripts/Util/OVRMixedRealityCaptureSettings.cs
 0.1 kb	 0.0% Packages/com.meta.xr.sdk.core/Scripts/OVRVirtualKeyboard/OVRVirtualKeyboardSampleControls.cs
 0.1 kb	 0.0% Packages/com.meta.xr.sdk.core/Scripts/OVRTrackedKeyboard/OVRTrackedKeyboardSampleControls.cs
 0.1 kb	 0.0% Packages/com.meta.xr.sdk.core/Scripts/ImmersiveDebugger/UserInterface/Resources/Styles/LayoutStyles/SliderBackground.asset
 0.1 kb	 0.0% Packages/com.meta.xr.sdk.core/Scripts/ImmersiveDebugger/UserInterface/Resources/Styles/LayoutStyles/PanelScrollView.asset
 0.1 kb	 0.0% Packages/com.meta.xr.sdk.core/Scripts/ImmersiveDebugger/UserInterface/Resources/Styles/LayoutStyles/MiniCounterValue.asset
 0.1 kb	 0.0% Packages/com.meta.xr.sdk.core/Scripts/ImmersiveDebugger/UserInterface/Resources/Styles/LayoutStyles/MemberValueFlex.asset
 0.1 kb	 0.0% Packages/com.meta.xr.sdk.core/Scripts/ImmersiveDebugger/UserInterface/Resources/Styles/LayoutStyles/MemberDescriptor.asset
 0.1 kb	 0.0% Packages/com.meta.xr.sdk.core/Scripts/ImmersiveDebugger/UserInterface/Resources/Styles/LayoutStyles/LogsScrollView.asset
 0.1 kb	 0.0% Packages/com.meta.xr.sdk.core/Scripts/ImmersiveDebugger/UserInterface/Resources/Styles/LayoutStyles/InspectorTitle.asset
 0.1 kb	 0.0% Packages/com.meta.xr.sdk.core/Scripts/ImmersiveDebugger/UserInterface/Resources/Styles/LayoutStyles/InspectorPanel.asset
 0.1 kb	 0.0% Packages/com.meta.xr.sdk.core/Scripts/ImmersiveDebugger/UserInterface/Resources/Styles/LayoutStyles/InspectorFlex.asset
 0.1 kb	 0.0% Packages/com.meta.xr.sdk.core/Scripts/ImmersiveDebugger/UserInterface/Resources/Styles/LayoutStyles/InspectorDivFlex.asset
 0.1 kb	 0.0% Packages/com.meta.xr.sdk.core/Scripts/ImmersiveDebugger/UserInterface/Resources/Styles/LayoutStyles/FillWithMargin.asset
 0.1 kb	 0.0% Packages/com.meta.xr.sdk.core/Scripts/ImmersiveDebugger/UserInterface/Resources/Styles/LayoutStyles/ConsoleLineLabel.asset
 0.1 kb	 0.0% Packages/com.meta.xr.sdk.core/Scripts/ImmersiveDebugger/UserInterface/Resources/Styles/LayoutStyles/ConsoleLineFlex.asset
 0.1 kb	 0.0% Packages/com.meta.xr.sdk.core/Scripts/ImmersiveDebugger/UserInterface/Resources/Styles/LayoutStyles/ConsoleButtons.asset
 0.1 kb	 0.0% Packages/com.meta.xr.sdk.core/Scripts/ImmersiveDebugger/UserInterface/Resources/Styles/LayoutStyles/ConsoleButton.asset
 0.1 kb	 0.0% Packages/com.meta.xr.sdk.core/Scripts/ImmersiveDebugger/UserInterface/Resources/Styles/LayoutStyles/CategorySubLabel.asset
 0.1 kb	 0.0% Packages/com.meta.xr.sdk.core/Scripts/ImmersiveDebugger/UserInterface/Resources/Styles/LayoutStyles/CategoryLabel.asset
 0.1 kb	 0.0% Packages/com.meta.xr.sdk.core/Scripts/ImmersiveDebugger/UserInterface/Resources/Styles/LayoutStyles/CategoryButton.asset
 0.1 kb	 0.0% Packages/com.meta.xr.sdk.core/Scripts/ImmersiveDebugger/UserInterface/Resources/Styles/LayoutStyles/CategoriesDiv.asset
 0.1 kb	 0.0% Packages/com.unity.xr.openxr/Runtime/Settings/OpenXRSettings.cs
 0.1 kb	 0.0% Packages/com.unity.xr.openxr/Runtime/Settings/IPackageSettings.cs
 0.1 kb	 0.0% Packages/com.unity.xr.openxr/Runtime/OpenXRUtility.cs
 0.1 kb	 0.0% Packages/com.unity.xr.openxr/Runtime/OpenXRRuntime.cs
 0.1 kb	 0.0% Packages/com.unity.xr.openxr/Runtime/OpenXRRestarter.cs
 0.1 kb	 0.0% Packages/com.unity.xr.openxr/Runtime/OpenXRLoaderBase.cs
 0.1 kb	 0.0% Packages/com.unity.xr.openxr/Runtime/OpenXRApiVersion.cs
 0.1 kb	 0.0% Packages/com.unity.xr.openxr/Runtime/OpenXRAnalytics.cs
 0.1 kb	 0.0% Packages/com.unity.xr.openxr/Runtime/ApiLayers/Support/ApiDumpLogSupport.cs
 0.1 kb	 0.0% Packages/com.unity.xr.hands/Runtime/Gestures/XRHandShape.cs
 0.1 kb	 0.0% Packages/com.unity.xr.hands/Runtime/Gestures/XRHandPose.cs
 0.1 kb	 0.0% Packages/com.unity.xr.core-utils/Runtime/XRLoggingUtils.cs
 0.1 kb	 0.0% Packages/com.unity.xr.core-utils/Runtime/UnityObjectUtils.cs
 0.1 kb	 0.0% Packages/com.unity.xr.core-utils/Runtime/SerializableGuid.cs
 0.1 kb	 0.0% Packages/com.unity.xr.core-utils/Runtime/ReflectionUtils.cs
 0.1 kb	 0.0% Packages/com.unity.xr.core-utils/Runtime/NativeArrayUtils.cs
 0.1 kb	 0.0% Packages/com.unity.xr.core-utils/Runtime/MaterialUtils.cs
 0.1 kb	 0.0% Packages/com.unity.xr.core-utils/Runtime/GeometryUtils.cs
 0.1 kb	 0.0% Packages/com.unity.xr.core-utils/Runtime/GameObjectUtils.cs
 0.1 kb	 0.0% Packages/com.unity.xr.core-utils/Runtime/Extensions/TypeExtensions.cs
 0.1 kb	 0.0% Packages/com.unity.xr.core-utils/Runtime/Extensions/StringExtensions.cs
 0.1 kb	 0.0% Packages/com.unity.xr.core-utils/Runtime/Extensions/PoseExtensions.cs
 0.1 kb	 0.0% Packages/com.unity.xr.core-utils/Runtime/Extensions/ListExtensions.cs
 0.1 kb	 0.0% Packages/com.unity.xr.core-utils/Runtime/Extensions/GuidExtensions.cs
 0.1 kb	 0.0% Packages/com.unity.xr.core-utils/Runtime/Extensions/CameraExtensions.cs
 0.1 kb	 0.0% Packages/com.unity.xr.core-utils/Runtime/Extensions/BoundsExtensions.cs
 0.1 kb	 0.0% Packages/com.unity.xr.core-utils/Runtime/Datums/StringDatum.cs
 0.1 kb	 0.0% Packages/com.unity.xr.core-utils/Runtime/Datums/FloatDatum.cs
 0.1 kb	 0.0% Packages/com.unity.xr.core-utils/Runtime/ComponentUtils.cs
 0.1 kb	 0.0% Packages/com.unity.xr.core-utils/Runtime/Bindings/EventBinding.cs
 0.1 kb	 0.0% Packages/com.unity.visualscripting/DocCodeExamples/VariableExamples.cs
 0.1 kb	 0.0% Packages/com.unity.visualscripting/DocCodeExamples/EventBusExamples.cs
 0.1 kb	 0.0% Packages/com.unity.ugui/Runtime/UGUI/UI/Core/SetPropertyUtility.cs
 0.1 kb	 0.0% Packages/com.unity.ugui/Runtime/UGUI/UI/Core/MaterialModifiers/IMaterialModifier.cs
 0.1 kb	 0.0% Packages/com.unity.ugui/Runtime/UGUI/UI/Core/Layout/VerticalLayoutGroup.cs
 0.1 kb	 0.0% Packages/com.unity.ugui/Runtime/UGUI/UI/Core/Layout/ContentSizeFitter.cs
 0.1 kb	 0.0% Packages/com.unity.ugui/Runtime/UGUI/UI/Core/Layout/AspectRatioFitter.cs
 0.1 kb	 0.0% Packages/com.unity.ugui/Runtime/UGUI/UI/Core/FontUpdateTracker.cs
 0.1 kb	 0.0% Packages/com.unity.ugui/Runtime/UGUI/UI/Core/CanvasUpdateRegistry.cs
 0.1 kb	 0.0% Packages/com.unity.ugui/Runtime/UGUI/UI/Core/AnimationTriggers.cs
 0.1 kb	 0.0% Packages/com.unity.ugui/Runtime/UGUI/EventSystem/UIElements/PanelRaycaster.cs
 0.1 kb	 0.0% Packages/com.unity.ugui/Runtime/UGUI/EventSystem/Raycasters/PhysicsRaycaster.cs
 0.1 kb	 0.0% Packages/com.unity.ugui/Runtime/UGUI/EventSystem/Raycasters/BaseRaycaster.cs
 0.1 kb	 0.0% Packages/com.unity.ugui/Runtime/UGUI/EventSystem/RaycasterManager.cs
 0.1 kb	 0.0% Packages/com.unity.ugui/Runtime/UGUI/EventSystem/RaycastResult.cs
 0.1 kb	 0.0% Packages/com.unity.ugui/Runtime/UGUI/EventSystem/InputModules/TouchInputModule.cs
 0.1 kb	 0.0% Packages/com.unity.ugui/Runtime/UGUI/EventSystem/InputModules/BaseInputModule.cs
 0.1 kb	 0.0% Packages/com.unity.ugui/Runtime/UGUI/EventSystem/ExecuteEvents.cs
 0.1 kb	 0.0% Packages/com.unity.ugui/Runtime/UGUI/EventSystem/EventData/PointerEventData.cs
 0.1 kb	 0.0% Packages/com.unity.ugui/Runtime/UGUI/EventSystem/EventData/BaseEventData.cs
 0.1 kb	 0.0% Packages/com.unity.ugui/Runtime/UGUI/EventSystem/EventData/AxisEventData.cs
 0.1 kb	 0.0% Packages/com.unity.ugui/Runtime/TMP/TMP_TextProcessingStack.cs
 0.1 kb	 0.0% Packages/com.unity.ugui/Runtime/TMP/TMP_FontFeaturesCommon.cs
 0.1 kb	 0.0% Packages/com.unity.timeline/Runtime/Extensions/TrackExtensions.cs
 0.1 kb	 0.0% Packages/com.unity.timeline/Runtime/ClipCaps.cs
 0.1 kb	 0.0% Packages/com.unity.render-pipelines.core/Runtime/Lights/LightAnchor.cs
 0.1 kb	 0.0% Packages/com.unity.render-pipelines.core/Runtime/GPUDriven/AABB.cs
 0.1 kb	 0.0% Packages/com.unity.mathematics/Unity.Mathematics/rigid_transform.cs
 0.1 kb	 0.0% Packages/com.unity.mathematics/Unity.Mathematics/math_unity_conversion.cs
 0.1 kb	 0.0% Packages/com.unity.mathematics/Unity.Mathematics/affine_transform.cs
 0.1 kb	 0.0% Packages/com.unity.mathematics/Unity.Mathematics/Geometry/MinMaxAABB.cs
 0.1 kb	 0.0% Packages/com.unity.inputsystem/InputSystem/Utilities/FourCC.cs
 0.1 kb	 0.0% Packages/com.unity.inputsystem/InputSystem/Plugins/iOS/iOSSupport.cs
 0.1 kb	 0.0% Packages/com.unity.inputsystem/InputSystem/Plugins/XR/XRSupport.cs
 0.1 kb	 0.0% Packages/com.unity.inputsystem/InputSystem/Plugins/XR/GenericXRDevice.cs
 0.1 kb	 0.0% Packages/com.unity.inputsystem/InputSystem/Plugins/XR/Devices/WindowsMR.cs
 0.1 kb	 0.0% Packages/com.unity.inputsystem/InputSystem/Plugins/XR/Controls/PoseControl.cs
 0.1 kb	 0.0% Packages/com.unity.inputsystem/InputSystem/Plugins/UI/PointerModel.cs
 0.1 kb	 0.0% Packages/com.unity.inputsystem/InputSystem/Plugins/OSX/OSXSupport.cs
 0.1 kb	 0.0% Packages/com.unity.inputsystem/InputSystem/Plugins/HID/HIDSupport.cs
 0.1 kb	 0.0% Packages/com.unity.inputsystem/InputSystem/Plugins/HID/HIDParser.cs
 0.1 kb	 0.0% Packages/com.unity.collections/Unity.Collections/xxHash3.StreamingState.cs
 0.1 kb	 0.0% Packages/com.unity.collections/Unity.Collections/NativeSort.cs
 0.1 kb	 0.0% Packages/com.unity.collections/Unity.Collections/NativeBitArray.cs
 0.1 kb	 0.0% Packages/com.unity.collections/Unity.Collections/ListExtensions.cs
 0.1 kb	 0.0% Packages/com.unity.collections/Unity.Collections/Jobs/IJobParallelForDefer.cs
 0.1 kb	 0.0% Packages/com.unity.collections/Unity.Collections/Jobs/IJobParallelForBatch.cs
 0.1 kb	 0.0% Packages/com.unity.collections/Unity.Collections/FixedStringUtils.cs
 0.1 kb	 0.0% Packages/com.unity.collections/Unity.Collections/DataStreamWriter.cs
 0.1 kb	 0.0% Packages/com.unity.collections/Unity.Collections/DataStreamReader.cs
 0.1 kb	 0.0% Packages/com.unity.collections/Unity.Collections/ConcurrentMask.cs
 0.1 kb	 0.0% Packages/com.unity.collections/Unity.Collections/CollectionHelper.cs
 0.1 kb	 0.0% Packages/com.unity.collections/Unity.Collections/AllocatorManager.cs
 0.1 kb	 0.0% Packages/com.unity.burst/Runtime/SafeStringArrayHelper.cs
 0.1 kb	 0.0% Packages/com.unity.burst/Runtime/Editor/BurstEditorOptions.cs
 0.1 kb	 0.0% Packages/com.unity.burst/Runtime/Editor/BurstCompileTarget.cs
 0.1 kb	 0.0% Packages/com.unity.burst/Runtime/Editor/BurstAssemblyDisable.cs
 0.1 kb	 0.0% Packages/com.unity.burst/Runtime/BurstCompileAttribute.cs
 0.1 kb	 0.0% Packages/com.unity.ai.navigation/Runtime/NavMeshSurface.cs
 0.1 kb	 0.0% Packages/com.unity.ai.navigation/Runtime/NavMeshModifier.cs
 0.1 kb	 0.0% Packages/com.meta.xr.sdk.voice/Scripts/Runtime/UX/HierarchySimplifier.cs
 0.1 kb	 0.0% Packages/com.meta.xr.sdk.voice/Scripts/Runtime/Bindings/Android/VoiceSDKImpl.cs
 0.1 kb	 0.0% Packages/com.meta.xr.sdk.voice/Lib/Wit.ai/Scripts/Runtime/Utilities/StringToStringEvent.cs
 0.1 kb	 0.0% Packages/com.meta.xr.sdk.voice/Lib/Wit.ai/Scripts/Runtime/Utilities/Events/FloatToStringEvent.cs
 0.1 kb	 0.0% Packages/com.meta.xr.sdk.voice/Lib/Wit.ai/Scripts/Runtime/ResponseManager/ValidatePartialIntent.cs
 0.1 kb	 0.0% Packages/com.meta.xr.sdk.voice/Lib/Wit.ai/Scripts/Runtime/Requests/WitResponseDecoder.cs
 0.1 kb	 0.0% Packages/com.meta.xr.sdk.voice/Lib/Wit.ai/Scripts/Runtime/Requests/VoiceServiceRequest.cs
 0.1 kb	 0.0% Packages/com.meta.xr.sdk.voice/Lib/Wit.ai/Scripts/Runtime/Lib/Mic/Common/AudioEncoding.cs
 0.1 kb	 0.0% Packages/com.meta.xr.sdk.voice/Lib/Wit.ai/Scripts/Runtime/Events/WitValidationEvent.cs
 0.1 kb	 0.0% Packages/com.meta.xr.sdk.voice/Lib/Wit.ai/Scripts/Runtime/Events/AudioBufferEvents.cs
 0.1 kb	 0.0% Packages/com.meta.xr.sdk.voice/Lib/Wit.ai/Scripts/Runtime/CallbackHandlers/WitIntentMatcher.cs
 0.1 kb	 0.0% Packages/com.meta.xr.sdk.voice/Lib/Wit.ai/Scripts/Runtime/CallbackHandlers/ConfidenceRange.cs
 0.1 kb	 0.0% Packages/com.meta.xr.sdk.voice/Lib/Wit.ai/Lib/third-party/NLayer/MpegFrameDecoder.cs
 0.1 kb	 0.0% Packages/com.meta.xr.sdk.voice/Lib/Wit.ai/Lib/third-party/NLayer/Decoder/MpegFrame.cs
 0.1 kb	 0.0% Packages/com.meta.xr.sdk.voice/Lib/Wit.ai/Lib/third-party/NLayer/Decoder/FrameBase.cs
 0.1 kb	 0.0% Packages/com.meta.xr.sdk.voice/Lib/Wit.ai/Lib/third-party/NLayer/Decoder/BitReservoir.cs
 0.1 kb	 0.0% Packages/com.meta.xr.sdk.voice/Lib/Wit.ai/Lib/Wit/Runtime/Net/PubSub/PubSubSettings.cs
 0.1 kb	 0.0% Packages/com.meta.xr.sdk.voice/Lib/Wit.ai/Lib/Wit/Runtime/Net/PubSub/IPubSubAdapter.cs
 0.1 kb	 0.0% Packages/com.meta.xr.sdk.voice/Lib/Wit.ai/Lib/Wit/Runtime/Json/JsonIgnoreAttribute.cs
 0.1 kb	 0.0% Packages/com.meta.xr.sdk.voice/Lib/Wit.ai/Lib/Wit/Runtime/Json/IJsonVariableInfo.cs
 0.1 kb	 0.0% Packages/com.meta.xr.sdk.voice/Lib/Wit.ai/Lib/Wit/Runtime/Json/IJsonDeserializer.cs
 0.1 kb	 0.0% Packages/com.meta.xr.sdk.voice/Lib/Wit.ai/Lib/Wit/Runtime/Json/DateTimeConverter.cs
 0.1 kb	 0.0% Packages/com.meta.xr.sdk.voice/Lib/Wit.ai/Lib/Wit/Runtime/Data/SimulatedResponse.cs
 0.1 kb	 0.0% Packages/com.meta.xr.sdk.voice/Lib/Wit.ai/Lib/Wit/Runtime/Audio/SimulatedAudioPlayer.cs
 0.1 kb	 0.0% Packages/com.meta.xr.sdk.voice/Lib/Wit.ai/Lib/Wit/Runtime/Audio/RawAudioClipStream.cs
 0.1 kb	 0.0% Packages/com.meta.xr.sdk.voice/Lib/Wit.ai/Lib/Wit/Runtime/Audio/IAudioSourceProvider.cs
 0.1 kb	 0.0% Packages/com.meta.xr.sdk.voice/Lib/Wit.ai/Lib/Wit/Runtime/Audio/IAudioClipProvider.cs
 0.1 kb	 0.0% Packages/com.meta.xr.sdk.voice/Lib/Wit.ai/Lib/Wit/Runtime/Audio/BaseAudioClipStream.cs
 0.1 kb	 0.0% Packages/com.meta.xr.sdk.voice/Lib/Wit.ai/Lib/Conduit/Runtime/ParameterProvider.cs
 0.1 kb	 0.0% Packages/com.meta.xr.sdk.voice/Lib/Wit.ai/Lib/Conduit/Runtime/IParameterProvider.cs
 0.1 kb	 0.0% Packages/com.meta.xr.sdk.voice/Lib/Wit.ai/Lib/Conduit/Runtime/IInstanceResolver.cs
 0.1 kb	 0.0% Packages/com.meta.xr.sdk.voice/Lib/Wit.ai/Lib/Conduit/Runtime/IConduitDispatcher.cs
 0.1 kb	 0.0% Packages/com.meta.xr.sdk.voice/Lib/Wit.ai/Lib/Conduit/Runtime/Data/ManifestParameter.cs
 0.1 kb	 0.0% Packages/com.meta.xr.sdk.voice/Lib/Wit.ai/Lib/Conduit/Runtime/Data/ManifestErrorHandler.cs
 0.1 kb	 0.0% Packages/com.meta.xr.sdk.voice/Lib/Wit.ai/Lib/Conduit/Runtime/Data/InvocationContext.cs
 0.1 kb	 0.0% Packages/com.meta.xr.sdk.voice/Lib/Wit.ai/Lib/Conduit/Runtime/ConduitDispatcher.cs
 0.1 kb	 0.0% Packages/com.meta.xr.sdk.voice/Lib/Wit.ai/Features/TTS/Scripts/Runtime/LipSync/ILipsyncAnimator.cs
 0.1 kb	 0.0% Packages/com.meta.xr.sdk.voice/Lib/Wit.ai/Features/TTS/Scripts/Runtime/Events/TTSStreamEvents.cs
 0.1 kb	 0.0% Packages/com.meta.xr.sdk.voice/Lib/Wit.ai/Features/TTS/Scripts/Runtime/Events/TTSSpeakerEvents.cs
 0.1 kb	 0.0% Packages/com.meta.xr.sdk.voice/Lib/Wit.ai/Features/TTS/Scripts/Runtime/Events/TTSServiceEvents.cs
 0.1 kb	 0.0% Packages/com.meta.xr.sdk.voice/Features/Dictation/source/Lib/Wit.ai/Features/dictation/Scripts/Runtime/Dictation/DictationService.cs
 0.1 kb	 0.0% Packages/com.meta.xr.sdk.voice/Features/Composer/Composer/Lib/Wit.ai/Features/composer/Scripts/Runtime/Data/ReservedPaths.cs
 0.1 kb	 0.0% Packages/com.meta.xr.sdk.voice/Features/Composer/Composer/Lib/Wit.ai/Features/composer/Scripts/Runtime/ComposerService.cs
 0.1 kb	 0.0% Packages/com.meta.xr.sdk.voice/Features/Composer/Composer/Lib/Wit.ai/Features/composer/Scripts/Runtime/ComposerEvents.cs
 0.1 kb	 0.0% Packages/com.meta.xr.sdk.platform/Scripts/VoipPCMSourceNative.cs
 0.1 kb	 0.0% Packages/com.meta.xr.sdk.platform/Scripts/StandalonePlatform.cs
 0.1 kb	 0.0% Packages/com.meta.xr.sdk.platform/Scripts/RichPresenceOptions.cs
 0.1 kb	 0.0% Packages/com.meta.xr.sdk.platform/Scripts/Models/UserCapability.cs
 0.1 kb	 0.0% Packages/com.meta.xr.sdk.platform/Scripts/Models/SystemVoipState.cs
 0.1 kb	 0.0% Packages/com.meta.xr.sdk.platform/Scripts/Models/ShareMediaResult.cs
 0.1 kb	 0.0% Packages/com.meta.xr.sdk.platform/Scripts/Models/NetSyncSession.cs
 0.1 kb	 0.0% Packages/com.meta.xr.sdk.platform/Scripts/Models/LinkedAccount.cs
 0.1 kb	 0.0% Packages/com.meta.xr.sdk.platform/Scripts/Models/LeaderboardEntry.cs
 0.1 kb	 0.0% Packages/com.meta.xr.sdk.platform/Scripts/Models/LaunchDetails.cs
 0.1 kb	 0.0% Packages/com.meta.xr.sdk.platform/Scripts/Models/LanguagePackInfo.cs
 0.1 kb	 0.0% Packages/com.meta.xr.sdk.platform/Scripts/Models/CowatchingState.cs
 0.1 kb	 0.0% Packages/com.meta.xr.sdk.platform/Scripts/Models/CowatchViewer.cs
 0.1 kb	 0.0% Packages/com.meta.xr.sdk.platform/Scripts/Models/ContentRating.cs
 0.1 kb	 0.0% Packages/com.meta.xr.sdk.platform/Scripts/Models/ChallengeEntry.cs
 0.1 kb	 0.0% Packages/com.meta.xr.sdk.platform/Scripts/GroupPresenceOptions.cs
 0.1 kb	 0.0% Packages/com.meta.xr.sdk.platform/Scripts/AvatarEditorOptions.cs
 0.1 kb	 0.0% Packages/com.meta.xr.sdk.platform/Scripts/ApplicationOptions.cs
 0.1 kb	 0.0% Packages/com.meta.xr.sdk.platform/Scripts/AbuseReportOptions.cs
 0.1 kb	 0.0% Packages/com.meta.xr.sdk.interaction/Runtime/Scripts/Utils/TransformerUtils.cs
 0.1 kb	 0.0% Packages/com.meta.xr.sdk.interaction/Runtime/Scripts/Utils/ProgressCurve.cs
 0.1 kb	 0.0% Packages/com.meta.xr.sdk.interaction/Runtime/Scripts/Utils/NativeMethods.cs
 0.1 kb	 0.0% Packages/com.meta.xr.sdk.interaction/Runtime/Scripts/Utils/ITimeConsumer.cs
 0.1 kb	 0.0% Packages/com.meta.xr.sdk.interaction/Runtime/Scripts/Utils/DeprecatedPrefab.cs
 0.1 kb	 0.0% Packages/com.meta.xr.sdk.interaction/Runtime/Scripts/Utils/BoundsExtensions.cs
 0.1 kb	 0.0% Packages/com.meta.xr.sdk.interaction/Runtime/Scripts/Unity/ToggleDeselect.cs
 0.1 kb	 0.0% Packages/com.meta.xr.sdk.interaction/Runtime/Scripts/Unity/PointableCanvas.cs
 0.1 kb	 0.0% Packages/com.meta.xr.sdk.interaction/Runtime/Scripts/Unity/PhysicsGrabbable.cs
 0.1 kb	 0.0% Packages/com.meta.xr.sdk.interaction/Runtime/Scripts/Selection/Virtual/VirtualSelector.cs
 0.1 kb	 0.0% Packages/com.meta.xr.sdk.interaction/Runtime/Scripts/Selection/Hands/HandRootOffset.cs
 0.1 kb	 0.0% Packages/com.meta.xr.sdk.interaction/Runtime/Scripts/Selection/Hands/HandPointerPose.cs
 0.1 kb	 0.0% Packages/com.meta.xr.sdk.interaction/Runtime/Scripts/Selection/Hands/HandPinchOffset.cs
 0.1 kb	 0.0% Packages/com.meta.xr.sdk.interaction/Runtime/Scripts/Selection/Hands/HandJointsPose.cs
 0.1 kb	 0.0% Packages/com.meta.xr.sdk.interaction/Runtime/Scripts/Selection/Hands/FingerPinchValue.cs
 0.1 kb	 0.0% Packages/com.meta.xr.sdk.interaction/Runtime/Scripts/Selection/Hands/ConicalFrustum.cs
 0.1 kb	 0.0% Packages/com.meta.xr.sdk.interaction/Runtime/Scripts/Selection/Hands/CenterEyeOffset.cs
 0.1 kb	 0.0% Packages/com.meta.xr.sdk.interaction/Runtime/Scripts/Selection/Controllers/ControllerOffset.cs
 0.1 kb	 0.0% Packages/com.meta.xr.sdk.interaction/Runtime/Scripts/Polyline/PolylineRenderer.cs
 0.1 kb	 0.0% Packages/com.meta.xr.sdk.interaction/Runtime/Scripts/Movements/PoseTravelData.cs
 0.1 kb	 0.0% Packages/com.meta.xr.sdk.interaction/Runtime/Scripts/Interaction/Visuals/HandDebugGizmos.cs
 0.1 kb	 0.0% Packages/com.meta.xr.sdk.interaction/Runtime/Scripts/Interaction/Surfaces/PlaneSurface.cs
 0.1 kb	 0.0% Packages/com.meta.xr.sdk.interaction/Runtime/Scripts/Interaction/Pointable/VirtualPointable.cs
 0.1 kb	 0.0% Packages/com.meta.xr.sdk.interaction/Runtime/Scripts/Interaction/Pointable/PointableElement.cs
 0.1 kb	 0.0% Packages/com.meta.xr.sdk.interaction/Runtime/Scripts/Interaction/Pointable/IPointableCanvas.cs
 0.1 kb	 0.0% Packages/com.meta.xr.sdk.interaction/Runtime/Scripts/Interaction/Models/UseGrab/UseFingerCurlAPI.cs
 0.1 kb	 0.0% Packages/com.meta.xr.sdk.interaction/Runtime/Scripts/Interaction/Models/UseGrab/IFingerUseAPI.cs
 0.1 kb	 0.0% Packages/com.meta.xr.sdk.interaction/Runtime/Scripts/Interaction/Models/TouchHandGrab/TouchShadowHand.cs
 0.1 kb	 0.0% Packages/com.meta.xr.sdk.interaction/Runtime/Scripts/Interaction/Models/TouchHandGrab/IHandSphereMap.cs
 0.1 kb	 0.0% Packages/com.meta.xr.sdk.interaction/Runtime/Scripts/Interaction/Models/TouchHandGrab/HandSphereMap.cs
 0.1 kb	 0.0% Packages/com.meta.xr.sdk.interaction/Runtime/Scripts/Interaction/Models/Snap/SnapInteractor.cs
 0.1 kb	 0.0% Packages/com.meta.xr.sdk.interaction/Runtime/Scripts/Interaction/Models/Snap/SnapInteractable.cs
 0.1 kb	 0.0% Packages/com.meta.xr.sdk.interaction/Runtime/Scripts/Interaction/Models/Ray/RayInteractor.cs
 0.1 kb	 0.0% Packages/com.meta.xr.sdk.interaction/Runtime/Scripts/Interaction/Models/Ray/RayInteractable.cs
 0.1 kb	 0.0% Packages/com.meta.xr.sdk.interaction/Runtime/Scripts/Interaction/Models/Poke/PokeInteractor.cs
 0.1 kb	 0.0% Packages/com.meta.xr.sdk.interaction/Runtime/Scripts/Interaction/Models/Poke/PokeInteractable.cs
 0.1 kb	 0.0% Packages/com.meta.xr.sdk.interaction/Runtime/Scripts/Interaction/Models/Locomotion/Tunneling/TunnelingEffect.cs
 0.1 kb	 0.0% Packages/com.meta.xr.sdk.interaction/Runtime/Scripts/Interaction/Models/HandGrab/HandGrabPose.cs
 0.1 kb	 0.0% Packages/com.meta.xr.sdk.interaction/Runtime/Scripts/Interaction/Models/Grab/GrabInteractor.cs
 0.1 kb	 0.0% Packages/com.meta.xr.sdk.interaction/Runtime/Scripts/Interaction/Models/Grab/GrabInteractable.cs
 0.1 kb	 0.0% Packages/com.meta.xr.sdk.interaction/Runtime/Scripts/Interaction/Grabbable/FloatConstraint.cs
 0.1 kb	 0.0% Packages/com.meta.xr.sdk.interaction/Runtime/Scripts/Interaction/Core/UniqueIdentifier.cs
 0.1 kb	 0.0% Packages/com.meta.xr.sdk.interaction/Runtime/Scripts/Interaction/Core/IRigidbodyRef.cs
 0.1 kb	 0.0% Packages/com.meta.xr.sdk.interaction/Runtime/Scripts/Interaction/Core/IRelativeToRef.cs
 0.1 kb	 0.0% Packages/com.meta.xr.sdk.interaction/Runtime/Scripts/Interaction/Core/IInteractable.cs
 0.1 kb	 0.0% Packages/com.meta.xr.sdk.interaction/Runtime/Scripts/Interaction/Core/ICollidersRef.cs
 0.1 kb	 0.0% Packages/com.meta.xr.sdk.interaction/Runtime/Scripts/Interaction/Core/HandActiveState.cs
 0.1 kb	 0.0% Packages/com.meta.xr.sdk.interaction/Runtime/Scripts/Interaction/Core/ControllerAxis2D.cs
 0.1 kb	 0.0% Packages/com.meta.xr.sdk.interaction/Runtime/Scripts/Interaction/Core/Base/InteractorGroup.cs
 0.1 kb	 0.0% Packages/com.meta.xr.sdk.interaction/Runtime/Scripts/Interaction/Core/ActiveStateNot.cs
 0.1 kb	 0.0% Packages/com.meta.xr.sdk.interaction/Runtime/Scripts/Interaction/Core/ActiveStateGroup.cs
 0.1 kb	 0.0% Packages/com.meta.xr.sdk.interaction/Runtime/Scripts/Interaction/Core/ActiveStateGate.cs
 0.1 kb	 0.0% Packages/com.meta.xr.sdk.interaction/Runtime/Scripts/HandGlow/HandRayPinchGlow.cs
 0.1 kb	 0.0% Packages/com.meta.xr.sdk.interaction/Runtime/Scripts/Grab/HandGrabAPI.cs
 0.1 kb	 0.0% Packages/com.meta.xr.sdk.interaction/Runtime/Scripts/Grab/GrabbingRule.cs
 0.1 kb	 0.0% Packages/com.meta.xr.sdk.interaction/Runtime/Scripts/Extensions/VectorExtensions.cs
 0.1 kb	 0.0% Packages/com.meta.xr.sdk.interaction/Runtime/Scripts/DistanceGrab/Visuals/ArcTubeVisual.cs
 0.1 kb	 0.0% Packages/com.meta.xr.sdk.interaction/Runtime/Scripts/Collisions/ColliderGroup.cs
 0.1 kb	 0.0% Packages/com.meta.xr.sdk.interaction/Runtime/Scripts/Attributes/SectionAttribute.cs
 0.1 kb	 0.0% Packages/com.meta.xr.sdk.interaction/Runtime/Scripts/Attributes/HelpBoxAttribute.cs
 0.1 kb	 0.0% Packages/com.meta.xr.sdk.interaction/Runtime/Sample/Scripts/AudioTrigger.cs
 0.1 kb	 0.0% Packages/com.meta.xr.sdk.interaction/Runtime/Sample/Scripts/AudioPhysics.cs
 0.1 kb	 0.0% Packages/com.meta.xr.sdk.interaction/Runtime/OpenXR/PinchGrabAPI.cs
 0.1 kb	 0.0% Packages/com.meta.xr.sdk.interaction/Runtime/OpenXR/PalmGrabAPI.cs
 0.1 kb	 0.0% Packages/com.meta.xr.sdk.interaction.ovr/Runtime/Scripts/Input/OVRNearTouch.cs
 0.1 kb	 0.0% Packages/com.meta.xr.sdk.core/Scripts/ImmersiveDebugger/UserInterface/Resources/Styles/LayoutStyles/TextureValue.asset
 0.1 kb	 0.0% Packages/com.meta.xr.sdk.core/Scripts/ImmersiveDebugger/UserInterface/Resources/Styles/LayoutStyles/SliderPill.asset
 0.1 kb	 0.0% Packages/com.meta.xr.sdk.core/Scripts/ImmersiveDebugger/UserInterface/Resources/Styles/LayoutStyles/SliderFill.asset
 0.1 kb	 0.0% Packages/com.meta.xr.sdk.core/Scripts/ImmersiveDebugger/UserInterface/Resources/Styles/LayoutStyles/PillVertical.asset
 0.1 kb	 0.0% Packages/com.meta.xr.sdk.core/Scripts/ImmersiveDebugger/UserInterface/Resources/Styles/LayoutStyles/PanelTitle.asset
 0.1 kb	 0.0% Packages/com.meta.xr.sdk.core/Scripts/ImmersiveDebugger/UserInterface/Resources/Styles/LayoutStyles/PanelButton.asset
 0.1 kb	 0.0% Packages/com.meta.xr.sdk.core/Scripts/ImmersiveDebugger/UserInterface/Resources/Styles/LayoutStyles/MiniCounter.asset
 0.1 kb	 0.0% Packages/com.meta.xr.sdk.core/Scripts/ImmersiveDebugger/UserInterface/Resources/Styles/LayoutStyles/MiniButtons.asset
 0.1 kb	 0.0% Packages/com.meta.xr.sdk.core/Scripts/ImmersiveDebugger/UserInterface/Resources/Styles/LayoutStyles/MiniButton.asset
 0.1 kb	 0.0% Packages/com.meta.xr.sdk.core/Scripts/ImmersiveDebugger/UserInterface/Resources/Styles/LayoutStyles/MemberValue.asset
 0.1 kb	 0.0% Packages/com.meta.xr.sdk.core/Scripts/ImmersiveDebugger/UserInterface/Resources/Styles/LayoutStyles/MemberTitle.asset
 0.1 kb	 0.0% Packages/com.meta.xr.sdk.core/Scripts/ImmersiveDebugger/UserInterface/Resources/Styles/LayoutStyles/MemberSlider.asset
 0.1 kb	 0.0% Packages/com.meta.xr.sdk.core/Scripts/ImmersiveDebugger/UserInterface/Resources/Styles/LayoutStyles/MemberFlex.asset
 0.1 kb	 0.0% Packages/com.meta.xr.sdk.core/Scripts/ImmersiveDebugger/UserInterface/Resources/Styles/LayoutStyles/MemberButton.asset
 0.1 kb	 0.0% Packages/com.meta.xr.sdk.core/Scripts/ImmersiveDebugger/UserInterface/Resources/Styles/LayoutStyles/MemberAction.asset
 0.1 kb	 0.0% Packages/com.meta.xr.sdk.core/Scripts/ImmersiveDebugger/UserInterface/Resources/Styles/LayoutStyles/Interface.asset
 0.1 kb	 0.0% Packages/com.meta.xr.sdk.core/Scripts/ImmersiveDebugger/UserInterface/Resources/Styles/LayoutStyles/Inspector.asset
 0.1 kb	 0.0% Packages/com.meta.xr.sdk.core/Scripts/ImmersiveDebugger/UserInterface/Resources/Styles/LayoutStyles/DynamicSpace.asset
 0.1 kb	 0.0% Packages/com.meta.xr.sdk.core/Scripts/ImmersiveDebugger/UserInterface/Resources/Styles/LayoutStyles/ConsolePanel.asset
 0.1 kb	 0.0% Packages/com.meta.xr.sdk.core/Scripts/ImmersiveDebugger/UserInterface/Resources/Styles/LayoutStyles/ConsoleLogs.asset
 0.1 kb	 0.0% Packages/com.meta.xr.sdk.core/Scripts/ImmersiveDebugger/UserInterface/Resources/Styles/LayoutStyles/ConsoleLine.asset
 0.1 kb	 0.0% Packages/com.meta.xr.sdk.core/Scripts/ImmersiveDebugger/UserInterface/Resources/Styles/LayoutStyles/ConsoleFlex.asset
 0.1 kb	 0.0% Packages/com.meta.xr.sdk.core/Scripts/ImmersiveDebugger/UserInterface/Resources/Styles/LayoutStyles/CloseButton.asset
 0.1 kb	 0.0% Packages/com.meta.xr.sdk.core/Scripts/ImmersiveDebugger/Managers/Hooks/Hook.cs
 0.1 kb	 0.0% Packages/com.meta.xr.sdk.core/Scripts/BuildingBlocks/Telemetry.cs
 0.1 kb	 0.0% Packages/com.meta.xr.sdk.core/Scripts/BuildingBlocks/RunTimeUtils.cs
 0.1 kb	 0.0% Packages/com.meta.xr.sdk.audio/Runtime/scripts/MetaXRAudioNativeInterface.cs
 0.1 kb	 0.0% Packages/com.meta.xr.sdk.audio/Runtime/scripts/MetaXRAcousticControlZone.cs
 0.1 kb	 0.0% Packages/com.meta.xr.mrutilitykit/Core/Scripts/SceneNavigation.cs
 0.1 kb	 0.0% Packages/com.meta.xr.mrutilitykit/Core/Scripts/SceneDecorator/Modifier/Modifier.cs
 0.1 kb	 0.0% Packages/com.meta.xr.mrutilitykit/Core/Scripts/SceneDecorator/Masks/Mask2D.cs
 0.1 kb	 0.0% Packages/com.meta.xr.mrutilitykit/Core/Scripts/SceneDebugger.cs
 0.1 kb	 0.0% Packages/com.meta.xr.mrutilitykit/Core/Scripts/MRUKTrackable.cs
 0.1 kb	 0.0% Packages/com.meta.xr.mrutilitykit/Core/Scripts/GridSliceResizer.cs
 0.1 kb	 0.0% Packages/com.meta.xr.mrutilitykit/Core/Scripts/Generated/MRUKNativeFuncs.cs
 0.1 kb	 0.0% Assets/Scripts/QuestRuntimeControllerVisual.cs
 0.1 kb	 0.0% Assets/Scripts/QuestPerformanceController.cs
 0.1 kb	 0.0% Packages/com.unity.xr.openxr/Runtime/input/PoseControl.cs
 0.1 kb	 0.0% Packages/com.unity.xr.openxr/Runtime/input/OpenXRInput.cs
 0.1 kb	 0.0% Packages/com.unity.xr.openxr/Runtime/input/OpenXRHmd.cs
 0.1 kb	 0.0% Packages/com.unity.xr.openxr/Runtime/input/OpenXRDevice.cs
 0.1 kb	 0.0% Packages/com.unity.xr.openxr/Runtime/NativeTypes/XR_VERSION_1_1/XrUuid.cs
 0.1 kb	 0.0% Packages/com.unity.xr.openxr/Runtime/NativeTypes/XR_VERSION_1_1/XrBoxf.cs
 0.1 kb	 0.0% Packages/com.unity.xr.openxr/Runtime/NativeTypes/Core/XrPosef.cs
 0.1 kb	 0.0% Packages/com.unity.xr.openxr/Runtime/NativeTypes/Core/XrFovf.cs
 0.1 kb	 0.0% Packages/com.unity.xr.openxr/Runtime/ApiLayers/PlatformSupport/IPlatformSupport.cs
 0.1 kb	 0.0% Packages/com.unity.xr.openxr/Runtime/ApiLayers/OpenXRApiLayers.cs
 0.1 kb	 0.0% Packages/com.unity.xr.openxr/Runtime/ApiLayers/OpenXRApiLayer.cs
 0.1 kb	 0.0% Packages/com.unity.xr.hands/Runtime/XRHandSubsystem.cs
 0.1 kb	 0.0% Packages/com.unity.xr.hands/Runtime/XRHandAimState.cs
 0.1 kb	 0.0% Packages/com.unity.xr.hands/Runtime/OpenXR/HandTracking.cs
 0.1 kb	 0.0% Packages/com.unity.xr.hands/Runtime/MetaAimHandState.cs
 0.1 kb	 0.0% Packages/com.unity.xr.hands/Runtime/MetaAim.deprecated.cs
 0.1 kb	 0.0% Packages/com.unity.webrtc/Runtime/Scripts/WebRTC.AsyncOperation.cs
 0.1 kb	 0.0% Packages/com.unity.visualscripting/Runtime/VisualScripting.State/State.cs
 0.1 kb	 0.0% Packages/com.unity.visualscripting/Runtime/VisualScripting.State/IState.cs
 0.1 kb	 0.0% Packages/com.unity.visualscripting/Runtime/VisualScripting.State/AnyState.cs
 0.1 kb	 0.0% Packages/com.unity.visualscripting/Runtime/VisualScripting.Flow/IUnit.cs
 0.1 kb	 0.0% Packages/com.unity.visualscripting/Runtime/VisualScripting.Flow/Framework/Time/WaitUnit.cs
 0.1 kb	 0.0% Packages/com.unity.visualscripting/Runtime/VisualScripting.Flow/Framework/Time/Timer.cs
 0.1 kb	 0.0% Packages/com.unity.visualscripting/Runtime/VisualScripting.Flow/Framework/Time/Cooldown.cs
 0.1 kb	 0.0% Packages/com.unity.visualscripting/Runtime/VisualScripting.Flow/Framework/Logic/NotEqual.cs
 0.1 kb	 0.0% Packages/com.unity.visualscripting/Runtime/VisualScripting.Flow/Framework/Logic/Negate.cs
 0.1 kb	 0.0% Packages/com.unity.visualscripting/Runtime/VisualScripting.Flow/Framework/Logic/Greater.cs
 0.1 kb	 0.0% Packages/com.unity.visualscripting/Runtime/VisualScripting.Flow/Framework/Logic/Equal.cs
 0.1 kb	 0.0% Packages/com.unity.visualscripting/Runtime/VisualScripting.Flow/Framework/Literal.cs
 0.1 kb	 0.0% Packages/com.unity.visualscripting/Runtime/VisualScripting.Flow/Framework/Formula.cs
 0.1 kb	 0.0% Packages/com.unity.visualscripting/Runtime/VisualScripting.Flow/Framework/Events/Lifecycle/Update.cs
 0.1 kb	 0.0% Packages/com.unity.visualscripting/Runtime/VisualScripting.Flow/Framework/Events/Lifecycle/Start.cs
 0.1 kb	 0.0% Packages/com.unity.visualscripting/Runtime/VisualScripting.Flow/Framework/Events/Lifecycle/OnEnable.cs
 0.1 kb	 0.0% Packages/com.unity.visualscripting/Runtime/VisualScripting.Flow/Framework/Events/GUI/OnSubmit.cs
 0.1 kb	 0.0% Packages/com.unity.visualscripting/Runtime/VisualScripting.Flow/Framework/Events/GUI/OnSelect.cs
 0.1 kb	 0.0% Packages/com.unity.visualscripting/Runtime/VisualScripting.Flow/Framework/Events/GUI/OnScroll.cs
 0.1 kb	 0.0% Packages/com.unity.visualscripting/Runtime/VisualScripting.Flow/Framework/Events/GUI/OnMove.cs
 0.1 kb	 0.0% Packages/com.unity.visualscripting/Runtime/VisualScripting.Flow/Framework/Events/GUI/OnGUI.cs
 0.1 kb	 0.0% Packages/com.unity.visualscripting/Runtime/VisualScripting.Flow/Framework/Events/GUI/OnDrop.cs
 0.1 kb	 0.0% Packages/com.unity.visualscripting/Runtime/VisualScripting.Flow/Framework/Events/GUI/OnDrag.cs
 0.1 kb	 0.0% Packages/com.unity.visualscripting/Runtime/VisualScripting.Flow/Framework/Events/GUI/OnCancel.cs
 0.1 kb	 0.0% Packages/com.unity.visualscripting/Runtime/VisualScripting.Flow/Framework/Control/While.cs
 0.1 kb	 0.0% Packages/com.unity.visualscripting/Runtime/VisualScripting.Flow/Framework/Control/TryCatch.cs
 0.1 kb	 0.0% Packages/com.unity.visualscripting/Runtime/VisualScripting.Flow/Framework/Control/Throw.cs
 0.1 kb	 0.0% Packages/com.unity.visualscripting/Runtime/VisualScripting.Flow/Framework/Control/Sequence.cs
 0.1 kb	 0.0% Packages/com.unity.visualscripting/Runtime/VisualScripting.Flow/Framework/Control/LoopUnit.cs
 0.1 kb	 0.0% Packages/com.unity.visualscripting/Runtime/VisualScripting.Flow/Framework/Control/ForEach.cs
 0.1 kb	 0.0% Packages/com.unity.visualscripting/Runtime/VisualScripting.Flow/Framework/Control/Cache.cs
 0.1 kb	 0.0% Packages/com.unity.visualscripting/Runtime/VisualScripting.Flow/Framework/Control/Break.cs
 0.1 kb	 0.0% Packages/com.unity.visualscripting/Runtime/VisualScripting.Flow/Framework/Collections/LastItem.cs
 0.1 kb	 0.0% Packages/com.unity.visualscripting/Runtime/VisualScripting.Flow/Framework/Codebase/Expose.cs
 0.1 kb	 0.0% Packages/com.unity.visualscripting/Runtime/VisualScripting.Core/Utilities/XColor.cs
 0.1 kb	 0.0% Packages/com.unity.visualscripting/Runtime/VisualScripting.Core/Reflection/TypeName.cs
 0.1 kb	 0.0% Packages/com.unity.visualscripting/Runtime/VisualScripting.Core/Reflection/Member.cs
 0.1 kb	 0.0% Packages/com.unity.visualscripting/Runtime/VisualScripting.Core/Macros/IMacro.cs
 0.1 kb	 0.0% Packages/com.unity.visualscripting/Runtime/VisualScripting.Core/Machines/IMachine.cs
 0.1 kb	 0.0% Packages/com.unity.visualscripting/Runtime/VisualScripting.Core/Graphs/IGraph.cs
 0.1 kb	 0.0% Packages/com.unity.visualscripting/Runtime/VisualScripting.Core/Graphs/Graph.cs
 0.1 kb	 0.0% Packages/com.unity.visualscripting/Runtime/VisualScripting.Core/Events/EventBus.cs
 0.1 kb	 0.0% Packages/com.unity.visualscripting/Runtime/VisualScripting.Core/Ensure/Extensions/XString.cs
 0.1 kb	 0.0% Packages/com.unity.visualscripting/Runtime/VisualScripting.Core/Ensure/Ensure.cs
 0.1 kb	 0.0% Packages/com.unity.visualscripting/Runtime/VisualScripting.Core/Collections/AotList.cs
 0.1 kb	 0.0% Packages/com.unity.visualscripting/Runtime/VisualScripting.Core/Cloning/ICloner.cs
 0.1 kb	 0.0% Packages/com.unity.visualscripting/Runtime/VisualScripting.Core/Cloning/Cloning.cs
 0.1 kb	 0.0% Packages/com.unity.ugui/Runtime/TMP/TMPro_EventManager.cs
 0.1 kb	 0.0% Packages/com.unity.ugui/Runtime/TMP/TMP_UpdateRegistery.cs
 0.1 kb	 0.0% Packages/com.unity.ugui/Runtime/TMP/TMP_UpdateManager.cs
 0.1 kb	 0.0% Packages/com.unity.ugui/Runtime/TMP/TMP_TextUtilities.cs
 0.1 kb	 0.0% Packages/com.unity.ugui/Runtime/TMP/TMP_TextProcessingCommon.cs
 0.1 kb	 0.0% Packages/com.unity.ugui/Runtime/TMP/TMP_SpriteCharacter.cs
 0.1 kb	 0.0% Packages/com.unity.ugui/Runtime/TMP/TMP_SpriteAnimator.cs
 0.1 kb	 0.0% Packages/com.unity.ugui/Runtime/TMP/TMP_SelectionCaret.cs
 0.1 kb	 0.0% Packages/com.unity.ugui/Runtime/TMP/TMP_ResourcesManager.cs
 0.1 kb	 0.0% Packages/com.unity.ugui/Runtime/TMP/TMP_MaterialManager.cs
 0.1 kb	 0.0% Packages/com.unity.ugui/Runtime/TMP/TMP_InputValidator.cs
 0.1 kb	 0.0% Packages/com.unity.ugui/Runtime/TMP/TMP_FontFeatureTable.cs
 0.1 kb	 0.0% Packages/com.unity.ugui/Runtime/TMP/TMP_DefaultControls.cs
 0.1 kb	 0.0% Packages/com.unity.ugui/Runtime/TMP/TMP_Compatibility.cs
 0.1 kb	 0.0% Packages/com.unity.ugui/Runtime/TMP/TMP_ColorGradient.cs
 0.1 kb	 0.0% Packages/com.unity.ugui/Runtime/TMP/TMP_CharacterInfo.cs
 0.1 kb	 0.0% Packages/com.unity.ugui/Runtime/TMP/ITextPreProcessor.cs
 0.1 kb	 0.0% Packages/com.unity.ugui/Runtime/TMP/FontFeatureCommonGPOS.cs
 0.1 kb	 0.0% Packages/com.unity.timeline/Runtime/Utilities/WeightUtility.cs
 0.1 kb	 0.0% Packages/com.unity.timeline/Runtime/Utilities/IPropertyPreview.cs
 0.1 kb	 0.0% Packages/com.unity.timeline/Runtime/Utilities/Extrapolation.cs
 0.1 kb	 0.0% Packages/com.unity.timeline/Runtime/TimelinePlayable.cs
 0.1 kb	 0.0% Packages/com.unity.timeline/Runtime/TimelineAsset.cs
 0.1 kb	 0.0% Packages/com.unity.timeline/Runtime/Scripting/PlayableTrack.cs
 0.1 kb	 0.0% Packages/com.unity.timeline/Runtime/Events/Signals/SignalReceiver.cs
 0.1 kb	 0.0% Packages/com.unity.timeline/Runtime/Events/Signals/SignalEmitter.cs
 0.1 kb	 0.0% Packages/com.unity.timeline/Runtime/Evaluation/RuntimeElement.cs
 0.1 kb	 0.0% Packages/com.unity.timeline/Runtime/Evaluation/RuntimeClipBase.cs
 0.1 kb	 0.0% Packages/com.unity.timeline/Runtime/CurveEditUtility.cs
 0.1 kb	 0.0% Packages/com.unity.timeline/Runtime/Animation/AnimationTrack.cs
 0.1 kb	 0.0% Packages/com.unity.timeline/Runtime/Activation/ActivationTrack.cs
 0.1 kb	 0.0% Packages/com.unity.render-pipelines.core/Runtime/STP/STP.cs
 0.1 kb	 0.0% Packages/com.unity.mathematics/Unity.Mathematics/double4x4.gen.cs
 0.1 kb	 0.0% Packages/com.unity.mathematics/Unity.Mathematics/double4x3.gen.cs
 0.1 kb	 0.0% Packages/com.unity.mathematics/Unity.Mathematics/double4x2.gen.cs
 0.1 kb	 0.0% Packages/com.unity.mathematics/Unity.Mathematics/double3x4.gen.cs
 0.1 kb	 0.0% Packages/com.unity.mathematics/Unity.Mathematics/double3x3.gen.cs
 0.1 kb	 0.0% Packages/com.unity.mathematics/Unity.Mathematics/double3x2.gen.cs
 0.1 kb	 0.0% Packages/com.unity.mathematics/Unity.Mathematics/double2x4.gen.cs
 0.1 kb	 0.0% Packages/com.unity.mathematics/Unity.Mathematics/double2x3.gen.cs
 0.1 kb	 0.0% Packages/com.unity.mathematics/Unity.Mathematics/double2x2.gen.cs
 0.1 kb	 0.0% Packages/com.unity.inputsystem/InputSystem/Plugins/PlayerInput/PlayerInput.cs
 0.1 kb	 0.0% Packages/com.unity.inputsystem/InputSystem/Plugins/PlayerInput/InputValue.cs
 0.1 kb	 0.0% Packages/com.unity.inputsystem/InputSystem/InputSystem.cs
 0.1 kb	 0.0% Packages/com.unity.inputsystem/InputSystem/InputManager.cs
 0.1 kb	 0.0% Packages/com.unity.inputsystem/InputSystem/Editor/UITKAssetEditor/Commands/Commands.cs
 0.1 kb	 0.0% Packages/com.unity.inputsystem/InputSystem/Editor/Dialog.cs
 0.1 kb	 0.0% Packages/com.unity.inputsystem/InputSystem/Devices/Touchscreen.cs
 0.1 kb	 0.0% Packages/com.unity.inputsystem/InputSystem/Devices/Precompiled/FastMouse.cs
 0.1 kb	 0.0% Packages/com.unity.inputsystem/InputSystem/Devices/Precompiled/FastKeyboard.cs
 0.1 kb	 0.0% Packages/com.unity.inputsystem/InputSystem/Devices/InputDevice.cs
 0.1 kb	 0.0% Packages/com.unity.inputsystem/InputSystem/Devices/Haptics/IHaptics.cs
 0.1 kb	 0.0% Packages/com.unity.inputsystem/InputSystem/Controls/InputControl.cs
 0.1 kb	 0.0% Packages/com.unity.inputsystem/InputSystem/Controls/CommonUsages.cs
 0.1 kb	 0.0% Packages/com.unity.inputsystem/InputSystem/AssemblyInfo.cs
 0.1 kb	 0.0% Packages/com.unity.inputsystem/InputSystem/Actions/InputBinding.cs
 0.1 kb	 0.0% Packages/com.unity.inputsystem/InputSystem/Actions/InputAction.cs
 0.1 kb	 0.0% Packages/com.unity.collections/Unity.Collections/NativeText.gen.cs
 0.1 kb	 0.0% Packages/com.unity.collections/Unity.Collections/FixedList.gen.cs
 0.1 kb	 0.0% Packages/com.meta.xr.sdk.voice/Scripts/Runtime/VoiceSDKConstants.cs
 0.1 kb	 0.0% Packages/com.meta.xr.sdk.voice/Scripts/Runtime/Service/AppVoiceExperience.cs
 0.1 kb	 0.0% Packages/com.meta.xr.sdk.voice/Lib/Wit.ai/Scripts/Runtime/Interfaces/ISpeechEvents.cs
 0.1 kb	 0.0% Packages/com.meta.xr.sdk.voice/Lib/Wit.ai/Scripts/Runtime/Data/Intents/WitIntentData.cs
 0.1 kb	 0.0% Packages/com.meta.xr.sdk.voice/Lib/Wit.ai/Scripts/Runtime/Data/Entities/WitEntityData.cs
 0.1 kb	 0.0% Packages/com.meta.xr.sdk.voice/Lib/Wit.ai/Scripts/Runtime/Data/Entities/WitDynamicEntity.cs
 0.1 kb	 0.0% Packages/com.meta.xr.sdk.voice/Lib/Wit.ai/Scripts/Runtime/Attributes/ShowIfAttribute.cs
 0.1 kb	 0.0% Packages/com.meta.xr.sdk.voice/Lib/Wit.ai/Scripts/Runtime/Attributes/LabelAttribute.cs
 0.1 kb	 0.0% Packages/com.meta.xr.sdk.voice/Lib/Wit.ai/Scripts/Runtime/Attributes/HideIfAttribute.cs
 0.1 kb	 0.0% Packages/com.meta.xr.sdk.voice/Lib/Wit.ai/Scripts/Runtime/Attributes/ButtonAttribute.cs
 0.1 kb	 0.0% Packages/com.meta.xr.sdk.voice/Lib/Wit.ai/Lib/Wit/Runtime/WitRequestSettings.cs
 0.1 kb	 0.0% Packages/com.meta.xr.sdk.voice/Lib/Wit.ai/Lib/Wit/Runtime/Utilities/UnityEventExtensions.cs
 0.1 kb	 0.0% Packages/com.meta.xr.sdk.voice/Lib/Wit.ai/Lib/Wit/Runtime/Utilities/Logging/VLoggerFactory.cs
 0.1 kb	 0.0% Packages/com.meta.xr.sdk.voice/Lib/Wit.ai/Lib/Wit/Runtime/Utilities/Logging/UnityLogWriter.cs
 0.1 kb	 0.0% Packages/com.meta.xr.sdk.voice/Lib/Wit.ai/Lib/Wit/Runtime/Utilities/Logging/LoggingContext.cs
 0.1 kb	 0.0% Packages/com.meta.xr.sdk.voice/Lib/Wit.ai/Lib/Wit/Runtime/Utilities/Logging/LoggerRegistry.cs
 0.1 kb	 0.0% Packages/com.meta.xr.sdk.voice/Lib/Wit.ai/Lib/Wit/Runtime/Utilities/Logging/LoggerOptions.cs
 0.1 kb	 0.0% Packages/com.meta.xr.sdk.voice/Lib/Wit.ai/Lib/Wit/Runtime/Utilities/Logging/IVLoggerFactory.cs
 0.1 kb	 0.0% Packages/com.meta.xr.sdk.voice/Lib/Wit.ai/Lib/Wit/Runtime/Utilities/Logging/ILoggerRegistry.cs
 0.1 kb	 0.0% Packages/com.meta.xr.sdk.voice/Lib/Wit.ai/Lib/Wit/Runtime/Utilities/Logging/IErrorMitigator.cs
 0.1 kb	 0.0% Packages/com.meta.xr.sdk.voice/Lib/Wit.ai/Lib/Wit/Runtime/Utilities/Logging/ErrorMitigator.cs
 0.1 kb	 0.0% Packages/com.meta.xr.sdk.voice/Lib/Wit.ai/Lib/Wit/Runtime/Utilities/Logging/CorrelationID.cs
 0.1 kb	 0.0% Packages/com.meta.xr.sdk.voice/Lib/Wit.ai/Lib/Wit/Runtime/Utilities/EnumerableExtensions.cs
 0.1 kb	 0.0% Packages/com.meta.xr.sdk.voice/Lib/Wit.ai/Lib/Wit/Runtime/Utilities/ComponentExtensions.cs
 0.1 kb	 0.0% Packages/com.meta.xr.sdk.voice/Lib/Wit.ai/Lib/Wit/Runtime/Requests/UnityRequests/WitTTSVRequest.cs
 0.1 kb	 0.0% Packages/com.meta.xr.sdk.voice/Lib/Wit.ai/Lib/Wit/Runtime/Requests/NLP/INLPRequestOptions.cs
 0.1 kb	 0.0% Packages/com.meta.xr.sdk.voice/Lib/Wit.ai/Lib/Wit/Runtime/Requests/IVoiceRequestResults.cs
 0.1 kb	 0.0% Packages/com.meta.xr.sdk.voice/Lib/Wit.ai/Lib/Wit/Runtime/Requests/IVoiceRequestOptions.cs
 0.1 kb	 0.0% Packages/com.meta.xr.sdk.voice/Lib/Wit.ai/Lib/Wit/Runtime/Net/WebSockets/IWebSocket.cs
 0.1 kb	 0.0% Packages/com.meta.xr.sdk.voice/Lib/Wit.ai/Lib/Wit/Runtime/Data/Info/WitIntentInfo.cs
 0.1 kb	 0.0% Packages/com.meta.xr.sdk.voice/Lib/Wit.ai/Lib/Wit/Runtime/Data/Info/WitExportInfo.cs
 0.1 kb	 0.0% Packages/com.meta.xr.sdk.voice/Lib/Wit.ai/Lib/Wit/Runtime/Data/Info/WitEntityInfo.cs
 0.1 kb	 0.0% Packages/com.meta.xr.sdk.voice/Lib/Wit.ai/Features/TTS/Scripts/Runtime/UX/TTSSpeakerInput.cs
 0.1 kb	 0.0% Packages/com.meta.xr.sdk.voice/Lib/Wit.ai/Features/TTS/Scripts/Runtime/Integrations/TTSDiskCache.cs
 0.1 kb	 0.0% Packages/com.meta.xr.sdk.voice/Lib/Wit.ai/Features/TTS/Scripts/Runtime/Data/TTSVoiceSettings.cs
 0.1 kb	 0.0% Packages/com.meta.xr.sdk.voice/Lib/Wit.ai/Features/TTS/Scripts/Runtime/Data/TTSVisemeEvent.cs
 0.1 kb	 0.0% Packages/com.meta.xr.sdk.voice/Lib/Wit.ai/Features/TTS/Scripts/Runtime/Data/TTSStringEvent.cs
 0.1 kb	 0.0% Packages/com.meta.xr.sdk.voice/Lib/Wit.ai/Features/TTS/Scripts/Runtime/Data/TTSPhonemeEvent.cs
 0.1 kb	 0.0% Packages/com.meta.xr.sdk.interaction/Runtime/Scripts/Unity/Input/InputKey.cs
 0.1 kb	 0.0% Packages/com.meta.xr.sdk.interaction/Runtime/Scripts/PoseDetection/Sequence.cs
 0.1 kb	 0.0% Packages/com.meta.xr.sdk.interaction/Runtime/Scripts/Input/Hands/ShadowHand.cs
 0.1 kb	 0.0% Packages/com.meta.xr.sdk.interaction/Runtime/Scripts/Input/HMD/HmdDataAsset.cs
 0.1 kb	 0.0% Packages/com.meta.xr.sdk.interaction/Runtime/Scripts/Input/DataSource.cs
 0.1 kb	 0.0% Packages/com.meta.xr.sdk.interaction/Runtime/Scripts/Input/Controllers/IController.cs
 0.1 kb	 0.0% Packages/com.meta.xr.sdk.interaction/Runtime/Scripts/Input/Controllers/Controller.cs
 0.1 kb	 0.0% Packages/com.meta.xr.sdk.interaction/Runtime/Scripts/Body/Input/IBody.cs
 0.1 kb	 0.0% Packages/com.meta.xr.sdk.interaction/Runtime/Sample/Scripts/PanelWithManipulators/CanvasSizeConstraint.cs
 0.1 kb	 0.0% Packages/com.meta.xr.sdk.interaction/Runtime/Sample/Scripts/HandGrabUse/Effects/MeshBlit.cs
 0.1 kb	 0.0% Packages/com.meta.xr.sdk.interaction/Runtime/Sample/Scripts/ComprehensiveRigExampleUI/RectSizeConstraint.cs
 0.1 kb	 0.0% Packages/com.meta.xr.sdk.interaction/Runtime/Sample/Scripts/ComprehensiveRigExampleUI/GridSpacingScaler.cs
 0.1 kb	 0.0% Packages/com.meta.xr.sdk.core/Scripts/Util/OVRMixedRealityCaptureTest.cs
 0.1 kb	 0.0% Packages/com.meta.xr.sdk.core/Scripts/Util/OVRInputModule.cs
 0.1 kb	 0.0% Packages/com.meta.xr.sdk.core/Scripts/OpenXRFeatures/MetaXRSubsampledLayout.cs
 0.1 kb	 0.0% Packages/com.meta.xr.sdk.core/Scripts/OpenXRFeatures/MetaXRFoveationFeature.cs
 0.1 kb	 0.0% Packages/com.meta.xr.sdk.core/Scripts/OVRSemanticClassification.cs
 0.1 kb	 0.0% Packages/com.meta.xr.sdk.core/Scripts/OVRSceneObjectTransformType.cs
 0.1 kb	 0.0% Packages/com.meta.xr.sdk.core/Scripts/ImmersiveDebugger/UserInterface/Resources/Styles/LayoutStyles/Member.asset
 0.1 kb	 0.0% Packages/com.meta.xr.sdk.core/Scripts/ImmersiveDebugger/UserInterface/Resources/Styles/LayoutStyles/Default.asset
 0.1 kb	 0.0% Packages/com.meta.xr.sdk.core/Scripts/ImmersiveDebugger/UserInterface/Resources/Styles/LayoutStyles/Buttons.asset
 0.1 kb	 0.0% Packages/com.meta.xr.sdk.core/Scripts/ImmersiveDebugger/UserInterface/Resources/Styles/LayoutStyles/BarTime.asset
 0.1 kb	 0.0% Packages/com.unity.xr.openxr/Runtime/OpenXRLoader.cs
 0.1 kb	 0.0% Packages/com.unity.xr.openxr/Runtime/Constants.cs
 0.1 kb	 0.0% Packages/com.unity.xr.openxr/Runtime/ApiLayers/Support/LogSupport.cs
 0.1 kb	 0.0% Packages/com.unity.xr.management/Runtime/XRLoader.cs
 0.1 kb	 0.0% Packages/com.unity.xr.hands/Runtime/Enums.cs
 0.1 kb	 0.0% Packages/com.unity.xr.core-utils/Runtime/UndoBlock.cs
 0.1 kb	 0.0% Packages/com.unity.xr.core-utils/Runtime/TextureUtils.cs
 0.1 kb	 0.0% Packages/com.unity.xr.core-utils/Runtime/MathUtility.cs
 0.1 kb	 0.0% Packages/com.unity.xr.core-utils/Runtime/HashCodeUtil.cs
 0.1 kb	 0.0% Packages/com.unity.xr.core-utils/Runtime/DebugDraw.cs
 0.1 kb	 0.0% Packages/com.unity.xr.core-utils/Runtime/Datums/IntDatum.cs
 0.1 kb	 0.0% Packages/com.unity.xr.core-utils/Runtime/BoundsUtils.cs
 0.1 kb	 0.0% Packages/com.unity.webrtc/Runtime/Scripts/WeakReferenceTable.cs
 0.1 kb	 0.0% Packages/com.unity.webrtc/Runtime/Scripts/RTPParameters.cs
 0.1 kb	 0.0% Packages/com.unity.webrtc/Runtime/Scripts/RTCRtpTransceiver.cs
 0.1 kb	 0.0% Packages/com.unity.webrtc/Runtime/Scripts/RTCPeerConnection.cs
 0.1 kb	 0.0% Packages/com.unity.webrtc/Runtime/Scripts/RTCErrorException.cs
 0.1 kb	 0.0% Packages/com.unity.webrtc/Runtime/Scripts/AudioCustomFilter.cs
 0.1 kb	 0.0% Packages/com.unity.ugui/Runtime/UGUI/UI/Core/VertexModifiers/PositionAsUV1.cs
 0.1 kb	 0.0% Packages/com.unity.ugui/Runtime/UGUI/UI/Core/VertexModifiers/IMeshModifier.cs
 0.1 kb	 0.0% Packages/com.unity.ugui/Runtime/UGUI/UI/Core/VertexModifiers/BaseMeshEffect.cs
 0.1 kb	 0.0% Packages/com.unity.ugui/Runtime/UGUI/UI/Core/StencilMaterial.cs
 0.1 kb	 0.0% Packages/com.unity.ugui/Runtime/UGUI/UI/Core/MaskableGraphic.cs
 0.1 kb	 0.0% Packages/com.unity.ugui/Runtime/UGUI/UI/Core/MaskUtilities.cs
 0.1 kb	 0.0% Packages/com.unity.ugui/Runtime/UGUI/UI/Core/Layout/LayoutUtility.cs
 0.1 kb	 0.0% Packages/com.unity.ugui/Runtime/UGUI/UI/Core/Layout/LayoutRebuilder.cs
 0.1 kb	 0.0% Packages/com.unity.ugui/Runtime/UGUI/UI/Core/Layout/LayoutElement.cs
 0.1 kb	 0.0% Packages/com.unity.ugui/Runtime/UGUI/UI/Core/Layout/ILayoutElement.cs
 0.1 kb	 0.0% Packages/com.unity.ugui/Runtime/UGUI/UI/Core/Layout/GridLayoutGroup.cs
 0.1 kb	 0.0% Packages/com.unity.ugui/Runtime/UGUI/UI/Core/GraphicRegistry.cs
 0.1 kb	 0.0% Packages/com.unity.ugui/Runtime/UGUI/UI/Core/GraphicRaycaster.cs
 0.1 kb	 0.0% Packages/com.unity.ugui/Runtime/UGUI/UI/Core/DefaultControls.cs
 0.1 kb	 0.0% Packages/com.unity.ugui/Runtime/UGUI/UI/Core/Culling/ClipperRegistry.cs
 0.1 kb	 0.0% Packages/com.unity.ugui/Runtime/UGUI/EventSystem/UIBehaviour.cs
 0.1 kb	 0.0% Packages/com.unity.ugui/Runtime/UGUI/EventSystem/InputModules/BaseInput.cs
 0.1 kb	 0.0% Packages/com.unity.ugui/Runtime/UGUI/EventSystem/EventTrigger.cs
 0.1 kb	 0.0% Packages/com.unity.ugui/Runtime/UGUI/EventSystem/EventSystem.cs
 0.1 kb	 0.0% Packages/com.unity.ugui/Runtime/TMP/TMPro_MeshUtilities.cs
 0.1 kb	 0.0% Packages/com.unity.ugui/Runtime/TMP/TMP_ShaderUtilities.cs
 0.1 kb	 0.0% Packages/com.unity.ugui/Runtime/TMP/TMP_RichTextTagsCommon.cs
 0.1 kb	 0.0% Packages/com.unity.ugui/Runtime/TMP/TMP_FontAssetCommon.cs
 0.1 kb	 0.0% Packages/com.unity.mathematics/Unity.Mathematics/quaternion.cs
 0.1 kb	 0.0% Packages/com.unity.mathematics/Unity.Mathematics/Noise/classicnoise4D.cs
 0.1 kb	 0.0% Packages/com.unity.mathematics/Unity.Mathematics/Noise/classicnoise3D.cs
 0.1 kb	 0.0% Packages/com.unity.mathematics/Unity.Mathematics/Noise/classicnoise2D.cs
 0.1 kb	 0.0% Packages/com.unity.mathematics/Unity.Mathematics/Noise/cellular2x2x2.cs
 0.1 kb	 0.0% Packages/com.unity.mathematics/Unity.Mathematics/Geometry/Plane.cs
 0.1 kb	 0.0% Packages/com.unity.inputsystem/InputSystem/Plugins/XR/Devices/Oculus.cs
 0.1 kb	 0.0% Packages/com.unity.collections/Unity.Collections/UIntFloat.cs
 0.1 kb	 0.0% Packages/com.unity.collections/Unity.Collections/NativeStream.cs
 0.1 kb	 0.0% Packages/com.unity.collections/Unity.Collections/Jobs/EarlyInitHelpers.cs
 0.1 kb	 0.0% Packages/com.unity.burst/Runtime/Intrinsics/SimdDebugViews.cs
 0.1 kb	 0.0% Packages/com.unity.burst/Runtime/Editor/BurstReflection.cs
 0.1 kb	 0.0% Packages/com.unity.burst/Runtime/BurstCompilerOptions.cs
 0.1 kb	 0.0% Packages/com.unity.ai.navigation/Runtime/NavMeshLink.cs
 0.1 kb	 0.0% Packages/com.meta.xr.sdk.voice/Lib/Wit.ai/Scripts/Runtime/WrapHttpWebRequest.cs
 0.1 kb	 0.0% Packages/com.meta.xr.sdk.voice/Lib/Wit.ai/Scripts/Runtime/WitResultUtilities.cs
 0.1 kb	 0.0% Packages/com.meta.xr.sdk.voice/Lib/Wit.ai/Scripts/Runtime/WitRequestFactory.cs
 0.1 kb	 0.0% Packages/com.meta.xr.sdk.voice/Lib/Wit.ai/Scripts/Runtime/Utilities/WitRuntimeStyles.cs
 0.1 kb	 0.0% Packages/com.meta.xr.sdk.voice/Lib/Wit.ai/Scripts/Runtime/Utilities/ReflectionUtils.cs
 0.1 kb	 0.0% Packages/com.meta.xr.sdk.voice/Lib/Wit.ai/Scripts/Runtime/Settings/WitSettingsUtility.cs
 0.1 kb	 0.0% Packages/com.meta.xr.sdk.voice/Lib/Wit.ai/Scripts/Runtime/ResponseManager/MatchIntentRegistry.cs
 0.1 kb	 0.0% Packages/com.meta.xr.sdk.voice/Lib/Wit.ai/Scripts/Runtime/Requests/WitUnityRequest.cs
 0.1 kb	 0.0% Packages/com.meta.xr.sdk.voice/Lib/Wit.ai/Scripts/Runtime/Requests/WitSocketRequest.cs
 0.1 kb	 0.0% Packages/com.meta.xr.sdk.voice/Lib/Wit.ai/Scripts/Runtime/Events/WitSampleEvent.cs
 0.1 kb	 0.0% Packages/com.meta.xr.sdk.voice/Lib/Wit.ai/Scripts/Runtime/Events/WitResponseEvent.cs
 0.1 kb	 0.0% Packages/com.meta.xr.sdk.voice/Lib/Wit.ai/Scripts/Runtime/Events/WitObjectEvent.cs
 0.1 kb	 0.0% Packages/com.meta.xr.sdk.voice/Lib/Wit.ai/Scripts/Runtime/Events/WitErrorEvent.cs
 0.1 kb	 0.0% Packages/com.meta.xr.sdk.voice/Lib/Wit.ai/Scripts/Runtime/Events/WitByteDataEvent.cs
 0.1 kb	 0.0% Packages/com.meta.xr.sdk.voice/Lib/Wit.ai/Scripts/Runtime/Events/TelemetryEvents.cs
 0.1 kb	 0.0% Packages/com.meta.xr.sdk.voice/Lib/Wit.ai/Scripts/Runtime/Events/EventRegistry.cs
 0.1 kb	 0.0% Packages/com.meta.xr.sdk.voice/Lib/Wit.ai/Scripts/Runtime/BaseSpeechService.cs
 0.1 kb	 0.0% Packages/com.meta.xr.sdk.voice/Lib/Wit.ai/Scripts/Runtime/AudioDurationTracker.cs
 0.1 kb	 0.0% Packages/com.meta.xr.sdk.voice/Lib/Wit.ai/Lib/third-party/NLayer/IMpegFrame.cs
 0.1 kb	 0.0% Packages/com.meta.xr.sdk.voice/Lib/Wit.ai/Lib/third-party/NLayer/Decoder/VBRInfo.cs
 0.1 kb	 0.0% Packages/com.meta.xr.sdk.voice/Lib/Wit.ai/Lib/third-party/NLayer/Decoder/ID3Frame.cs
 0.1 kb	 0.0% Packages/com.meta.xr.sdk.voice/Lib/Wit.ai/Lib/third-party/NLayer/Decoder/Huffman.cs
 0.1 kb	 0.0% Packages/com.meta.xr.sdk.voice/Lib/Wit.ai/Lib/Wit/Runtime/Json/WitResponseNode.cs
 0.1 kb	 0.0% Packages/com.meta.xr.sdk.voice/Lib/Wit.ai/Lib/Wit/Runtime/Json/JsonConverter.cs
 0.1 kb	 0.0% Packages/com.meta.xr.sdk.voice/Lib/Wit.ai/Lib/Wit/Runtime/Json/IJsonSerializer.cs
 0.1 kb	 0.0% Packages/com.meta.xr.sdk.voice/Lib/Wit.ai/Lib/Wit/Runtime/Json/ColorConverter.cs
 0.1 kb	 0.0% Packages/com.meta.xr.sdk.voice/Lib/Wit.ai/Lib/Wit/Runtime/Audio/UnityAudioSystem.cs
 0.1 kb	 0.0% Packages/com.meta.xr.sdk.voice/Lib/Wit.ai/Lib/Wit/Runtime/Audio/UnityAudioPlayer.cs
 0.1 kb	 0.0% Packages/com.meta.xr.sdk.voice/Lib/Wit.ai/Lib/Wit/Runtime/Audio/IAudioClipStream.cs
 0.1 kb	 0.0% Packages/com.meta.xr.sdk.voice/Lib/Wit.ai/Lib/Wit/Runtime/Audio/IAudioClipSetter.cs
 0.1 kb	 0.0% Packages/com.meta.xr.sdk.voice/Lib/Wit.ai/Lib/Wit/Runtime/Audio/BaseAudioPlayer.cs
 0.1 kb	 0.0% Packages/com.meta.xr.sdk.voice/Lib/Wit.ai/Lib/Conduit/Runtime/Data/ManifestLoader.cs
 0.1 kb	 0.0% Packages/com.meta.xr.sdk.voice/Lib/Wit.ai/Lib/Conduit/Runtime/Data/ManifestEntity.cs
 0.1 kb	 0.0% Packages/com.meta.xr.sdk.voice/Lib/Wit.ai/Lib/Conduit/Runtime/Data/ManifestAction.cs
 0.1 kb	 0.0% Packages/com.meta.xr.sdk.voice/Lib/Wit.ai/Lib/Conduit/Runtime/Data/IManifestMethod.cs
 0.1 kb	 0.0% Packages/com.meta.xr.sdk.voice/Lib/Wit.ai/Lib/Conduit/Runtime/Data/IManifestLoader.cs
 0.1 kb	 0.0% Packages/com.meta.xr.sdk.voice/Lib/Wit.ai/Lib/Conduit/Runtime/ConduitUtilities.cs
 0.1 kb	 0.0% Packages/com.meta.xr.sdk.voice/Lib/Wit.ai/Features/TTS/Scripts/Runtime/Utilities/TTSSpeaker.cs
 0.1 kb	 0.0% Packages/com.meta.xr.sdk.voice/Lib/Wit.ai/Features/TTS/Scripts/Runtime/Debugger/TTSDebugger.cs
 0.1 kb	 0.0% Packages/com.meta.xr.sdk.voice/Features/Dictation/source/Lib/Wit.ai/Features/dictation/Scripts/Runtime/Dictation/WitDictation.cs
 0.1 kb	 0.0% Packages/com.meta.xr.sdk.platform/Scripts/WindowsPlatform.cs
 0.1 kb	 0.0% Packages/com.meta.xr.sdk.platform/Scripts/RosterOptions.cs
 0.1 kb	 0.0% Packages/com.meta.xr.sdk.platform/Scripts/PlatformSettings.cs
 0.1 kb	 0.0% Packages/com.meta.xr.sdk.platform/Scripts/PlatformInternal.cs
 0.1 kb	 0.0% Packages/com.meta.xr.sdk.platform/Scripts/NetSyncOptions.cs
 0.1 kb	 0.0% Packages/com.meta.xr.sdk.platform/Scripts/Models/UserReportID.cs
 0.1 kb	 0.0% Packages/com.meta.xr.sdk.platform/Scripts/Models/UserProof.cs
 0.1 kb	 0.0% Packages/com.meta.xr.sdk.platform/Scripts/Models/TrialOffer.cs
 0.1 kb	 0.0% Packages/com.meta.xr.sdk.platform/Scripts/Models/SdkAccount.cs
 0.1 kb	 0.0% Packages/com.meta.xr.sdk.platform/Scripts/Models/PingResult.cs
 0.1 kb	 0.0% Packages/com.meta.xr.sdk.platform/Scripts/Models/PaidOffer.cs
 0.1 kb	 0.0% Packages/com.meta.xr.sdk.platform/Scripts/Models/OrgScopedID.cs
 0.1 kb	 0.0% Packages/com.meta.xr.sdk.platform/Scripts/Models/ManagedInfo.cs
 0.1 kb	 0.0% Packages/com.meta.xr.sdk.platform/Scripts/Models/Leaderboard.cs
 0.1 kb	 0.0% Packages/com.meta.xr.sdk.platform/Scripts/Models/Destination.cs
 0.1 kb	 0.0% Packages/com.meta.xr.sdk.platform/Scripts/Models/Challenge.cs
 0.1 kb	 0.0% Packages/com.meta.xr.sdk.platform/Scripts/Models/BlockedUser.cs
 0.1 kb	 0.0% Packages/com.meta.xr.sdk.platform/Scripts/Models/BillingPlan.cs
 0.1 kb	 0.0% Packages/com.meta.xr.sdk.platform/Scripts/Models/AssetDetails.cs
 0.1 kb	 0.0% Packages/com.meta.xr.sdk.platform/Scripts/InviteOptions.cs
 0.1 kb	 0.0% Packages/com.meta.xr.sdk.platform/Scripts/IVoipPCMSource.cs
 0.1 kb	 0.0% Packages/com.meta.xr.sdk.platform/Scripts/ChallengeOptions.cs
 0.1 kb	 0.0% Packages/com.meta.xr.sdk.platform/Scripts/CallbackRunner.cs
 0.1 kb	 0.0% Packages/com.meta.xr.sdk.platform/Scripts/AndroidPlatform.cs
 0.1 kb	 0.0% Packages/com.meta.xr.sdk.interaction/Runtime/Scripts/Utils/SurfaceUtils.cs
 0.1 kb	 0.0% Packages/com.meta.xr.sdk.interaction/Runtime/Scripts/Utils/PoseUtils.cs
 0.1 kb	 0.0% Packages/com.meta.xr.sdk.interaction/Runtime/Scripts/Utils/FinalAction.cs
 0.1 kb	 0.0% Packages/com.meta.xr.sdk.interaction/Runtime/Scripts/Utils/ConeUtils.cs
 0.1 kb	 0.0% Packages/com.meta.xr.sdk.interaction/Runtime/Scripts/Utils/AssertUtils.cs
 0.1 kb	 0.0% Packages/com.meta.xr.sdk.interaction/Runtime/Scripts/Unity/UnityInfo.cs
 0.1 kb	 0.0% Packages/com.meta.xr.sdk.interaction/Runtime/Scripts/Shapes/ICurvedPlane.cs
 0.1 kb	 0.0% Packages/com.meta.xr.sdk.interaction/Runtime/Scripts/Selection/Hands/HandJoint.cs
 0.1 kb	 0.0% Packages/com.meta.xr.sdk.interaction/Runtime/Scripts/Polyline/DebugGizmos.cs
 0.1 kb	 0.0% Packages/com.meta.xr.sdk.interaction/Runtime/Scripts/Movements/IMovement.cs
 0.1 kb	 0.0% Packages/com.meta.xr.sdk.interaction/Runtime/Scripts/Interaction/Visuals/IHandVisual.cs
 0.1 kb	 0.0% Packages/com.meta.xr.sdk.interaction/Runtime/Scripts/Interaction/Visuals/HandVisual.cs
 0.1 kb	 0.0% Packages/com.meta.xr.sdk.interaction/Runtime/Scripts/Interaction/Surfaces/ISurface.cs
 0.1 kb	 0.0% Packages/com.meta.xr.sdk.interaction/Runtime/Scripts/Interaction/Surfaces/IPolyline.cs
 0.1 kb	 0.0% Packages/com.meta.xr.sdk.interaction/Runtime/Scripts/Interaction/Surfaces/IBounds.cs
 0.1 kb	 0.0% Packages/com.meta.xr.sdk.interaction/Runtime/Scripts/Interaction/Pointable/IPointable.cs
 0.1 kb	 0.0% Packages/com.meta.xr.sdk.interaction/Runtime/Scripts/Interaction/Models/Snap/ListLayout.cs
 0.1 kb	 0.0% Packages/com.meta.xr.sdk.interaction/Runtime/Scripts/Interaction/Models/HandGrab/HandPose.cs
 0.1 kb	 0.0% Packages/com.meta.xr.sdk.interaction/Runtime/Scripts/Interaction/Grabbable/ITransformer.cs
 0.1 kb	 0.0% Packages/com.meta.xr.sdk.interaction/Runtime/Scripts/Interaction/Grabbable/IGrabbable.cs
 0.1 kb	 0.0% Packages/com.meta.xr.sdk.interaction/Runtime/Scripts/Interaction/Grabbable/Grabbable.cs
 0.1 kb	 0.0% Packages/com.meta.xr.sdk.interaction/Runtime/Scripts/Interaction/Core/TagSetFilter.cs
 0.1 kb	 0.0% Packages/com.meta.xr.sdk.interaction/Runtime/Scripts/Interaction/Core/ISelector.cs
 0.1 kb	 0.0% Packages/com.meta.xr.sdk.interaction/Runtime/Scripts/Interaction/Core/IInteractor.cs
 0.1 kb	 0.0% Packages/com.meta.xr.sdk.interaction/Runtime/Scripts/Interaction/Core/IActiveState.cs
 0.1 kb	 0.0% Packages/com.meta.xr.sdk.interaction/Runtime/Scripts/Input/Axis1DSwitch.cs
 0.1 kb	 0.0% Packages/com.meta.xr.sdk.interaction/Runtime/Scripts/HandGlow/HandGrabGlow.cs
 0.1 kb	 0.0% Packages/com.meta.xr.sdk.interaction/Runtime/Scripts/Grab/IFingerAPI.cs
 0.1 kb	 0.0% Packages/com.meta.xr.sdk.interaction/Runtime/Scripts/DistanceGrab/Visuals/TubeRenderer.cs
 0.1 kb	 0.0% Packages/com.meta.xr.sdk.interaction/Runtime/Sample/Objects/UISet/Scripts/UITheme.cs
 0.1 kb	 0.0% Packages/com.meta.xr.sdk.interaction.ovr/Runtime/Scripts/Input/OVRTouch.cs
 0.1 kb	 0.0% Packages/com.meta.xr.sdk.haptics/Runtime/HapticClipPlayer.cs
 0.1 kb	 0.0% Packages/com.meta.xr.sdk.core/Scripts/Util/UIButtonSquishHelper.cs
 0.1 kb	 0.0% Packages/com.meta.xr.sdk.core/Scripts/InputActions/RuntimeSettings.cs
 0.1 kb	 0.0% Packages/com.meta.xr.sdk.core/Scripts/InputActions/InputActionSet.cs
 0.1 kb	 0.0% Packages/com.meta.xr.sdk.core/Scripts/ImmersiveDebugger/UserInterface/Resources/Styles/LayoutStyles/Fill.asset
 0.1 kb	 0.0% Packages/com.meta.xr.sdk.core/Scripts/ImmersiveDebugger/UserInterface/Resources/Styles/LayoutStyles/Bar.asset
 0.1 kb	 0.0% Packages/com.meta.xr.sdk.audio/Runtime/scripts/MetaXRAcousticSettings.cs
 0.1 kb	 0.0% Packages/com.meta.xr.sdk.audio/Runtime/scripts/MetaXRAcousticSceneGroup.cs
 0.1 kb	 0.0% Packages/com.meta.xr.sdk.audio/Runtime/scripts/MetaXRAcousticMaterial.cs
 0.1 kb	 0.0% Packages/com.meta.xr.sdk.audio/Runtime/scripts/MetaXRAcousticGeometry.cs
 0.1 kb	 0.0% Packages/com.meta.xr.mrutilitykit/Core/Scripts/Utilities.cs
 0.1 kb	 0.0% Packages/com.meta.xr.mrutilitykit/Core/Scripts/Triangulator.cs
 0.1 kb	 0.0% Packages/com.meta.xr.mrutilitykit/Core/Scripts/SpaceMapGPU.cs
 0.1 kb	 0.0% Packages/com.meta.xr.mrutilitykit/Core/Scripts/SceneDecorator/Masks/Mask.cs
 0.1 kb	 0.0% Packages/com.meta.xr.mrutilitykit/Core/Scripts/RoomGuardian.cs
 0.1 kb	 0.0% Packages/com.meta.xr.mrutilitykit/Core/Scripts/MRUKStart.cs
 0.1 kb	 0.0% Packages/com.meta.xr.mrutilitykit/Core/Scripts/MRUKNative.cs
 0.1 kb	 0.0% Packages/com.meta.xr.mrutilitykit/Core/Scripts/MRUKAnchor.cs
 0.1 kb	 0.0% Packages/com.meta.xr.mrutilitykit/Core/Scripts/LabelFilter.cs
 0.1 kb	 0.0% Packages/com.meta.xr.mrutilitykit/Core/Scripts/EffectMesh.cs
 0.1 kb	 0.0% Assets/Scripts/HandLandmarkVisualizer.cs
 0.1 kb	 0.0% Assets/Scripts/ControllerInputStreamer.cs
 0.1 kb	 0.0% Assets/Scripts/ControllerAxisVisualizer.cs
 0.1 kb	 0.0% Packages/com.unity.xr.openxr/Runtime/ApiLayers/Support/ISupport.cs
 0.1 kb	 0.0% Packages/com.unity.xr.hands/Runtime/XRHandJoint.cs
 0.1 kb	 0.0% Packages/com.unity.xr.hands/Runtime/XRHandDevice.cs
 0.1 kb	 0.0% Packages/com.unity.xr.hands/Runtime/Impl/HashCodeUtil.cs
 0.1 kb	 0.0% Packages/com.unity.xr.hands/Runtime/Impl/HandsUtility.cs
 0.1 kb	 0.0% Packages/com.unity.xr.hands/Runtime/Impl/Constants.cs
 0.1 kb	 0.0% Packages/com.unity.visualscripting/Runtime/VisualScripting.Flow/Unit.cs
 0.1 kb	 0.0% Packages/com.unity.visualscripting/Runtime/VisualScripting.Flow/Framework/This.cs
 0.1 kb	 0.0% Packages/com.unity.visualscripting/Runtime/VisualScripting.Flow/Framework/Nulls/Null.cs
 0.1 kb	 0.0% Packages/com.unity.visualscripting/Runtime/VisualScripting.Flow/Framework/Logic/Or.cs
 0.1 kb	 0.0% Packages/com.unity.visualscripting/Runtime/VisualScripting.Flow/Framework/Logic/Less.cs
 0.1 kb	 0.0% Packages/com.unity.visualscripting/Runtime/VisualScripting.Flow/Framework/Logic/And.cs
 0.1 kb	 0.0% Packages/com.unity.visualscripting/Runtime/VisualScripting.Flow/Framework/Control/Once.cs
 0.1 kb	 0.0% Packages/com.unity.visualscripting/Runtime/VisualScripting.Flow/Framework/Control/If.cs
 0.1 kb	 0.0% Packages/com.unity.visualscripting/Runtime/VisualScripting.Flow/Framework/Control/For.cs
 0.1 kb	 0.0% Packages/com.unity.visualscripting/Runtime/VisualScripting.Flow/Flow.cs
 0.1 kb	 0.0% Packages/com.unity.ugui/Runtime/TMP/TextMeshProUGUI.cs
 0.1 kb	 0.0% Packages/com.unity.ugui/Runtime/TMP/TextContainer.cs
 0.1 kb	 0.0% Packages/com.unity.ugui/Runtime/TMP/TMP_TextElement.cs
 0.1 kb	 0.0% Packages/com.unity.ugui/Runtime/TMP/TMP_SubMeshUI.cs
 0.1 kb	 0.0% Packages/com.unity.ugui/Runtime/TMP/TMP_StyleSheet.cs
 0.1 kb	 0.0% Packages/com.unity.ugui/Runtime/TMP/TMP_SpriteGlyph.cs
 0.1 kb	 0.0% Packages/com.unity.ugui/Runtime/TMP/TMP_SpriteAsset.cs
 0.1 kb	 0.0% Packages/com.unity.ugui/Runtime/TMP/TMP_InputField.cs
 0.1 kb	 0.0% Packages/com.unity.ugui/Runtime/TMP/TMP_FontAsset.cs
 0.1 kb	 0.0% Packages/com.unity.ugui/Runtime/TMP/TMP_CoroutineTween.cs
 0.1 kb	 0.0% Packages/com.unity.ugui/Runtime/TMP/TMP_Character.cs
 0.1 kb	 0.0% Packages/com.unity.timeline/Runtime/Utilities/TimelineUndo.cs
 0.1 kb	 0.0% Packages/com.unity.timeline/Runtime/Utilities/TimeUtility.cs
 0.1 kb	 0.0% Packages/com.unity.timeline/Runtime/Utilities/HashUtility.cs
 0.1 kb	 0.0% Packages/com.unity.timeline/Runtime/Utilities/BlendUtility.cs
 0.1 kb	 0.0% Packages/com.unity.timeline/Runtime/TrackAsset.cs
 0.1 kb	 0.0% Packages/com.unity.timeline/Runtime/TimelineClip.cs
 0.1 kb	 0.0% Packages/com.unity.timeline/Runtime/Playables/ITimeControl.cs
 0.1 kb	 0.0% Packages/com.unity.timeline/Runtime/ILayerable.cs
 0.1 kb	 0.0% Packages/com.unity.timeline/Runtime/GroupTrack.cs
 0.1 kb	 0.0% Packages/com.unity.timeline/Runtime/Events/Signals/SignalAsset.cs
 0.1 kb	 0.0% Packages/com.unity.timeline/Runtime/Events/SignalTrack.cs
 0.1 kb	 0.0% Packages/com.unity.timeline/Runtime/Events/MarkerTrack.cs
 0.1 kb	 0.0% Packages/com.unity.timeline/Runtime/Events/MarkerList.cs
 0.1 kb	 0.0% Packages/com.unity.timeline/Runtime/Evaluation/RuntimeClip.cs
 0.1 kb	 0.0% Packages/com.unity.timeline/Runtime/Evaluation/IntervalTree.cs
 0.1 kb	 0.0% Packages/com.unity.timeline/Runtime/DiscreteTime.cs
 0.1 kb	 0.0% Packages/com.unity.timeline/Runtime/Control/ControlTrack.cs
 0.1 kb	 0.0% Packages/com.unity.timeline/Runtime/Audio/AudioTrack.cs
 0.1 kb	 0.0% Packages/com.unity.timeline/Runtime/AssetUpgrade/ClipUpgrade.cs
 0.1 kb	 0.0% Packages/com.unity.timeline/Runtime/Animation/ICurvesOwner.cs
 0.1 kb	 0.0% Packages/com.unity.render-pipelines.universal/Shaders/Shaders.cs
 0.1 kb	 0.0% Packages/com.unity.mathematics/Unity.Mathematics/uint4x4.gen.cs
 0.1 kb	 0.0% Packages/com.unity.mathematics/Unity.Mathematics/uint4x3.gen.cs
 0.1 kb	 0.0% Packages/com.unity.mathematics/Unity.Mathematics/uint4x2.gen.cs
 0.1 kb	 0.0% Packages/com.unity.mathematics/Unity.Mathematics/uint4.gen.cs
 0.1 kb	 0.0% Packages/com.unity.mathematics/Unity.Mathematics/uint3x4.gen.cs
 0.1 kb	 0.0% Packages/com.unity.mathematics/Unity.Mathematics/uint3x3.gen.cs
 0.1 kb	 0.0% Packages/com.unity.mathematics/Unity.Mathematics/uint3x2.gen.cs
 0.1 kb	 0.0% Packages/com.unity.mathematics/Unity.Mathematics/uint3.gen.cs
 0.1 kb	 0.0% Packages/com.unity.mathematics/Unity.Mathematics/uint2x4.gen.cs
 0.1 kb	 0.0% Packages/com.unity.mathematics/Unity.Mathematics/uint2x3.gen.cs
 0.1 kb	 0.0% Packages/com.unity.mathematics/Unity.Mathematics/uint2x2.gen.cs
 0.1 kb	 0.0% Packages/com.unity.mathematics/Unity.Mathematics/uint2.gen.cs
 0.1 kb	 0.0% Packages/com.unity.mathematics/Unity.Mathematics/int4x4.gen.cs
 0.1 kb	 0.0% Packages/com.unity.mathematics/Unity.Mathematics/int4x3.gen.cs
 0.1 kb	 0.0% Packages/com.unity.mathematics/Unity.Mathematics/int4x2.gen.cs
 0.1 kb	 0.0% Packages/com.unity.mathematics/Unity.Mathematics/int3x4.gen.cs
 0.1 kb	 0.0% Packages/com.unity.mathematics/Unity.Mathematics/int3x3.gen.cs
 0.1 kb	 0.0% Packages/com.unity.mathematics/Unity.Mathematics/int3x2.gen.cs
 0.1 kb	 0.0% Packages/com.unity.mathematics/Unity.Mathematics/int2x4.gen.cs
 0.1 kb	 0.0% Packages/com.unity.mathematics/Unity.Mathematics/int2x3.gen.cs
 0.1 kb	 0.0% Packages/com.unity.mathematics/Unity.Mathematics/int2x2.gen.cs
 0.1 kb	 0.0% Packages/com.unity.mathematics/Unity.Mathematics/half4.gen.cs
 0.1 kb	 0.0% Packages/com.unity.mathematics/Unity.Mathematics/half3.gen.cs
 0.1 kb	 0.0% Packages/com.unity.mathematics/Unity.Mathematics/half2.gen.cs
 0.1 kb	 0.0% Packages/com.unity.mathematics/Unity.Mathematics/float4x4.gen.cs
 0.1 kb	 0.0% Packages/com.unity.mathematics/Unity.Mathematics/float4x3.gen.cs
 0.1 kb	 0.0% Packages/com.unity.mathematics/Unity.Mathematics/float4x2.gen.cs
 0.1 kb	 0.0% Packages/com.unity.mathematics/Unity.Mathematics/float4.gen.cs
 0.1 kb	 0.0% Packages/com.unity.mathematics/Unity.Mathematics/float3x4.gen.cs
 0.1 kb	 0.0% Packages/com.unity.mathematics/Unity.Mathematics/float3x3.gen.cs
 0.1 kb	 0.0% Packages/com.unity.mathematics/Unity.Mathematics/float3x2.gen.cs
 0.1 kb	 0.0% Packages/com.unity.mathematics/Unity.Mathematics/float3.gen.cs
 0.1 kb	 0.0% Packages/com.unity.mathematics/Unity.Mathematics/float2x4.gen.cs
 0.1 kb	 0.0% Packages/com.unity.mathematics/Unity.Mathematics/float2x3.gen.cs
 0.1 kb	 0.0% Packages/com.unity.mathematics/Unity.Mathematics/float2x2.gen.cs
 0.1 kb	 0.0% Packages/com.unity.mathematics/Unity.Mathematics/float2.gen.cs
 0.1 kb	 0.0% Packages/com.unity.mathematics/Unity.Mathematics/double4.gen.cs
 0.1 kb	 0.0% Packages/com.unity.mathematics/Unity.Mathematics/double3.gen.cs
 0.1 kb	 0.0% Packages/com.unity.mathematics/Unity.Mathematics/double2.gen.cs
 0.1 kb	 0.0% Packages/com.unity.mathematics/Unity.Mathematics/bool4x4.gen.cs
 0.1 kb	 0.0% Packages/com.unity.mathematics/Unity.Mathematics/bool4x3.gen.cs
 0.1 kb	 0.0% Packages/com.unity.mathematics/Unity.Mathematics/bool4x2.gen.cs
 0.1 kb	 0.0% Packages/com.unity.mathematics/Unity.Mathematics/bool4.gen.cs
 0.1 kb	 0.0% Packages/com.unity.mathematics/Unity.Mathematics/bool3x4.gen.cs
 0.1 kb	 0.0% Packages/com.unity.mathematics/Unity.Mathematics/bool3x3.gen.cs
 0.1 kb	 0.0% Packages/com.unity.mathematics/Unity.Mathematics/bool3x2.gen.cs
 0.1 kb	 0.0% Packages/com.unity.mathematics/Unity.Mathematics/bool3.gen.cs
 0.1 kb	 0.0% Packages/com.unity.mathematics/Unity.Mathematics/bool2x4.gen.cs
 0.1 kb	 0.0% Packages/com.unity.mathematics/Unity.Mathematics/bool2x3.gen.cs
 0.1 kb	 0.0% Packages/com.unity.mathematics/Unity.Mathematics/bool2x2.gen.cs
 0.1 kb	 0.0% Packages/com.unity.mathematics/Unity.Mathematics/bool2.gen.cs
 0.1 kb	 0.0% Packages/com.unity.mathematics/Unity.Mathematics/Noise/psrdnoise2D.cs
 0.1 kb	 0.0% Packages/com.unity.mathematics/Unity.Mathematics/Noise/noise3Dgrad.cs
 0.1 kb	 0.0% Packages/com.unity.mathematics/Unity.Mathematics/Noise/cellular3D.cs
 0.1 kb	 0.0% Packages/com.unity.mathematics/Unity.Mathematics/Noise/cellular2x2.cs
 0.1 kb	 0.0% Packages/com.unity.mathematics/Unity.Mathematics/Noise/cellular2D.cs
 0.1 kb	 0.0% Packages/com.unity.inputsystem/InputSystem/Plugins/XR/Devices/GoogleVR.cs
 0.1 kb	 0.0% Packages/com.unity.inputsystem/InputSystem/Editor/DownloadableSample.cs
 0.1 kb	 0.0% Packages/com.unity.inputsystem/InputSystem/Devices/Sensor.cs
 0.1 kb	 0.0% Packages/com.unity.inputsystem/InputSystem/Devices/Pointer.cs
 0.1 kb	 0.0% Packages/com.unity.inputsystem/InputSystem/Devices/Mouse.cs
 0.1 kb	 0.0% Packages/com.unity.inputsystem/InputSystem/Devices/Keyboard.cs
 0.1 kb	 0.0% Packages/com.unity.inputsystem/InputSystem/Devices/Joystick.cs
 0.1 kb	 0.0% Packages/com.unity.inputsystem/InputSystem/Devices/Gamepad.cs
 0.1 kb	 0.0% Packages/com.unity.collections/Unity.Collections/xxHash3.AVX2.cs
 0.1 kb	 0.0% Packages/com.unity.burst/Runtime/Intrinsics/Arm/NEON_AArch64_rdma.cs
 0.1 kb	 0.0% Packages/com.unity.burst/Runtime/Intrinsics/Arm/NEON_AArch64_dotprod.cs
 0.1 kb	 0.0% Packages/com.unity.burst/Runtime/Intrinsics/Arm/NEON_AArch64_crypto.cs
 0.1 kb	 0.0% Packages/com.meta.xr.sdk.voice/Lib/Wit.ai/Scripts/Runtime/Utilities/VoiceLipSyncMic.cs
 0.1 kb	 0.0% Packages/com.meta.xr.sdk.voice/Lib/Wit.ai/Scripts/Runtime/Data/WitStringValue.cs
 0.1 kb	 0.0% Packages/com.meta.xr.sdk.voice/Lib/Wit.ai/Scripts/Runtime/Data/WitFloatValue.cs
 0.1 kb	 0.0% Packages/com.meta.xr.sdk.voice/Lib/Wit.ai/Lib/Wit/Runtime/Utilities/TypeExtensions.cs
 0.1 kb	 0.0% Packages/com.meta.xr.sdk.voice/Lib/Wit.ai/Lib/Wit/Runtime/Utilities/ThreadUtility.cs
 0.1 kb	 0.0% Packages/com.meta.xr.sdk.voice/Lib/Wit.ai/Lib/Wit/Runtime/Utilities/TaskExtensions.cs
 0.1 kb	 0.0% Packages/com.meta.xr.sdk.voice/Lib/Wit.ai/Lib/Wit/Runtime/Utilities/Logging/LazyLogger.cs
 0.1 kb	 0.0% Packages/com.meta.xr.sdk.voice/Lib/Wit.ai/Lib/Wit/Runtime/Utilities/Logging/ILogWriter.cs
 0.1 kb	 0.0% Packages/com.meta.xr.sdk.voice/Lib/Wit.ai/Lib/Wit/Runtime/Utilities/Logging/ILogScope.cs
 0.1 kb	 0.0% Packages/com.meta.xr.sdk.voice/Lib/Wit.ai/Lib/Wit/Runtime/Utilities/Logging/ICoreLogger.cs
 0.1 kb	 0.0% Packages/com.meta.xr.sdk.voice/Lib/Wit.ai/Lib/Wit/Runtime/Utilities/Logging/ErrorCode.cs
 0.1 kb	 0.0% Packages/com.meta.xr.sdk.voice/Lib/Wit.ai/Lib/Wit/Runtime/Utilities/CoroutineUtility.cs
 0.1 kb	 0.0% Packages/com.meta.xr.sdk.voice/Lib/Wit.ai/Lib/Wit/Runtime/Requests/UnityRequests/WitVRequest.cs
 0.1 kb	 0.0% Packages/com.meta.xr.sdk.voice/Lib/Wit.ai/Lib/Wit/Runtime/Requests/UnityRequests/IWitVRequest.cs
 0.1 kb	 0.0% Packages/com.meta.xr.sdk.voice/Lib/Wit.ai/Lib/Wit/Runtime/Requests/UnityRequests/IVRequest.cs
 0.1 kb	 0.0% Packages/com.meta.xr.sdk.voice/Lib/Wit.ai/Lib/Wit/Runtime/Net/Encoding/WitChunk.cs
 0.1 kb	 0.0% Packages/com.meta.xr.sdk.voice/Lib/Wit.ai/Lib/Wit/Runtime/Data/Info/WitVoiceInfo.cs
 0.1 kb	 0.0% Packages/com.meta.xr.sdk.voice/Lib/Wit.ai/Lib/Wit/Runtime/Data/Info/WitTraitInfo.cs
 0.1 kb	 0.0% Packages/com.meta.xr.sdk.voice/Lib/Wit.ai/Lib/Wit/Runtime/Data/Info/WitAppInfo.cs
 0.1 kb	 0.0% Packages/com.meta.xr.sdk.voice/Lib/Wit.ai/Features/TTS/Scripts/Runtime/Interfaces/ISpeaker.cs
 0.1 kb	 0.0% Packages/com.meta.xr.sdk.voice/Lib/Wit.ai/Features/TTS/Scripts/Runtime/Integrations/TTSWit.cs
 0.1 kb	 0.0% Packages/com.meta.xr.sdk.voice/Lib/Wit.ai/Features/TTS/Scripts/Runtime/Data/TTSWordEvent.cs
 0.1 kb	 0.0% Packages/com.meta.xr.sdk.voice/Lib/Wit.ai/Features/TTS/Scripts/Runtime/Data/TTSClipData.cs
 0.1 kb	 0.0% Packages/com.meta.xr.sdk.interaction/Runtime/Scripts/Input/IButton.cs
 0.1 kb	 0.0% Packages/com.meta.xr.sdk.interaction/Runtime/Scripts/Input/IAxis2D.cs
 0.1 kb	 0.0% Packages/com.meta.xr.sdk.interaction/Runtime/Scripts/Input/IAxis1D.cs
 0.1 kb	 0.0% Packages/com.meta.xr.sdk.interaction/Runtime/Scripts/Input/Hands/IHand.cs
 0.1 kb	 0.0% Packages/com.meta.xr.sdk.interaction/Runtime/Scripts/Input/Hands/HandRef.cs
 0.1 kb	 0.0% Packages/com.meta.xr.sdk.interaction/Runtime/Scripts/Input/HMD/HmdRef.cs
 0.1 kb	 0.0% Packages/com.meta.xr.sdk.interaction/Runtime/Scripts/Body/Input/Body.cs
 0.1 kb	 0.0% Packages/com.meta.xr.sdk.interaction/Runtime/Sample/Scripts/PanelWithManipulators/PanelHoverState.cs
 0.1 kb	 0.0% Packages/com.meta.xr.sdk.interaction/Runtime/Sample/Scripts/ComprehensiveRigExampleUI/VirtualLayout.cs
 0.1 kb	 0.0% Packages/com.meta.xr.sdk.core/Scripts/Util/SampleMetadata/SampleMetadata.cs
 0.1 kb	 0.0% Packages/com.meta.xr.sdk.core/Scripts/Util/Passthrough/OVRPassthroughColorLut.cs
 0.1 kb	 0.0% Packages/com.meta.xr.sdk.core/Scripts/Util/OVRSpectatorModeDomeTest.cs
 0.1 kb	 0.0% Packages/com.meta.xr.sdk.core/Scripts/Util/OVRSceneSampleController.cs
 0.1 kb	 0.0% Packages/com.meta.xr.sdk.core/Scripts/Util/OVRCustomFaceExtensions.cs
 0.1 kb	 0.0% Packages/com.meta.xr.sdk.core/Scripts/Util/OVRChromaticAberration.cs
 0.1 kb	 0.0% Packages/com.meta.xr.sdk.core/Scripts/Util/Multiplayer/OVRUnityEditorSwitcher.cs
 0.1 kb	 0.0% Packages/com.meta.xr.sdk.core/Scripts/OVRTrackedKeyboard/OVRTrackedKeyboardHands.cs
 0.1 kb	 0.0% Packages/com.meta.xr.sdk.core/Scripts/OVRTelemetry/OVRTelemetryConstants.cs
 0.1 kb	 0.0% Packages/com.meta.xr.sdk.core/Scripts/OVRTelemetry/OVRSampledEventSender.cs
 0.1 kb	 0.0% Packages/com.meta.xr.sdk.core/Scripts/OVRSceneVolumeMeshFilter.cs
 0.1 kb	 0.0% Packages/com.meta.xr.sdk.core/Scripts/OVRScenePrefabOverride.cs
 0.1 kb	 0.0% Packages/com.meta.xr.sdk.core/Scripts/OVRScenePlaneMeshFilter.cs
 0.1 kb	 0.0% Packages/com.meta.xr.sdk.core/Scripts/OVRPermissionsRequester.cs
 0.1 kb	 0.0% Packages/com.meta.xr.sdk.core/Scripts/OVROverlayMeshGenerator.cs
 0.1 kb	 0.0% Packages/com.meta.xr.sdk.core/Scripts/OVROverlayCanvasSettings.cs
 0.1 kb	 0.0% Packages/com.meta.xr.sdk.core/Scripts/OVRGLTFAnimatinonNode.cs
 0.1 kb	 0.0% Packages/com.meta.xr.sdk.core/Scripts/OVRDebugHeadController.cs
 0.1 kb	 0.0% Packages/com.meta.xr.sdk.core/Scripts/ImmersiveDebugger/UserInterface/UIEditorSetup.cs
 0.1 kb	 0.0% Packages/com.meta.xr.sdk.core/Scripts/ImmersiveDebugger/UsageExample/TestSceneUsage.cs
 0.1 kb	 0.0% Packages/com.meta.xr.sdk.core/Scripts/Composition/OVRExternalComposition.cs
 0.1 kb	 0.0% Packages/com.unity.xr.hands/Runtime/MetaAim.cs
 0.1 kb	 0.0% Packages/com.unity.xr.core-utils/Runtime/XROrigin.cs
 0.1 kb	 0.0% Packages/com.unity.xr.core-utils/Runtime/GuidUtil.cs
 0.1 kb	 0.0% Packages/com.unity.webrtc/Runtime/Scripts/VideoStreamTrack.cs
 0.1 kb	 0.0% Packages/com.unity.webrtc/Runtime/Scripts/RefCountedObject.cs
 0.1 kb	 0.0% Packages/com.unity.webrtc/Runtime/Scripts/RTCRtpTransform.cs
 0.1 kb	 0.0% Packages/com.unity.webrtc/Runtime/Scripts/RTCRtpReceiver.cs
 0.1 kb	 0.0% Packages/com.unity.webrtc/Runtime/Scripts/RTCIceCandidate.cs
 0.1 kb	 0.0% Packages/com.unity.webrtc/Runtime/Scripts/RTCDataChannel.cs
 0.1 kb	 0.0% Packages/com.unity.webrtc/Runtime/Scripts/MediaStreamTrack.cs
 0.1 kb	 0.0% Packages/com.unity.webrtc/Runtime/Scripts/Internal/IntPtrExtension.cs
 0.1 kb	 0.0% Packages/com.unity.webrtc/Runtime/Scripts/CameraExtension.cs
 0.1 kb	 0.0% Packages/com.unity.webrtc/Runtime/Scripts/AudioStreamTrack.cs
 0.1 kb	 0.0% Packages/com.unity.ugui/Runtime/UGUI/UI/Core/Utility/VertexHelper.cs
 0.1 kb	 0.0% Packages/com.unity.ugui/Runtime/UGUI/UI/Core/ToggleGroup.cs
 0.1 kb	 0.0% Packages/com.unity.ugui/Runtime/UGUI/UI/Core/SpriteState.cs
 0.1 kb	 0.0% Packages/com.unity.ugui/Runtime/UGUI/UI/Core/Selectable.cs
 0.1 kb	 0.0% Packages/com.unity.ugui/Runtime/UGUI/UI/Core/Scrollbar.cs
 0.1 kb	 0.0% Packages/com.unity.ugui/Runtime/UGUI/UI/Core/ScrollRect.cs
 0.1 kb	 0.0% Packages/com.unity.ugui/Runtime/UGUI/UI/Core/RectMask2D.cs
 0.1 kb	 0.0% Packages/com.unity.ugui/Runtime/UGUI/UI/Core/Navigation.cs
 0.1 kb	 0.0% Packages/com.unity.ugui/Runtime/UGUI/UI/Core/Layout/LayoutGroup.cs
 0.1 kb	 0.0% Packages/com.unity.ugui/Runtime/UGUI/UI/Core/Layout/CanvasScaler.cs
 0.1 kb	 0.0% Packages/com.unity.ugui/Runtime/UGUI/UI/Core/InputField.cs
 0.1 kb	 0.0% Packages/com.unity.ugui/Runtime/UGUI/UI/Core/IMaskable.cs
 0.1 kb	 0.0% Packages/com.unity.ugui/Runtime/UGUI/UI/Core/ColorBlock.cs
 0.1 kb	 0.0% Packages/com.unity.mathematics/Unity.Mathematics/random.cs
 0.1 kb	 0.0% Packages/com.unity.mathematics/Unity.Mathematics/matrix.gen.cs
 0.1 kb	 0.0% Packages/com.unity.mathematics/Unity.Mathematics/matrix.cs
 0.1 kb	 0.0% Packages/com.unity.mathematics/Unity.Mathematics/Noise/noise4D.cs
 0.1 kb	 0.0% Packages/com.unity.mathematics/Unity.Mathematics/Noise/noise3D.cs
 0.1 kb	 0.0% Packages/com.unity.mathematics/Unity.Mathematics/Noise/noise2D.cs
 0.1 kb	 0.0% Packages/com.unity.mathematics/Unity.Mathematics/Noise/common.cs
 0.1 kb	 0.0% Packages/com.unity.inputsystem/InputSystem/Plugins/XR/Devices/OpenVR.cs
 0.1 kb	 0.0% Packages/com.unity.inputsystem/InputSystem/Plugins/HID/HID.cs
 0.1 kb	 0.0% Packages/com.unity.collections/Unity.Collections/xxHash3.cs
 0.1 kb	 0.0% Packages/com.unity.collections/Unity.Collections/Unicode.cs
 0.1 kb	 0.0% Packages/com.unity.collections/Unity.Collections/Memory.cs
 0.1 kb	 0.0% Packages/com.unity.collections/Unity.Collections/Jobs/IJobFilter.cs
 0.1 kb	 0.0% Packages/com.unity.collections/Unity.Collections/BitField.cs
 0.1 kb	 0.0% Packages/com.unity.burst/Runtime/NoAliasAttribute.cs
 0.1 kb	 0.0% Packages/com.unity.burst/Runtime/FunctionPointer.cs
 0.1 kb	 0.0% Packages/com.unity.burst/Runtime/Editor/BurstLoader.cs
 0.1 kb	 0.0% Packages/com.unity.burst/Runtime/CompilerServices/Constant.cs
 0.1 kb	 0.0% Packages/com.unity.burst/Runtime/CompilerServices/Aliasing.cs
 0.1 kb	 0.0% Packages/com.unity.burst/Runtime/BurstString.Float.cs
 0.1 kb	 0.0% Packages/com.unity.burst/Runtime/BurstCompiler.cs
 0.1 kb	 0.0% Packages/com.unity.ai.navigation/Runtime/HelpUrls.cs
 0.1 kb	 0.0% Packages/com.meta.xr.sdk.voice/Lib/Wit.ai/Scripts/Runtime/WitAuthUtility.cs
 0.1 kb	 0.0% Packages/com.meta.xr.sdk.voice/Lib/Wit.ai/Scripts/Runtime/Utilities/IOUtility.cs
 0.1 kb	 0.0% Packages/com.meta.xr.sdk.voice/Lib/Wit.ai/Scripts/Runtime/Utilities/Events/StringEvent.cs
 0.1 kb	 0.0% Packages/com.meta.xr.sdk.voice/Lib/Wit.ai/Scripts/Runtime/Utilities/Events/CaptionEvent.cs
 0.1 kb	 0.0% Packages/com.meta.xr.sdk.voice/Lib/Wit.ai/Scripts/Runtime/Utilities/Events/CaptionData.cs
 0.1 kb	 0.0% Packages/com.meta.xr.sdk.voice/Lib/Wit.ai/Scripts/Runtime/Lib/Mic/Common/MicDebug.cs
 0.1 kb	 0.0% Packages/com.meta.xr.sdk.voice/Lib/Wit.ai/Scripts/Runtime/Lib/Mic/Common/MicBase.cs
 0.1 kb	 0.0% Packages/com.meta.xr.sdk.voice/Lib/Wit.ai/Scripts/Runtime/Interfaces/SpeechEvents.cs
 0.1 kb	 0.0% Packages/com.meta.xr.sdk.voice/Lib/Wit.ai/Scripts/Runtime/Events/VoiceEvents.cs
 0.1 kb	 0.0% Packages/com.meta.xr.sdk.voice/Lib/Wit.ai/Lib/third-party/NLayer/MpegFile.cs
 0.1 kb	 0.0% Packages/com.meta.xr.sdk.voice/Lib/Wit.ai/Lib/Wit/Runtime/Json/JsonConvert.cs
 0.1 kb	 0.0% Packages/com.meta.xr.sdk.voice/Lib/Wit.ai/Lib/Wit/Runtime/Audio/IAudioSystem.cs
 0.1 kb	 0.0% Packages/com.meta.xr.sdk.voice/Lib/Wit.ai/Lib/Wit/Runtime/Audio/IAudioPlayer.cs
 0.1 kb	 0.0% Packages/com.meta.xr.sdk.voice/Lib/Wit.ai/Lib/Conduit/Runtime/Data/WitKeyword.cs
 0.1 kb	 0.0% Packages/com.meta.xr.sdk.voice/Lib/Wit.ai/Features/TTS/Scripts/Runtime/TTSService.cs
 0.1 kb	 0.0% Packages/com.meta.xr.sdk.voice/Lib/Wit.ai/Features/TTS/Scripts/Runtime/Data/TTSEvent.cs
 0.1 kb	 0.0% Packages/com.meta.xr.sdk.platform/Scripts/VoipOptions.cs
 0.1 kb	 0.0% Packages/com.meta.xr.sdk.platform/Scripts/UserOptions.cs
 0.1 kb	 0.0% Packages/com.meta.xr.sdk.platform/Scripts/Models/Purchase.cs
 0.1 kb	 0.0% Packages/com.meta.xr.sdk.platform/Scripts/Models/Product.cs
 0.1 kb	 0.0% Packages/com.meta.xr.sdk.platform/Scripts/Models/Price.cs
 0.1 kb	 0.0% Packages/com.meta.xr.sdk.platform/Scripts/Models/PartyID.cs
 0.1 kb	 0.0% Packages/com.meta.xr.sdk.platform/Scripts/Models/Party.cs
 0.1 kb	 0.0% Packages/com.meta.xr.sdk.platform/Scripts/Models/Error.cs
 0.1 kb	 0.0% Packages/com.meta.xr.sdk.platform/Scripts/IMicrophone.cs
 0.1 kb	 0.0% Packages/com.meta.xr.sdk.platform/Scripts/BufferedAudioStream.cs
 0.1 kb	 0.0% Packages/com.meta.xr.sdk.interaction/Runtime/Scripts/Utils/Context.cs
 0.1 kb	 0.0% Packages/com.meta.xr.sdk.interaction/Runtime/Scripts/Shapes/Cylinder.cs
 0.1 kb	 0.0% Packages/com.meta.xr.sdk.interaction/Runtime/Scripts/Interaction/Models/Grab/Tween.cs
 0.1 kb	 0.0% Packages/com.meta.xr.sdk.interaction/Runtime/Scripts/Interaction/Core/TagSet.cs
 0.1 kb	 0.0% Packages/com.meta.xr.sdk.interaction/Runtime/Scripts/Interaction/Core/IEvent.cs
 0.1 kb	 0.0% Packages/com.meta.xr.sdk.haptics/Runtime/HapticSource.cs
 0.1 kb	 0.0% Packages/com.meta.xr.sdk.haptics/Runtime/HapticClip.cs
 0.1 kb	 0.0% Packages/com.meta.xr.sdk.core/Scripts/ImmersiveDebugger/UserInterface/Resources/Styles/TextStyles/MemberDescriptorValue.asset
 0.1 kb	 0.0% Packages/com.meta.xr.sdk.core/Scripts/ImmersiveDebugger/UserInterface/Resources/Styles/TextStyles/ConsoleLogDetailsLabel.asset
 0.1 kb	 0.0% Packages/com.meta.xr.sdk.core/Scripts/BuildingBlocks/RoomMesh/RoomMeshAnchor.cs
 0.1 kb	 0.0% Packages/com.meta.xr.sdk.audio/Runtime/scripts/MetaXRAudioVersion.cs
 0.1 kb	 0.0% Packages/com.meta.xr.sdk.audio/Runtime/scripts/MetaXRAudioSource.cs
 0.1 kb	 0.0% Packages/com.meta.xr.sdk.audio/Runtime/scripts/MetaXRAudioSettings.cs
 0.1 kb	 0.0% Packages/com.meta.xr.sdk.audio/Runtime/scripts/MetaXRAcousticMap.cs
 0.1 kb	 0.0% Packages/com.meta.xr.mrutilitykit/Core/Scripts/SpaceMap.cs
 0.1 kb	 0.0% Packages/com.meta.xr.mrutilitykit/Core/Scripts/MRUKRoom.cs
 0.1 kb	 0.0% Assets/Scripts/VideoStreamManager.cs
 0.1 kb	 0.0% Assets/Scripts/VideoStatsOverlay.cs
 0.1 kb	 0.0% Assets/Scripts/VideoSignalingClient.cs
 0.1 kb	 0.0% Assets/Scripts/VideoPanelRenderer.cs
 0.1 kb	 0.0% Assets/Scripts/TcpConnectionHealth.cs
 0.1 kb	 0.0% Assets/Scripts/QuestVideoReceiver.cs
 0.1 kb	 0.0% Assets/Scripts/LogDisplayNetwork.cs
 0.1 kb	 0.0% Assets/Scripts/HandLandmarkStreamer.cs
 0.1 kb	 0.0% Packages/com.unity.xr.hands/Runtime/XRHand.cs
 0.1 kb	 0.0% Packages/com.unity.ugui/Runtime/UGUI/UI/Core/Culling/IClipRegion.cs
 0.1 kb	 0.0% Packages/com.unity.ugui/Runtime/TMP/TextMeshPro.cs
 0.1 kb	 0.0% Packages/com.unity.ugui/Runtime/TMP/TMP_TextInfo.cs
 0.1 kb	 0.0% Packages/com.unity.ugui/Runtime/TMP/TMP_SubMesh.cs
 0.1 kb	 0.0% Packages/com.unity.ugui/Runtime/TMP/TMP_Style.cs
 0.1 kb	 0.0% Packages/com.unity.ugui/Runtime/TMP/TMP_Sprite.cs
 0.1 kb	 0.0% Packages/com.unity.ugui/Runtime/TMP/TMP_Settings.cs
 0.1 kb	 0.0% Packages/com.unity.ugui/Runtime/TMP/TMP_MeshInfo.cs
 0.1 kb	 0.0% Packages/com.unity.ugui/Runtime/TMP/TMP_LineInfo.cs
 0.1 kb	 0.0% Packages/com.unity.ugui/Runtime/TMP/TMP_Dropdown.cs
 0.1 kb	 0.0% Packages/com.unity.ugui/Runtime/TMP/TMP_Asset.cs
 0.1 kb	 0.0% Packages/com.unity.ugui/Runtime/TMP/FastAction.cs
 0.1 kb	 0.0% Packages/com.unity.timeline/Runtime/ObjectId.cs
 0.1 kb	 0.0% Packages/com.unity.timeline/Runtime/Events/Marker.cs
 0.1 kb	 0.0% Packages/com.unity.timeline/Runtime/Events/IMarker.cs
 0.1 kb	 0.0% Packages/com.unity.mathematics/Unity.Mathematics/int4.gen.cs
 0.1 kb	 0.0% Packages/com.unity.mathematics/Unity.Mathematics/int3.gen.cs
 0.1 kb	 0.0% Packages/com.unity.mathematics/Unity.Mathematics/int2.gen.cs
 0.1 kb	 0.0% Packages/com.unity.inputsystem/InputSystem/Devices/Pen.cs
 0.1 kb	 0.0% Packages/com.unity.burst/Runtime/Intrinsics/Common.cs
 0.1 kb	 0.0% Packages/com.unity.burst/Runtime/Intrinsics/Arm/NEON_ctor.cs
 0.1 kb	 0.0% Packages/com.unity.burst/Runtime/Intrinsics/Arm/NEON_AArch64.cs
 0.1 kb	 0.0% Packages/com.meta.xr.sdk.voice/Scripts/Runtime/Service/AppBuiltIns.cs
 0.1 kb	 0.0% Packages/com.meta.xr.sdk.voice/Lib/Wit.ai/Scripts/Runtime/Utilities/AudioClipAudioSource.cs
 0.1 kb	 0.0% Packages/com.meta.xr.sdk.voice/Lib/Wit.ai/Scripts/Runtime/Data/WitIntValue.cs
 0.1 kb	 0.0% Packages/com.meta.xr.sdk.voice/Lib/Wit.ai/Scripts/Runtime/Data/VoiceSession.cs
 0.1 kb	 0.0% Packages/com.meta.xr.sdk.voice/Lib/Wit.ai/Scripts/Runtime/Data/AudioBuffer.cs
 0.1 kb	 0.0% Packages/com.meta.xr.sdk.voice/Lib/Wit.ai/Lib/third-party/UnityOpus/Scripts/Runtime/Library.cs
 0.1 kb	 0.0% Packages/com.meta.xr.sdk.voice/Lib/Wit.ai/Lib/third-party/UnityOpus/Scripts/Runtime/Encoder.cs
 0.1 kb	 0.0% Packages/com.meta.xr.sdk.voice/Lib/Wit.ai/Lib/third-party/UnityOpus/Scripts/Runtime/Decoder.cs
 0.1 kb	 0.0% Packages/com.meta.xr.sdk.voice/Lib/Wit.ai/Lib/Wit/Runtime/WitConstants.cs
 0.1 kb	 0.0% Packages/com.meta.xr.sdk.voice/Lib/Wit.ai/Lib/Wit/Runtime/Utilities/TaskUtility.cs
 0.1 kb	 0.0% Packages/com.meta.xr.sdk.voice/Lib/Wit.ai/Lib/Wit/Runtime/Utilities/Logging/VLogger.cs
 0.1 kb	 0.0% Packages/com.meta.xr.sdk.voice/Lib/Wit.ai/Lib/Wit/Runtime/Utilities/Logging/LogSink.cs
 0.1 kb	 0.0% Packages/com.meta.xr.sdk.voice/Lib/Wit.ai/Lib/Wit/Runtime/Utilities/Logging/LogScope.cs
 0.1 kb	 0.0% Packages/com.meta.xr.sdk.voice/Lib/Wit.ai/Lib/Wit/Runtime/Utilities/Logging/LogEntry.cs
 0.1 kb	 0.0% Packages/com.meta.xr.sdk.voice/Lib/Wit.ai/Lib/Wit/Runtime/Utilities/Logging/IVLogger.cs
 0.1 kb	 0.0% Packages/com.meta.xr.sdk.voice/Lib/Wit.ai/Lib/Wit/Runtime/Utilities/Logging/ILogSink.cs
 0.1 kb	 0.0% Packages/com.meta.xr.sdk.voice/Lib/Wit.ai/Lib/Wit/Runtime/Requests/UnityRequests/VRequest.cs
 0.1 kb	 0.0% Packages/com.meta.xr.sdk.interaction/Runtime/Scripts/Input/Hands/Hand.cs
 0.1 kb	 0.0% Packages/com.meta.xr.sdk.interaction/Runtime/Scripts/Input/HMD/IHmd.cs
 0.1 kb	 0.0% Packages/com.meta.xr.sdk.interaction/Runtime/Scripts/Input/HMD/Hmd.cs
 0.1 kb	 0.0% Packages/com.meta.xr.sdk.interaction/Runtime/Sample/Scripts/PanelWithManipulators/PanelSetup.cs
 0.1 kb	 0.0% Packages/com.meta.xr.sdk.interaction/Runtime/Sample/Scripts/ComprehensiveRigExampleUI/SwipeGesture.cs
 0.1 kb	 0.0% Packages/com.meta.xr.sdk.interaction/Runtime/Sample/Scripts/ComprehensiveRigExampleUI/PageScroll.cs
 0.1 kb	 0.0% Packages/com.meta.xr.sdk.haptics/Runtime/HapticsSdkFfi.cs
 0.1 kb	 0.0% Packages/com.meta.xr.sdk.core/ThirdParty/SimpleJSONUnity.cs
 0.1 kb	 0.0% Packages/com.meta.xr.sdk.core/Scripts/Util/OVRSystemPerfMetrics.cs
 0.1 kb	 0.0% Packages/com.meta.xr.sdk.core/Scripts/Util/OVRSkeletonRenderer.cs
 0.1 kb	 0.0% Packages/com.meta.xr.sdk.core/Scripts/Util/OVRRuntimeController.cs
 0.1 kb	 0.0% Packages/com.meta.xr.sdk.core/Scripts/Util/OVRRuntimeAssetsBase.cs
 0.1 kb	 0.0% Packages/com.meta.xr.sdk.core/Scripts/Util/OVRResetOrientation.cs
 0.1 kb	 0.0% Packages/com.meta.xr.sdk.core/Scripts/Util/OVRRecord.cs
 0.1 kb	 0.0% Packages/com.meta.xr.sdk.core/Scripts/Util/OVRReadOnlyAttribute.cs
 0.1 kb	 0.0% Packages/com.meta.xr.sdk.core/Scripts/Util/OVRRayTransformer.cs
 0.1 kb	 0.0% Packages/com.meta.xr.sdk.core/Scripts/Util/OVRProgressIndicator.cs
 0.1 kb	 0.0% Packages/com.meta.xr.sdk.core/Scripts/Util/OVRPlayerController.cs
 0.1 kb	 0.0% Packages/com.meta.xr.sdk.core/Scripts/Util/OVREnumExtensions.cs
 0.1 kb	 0.0% Packages/com.meta.xr.sdk.core/Scripts/Util/OVRCustomSkeleton.cs
 0.1 kb	 0.0% Packages/com.meta.xr.sdk.core/Scripts/Util/OVRCubemapCapture.cs
 0.1 kb	 0.0% Packages/com.meta.xr.sdk.core/Scripts/Util/OVRControllerTest.cs
 0.1 kb	 0.0% Packages/com.meta.xr.sdk.core/Scripts/Util/OVRControllerHelper.cs
 0.1 kb	 0.0% Packages/com.meta.xr.sdk.core/Scripts/Util/OVRAutoDestroyInMRC.cs
 0.1 kb	 0.0% Packages/com.meta.xr.sdk.core/Scripts/Util/OVRAudioSourceTest.cs
 0.1 kb	 0.0% Packages/com.meta.xr.sdk.core/Scripts/OpenXRFeatures/MetaXRSpaceWarp.cs
 0.1 kb	 0.0% Packages/com.meta.xr.sdk.core/Scripts/OpenXRFeatures/MetaXRFeature.cs
 0.1 kb	 0.0% Packages/com.meta.xr.sdk.core/Scripts/OVRVirtualKeyboard/OVRVirtualKeyboard.cs
 0.1 kb	 0.0% Packages/com.meta.xr.sdk.core/Scripts/OVRTrackedKeyboard/OVRTrackedKeyboard.cs
 0.1 kb	 0.0% Packages/com.meta.xr.sdk.core/Scripts/OVRTelemetry/OVRTelemetryMarker.cs
 0.1 kb	 0.0% Packages/com.meta.xr.sdk.core/Scripts/OVRSceneModelLoader.cs
 0.1 kb	 0.0% Packages/com.meta.xr.sdk.core/Scripts/OVRRuntimeSettings.cs
 0.1 kb	 0.0% Packages/com.meta.xr.sdk.core/Scripts/OVRPointerVisualizer.cs
 0.1 kb	 0.0% Packages/com.meta.xr.sdk.core/Scripts/OVRPassthroughLayer.cs
 0.1 kb	 0.0% Packages/com.meta.xr.sdk.core/Scripts/OVRLayerAttribute.cs
 0.1 kb	 0.0% Packages/com.meta.xr.sdk.core/Scripts/OVRHeadsetEmulator.cs
 0.1 kb	 0.0% Packages/com.meta.xr.sdk.core/Scripts/OVRFaceExpressions.cs
 0.1 kb	 0.0% Packages/com.meta.xr.sdk.core/Scripts/OVRColocationSession.cs
 0.1 kb	 0.0% Packages/com.meta.xr.sdk.core/Scripts/OVRAnchor/OVRAnchorComponents/OVRSemanticLabels.cs
 0.1 kb	 0.0% Packages/com.meta.xr.sdk.core/Scripts/OVRAnchor/OVRAnchorComponents/OVRAnchorContainer.cs
 0.1 kb	 0.0% Packages/com.meta.xr.sdk.core/Scripts/OVRAnchor/OVRAnchor.FetchTrackables.cs
 0.1 kb	 0.0% Packages/com.meta.xr.sdk.core/Scripts/InputActions/InlineLinkAttribute.cs
 0.1 kb	 0.0% Packages/com.meta.xr.sdk.core/Scripts/ImmersiveDebugger/UserInterface/Resources/Styles/TextStyles/ConsoleLogCounter.asset
 0.1 kb	 0.0% Packages/com.meta.xr.sdk.core/Scripts/ImmersiveDebugger/UserInterface/Resources/Styles/TextStyles/ConsoleButtonCount.asset
 0.1 kb	 0.0% Packages/com.meta.xr.sdk.core/Scripts/Composition/OVRCompositionUtil.cs
 0.1 kb	 0.0% Packages/com.unity.webrtc/Runtime/Scripts/RTCRtpSender.cs
 0.1 kb	 0.0% Packages/com.unity.webrtc/Runtime/Scripts/MediaStream.cs
 0.1 kb	 0.0% Packages/com.unity.webrtc/Runtime/Scripts/Internal/Marshalling.cs
 0.1 kb	 0.0% Packages/com.unity.ugui/Runtime/UGUI/UI/Core/VertexModifiers/Shadow.cs
 0.1 kb	 0.0% Packages/com.unity.ugui/Runtime/UGUI/UI/Core/VertexModifiers/Outline.cs
 0.1 kb	 0.0% Packages/com.unity.ugui/Runtime/UGUI/UI/Core/Toggle.cs
 0.1 kb	 0.0% Packages/com.unity.ugui/Runtime/UGUI/UI/Core/Slider.cs
 0.1 kb	 0.0% Packages/com.unity.ugui/Runtime/UGUI/UI/Core/RawImage.cs
 0.1 kb	 0.0% Packages/com.unity.ugui/Runtime/UGUI/UI/Core/Image.cs
 0.1 kb	 0.0% Packages/com.unity.ugui/Runtime/UGUI/UI/Core/IMask.cs
 0.1 kb	 0.0% Packages/com.unity.ugui/Runtime/UGUI/UI/Core/Graphic.cs
 0.1 kb	 0.0% Packages/com.unity.ugui/Runtime/UGUI/UI/Core/FontData.cs
 0.1 kb	 0.0% Packages/com.unity.ugui/Runtime/UGUI/UI/Core/Dropdown.cs
 0.1 kb	 0.0% Packages/com.unity.ugui/Runtime/UGUI/UI/Core/Culling/Clipping.cs
 0.1 kb	 0.0% Packages/com.unity.ugui/Runtime/UGUI/UI/Core/Button.cs
 0.1 kb	 0.0% Packages/com.unity.mathematics/Unity.Mathematics/svd.cs
 0.1 kb	 0.0% Packages/com.unity.mathematics/Unity.Mathematics/math.cs
 0.1 kb	 0.0% Packages/com.unity.mathematics/Unity.Mathematics/half.cs
 0.1 kb	 0.0% Packages/com.unity.burst/Runtime/SharedStatic.cs
 0.1 kb	 0.0% Packages/com.unity.burst/Runtime/Intrinsics/x86/Ssse3.cs
 0.1 kb	 0.0% Packages/com.unity.burst/Runtime/Intrinsics/x86/Sse4_2.cs
 0.1 kb	 0.0% Packages/com.unity.burst/Runtime/Intrinsics/x86/Sse4_1.cs
 0.1 kb	 0.0% Packages/com.unity.burst/Runtime/Intrinsics/x86/Popcnt.cs
 0.1 kb	 0.0% Packages/com.unity.burst/Runtime/Intrinsics/x86/Common.cs
 0.1 kb	 0.0% Packages/com.unity.burst/Runtime/CompilerServices/Hint.cs
 0.1 kb	 0.0% Packages/com.unity.burst/Runtime/BurstString.cs
 0.1 kb	 0.0% Packages/com.unity.burst/Runtime/BurstRuntime.cs
 0.1 kb	 0.0% Packages/com.meta.xr.sdk.voice/Lib/Wit.ai/Scripts/Runtime/WitService.cs
 0.1 kb	 0.0% Packages/com.meta.xr.sdk.voice/Lib/Wit.ai/Scripts/Runtime/WitRequest.cs
 0.1 kb	 0.0% Packages/com.meta.xr.sdk.voice/Lib/Wit.ai/Scripts/Runtime/VoiceService.cs
 0.1 kb	 0.0% Packages/com.meta.xr.sdk.voice/Lib/Wit.ai/Scripts/Runtime/Settings/WitSettings.cs
 0.1 kb	 0.0% Packages/com.meta.xr.sdk.voice/Lib/Wit.ai/Scripts/Runtime/ResponseManager/MatchIntent.cs
 0.1 kb	 0.0% Packages/com.meta.xr.sdk.voice/Lib/Wit.ai/Scripts/Runtime/Lib/Mic/Other/Mic.cs
 0.1 kb	 0.0% Packages/com.meta.xr.sdk.voice/Lib/Wit.ai/Lib/Conduit/Runtime/Data/Manifest.cs
 0.1 kb	 0.0% Packages/com.meta.xr.sdk.platform/Scripts/Request.cs
 0.1 kb	 0.0% Packages/com.meta.xr.sdk.platform/Scripts/Packet.cs
 0.1 kb	 0.0% Packages/com.meta.xr.sdk.platform/Scripts/Models/User.cs
 0.1 kb	 0.0% Packages/com.meta.xr.sdk.platform/Scripts/Models/Pid.cs
 0.1 kb	 0.0% Packages/com.meta.xr.sdk.platform/Scripts/Message.cs
 0.1 kb	 0.0% Packages/com.meta.xr.sdk.platform/Scripts/Callback.cs
 0.1 kb	 0.0% Packages/com.meta.xr.sdk.haptics/Runtime/Utils.cs
 0.1 kb	 0.0% Packages/com.meta.xr.sdk.haptics/Runtime/Haptics.cs
 0.1 kb	 0.0% Packages/com.meta.xr.sdk.core/ThirdParty/openvr_api.cs
 0.1 kb	 0.0% Packages/com.meta.xr.sdk.core/ThirdParty/SimpleJSON.cs
 0.1 kb	 0.0% Packages/com.meta.xr.sdk.core/Scripts/Util/Feature.cs
 0.1 kb	 0.0% Packages/com.meta.xr.sdk.core/Scripts/OVRAnchor/OVRAnchorComponents/OVRAnchorComponents.gen.cs
 0.1 kb	 0.0% Packages/com.meta.xr.sdk.core/Scripts/OVRAnchor/OVRAnchor.FetchOptions.cs
 0.1 kb	 0.0% Packages/com.meta.xr.sdk.core/Scripts/ImmersiveDebugger/UserInterface/Resources/Textures/idf_rt.renderTexture
 0.1 kb	 0.0% Packages/com.meta.xr.sdk.core/Scripts/ImmersiveDebugger/UserInterface/Resources/Styles/TextStyles/InspectorTitle.asset
 0.1 kb	 0.0% Packages/com.meta.xr.sdk.core/Scripts/ImmersiveDebugger/UserInterface/Resources/Styles/TextStyles/ConsoleLineLabel.asset
 0.1 kb	 0.0% Packages/com.meta.xr.sdk.core/Scripts/ImmersiveDebugger/UserInterface/Resources/Styles/TextStyles/CategorySubLabel.asset
 0.1 kb	 0.0% Packages/com.meta.xr.sdk.core/Scripts/ImmersiveDebugger/UserInterface/Resources/Styles/TextStyles/CategoryLabel.asset
 0.1 kb	 0.0% Packages/com.meta.xr.sdk.core/Scripts/BuildingBlocks/AlertViewHUD/AlertViewHUD.cs
 0.1 kb	 0.0% Packages/com.meta.xr.sdk.audio/Runtime/scripts/MetaXRAudioUtils.cs
 0.1 kb	 0.0% Packages/com.meta.xr.mrutilitykit/Core/Scripts/MRUK.cs
 0.1 kb	 0.0% Packages/com.meta.xr.mrutilitykit/Core/Scripts/Data.cs
 0.1 kb	 0.0% Assets/Scripts/UIButtonBreather.cs
 0.1 kb	 0.0% Assets/Scripts/LogDisplayHands.cs
 0.1 kb	 0.0% Assets/Scripts/HeadPoseStreamer.cs
 0.1 kb	 0.0% Assets/Scripts/FistTracking.cs
 0.1 kb	 0.0% Packages/com.unity.ugui/Runtime/TMP/TMP_Text.cs
 0.1 kb	 0.0% Packages/com.unity.inputsystem/InputSystem/Plugins/UI/UISupport.cs
 0.1 kb	 0.0% Packages/com.unity.burst/Runtime/Intrinsics/x86/Sse3.cs
 0.1 kb	 0.0% Packages/com.unity.burst/Runtime/Intrinsics/x86/Sse2.cs
 0.1 kb	 0.0% Packages/com.unity.burst/Runtime/Intrinsics/x86/Sse.cs
 0.1 kb	 0.0% Packages/com.unity.burst/Runtime/Intrinsics/x86/Fma.cs
 0.1 kb	 0.0% Packages/com.unity.burst/Runtime/Intrinsics/x86/F16C.cs
 0.1 kb	 0.0% Packages/com.unity.burst/Runtime/Intrinsics/x86/Csr.cs
 0.1 kb	 0.0% Packages/com.unity.burst/Runtime/Intrinsics/x86/Bmi2.cs
 0.1 kb	 0.0% Packages/com.unity.burst/Runtime/Intrinsics/x86/Bmi1.cs
 0.1 kb	 0.0% Packages/com.unity.burst/Runtime/Intrinsics/x86/Avx2.cs
 0.1 kb	 0.0% Packages/com.unity.burst/Runtime/Intrinsics/x86/Avx.cs
 0.1 kb	 0.0% Packages/com.unity.burst/Runtime/Intrinsics/v64.cs
 0.1 kb	 0.0% Packages/com.unity.burst/Runtime/Intrinsics/v256.cs
 0.1 kb	 0.0% Packages/com.unity.burst/Runtime/Intrinsics/v128.cs
 0.1 kb	 0.0% Packages/com.unity.burst/Runtime/Intrinsics/Arm/NEON.cs
 0.1 kb	 0.0% Packages/com.meta.xr.sdk.voice/Lib/Wit.ai/Scripts/Runtime/Data/WitValue.cs
 0.1 kb	 0.0% Packages/com.meta.xr.sdk.platform/Scripts/Platform.cs
 0.1 kb	 0.0% Packages/com.meta.xr.sdk.core/Scripts/Util/OVRWaitCursor.cs
 0.1 kb	 0.0% Packages/com.meta.xr.sdk.core/Scripts/Util/OVRScreenFade.cs
 0.1 kb	 0.0% Packages/com.meta.xr.sdk.core/Scripts/Util/OVRProfilerScope.cs
 0.1 kb	 0.0% Packages/com.meta.xr.sdk.core/Scripts/Util/OVRObjectPool.cs
 0.1 kb	 0.0% Packages/com.meta.xr.sdk.core/Scripts/Util/OVRNativeList.cs
 0.1 kb	 0.0% Packages/com.meta.xr.sdk.core/Scripts/Util/OVRMonoscopic.cs
 0.1 kb	 0.0% Packages/com.meta.xr.sdk.core/Scripts/Util/OVRMeshRenderer.cs
 0.1 kb	 0.0% Packages/com.meta.xr.sdk.core/Scripts/Util/OVRGazePointer.cs
 0.1 kb	 0.0% Packages/com.meta.xr.sdk.core/Scripts/Util/OVREnumerable.cs
 0.1 kb	 0.0% Packages/com.meta.xr.sdk.core/Scripts/Util/OVRDeserialize.cs
 0.1 kb	 0.0% Packages/com.meta.xr.sdk.core/Scripts/OVRTelemetry/OVRTelemetryUtils.cs
 0.1 kb	 0.0% Packages/com.meta.xr.sdk.core/Scripts/OVRSpatialAnchor.cs
 0.1 kb	 0.0% Packages/com.meta.xr.sdk.core/Scripts/OVRSpaceQuery.cs
 0.1 kb	 0.0% Packages/com.meta.xr.sdk.core/Scripts/OVRSceneVolume.cs
 0.1 kb	 0.0% Packages/com.meta.xr.sdk.core/Scripts/OVRScenePlane.cs
 0.1 kb	 0.0% Packages/com.meta.xr.sdk.core/Scripts/OVRSceneManager.cs
 0.1 kb	 0.0% Packages/com.meta.xr.sdk.core/Scripts/OVRSceneLoader.cs
 0.1 kb	 0.0% Packages/com.meta.xr.sdk.core/Scripts/OVRSceneAnchor.cs
 0.1 kb	 0.0% Packages/com.meta.xr.sdk.core/Scripts/OVRPlatformMenu.cs
 0.1 kb	 0.0% Packages/com.meta.xr.sdk.core/Scripts/OVROverlayCanvas.cs
 0.1 kb	 0.0% Packages/com.meta.xr.sdk.core/Scripts/OVRMixedReality.cs
 0.1 kb	 0.0% Packages/com.meta.xr.sdk.core/Scripts/OVRKtxTexture.cs
 0.1 kb	 0.0% Packages/com.meta.xr.sdk.core/Scripts/OVRHapticsClip.cs
 0.1 kb	 0.0% Packages/com.meta.xr.sdk.core/Scripts/OVRGLTFLoader.cs
 0.1 kb	 0.0% Packages/com.meta.xr.sdk.core/Scripts/OVRGLTFAccessor.cs
 0.1 kb	 0.0% Packages/com.meta.xr.sdk.core/Scripts/OVRAnchor/OVRAnchorComponents/OVRTriangleMesh.cs
 0.1 kb	 0.0% Packages/com.meta.xr.sdk.core/Scripts/OVRAnchor/OVRAnchorComponents/OVRRoomLayout.cs
 0.1 kb	 0.0% Packages/com.meta.xr.sdk.core/Scripts/OVRAnchor/OVRAnchorComponents/OVRDynamicObject.cs
 0.1 kb	 0.0% Packages/com.meta.xr.sdk.core/Scripts/OVRAnchor/OVRAnchor.Tracker.cs
 0.1 kb	 0.0% Packages/com.meta.xr.sdk.core/Scripts/OVRAnchor/OVRAnchor.Telemetry.cs
 0.1 kb	 0.0% Packages/com.meta.xr.sdk.core/Scripts/OVRAnchor/OVRAnchor.Deprecated.cs
 0.1 kb	 0.0% Packages/com.meta.xr.sdk.core/Scripts/OVRAnchor/OVRAnchor.Deferred.cs
 0.1 kb	 0.0% Packages/com.meta.xr.sdk.core/Scripts/Movement/OVRCustomFace.cs
 0.1 kb	 0.0% Packages/com.meta.xr.sdk.core/Scripts/ImmersiveDebugger/UserInterface/Resources/Styles/TextStyles/PanelTitle.asset
 0.1 kb	 0.0% Packages/com.meta.xr.sdk.core/Scripts/ImmersiveDebugger/UserInterface/Resources/Styles/TextStyles/MemberValue.asset
 0.1 kb	 0.0% Packages/com.meta.xr.sdk.core/Scripts/ImmersiveDebugger/UserInterface/Resources/Styles/TextStyles/MemberTitle.asset
 0.1 kb	 0.0% Packages/com.meta.xr.sdk.core/Scripts/Composition/OVRComposition.cs
 0.1 kb	 0.0% Assets/Resources/MetaXRAcousticMaterialMapping.asset
 0.1 kb	 0.0% Packages/com.unity.webrtc/Runtime/Scripts/WebRTC.cs
 0.1 kb	 0.0% Packages/com.unity.webrtc/Runtime/Scripts/RTCStats.cs
 0.1 kb	 0.0% Packages/com.unity.webrtc/Runtime/Scripts/Context.cs
 0.1 kb	 0.0% Packages/com.unity.ugui/Runtime/UGUI/UI/Core/Text.cs
 0.1 kb	 0.0% Packages/com.unity.ugui/Runtime/UGUI/UI/Core/Misc.cs
 0.1 kb	 0.0% Packages/com.unity.ugui/Runtime/UGUI/UI/Core/Mask.cs
 0.1 kb	 0.0% Packages/com.meta.xr.sdk.voice/Lib/Wit.ai/Scripts/Runtime/UI/Comment.cs
 0.1 kb	 0.0% Packages/com.meta.xr.sdk.voice/Lib/Wit.ai/Scripts/Runtime/IRequest.cs
 0.1 kb	 0.0% Packages/com.meta.xr.sdk.platform/Scripts/CAPI.cs
 0.1 kb	 0.0% Packages/com.meta.xr.sdk.core/Scripts/OVRCommon.cs
 0.1 kb	 0.0% Packages/com.meta.xr.sdk.core/Scripts/ImmersiveDebugger/UserInterface/Resources/Styles/TextStyles/Default.asset
 0.1 kb	 0.0% Packages/com.meta.xr.sdk.core/Scripts/ImmersiveDebugger/UserInterface/Resources/Styles/TextStyles/BarTime.asset
 0.1 kb	 0.0% Packages/com.meta.xr.sdk.core/Editor/OVRConfig.cs
 0.1 kb	 0.0% Assets/Scripts/MenuRecenter.cs
 0.1 kb	 0.0% Assets/Scripts/LogManager.cs
 0.1 kb	 0.0% Assets/Scripts/AppManager.cs
 0.1 kb	 0.0% Packages/com.meta.xr.sdk.voice/Lib/Wit.ai/Lib/Wit/Runtime/Utilities/Logging/VLog.cs
 0.1 kb	 0.0% Packages/com.meta.xr.sdk.core/Scripts/Util/OVRVignette.cs
 0.1 kb	 0.0% Packages/com.meta.xr.sdk.core/Scripts/Util/OVRSkeleton.cs
 0.1 kb	 0.0% Packages/com.meta.xr.sdk.core/Scripts/Util/OVRRaycaster.cs
 0.1 kb	 0.0% Packages/com.meta.xr.sdk.core/Scripts/Util/OVRRayHelper.cs
 0.1 kb	 0.0% Packages/com.meta.xr.sdk.core/Scripts/Util/OVRNetwork.cs
 0.1 kb	 0.0% Packages/com.meta.xr.sdk.core/Scripts/Util/OVRModeParms.cs
 0.1 kb	 0.0% Packages/com.meta.xr.sdk.core/Scripts/Util/OVRMeshJobs.cs
 0.1 kb	 0.0% Packages/com.meta.xr.sdk.core/Scripts/Util/OVRHandTest.cs
 0.1 kb	 0.0% Packages/com.meta.xr.sdk.core/Scripts/Util/OVRGridCube.cs
 0.1 kb	 0.0% Packages/com.meta.xr.sdk.core/Scripts/Util/OVRGrabber.cs
 0.1 kb	 0.0% Packages/com.meta.xr.sdk.core/Scripts/Util/OVRGrabbable.cs
 0.1 kb	 0.0% Packages/com.meta.xr.sdk.core/Scripts/Util/OVRDebugInfo.cs
 0.1 kb	 0.0% Packages/com.meta.xr.sdk.core/Scripts/Util/OVRCursor.cs
 0.1 kb	 0.0% Packages/com.meta.xr.sdk.core/Scripts/Util/Async/OVRResult.cs
 0.1 kb	 0.0% Packages/com.meta.xr.sdk.core/Scripts/Util/Async/OVRFuture.cs
 0.1 kb	 0.0% Packages/com.meta.xr.sdk.core/Scripts/ProcessPort.cs
 0.1 kb	 0.0% Packages/com.meta.xr.sdk.core/Scripts/OVRTracker.cs
 0.1 kb	 0.0% Packages/com.meta.xr.sdk.core/Scripts/OVRTrackedKeyboard/OVRKeyboard.cs
 0.1 kb	 0.0% Packages/com.meta.xr.sdk.core/Scripts/OVRTelemetry/OVRTelemetry.cs
 0.1 kb	 0.0% Packages/com.meta.xr.sdk.core/Scripts/OVRSpaceUser.cs
 0.1 kb	 0.0% Packages/com.meta.xr.sdk.core/Scripts/OVRSceneRoom.cs
 0.1 kb	 0.0% Packages/com.meta.xr.sdk.core/Scripts/OVRResources.cs
 0.1 kb	 0.0% Packages/com.meta.xr.sdk.core/Scripts/OVRProfile.cs
 0.1 kb	 0.0% Packages/com.meta.xr.sdk.core/Scripts/OVRPlugin.cs
 0.1 kb	 0.0% Packages/com.meta.xr.sdk.core/Scripts/OVROverlay.cs
 0.1 kb	 0.0% Packages/com.meta.xr.sdk.core/Scripts/OVRManager.cs
 0.1 kb	 0.0% Packages/com.meta.xr.sdk.core/Scripts/OVRHaptics.cs
 0.1 kb	 0.0% Packages/com.meta.xr.sdk.core/Scripts/OVRDisplay.cs
 0.1 kb	 0.0% Packages/com.meta.xr.sdk.core/Scripts/OVRCameraRig.cs
 0.1 kb	 0.0% Packages/com.meta.xr.sdk.core/Scripts/OVRBuildInfo.cs
 0.1 kb	 0.0% Packages/com.meta.xr.sdk.core/Scripts/OVRBoundary.cs
 0.1 kb	 0.0% Packages/com.meta.xr.sdk.core/Scripts/OVRAnchor/OVRAnchorComponents/OVRStorable.cs
 0.1 kb	 0.0% Packages/com.meta.xr.sdk.core/Scripts/OVRAnchor/OVRAnchorComponents/OVRSharable.cs
 0.1 kb	 0.0% Packages/com.meta.xr.sdk.core/Scripts/OVRAnchor/OVRAnchorComponents/OVRLocatable.cs
 0.1 kb	 0.0% Packages/com.meta.xr.sdk.core/Scripts/OVRAnchor/OVRAnchorComponents/OVRBounded3D.cs
 0.1 kb	 0.0% Packages/com.meta.xr.sdk.core/Scripts/OVRAnchor/OVRAnchorComponents/OVRBounded2D.cs
 0.1 kb	 0.0% Packages/com.meta.xr.sdk.core/Scripts/OVRAnchor/OVRAnchor.cs
 0.1 kb	 0.0% Packages/com.meta.xr.sdk.core/Scripts/Movement/OVREyeGaze.cs
 0.1 kb	 0.0% Assets/Resources/OculusPlatformSettings.asset
 0.1 kb	 0.0% Assets/Resources/MetaXRAcousticSettings.asset
 0.1 kb	 0.0% Packages/com.meta.xr.sdk.voice/Lib/Wit.ai/Scripts/Runtime/Wit.cs
 0.1 kb	 0.0% Packages/com.meta.xr.sdk.core/Scripts/Util/Async/OVRTask.gen.cs
 0.1 kb	 0.0% Assets/TutorialInfo/Scripts/Readme.cs
 0.1 kb	 0.0% Packages/com.meta.xr.sdk.core/Scripts/Util/OVRMesh.cs
 0.1 kb	 0.0% Packages/com.meta.xr.sdk.core/Scripts/Util/OVRHand.cs
 0.1 kb	 0.0% Packages/com.meta.xr.sdk.core/Scripts/Util/Async/OVRTask.cs
 0.1 kb	 0.0% Packages/com.meta.xr.sdk.core/Scripts/OVRSpace.cs
 0.1 kb	 0.0% Packages/com.meta.xr.sdk.core/Scripts/OVRInput.cs
 0.1 kb	 0.0% Packages/com.meta.xr.sdk.core/Scripts/OVRAnchor/OVRScene.cs
 0.1 kb	 0.0% Packages/com.meta.xr.sdk.core/Scripts/Movement/OVRFace.cs
 0.1 kb	 0.0% Packages/com.meta.xr.sdk.core/Scripts/Movement/OVRBody.cs
 0.1 kb	 0.0% Assets/Resources/PerformanceTestRunSettings.json
 0.1 kb	 0.0% Assets/Resources/MetaXRAudioSettings.asset
 0.1 kb	 0.0% Assets/Resources/InputActions.asset
 0.0 kb	 0.0% Assets/Resources/OVRBuildConfig.asset
 0.0 kb	 0.0% Assets/XR/Loaders/OpenXRLoader.asset
-------------------------------------------------------------------------------
Unloading 2 Unused Serialized files (Serialized files now loaded: 0)
Unloading 2310 unused Assets / (2.3 MB). Loaded Objects now: 14016.
Memory consumption went from 302.8 MB to 300.5 MB.
Total: 18.496500 ms (FindLiveObjects: 0.904000 ms CreateObjectMapping: 0.645900 ms MarkObjects: 13.890300 ms  DeleteObjects: 3.054500 ms)

DisplayProgressNotification: Build Successful
Build Finished, Result: Success.
##utp:{"type":"PlayerBuildInfo","version":2,"phase":"Immediate","time":1785414408563,"processId":34192,"steps":[{"description":"Preprocess Player","duration":624},{"description":"Prepare For Build","duration":2011},{"description":"ProducePlayerScriptAssemblies","duration":8736},{"description":"Verify Build setup","duration":48},{"description":"Prepare assets for target platform","duration":6},{"description":"Prepare splash screen","duration":0},{"description":"Building scenes","duration":867},{"description":"Build scripts DLLs","duration":43},{"description":"Build GlobalGameManagers file","duration":148},{"description":"Writing asset files","duration":2373},{"description":"Building Resources/unity_builtin_extra","duration":145},{"description":"Write data build dirty tracking information","duration":231},{"description":"Postprocess built player","duration":53224}],"duration":68456}
Unloading 0 Unused Serialized files (Serialized files now loaded: 0)
Loaded scene 'Temp/__Backupscenes/0.backup'
	Deserialize:            0.854 ms
	Integration:            357.214 ms
	Integration of assets:  0.002 ms
	Thread Wait Time:       0.019 ms
	Total Operation Time:   358.089 ms
Unloading 0 unused Assets / (5.1 MB). Loaded Objects now: 14009.
Memory consumption went from 299.4 MB to 294.3 MB.
Total: 15.125700 ms (FindLiveObjects: 1.175600 ms CreateObjectMapping: 0.576000 ms MarkObjects: 13.348500 ms  DeleteObjects: 0.024000 ms)

Batchmode quit successfully invoked - shutting down!
Starting: C:\Program Files\Unity\Hub\Editor\6000.0.65f1\Editor\Data\PlaybackEngines\AndroidPlayer\OpenJDK\bin\java.exe -classpath "C:\Program Files\Unity\Hub\Editor\6000.0.65f1\Editor\Data\PlaybackEngines\AndroidPlayer\Tools\gradle\lib\gradle-launcher-8.13.jar" org.gradle.launcher.GradleMain "-Dorg.gradle.jvmargs=-Xmx4096m" "--stop" 
WorkingDir: 
Killing ADB server in 0.087293 seconds.
[Physics::Module] Cleanup current backned.
[Physics::Module] Id: 0xf2b8ea05
Input System module state changed to: ShutdownInProgress.
Input System polling thread exited.
Input System module state changed to: Shutdown.
[Licensing::IpcConnector] LicenseClient-wdy-6000.0.65-notifications channel disconnected successfully.
[Licensing::IpcConnector] LicenseClient-wdy-6000.0.65 channel disconnected successfully.
AcceleratorClientConnectionCallback - disconnected - :0
Cleanup mono
Exiting batchmode successfully now!
Exiting without the bug reporter. Application will terminate with return code 0